{"type":"FeatureCollection","features":[{"type":"Feature","geometry":{"type":"Point","coordinates":[10.14759,55.971205]},"properties":{"name":"Skovbakkeskolen (Odder Kom)","band":0,"modes":"bus,tram","arr":["1","2","100","302","331","1002","1003","1004","1008","L2"],"off":[0,-0.8]}},{"type":"Feature","geometry":{"type":"Point","coordinates":[10.14759,55.971205]},"properties":{"name":"Odder Busterminal","band":0,"modes":"bus,tram","arr":["1","2","100","302","331","1002","1003","1004","1008","L2"],"off":[0,-3]}},{"type":"Feature","geometry":{"type":"Point","coordinates":[10.14759,55.971205]},"properties":{"name":"Odder (Letbane)","band":0,"modes":"bus,tram","arr":["1","2","100","302","331","1002","1003","1004","1008","L2"],"off":[0,-4.1]}},{"type":"Feature","geometry":{"type":"Point","coordinates":[10.14759,55.971205]},"properties":{"line":"1","mode":"bus","color":"#0059a9","colorDark":"#00294f","band":0,"off":[-6.8,1.1]}},{"type":"Feature","geometry":{"type":"Point","coordinates":[10.14759,55.971205]},"properties":{"line":"2","mode":"bus","color":"#0059a9","colorDark":"#00294f","band":0,"off":[-3.4,1.1]}},{"type":"Feature","geometry":{"type":"Point","coordinates":[10.14759,55.971205]},"properties":{"line":"100","mode":"bus","color":"#0059a9","colorDark":"#00294f","band":0,"off":[0,1.1]}},{"type":"Feature","geometry":{"type":"Point","coordinates":[10.14759,55.971205]},"properties":{"line":"302","mode":"bus","color":"#0059a9","colorDark":"#00294f","band":0,"off":[3.4,1.1]}},{"type":"Feature","geometry":{"type":"Point","coordinates":[10.14759,55.971205]},"properties":{"line":"331","mode":"bus","color":"#0059a9","colorDark":"#00294f","band":0,"off":[6.8,1.1]}},{"type":"Feature","geometry":{"type":"Point","coordinates":[10.14759,55.971205]},"properties":{"line":"1002","mode":"bus","color":"#0059a9","colorDark":"#00294f","band":0,"off":[-6.8,3.1]}},{"type":"Feature","geometry":{"type":"Point","coordinates":[10.14759,55.971205]},"properties":{"line":"1003","mode":"bus","color":"#0059a9","colorDark":"#00294f","band":0,"off":[-3.4,3.1]}},{"type":"Feature","geometry":{"type":"Point","coordinates":[10.14759,55.971205]},"properties":{"line":"1004","mode":"bus","color":"#0059a9","colorDark":"#00294f","band":0,"off":[0,3.1]}},{"type":"Feature","geometry":{"type":"Point","coordinates":[10.14759,55.971205]},"properties":{"line":"1008","mode":"bus","color":"#0059a9","colorDark":"#00294f","band":0,"off":[3.4,3.1]}},{"type":"Feature","geometry":{"type":"Point","coordinates":[10.14759,55.971205]},"properties":{"line":"L2","mode":"tram","color":"#d6212b","colorDark":"#7c1116","band":0,"off":[6.8,3.1]}},{"type":"Feature","geometry":{"type":"Point","coordinates":[10.066836,56.106715]},"properties":{"name":"Kolt/Kolt Kirkevej (Aarhus Kom)","band":0,"modes":"bus","arr":["1A"],"off":[0,-0.8]}},{"type":"Feature","geometry":{"type":"Point","coordinates":[10.066836,56.106715]},"properties":{"line":"1A","mode":"bus","color":"#0059a9","colorDark":"#00294f","band":0,"off":[0,1.1]}},{"type":"Feature","geometry":{"type":"Point","coordinates":[10.205336,56.153717]},"properties":{"name":"Park Allé/Rådhuset (Aarhus Kom)","band":0,"modes":"bus","arr":["40","41","42","43","44","45","46","103","302"],"off":[0,-0.8]}},{"type":"Feature","geometry":{"type":"Point","coordinates":[10.205336,56.153717]},"properties":{"name":"Park Allé/Banegårdspladsen (Aarhus Kom)","band":0,"modes":"bus","arr":["40","41","42","43","44","45","46","103","302"],"off":[0,-3]}},{"type":"Feature","geometry":{"type":"Point","coordinates":[10.205336,56.153717]},"properties":{"name":"Aarhus Rutebilstation/Sønder Allé","band":0,"modes":"bus","arr":["40","41","42","43","44","45","46","103","302"],"off":[0,-6.3]}},{"type":"Feature","geometry":{"type":"Point","coordinates":[10.205336,56.153717]},"properties":{"line":"40","mode":"bus","color":"#0059a9","colorDark":"#00294f","band":0,"off":[-6.8,1.1]}},{"type":"Feature","geometry":{"type":"Point","coordinates":[10.205336,56.153717]},"properties":{"line":"41","mode":"bus","color":"#0059a9","colorDark":"#00294f","band":0,"off":[-3.4,1.1]}},{"type":"Feature","geometry":{"type":"Point","coordinates":[10.205336,56.153717]},"properties":{"line":"42","mode":"bus","color":"#0059a9","colorDark":"#00294f","band":0,"off":[0,1.1]}},{"type":"Feature","geometry":{"type":"Point","coordinates":[10.205336,56.153717]},"properties":{"line":"43","mode":"bus","color":"#0059a9","colorDark":"#00294f","band":0,"off":[3.4,1.1]}},{"type":"Feature","geometry":{"type":"Point","coordinates":[10.205336,56.153717]},"properties":{"line":"44","mode":"bus","color":"#0059a9","colorDark":"#00294f","band":0,"off":[6.8,1.1]}},{"type":"Feature","geometry":{"type":"Point","coordinates":[10.205336,56.153717]},"properties":{"line":"45","mode":"bus","color":"#0059a9","colorDark":"#00294f","band":0,"off":[-5.1,3.1]}},{"type":"Feature","geometry":{"type":"Point","coordinates":[10.205336,56.153717]},"properties":{"line":"46","mode":"bus","color":"#0059a9","colorDark":"#00294f","band":0,"off":[-1.7,3.1]}},{"type":"Feature","geometry":{"type":"Point","coordinates":[10.205336,56.153717]},"properties":{"line":"103","mode":"bus","color":"#0059a9","colorDark":"#00294f","band":0,"off":[1.7,3.1]}},{"type":"Feature","geometry":{"type":"Point","coordinates":[10.205336,56.153717]},"properties":{"line":"302","mode":"bus","color":"#0059a9","colorDark":"#00294f","band":0,"off":[5.1,3.1]}},{"type":"Feature","geometry":{"type":"Point","coordinates":[10.213068,56.202457]},"properties":{"name":"Vejlby/Stenagervej (Aarhus Kom)","band":0,"modes":"bus","arr":["1A"],"off":[0,-0.8]}},{"type":"Feature","geometry":{"type":"Point","coordinates":[10.213068,56.202457]},"properties":{"line":"1A","mode":"bus","color":"#0059a9","colorDark":"#00294f","band":0,"off":[0,1.1]}},{"type":"Feature","geometry":{"type":"Point","coordinates":[10.048072,56.327448]},"properties":{"name":"Hadsten St./Østergade","band":0,"modes":"bus","arr":["2","4","115","314"],"off":[0,-0.8]}},{"type":"Feature","geometry":{"type":"Point","coordinates":[10.048072,56.327448]},"properties":{"line":"2","mode":"bus","color":"#0059a9","colorDark":"#00294f","band":0,"off":[-5.1,1.1]}},{"type":"Feature","geometry":{"type":"Point","coordinates":[10.048072,56.327448]},"properties":{"line":"4","mode":"bus","color":"#0059a9","colorDark":"#00294f","band":0,"off":[-1.7,1.1]}},{"type":"Feature","geometry":{"type":"Point","coordinates":[10.048072,56.327448]},"properties":{"line":"115","mode":"bus","color":"#0059a9","colorDark":"#00294f","band":0,"off":[1.7,1.1]}},{"type":"Feature","geometry":{"type":"Point","coordinates":[10.048072,56.327448]},"properties":{"line":"314","mode":"bus","color":"#0059a9","colorDark":"#00294f","band":0,"off":[5.1,1.1]}},{"type":"Feature","geometry":{"type":"Point","coordinates":[10.105545,56.330057]},"properties":{"name":"Hadbjerg Skole/Mejsevej (Favrskov Kom)","band":0,"modes":"bus","arr":["3"],"off":[0,-0.8]}},{"type":"Feature","geometry":{"type":"Point","coordinates":[10.105545,56.330057]},"properties":{"line":"3","mode":"bus","color":"#0059a9","colorDark":"#00294f","band":0,"off":[0,1.1]}},{"type":"Feature","geometry":{"type":"Point","coordinates":[10.165444,56.10456]},"properties":{"name":"Holme/Karetmagertoften (Aarhus Kom)","band":0,"modes":"bus","arr":["2A"],"off":[0,-0.8]}},{"type":"Feature","geometry":{"type":"Point","coordinates":[10.165444,56.10456]},"properties":{"line":"2A","mode":"bus","color":"#0059a9","colorDark":"#00294f","band":0,"off":[0,1.1]}},{"type":"Feature","geometry":{"type":"Point","coordinates":[10.135691,56.247835]},"properties":{"name":"Trige/Vestermøllevej (Aarhus Kom)","band":0,"modes":"bus","arr":["2A"],"off":[0,-0.8]}},{"type":"Feature","geometry":{"type":"Point","coordinates":[10.135691,56.247835]},"properties":{"line":"2A","mode":"bus","color":"#0059a9","colorDark":"#00294f","band":0,"off":[0,1.1]}},{"type":"Feature","geometry":{"type":"Point","coordinates":[10.171445,56.364118]},"properties":{"name":"Voldum Kirke (Favrskov Kom)","band":0,"modes":"bus","arr":["3"],"off":[0,-0.8]}},{"type":"Feature","geometry":{"type":"Point","coordinates":[10.171445,56.364118]},"properties":{"line":"3","mode":"bus","color":"#0059a9","colorDark":"#00294f","band":0,"off":[0,1.1]}},{"type":"Feature","geometry":{"type":"Point","coordinates":[10.108446,56.194388]},"properties":{"name":"Tilst Vestervej/Havkærvej (Aarhus Kom)","band":0,"modes":"bus","arr":["3A","44"],"off":[0,-0.8]}},{"type":"Feature","geometry":{"type":"Point","coordinates":[10.108446,56.194388]},"properties":{"line":"3A","mode":"bus","color":"#0059a9","colorDark":"#00294f","band":0,"off":[-1.7,1.1]}},{"type":"Feature","geometry":{"type":"Point","coordinates":[10.108446,56.194388]},"properties":{"line":"44","mode":"bus","color":"#0059a9","colorDark":"#00294f","band":0,"off":[1.7,1.1]}},{"type":"Feature","geometry":{"type":"Point","coordinates":[10.222044,56.164651]},"properties":{"name":"Aarhus Ø/Nikoline Kochs Plads (Aarhus Kom)","band":0,"modes":"bus","arr":["3A"],"off":[0,-0.8]}},{"type":"Feature","geometry":{"type":"Point","coordinates":[10.222044,56.164651]},"properties":{"line":"3A","mode":"bus","color":"#0059a9","colorDark":"#00294f","band":0,"off":[0,1.1]}},{"type":"Feature","geometry":{"type":"Point","coordinates":[10.037517,56.321097]},"properties":{"name":"Østervangskolen/Overgårdsvej (Favrskov Kom)","band":0,"modes":"bus","arr":["4"],"off":[0,-0.8]}},{"type":"Feature","geometry":{"type":"Point","coordinates":[10.037517,56.321097]},"properties":{"line":"4","mode":"bus","color":"#0059a9","colorDark":"#00294f","band":0,"off":[0,1.1]}},{"type":"Feature","geometry":{"type":"Point","coordinates":[10.059274,56.329814]},"properties":{"name":"Favrskov Gymnasium/Hovvej","band":0,"modes":"bus","arr":["4"],"off":[0,-0.8]}},{"type":"Feature","geometry":{"type":"Point","coordinates":[10.059274,56.329814]},"properties":{"line":"4","mode":"bus","color":"#0059a9","colorDark":"#00294f","band":0,"off":[0,1.1]}},{"type":"Feature","geometry":{"type":"Point","coordinates":[10.117152,56.16786]},"properties":{"name":"Brabrand Nord/Spobjergvej (Aarhus Kom)","band":0,"modes":"bus","arr":["4A","43"],"off":[0,-0.8]}},{"type":"Feature","geometry":{"type":"Point","coordinates":[10.117152,56.16786]},"properties":{"line":"4A","mode":"bus","color":"#0059a9","colorDark":"#00294f","band":0,"off":[-1.7,1.1]}},{"type":"Feature","geometry":{"type":"Point","coordinates":[10.117152,56.16786]},"properties":{"line":"43","mode":"bus","color":"#0059a9","colorDark":"#00294f","band":0,"off":[1.7,1.1]}},{"type":"Feature","geometry":{"type":"Point","coordinates":[10.152222,56.084645]},"properties":{"name":"Tranbjerg/Hyrdevænget (Aarhus Kom)","band":0,"modes":"bus","arr":["4A","41"],"off":[0,-0.8]}},{"type":"Feature","geometry":{"type":"Point","coordinates":[10.152222,56.084645]},"properties":{"line":"4A","mode":"bus","color":"#0059a9","colorDark":"#00294f","band":0,"off":[-1.7,1.1]}},{"type":"Feature","geometry":{"type":"Point","coordinates":[10.152222,56.084645]},"properties":{"line":"41","mode":"bus","color":"#0059a9","colorDark":"#00294f","band":0,"off":[1.7,1.1]}},{"type":"Feature","geometry":{"type":"Point","coordinates":[10.206024,56.139404]},"properties":{"name":"Tangkrogen/Dalgas Avenue (Aarhus Kom)","band":0,"modes":"bus","arr":["5A"],"off":[0,-0.8]}},{"type":"Feature","geometry":{"type":"Point","coordinates":[10.206024,56.139404]},"properties":{"line":"5A","mode":"bus","color":"#0059a9","colorDark":"#00294f","band":0,"off":[0,1.1]}},{"type":"Feature","geometry":{"type":"Point","coordinates":[10.219156,56.177049]},"properties":{"name":"Marienlund/Marienlunds Allé (Aarhus Kom)","band":0,"modes":"bus","arr":["5A"],"off":[0,-0.8]}},{"type":"Feature","geometry":{"type":"Point","coordinates":[10.219156,56.177049]},"properties":{"line":"5A","mode":"bus","color":"#0059a9","colorDark":"#00294f","band":0,"off":[0,1.1]}},{"type":"Feature","geometry":{"type":"Point","coordinates":[10.061368,56.263297]},"properties":{"name":"Storegade/Ådalsvej","band":0,"modes":"bus","arr":["6","7","8"],"off":[0,-0.8]}},{"type":"Feature","geometry":{"type":"Point","coordinates":[10.061368,56.263297]},"properties":{"name":"Hinnerup St./Banegårdspl.","band":0,"modes":"bus","arr":["6","7","8"],"off":[0,-1.9]}},{"type":"Feature","geometry":{"type":"Point","coordinates":[10.061368,56.263297]},"properties":{"line":"6","mode":"bus","color":"#0059a9","colorDark":"#00294f","band":0,"off":[-3.4,1.1]}},{"type":"Feature","geometry":{"type":"Point","coordinates":[10.061368,56.263297]},"properties":{"line":"7","mode":"bus","color":"#0059a9","colorDark":"#00294f","band":0,"off":[0,1.1]}},{"type":"Feature","geometry":{"type":"Point","coordinates":[10.061368,56.263297]},"properties":{"line":"8","mode":"bus","color":"#0059a9","colorDark":"#00294f","band":0,"off":[3.4,1.1]}},{"type":"Feature","geometry":{"type":"Point","coordinates":[10.083314,56.23484]},"properties":{"name":"Præstemarkskolen/Kvottrupvej (Favrskov Kom)","band":0,"modes":"bus","arr":["6"],"off":[0,-0.8]}},{"type":"Feature","geometry":{"type":"Point","coordinates":[10.083314,56.23484]},"properties":{"line":"6","mode":"bus","color":"#0059a9","colorDark":"#00294f","band":0,"off":[0,1.1]}},{"type":"Feature","geometry":{"type":"Point","coordinates":[10.214219,56.109349]},"properties":{"name":"Skåde/Emiliedalsvej (Aarhus Kom)","band":0,"modes":"bus","arr":["6A"],"off":[0,-0.8]}},{"type":"Feature","geometry":{"type":"Point","coordinates":[10.214219,56.109349]},"properties":{"line":"6A","mode":"bus","color":"#0059a9","colorDark":"#00294f","band":0,"off":[0,1.1]}},{"type":"Feature","geometry":{"type":"Point","coordinates":[10.170095,56.193604]},"properties":{"name":"Aarhus Universitetshospital Skejby indgang H","band":0,"modes":"bus","arr":["6A"],"off":[0,-0.8]}},{"type":"Feature","geometry":{"type":"Point","coordinates":[10.170095,56.193604]},"properties":{"line":"6A","mode":"bus","color":"#0059a9","colorDark":"#00294f","band":0,"off":[0,1.1]}},{"type":"Feature","geometry":{"type":"Point","coordinates":[9.969404,56.223294]},"properties":{"name":"Møllebakken/Lærkereden (Favrskov Kom)","band":0,"modes":"bus","arr":["9"],"off":[0,-0.8]}},{"type":"Feature","geometry":{"type":"Point","coordinates":[9.969404,56.223294]},"properties":{"line":"9","mode":"bus","color":"#0059a9","colorDark":"#00294f","band":0,"off":[0,1.1]}},{"type":"Feature","geometry":{"type":"Point","coordinates":[10.023907,56.213132]},"properties":{"name":"Sabro Skolevej (Aarhus Kom)","band":0,"modes":"bus","arr":["14"],"off":[0,-0.8]}},{"type":"Feature","geometry":{"type":"Point","coordinates":[10.023907,56.213132]},"properties":{"line":"14","mode":"bus","color":"#0059a9","colorDark":"#00294f","band":0,"off":[0,1.1]}},{"type":"Feature","geometry":{"type":"Point","coordinates":[9.858772,56.249071]},"properties":{"name":"Søndervangskolen/Anbækvej (Favrskov Kom)","band":0,"modes":"bus","arr":["9"],"off":[0,-0.8]}},{"type":"Feature","geometry":{"type":"Point","coordinates":[9.858772,56.249071]},"properties":{"line":"9","mode":"bus","color":"#0059a9","colorDark":"#00294f","band":0,"off":[0,1.1]}},{"type":"Feature","geometry":{"type":"Point","coordinates":[9.86236,56.256707]},"properties":{"name":"Hammel Rtb.","band":0,"modes":"bus","arr":["9","114","314"],"off":[0,-0.8]}},{"type":"Feature","geometry":{"type":"Point","coordinates":[9.86236,56.256707]},"properties":{"line":"9","mode":"bus","color":"#0059a9","colorDark":"#00294f","band":0,"off":[-3.4,1.1]}},{"type":"Feature","geometry":{"type":"Point","coordinates":[9.86236,56.256707]},"properties":{"line":"114","mode":"bus","color":"#0059a9","colorDark":"#00294f","band":0,"off":[0,1.1]}},{"type":"Feature","geometry":{"type":"Point","coordinates":[9.86236,56.256707]},"properties":{"line":"314","mode":"bus","color":"#0059a9","colorDark":"#00294f","band":0,"off":[3.4,1.1]}},{"type":"Feature","geometry":{"type":"Point","coordinates":[10.100191,56.129614]},"properties":{"name":"Stavtrup/Ormslevvej (Aarhus Kom)","band":0,"modes":"bus","arr":["11","42"],"off":[0,-0.8]}},{"type":"Feature","geometry":{"type":"Point","coordinates":[10.100191,56.129614]},"properties":{"line":"11","mode":"bus","color":"#0059a9","colorDark":"#00294f","band":0,"off":[-1.7,1.1]}},{"type":"Feature","geometry":{"type":"Point","coordinates":[10.100191,56.129614]},"properties":{"line":"42","mode":"bus","color":"#0059a9","colorDark":"#00294f","band":0,"off":[1.7,1.1]}},{"type":"Feature","geometry":{"type":"Point","coordinates":[9.987502,56.144066]},"properties":{"name":"Harlev/Rødlundvej Syd (Aarhus Kom)","band":0,"modes":"bus","arr":["11"],"off":[0,-0.8]}},{"type":"Feature","geometry":{"type":"Point","coordinates":[9.987502,56.144066]},"properties":{"line":"11","mode":"bus","color":"#0059a9","colorDark":"#00294f","band":0,"off":[0,1.1]}},{"type":"Feature","geometry":{"type":"Point","coordinates":[10.214825,56.300579]},"properties":{"name":"Mejlby/Gl. Kaløvej (Aarhus Kom)","band":0,"modes":"bus","arr":["12","16"],"off":[0,-0.8]}},{"type":"Feature","geometry":{"type":"Point","coordinates":[10.214825,56.300579]},"properties":{"line":"12","mode":"bus","color":"#0059a9","colorDark":"#00294f","band":0,"off":[-1.7,1.1]}},{"type":"Feature","geometry":{"type":"Point","coordinates":[10.214825,56.300579]},"properties":{"line":"16","mode":"bus","color":"#0059a9","colorDark":"#00294f","band":0,"off":[1.7,1.1]}},{"type":"Feature","geometry":{"type":"Point","coordinates":[10.269673,56.210044]},"properties":{"name":"Egaa Gymnasium/Mejlbyvej (Aarhus Kom)","band":0,"modes":"bus","arr":["32"],"off":[0,-0.8]}},{"type":"Feature","geometry":{"type":"Point","coordinates":[10.269673,56.210044]},"properties":{"line":"32","mode":"bus","color":"#0059a9","colorDark":"#00294f","band":0,"off":[0,1.1]}},{"type":"Feature","geometry":{"type":"Point","coordinates":[10.05916,56.162617]},"properties":{"name":"Logistikparken/Rosbjergvej","band":0,"modes":"bus","arr":["12"],"off":[0,-0.8]}},{"type":"Feature","geometry":{"type":"Point","coordinates":[10.05916,56.162617]},"properties":{"line":"12","mode":"bus","color":"#0059a9","colorDark":"#00294f","band":0,"off":[0,1.1]}},{"type":"Feature","geometry":{"type":"Point","coordinates":[10.17288,56.102161]},"properties":{"name":"Holme Parkvej (Aarhus Kom)","band":0,"modes":"bus","arr":["13"],"off":[0,-0.8]}},{"type":"Feature","geometry":{"type":"Point","coordinates":[10.17288,56.102161]},"properties":{"line":"13","mode":"bus","color":"#0059a9","colorDark":"#00294f","band":0,"off":[0,1.1]}},{"type":"Feature","geometry":{"type":"Point","coordinates":[10.172179,56.171816]},"properties":{"name":"Frydenlund/Fuglebakkevej (Aarhus Kom)","band":0,"modes":"bus","arr":["13"],"off":[0,-0.8]}},{"type":"Feature","geometry":{"type":"Point","coordinates":[10.172179,56.171816]},"properties":{"line":"13","mode":"bus","color":"#0059a9","colorDark":"#00294f","band":0,"off":[0,1.1]}},{"type":"Feature","geometry":{"type":"Point","coordinates":[10.13272,56.12353]},"properties":{"name":"Grøfthøj/Bøgeskov Høvej (Aarhus Kom)","band":0,"modes":"bus","arr":["14"],"off":[0,-0.8]}},{"type":"Feature","geometry":{"type":"Point","coordinates":[10.13272,56.12353]},"properties":{"line":"14","mode":"bus","color":"#0059a9","colorDark":"#00294f","band":0,"off":[0,1.1]}},{"type":"Feature","geometry":{"type":"Point","coordinates":[10.187663,56.206559]},"properties":{"name":"Skejby Nordlandsvej (Aarhus Kom)","band":0,"modes":"bus","arr":["15"],"off":[0,-0.8]}},{"type":"Feature","geometry":{"type":"Point","coordinates":[10.187663,56.206559]},"properties":{"line":"15","mode":"bus","color":"#0059a9","colorDark":"#00294f","band":0,"off":[0,1.1]}},{"type":"Feature","geometry":{"type":"Point","coordinates":[10.092277,56.159665]},"properties":{"name":"Brabrand Vest/Helenelyst (Aarhus Kom)","band":0,"modes":"bus","arr":["15","35"],"off":[0,-0.8]}},{"type":"Feature","geometry":{"type":"Point","coordinates":[10.092277,56.159665]},"properties":{"line":"15","mode":"bus","color":"#0059a9","colorDark":"#00294f","band":0,"off":[-1.7,1.1]}},{"type":"Feature","geometry":{"type":"Point","coordinates":[10.092277,56.159665]},"properties":{"line":"35","mode":"bus","color":"#0059a9","colorDark":"#00294f","band":0,"off":[1.7,1.1]}},{"type":"Feature","geometry":{"type":"Point","coordinates":[10.164524,56.058318]},"properties":{"name":"Mårslet/Nymarks Allé (Aarhus Kom)","band":0,"modes":"bus","arr":["16","40"],"off":[0,-0.8]}},{"type":"Feature","geometry":{"type":"Point","coordinates":[10.164524,56.058318]},"properties":{"line":"16","mode":"bus","color":"#0059a9","colorDark":"#00294f","band":0,"off":[-1.7,1.1]}},{"type":"Feature","geometry":{"type":"Point","coordinates":[10.164524,56.058318]},"properties":{"line":"40","mode":"bus","color":"#0059a9","colorDark":"#00294f","band":0,"off":[1.7,1.1]}},{"type":"Feature","geometry":{"type":"Point","coordinates":[10.340245,56.258]},"properties":{"name":"Studstrup/Præstekravevej (Aarhus Kom)","band":0,"modes":"bus","arr":["17"],"off":[0,-0.8]}},{"type":"Feature","geometry":{"type":"Point","coordinates":[10.340245,56.258]},"properties":{"line":"17","mode":"bus","color":"#0059a9","colorDark":"#00294f","band":0,"off":[0,1.1]}},{"type":"Feature","geometry":{"type":"Point","coordinates":[10.095864,56.035356]},"properties":{"name":"Solbjerg/Lystenlund (Aarhus Kom)","band":0,"modes":"bus","arr":["17","41"],"off":[0,-0.8]}},{"type":"Feature","geometry":{"type":"Point","coordinates":[10.095864,56.035356]},"properties":{"line":"17","mode":"bus","color":"#0059a9","colorDark":"#00294f","band":0,"off":[-1.7,1.1]}},{"type":"Feature","geometry":{"type":"Point","coordinates":[10.095864,56.035356]},"properties":{"line":"41","mode":"bus","color":"#0059a9","colorDark":"#00294f","band":0,"off":[1.7,1.1]}},{"type":"Feature","geometry":{"type":"Point","coordinates":[10.251065,56.23878]},"properties":{"name":"Lystrup/Majsmarken (Aarhus Kom)","band":0,"modes":"bus","arr":["18","45"],"off":[0,-0.8]}},{"type":"Feature","geometry":{"type":"Point","coordinates":[10.251065,56.23878]},"properties":{"line":"18","mode":"bus","color":"#0059a9","colorDark":"#00294f","band":0,"off":[-1.7,1.1]}},{"type":"Feature","geometry":{"type":"Point","coordinates":[10.251065,56.23878]},"properties":{"line":"45","mode":"bus","color":"#0059a9","colorDark":"#00294f","band":0,"off":[1.7,1.1]}},{"type":"Feature","geometry":{"type":"Point","coordinates":[10.222425,56.086397]},"properties":{"name":"Moesgaard Museum (Aarhus Kom)","band":0,"modes":"bus","arr":["18"],"off":[0,-0.8]}},{"type":"Feature","geometry":{"type":"Point","coordinates":[10.222425,56.086397]},"properties":{"line":"18","mode":"bus","color":"#0059a9","colorDark":"#00294f","band":0,"off":[0,1.1]}},{"type":"Feature","geometry":{"type":"Point","coordinates":[9.919371,56.027208]},"properties":{"name":"FLOK v. Sølund/Dyrehaven (Skanderborg Kom)","band":0,"modes":"bus","arr":["21"],"off":[0,-0.8]}},{"type":"Feature","geometry":{"type":"Point","coordinates":[9.919371,56.027208]},"properties":{"line":"21","mode":"bus","color":"#0059a9","colorDark":"#00294f","band":0,"off":[0,1.1]}},{"type":"Feature","geometry":{"type":"Point","coordinates":[9.897036,56.024927]},"properties":{"name":"Vrold (Skanderborg Kom)","band":0,"modes":"bus","arr":["21"],"off":[0,-0.8]}},{"type":"Feature","geometry":{"type":"Point","coordinates":[9.897036,56.024927]},"properties":{"line":"21","mode":"bus","color":"#0059a9","colorDark":"#00294f","band":0,"off":[0,1.1]}},{"type":"Feature","geometry":{"type":"Point","coordinates":[9.923639,56.043111]},"properties":{"name":"Skanderborg St. (Skanderborg Kom)","band":0,"modes":"bus","arr":["26S","309","331"],"off":[0,-0.8]}},{"type":"Feature","geometry":{"type":"Point","coordinates":[9.923639,56.043111]},"properties":{"line":"26S","mode":"bus","color":"#0059a9","colorDark":"#00294f","band":0,"off":[-3.4,1.1]}},{"type":"Feature","geometry":{"type":"Point","coordinates":[9.923639,56.043111]},"properties":{"line":"309","mode":"bus","color":"#0059a9","colorDark":"#00294f","band":0,"off":[0,1.1]}},{"type":"Feature","geometry":{"type":"Point","coordinates":[9.923639,56.043111]},"properties":{"line":"331","mode":"bus","color":"#0059a9","colorDark":"#00294f","band":0,"off":[3.4,1.1]}},{"type":"Feature","geometry":{"type":"Point","coordinates":[9.887851,56.020603]},"properties":{"name":"KærligHeden/Horsensvej (Skanderborg Kom)","band":0,"modes":"bus","arr":["26S"],"off":[0,-0.8]}},{"type":"Feature","geometry":{"type":"Point","coordinates":[9.887851,56.020603]},"properties":{"line":"26S","mode":"bus","color":"#0059a9","colorDark":"#00294f","band":0,"off":[0,1.1]}},{"type":"Feature","geometry":{"type":"Point","coordinates":[10.205729,56.148724]},"properties":{"name":"Aarhus Rutebilstation","band":0,"modes":"bus,tram","arr":["31","103","113","114","118","123","302","925X","L1"],"off":[0,-0.8]}},{"type":"Feature","geometry":{"type":"Point","coordinates":[10.205729,56.148724]},"properties":{"name":"Aarhus H (Letbane)","band":0,"modes":"bus,tram","arr":["31","103","113","114","118","123","302","925X","L1"],"off":[0,-3]}},{"type":"Feature","geometry":{"type":"Point","coordinates":[10.205729,56.148724]},"properties":{"name":"Aarhus Banegårdsplads","band":0,"modes":"bus,tram","arr":["31","103","113","114","118","123","302","925X","L1"],"off":[0,-4.1]}},{"type":"Feature","geometry":{"type":"Point","coordinates":[10.205729,56.148724]},"properties":{"line":"31","mode":"bus","color":"#0059a9","colorDark":"#00294f","band":0,"off":[-6.8,1.1]}},{"type":"Feature","geometry":{"type":"Point","coordinates":[10.205729,56.148724]},"properties":{"line":"103","mode":"bus","color":"#0059a9","colorDark":"#00294f","band":0,"off":[-3.4,1.1]}},{"type":"Feature","geometry":{"type":"Point","coordinates":[10.205729,56.148724]},"properties":{"line":"113","mode":"bus","color":"#0059a9","colorDark":"#00294f","band":0,"off":[0,1.1]}},{"type":"Feature","geometry":{"type":"Point","coordinates":[10.205729,56.148724]},"properties":{"line":"114","mode":"bus","color":"#0059a9","colorDark":"#00294f","band":0,"off":[3.4,1.1]}},{"type":"Feature","geometry":{"type":"Point","coordinates":[10.205729,56.148724]},"properties":{"line":"118","mode":"bus","color":"#0059a9","colorDark":"#00294f","band":0,"off":[6.8,1.1]}},{"type":"Feature","geometry":{"type":"Point","coordinates":[10.205729,56.148724]},"properties":{"line":"123","mode":"bus","color":"#0059a9","colorDark":"#00294f","band":0,"off":[-5.1,3.1]}},{"type":"Feature","geometry":{"type":"Point","coordinates":[10.205729,56.148724]},"properties":{"line":"302","mode":"bus","color":"#0059a9","colorDark":"#00294f","band":0,"off":[-1.7,3.1]}},{"type":"Feature","geometry":{"type":"Point","coordinates":[10.205729,56.148724]},"properties":{"line":"925X","mode":"bus","color":"#0059a9","colorDark":"#00294f","band":0,"off":[1.7,3.1]}},{"type":"Feature","geometry":{"type":"Point","coordinates":[10.205729,56.148724]},"properties":{"line":"L1","mode":"tram","color":"#d6212b","colorDark":"#7c1116","band":0,"off":[5.1,3.1]}},{"type":"Feature","geometry":{"type":"Point","coordinates":[10.247738,56.088628]},"properties":{"name":"Moesgård Strand (Aarhus Kom)","band":0,"modes":"bus","arr":["31"],"off":[0,-0.8]}},{"type":"Feature","geometry":{"type":"Point","coordinates":[10.247738,56.088628]},"properties":{"line":"31","mode":"bus","color":"#0059a9","colorDark":"#00294f","band":0,"off":[0,1.1]}},{"type":"Feature","geometry":{"type":"Point","coordinates":[10.235018,56.231278]},"properties":{"name":"Lystrup/Bygaden (Aarhus Kom)","band":0,"modes":"bus,tram","arr":["32","L2"],"off":[0,-0.8]}},{"type":"Feature","geometry":{"type":"Point","coordinates":[10.235018,56.231278]},"properties":{"name":"Lystrup (Letbane)","band":0,"modes":"bus,tram","arr":["32","L2"],"off":[0,-3]}},{"type":"Feature","geometry":{"type":"Point","coordinates":[10.235018,56.231278]},"properties":{"line":"32","mode":"bus","color":"#0059a9","colorDark":"#00294f","band":0,"off":[-1.7,1.1]}},{"type":"Feature","geometry":{"type":"Point","coordinates":[10.235018,56.231278]},"properties":{"line":"L2","mode":"tram","color":"#d6212b","colorDark":"#7c1116","band":0,"off":[1.7,1.1]}},{"type":"Feature","geometry":{"type":"Point","coordinates":[10.11198,56.186262]},"properties":{"name":"Aarhus Gymnasium Tilst/Kileparken (Aarhus Kom)","band":0,"modes":"bus","arr":["35","116U"],"off":[0,-0.8]}},{"type":"Feature","geometry":{"type":"Point","coordinates":[10.11198,56.186262]},"properties":{"line":"35","mode":"bus","color":"#0059a9","colorDark":"#00294f","band":0,"off":[-1.7,1.1]}},{"type":"Feature","geometry":{"type":"Point","coordinates":[10.11198,56.186262]},"properties":{"line":"116U","mode":"bus","color":"#0059a9","colorDark":"#00294f","band":0,"off":[1.7,1.1]}},{"type":"Feature","geometry":{"type":"Point","coordinates":[10.273457,56.256394]},"properties":{"name":"Hjortshøj/Hjortshøjvangen (Aarhus Kom)","band":0,"modes":"bus","arr":["46"],"off":[0,-0.8]}},{"type":"Feature","geometry":{"type":"Point","coordinates":[10.273457,56.256394]},"properties":{"line":"46","mode":"bus","color":"#0059a9","colorDark":"#00294f","band":0,"off":[0,1.1]}},{"type":"Feature","geometry":{"type":"Point","coordinates":[10.312985,56.320276]},"properties":{"name":"Hornslet St. (Syddjurs Kom)","band":0,"modes":"bus","arr":["100"],"off":[0,-0.8]}},{"type":"Feature","geometry":{"type":"Point","coordinates":[10.312985,56.320276]},"properties":{"line":"100","mode":"bus","color":"#0059a9","colorDark":"#00294f","band":0,"off":[0,1.1]}},{"type":"Feature","geometry":{"type":"Point","coordinates":[10.257666,55.912246]},"properties":{"name":"Hou Havn (Odder Kom)","band":0,"modes":"bus","arr":["103"],"off":[0,-0.8]}},{"type":"Feature","geometry":{"type":"Point","coordinates":[10.257666,55.912246]},"properties":{"line":"103","mode":"bus","color":"#0059a9","colorDark":"#00294f","band":0,"off":[0,1.1]}},{"type":"Feature","geometry":{"type":"Point","coordinates":[9.545982,56.164243]},"properties":{"name":"Silkeborg Trafikterminal","band":0,"modes":"bus","arr":["113"],"off":[0,-0.8]}},{"type":"Feature","geometry":{"type":"Point","coordinates":[9.545982,56.164243]},"properties":{"line":"113","mode":"bus","color":"#0059a9","colorDark":"#00294f","band":0,"off":[0,1.1]}},{"type":"Feature","geometry":{"type":"Point","coordinates":[10.069134,56.253625]},"properties":{"name":"Ådalsvej/Samsøvej (Favrskov Kom)","band":0,"modes":"bus","arr":["115"],"off":[0,-0.8]}},{"type":"Feature","geometry":{"type":"Point","coordinates":[10.069134,56.253625]},"properties":{"line":"115","mode":"bus","color":"#0059a9","colorDark":"#00294f","band":0,"off":[0,1.1]}},{"type":"Feature","geometry":{"type":"Point","coordinates":[9.895911,56.38645]},"properties":{"name":"Langå St./Bredgade (Randers Kom)","band":0,"modes":"bus","arr":["115"],"off":[0,-0.8]}},{"type":"Feature","geometry":{"type":"Point","coordinates":[9.895911,56.38645]},"properties":{"line":"115","mode":"bus","color":"#0059a9","colorDark":"#00294f","band":0,"off":[0,1.1]}},{"type":"Feature","geometry":{"type":"Point","coordinates":[9.964186,56.184171]},"properties":{"name":"Herskind/Langelinie (Skanderborg Kom)","band":0,"modes":"bus","arr":["116U"],"off":[0,-0.8]}},{"type":"Feature","geometry":{"type":"Point","coordinates":[9.964186,56.184171]},"properties":{"line":"116U","mode":"bus","color":"#0059a9","colorDark":"#00294f","band":0,"off":[0,1.1]}},{"type":"Feature","geometry":{"type":"Point","coordinates":[10.039574,56.458443]},"properties":{"name":"Randers Busterminal","band":0,"modes":"bus","arr":["118"],"off":[0,-0.8]}},{"type":"Feature","geometry":{"type":"Point","coordinates":[10.039574,56.458443]},"properties":{"line":"118","mode":"bus","color":"#0059a9","colorDark":"#00294f","band":0,"off":[0,1.1]}},{"type":"Feature","geometry":{"type":"Point","coordinates":[10.478501,56.300743]},"properties":{"name":"Rønde Busterminal (Syddjurs Kom)","band":0,"modes":"bus","arr":["121"],"off":[0,-0.8]}},{"type":"Feature","geometry":{"type":"Point","coordinates":[10.478501,56.300743]},"properties":{"line":"121","mode":"bus","color":"#0059a9","colorDark":"#00294f","band":0,"off":[0,1.1]}},{"type":"Feature","geometry":{"type":"Point","coordinates":[10.486488,56.212081]},"properties":{"name":"Knebel (Syddjurs Kom)","band":0,"modes":"bus","arr":["121"],"off":[0,-0.8]}},{"type":"Feature","geometry":{"type":"Point","coordinates":[10.486488,56.212081]},"properties":{"line":"121","mode":"bus","color":"#0059a9","colorDark":"#00294f","band":0,"off":[0,1.1]}},{"type":"Feature","geometry":{"type":"Point","coordinates":[10.501947,56.379994]},"properties":{"name":"Ryomgård St. (Syddjurs Kom)","band":0,"modes":"bus","arr":["121"],"off":[0,-0.8]}},{"type":"Feature","geometry":{"type":"Point","coordinates":[10.501947,56.379994]},"properties":{"line":"121","mode":"bus","color":"#0059a9","colorDark":"#00294f","band":0,"off":[0,1.1]}},{"type":"Feature","geometry":{"type":"Point","coordinates":[10.67707,56.179879]},"properties":{"name":"Ebeltoft Busterminal (Syddjurs Kom)","band":0,"modes":"bus","arr":["123"],"off":[0,-0.8]}},{"type":"Feature","geometry":{"type":"Point","coordinates":[10.67707,56.179879]},"properties":{"line":"123","mode":"bus","color":"#0059a9","colorDark":"#00294f","band":0,"off":[0,1.1]}},{"type":"Feature","geometry":{"type":"Point","coordinates":[9.928304,56.035758]},"properties":{"name":"Skanderborg Busterminal","band":0,"modes":"bus","arr":["200"],"off":[0,-0.8]}},{"type":"Feature","geometry":{"type":"Point","coordinates":[9.928304,56.035758]},"properties":{"line":"200","mode":"bus","color":"#0059a9","colorDark":"#00294f","band":0,"off":[0,1.1]}},{"type":"Feature","geometry":{"type":"Point","coordinates":[10.06472,56.279128]},"properties":{"name":"Rylevej/Bjergegårdsvej (Favrskov Kom)","band":0,"modes":"bus","arr":["200"],"off":[0,-0.8]}},{"type":"Feature","geometry":{"type":"Point","coordinates":[10.06472,56.279128]},"properties":{"line":"200","mode":"bus","color":"#0059a9","colorDark":"#00294f","band":0,"off":[0,1.1]}},{"type":"Feature","geometry":{"type":"Point","coordinates":[9.964036,56.191004]},"properties":{"name":"Herskindskolen (Skanderborg Kom)","band":0,"modes":"bus","arr":["309"],"off":[0,-0.8]}},{"type":"Feature","geometry":{"type":"Point","coordinates":[9.964036,56.191004]},"properties":{"line":"309","mode":"bus","color":"#0059a9","colorDark":"#00294f","band":0,"off":[0,1.1]}},{"type":"Feature","geometry":{"type":"Point","coordinates":[9.649662,56.096326]},"properties":{"name":"Glarbo/Rodelundvej (Skanderborg Kom)","band":0,"modes":"bus","arr":["311"],"off":[0,-0.8]}},{"type":"Feature","geometry":{"type":"Point","coordinates":[9.649662,56.096326]},"properties":{"line":"311","mode":"bus","color":"#0059a9","colorDark":"#00294f","band":0,"off":[0,1.1]}},{"type":"Feature","geometry":{"type":"Point","coordinates":[9.947363,56.046919]},"properties":{"name":"Campus Skanderborg/Højvangens Torv","band":0,"modes":"bus","arr":["311","330"],"off":[0,-0.8]}},{"type":"Feature","geometry":{"type":"Point","coordinates":[9.947363,56.046919]},"properties":{"line":"311","mode":"bus","color":"#0059a9","colorDark":"#00294f","band":0,"off":[-1.7,1.1]}},{"type":"Feature","geometry":{"type":"Point","coordinates":[9.947363,56.046919]},"properties":{"line":"330","mode":"bus","color":"#0059a9","colorDark":"#00294f","band":0,"off":[1.7,1.1]}},{"type":"Feature","geometry":{"type":"Point","coordinates":[9.789336,56.297236]},"properties":{"name":"Thorsø/Torvet (Favrskov Kom)","band":0,"modes":"bus","arr":["314"],"off":[0,-0.8]}},{"type":"Feature","geometry":{"type":"Point","coordinates":[9.789336,56.297236]},"properties":{"line":"314","mode":"bus","color":"#0059a9","colorDark":"#00294f","band":0,"off":[0,1.1]}},{"type":"Feature","geometry":{"type":"Point","coordinates":[9.806003,56.15111]},"properties":{"name":"Låsby Skole (Skanderborg Kom)","band":0,"modes":"bus","arr":["330"],"off":[0,-0.8]}},{"type":"Feature","geometry":{"type":"Point","coordinates":[9.806003,56.15111]},"properties":{"line":"330","mode":"bus","color":"#0059a9","colorDark":"#00294f","band":0,"off":[0,1.1]}},{"type":"Feature","geometry":{"type":"Point","coordinates":[10.626976,56.308184]},"properties":{"name":"Aarhus Lufthavn","band":0,"modes":"bus","arr":["925X"],"off":[0,-0.8]}},{"type":"Feature","geometry":{"type":"Point","coordinates":[10.626976,56.308184]},"properties":{"line":"925X","mode":"bus","color":"#0059a9","colorDark":"#00294f","band":0,"off":[0,1.1]}},{"type":"Feature","geometry":{"type":"Point","coordinates":[10.251492,55.91493]},"properties":{"name":"Hou Skole (Odder Kom)","band":0,"modes":"bus","arr":["1008"],"off":[0,-0.8]}},{"type":"Feature","geometry":{"type":"Point","coordinates":[10.251492,55.91493]},"properties":{"line":"1008","mode":"bus","color":"#0059a9","colorDark":"#00294f","band":0,"off":[0,1.1]}},{"type":"Feature","geometry":{"type":"Point","coordinates":[10.162354,55.979744]},"properties":{"name":"Parkvejens Skole (Odder Kom)","band":0,"modes":"bus","arr":["1003","1004"],"off":[0,-0.8]}},{"type":"Feature","geometry":{"type":"Point","coordinates":[10.162354,55.979744]},"properties":{"line":"1003","mode":"bus","color":"#0059a9","colorDark":"#00294f","band":0,"off":[-1.7,1.1]}},{"type":"Feature","geometry":{"type":"Point","coordinates":[10.162354,55.979744]},"properties":{"line":"1004","mode":"bus","color":"#0059a9","colorDark":"#00294f","band":0,"off":[1.7,1.1]}},{"type":"Feature","geometry":{"type":"Point","coordinates":[10.880857,56.412792]},"properties":{"name":"Grenaa (Letbane)","band":0,"modes":"tram","arr":["L1"],"off":[0,-0.8]}},{"type":"Feature","geometry":{"type":"Point","coordinates":[10.880857,56.412792]},"properties":{"line":"L1","mode":"tram","color":"#d6212b","colorDark":"#7c1116","band":0,"off":[0,1.1]}},{"type":"Feature","geometry":{"type":"Point","coordinates":[10.157018,56.218056]},"properties":{"name":"Lisbjergskolen (Letbane)","band":0,"modes":"tram","arr":["L2"],"off":[0,-0.8]}},{"type":"Feature","geometry":{"type":"Point","coordinates":[10.157018,56.218056]},"properties":{"line":"L2","mode":"tram","color":"#d6212b","colorDark":"#7c1116","band":0,"off":[0,1.1]}},{"type":"Feature","geometry":{"type":"Point","coordinates":[10.14759,55.971205]},"properties":{"name":"Skovbakkeskolen (Odder Kom)","band":1,"modes":"bus,tram","arr":["1","2","100","302","331","1002","1003","1004","1008","L2"],"off":[0,-0.8]}},{"type":"Feature","geometry":{"type":"Point","coordinates":[10.14759,55.971205]},"properties":{"name":"Odder Busterminal","band":1,"modes":"bus,tram","arr":["1","2","100","302","331","1002","1003","1004","1008","L2"],"off":[0,-3]}},{"type":"Feature","geometry":{"type":"Point","coordinates":[10.14759,55.971205]},"properties":{"name":"Odder (Letbane)","band":1,"modes":"bus,tram","arr":["1","2","100","302","331","1002","1003","1004","1008","L2"],"off":[0,-4.1]}},{"type":"Feature","geometry":{"type":"Point","coordinates":[10.14759,55.971205]},"properties":{"line":"1","mode":"bus","color":"#0059a9","colorDark":"#00294f","band":1,"off":[-6.8,1.1]}},{"type":"Feature","geometry":{"type":"Point","coordinates":[10.14759,55.971205]},"properties":{"line":"2","mode":"bus","color":"#0059a9","colorDark":"#00294f","band":1,"off":[-3.4,1.1]}},{"type":"Feature","geometry":{"type":"Point","coordinates":[10.14759,55.971205]},"properties":{"line":"100","mode":"bus","color":"#0059a9","colorDark":"#00294f","band":1,"off":[0,1.1]}},{"type":"Feature","geometry":{"type":"Point","coordinates":[10.14759,55.971205]},"properties":{"line":"302","mode":"bus","color":"#0059a9","colorDark":"#00294f","band":1,"off":[3.4,1.1]}},{"type":"Feature","geometry":{"type":"Point","coordinates":[10.14759,55.971205]},"properties":{"line":"331","mode":"bus","color":"#0059a9","colorDark":"#00294f","band":1,"off":[6.8,1.1]}},{"type":"Feature","geometry":{"type":"Point","coordinates":[10.14759,55.971205]},"properties":{"line":"1002","mode":"bus","color":"#0059a9","colorDark":"#00294f","band":1,"off":[-6.8,3.1]}},{"type":"Feature","geometry":{"type":"Point","coordinates":[10.14759,55.971205]},"properties":{"line":"1003","mode":"bus","color":"#0059a9","colorDark":"#00294f","band":1,"off":[-3.4,3.1]}},{"type":"Feature","geometry":{"type":"Point","coordinates":[10.14759,55.971205]},"properties":{"line":"1004","mode":"bus","color":"#0059a9","colorDark":"#00294f","band":1,"off":[0,3.1]}},{"type":"Feature","geometry":{"type":"Point","coordinates":[10.14759,55.971205]},"properties":{"line":"1008","mode":"bus","color":"#0059a9","colorDark":"#00294f","band":1,"off":[3.4,3.1]}},{"type":"Feature","geometry":{"type":"Point","coordinates":[10.14759,55.971205]},"properties":{"line":"L2","mode":"tram","color":"#d6212b","colorDark":"#7c1116","band":1,"off":[6.8,3.1]}},{"type":"Feature","geometry":{"type":"Point","coordinates":[10.066836,56.106715]},"properties":{"name":"Kolt/Kolt Kirkevej (Aarhus Kom)","band":1,"modes":"bus","arr":["1A"],"off":[0,-0.8]}},{"type":"Feature","geometry":{"type":"Point","coordinates":[10.066836,56.106715]},"properties":{"line":"1A","mode":"bus","color":"#0059a9","colorDark":"#00294f","band":1,"off":[0,1.1]}},{"type":"Feature","geometry":{"type":"Point","coordinates":[10.205336,56.152868]},"properties":{"name":"Park Allé/Rådhuset (Aarhus Kom)","band":1,"modes":"bus","arr":["40","41","42","43","44","45","46","103","302"],"off":[0,-0.8]}},{"type":"Feature","geometry":{"type":"Point","coordinates":[10.205336,56.152868]},"properties":{"name":"Park Allé/Banegårdspladsen (Aarhus Kom)","band":1,"modes":"bus","arr":["40","41","42","43","44","45","46","103","302"],"off":[0,-3]}},{"type":"Feature","geometry":{"type":"Point","coordinates":[10.205336,56.152868]},"properties":{"name":"Aarhus Rutebilstation/Sønder Allé","band":1,"modes":"bus","arr":["40","41","42","43","44","45","46","103","302"],"off":[0,-6.3]}},{"type":"Feature","geometry":{"type":"Point","coordinates":[10.205336,56.152868]},"properties":{"line":"40","mode":"bus","color":"#0059a9","colorDark":"#00294f","band":1,"off":[-6.8,1.1]}},{"type":"Feature","geometry":{"type":"Point","coordinates":[10.205336,56.152868]},"properties":{"line":"41","mode":"bus","color":"#0059a9","colorDark":"#00294f","band":1,"off":[-3.4,1.1]}},{"type":"Feature","geometry":{"type":"Point","coordinates":[10.205336,56.152868]},"properties":{"line":"42","mode":"bus","color":"#0059a9","colorDark":"#00294f","band":1,"off":[0,1.1]}},{"type":"Feature","geometry":{"type":"Point","coordinates":[10.205336,56.152868]},"properties":{"line":"43","mode":"bus","color":"#0059a9","colorDark":"#00294f","band":1,"off":[3.4,1.1]}},{"type":"Feature","geometry":{"type":"Point","coordinates":[10.205336,56.152868]},"properties":{"line":"44","mode":"bus","color":"#0059a9","colorDark":"#00294f","band":1,"off":[6.8,1.1]}},{"type":"Feature","geometry":{"type":"Point","coordinates":[10.205336,56.152868]},"properties":{"line":"45","mode":"bus","color":"#0059a9","colorDark":"#00294f","band":1,"off":[-5.1,3.1]}},{"type":"Feature","geometry":{"type":"Point","coordinates":[10.205336,56.152868]},"properties":{"line":"46","mode":"bus","color":"#0059a9","colorDark":"#00294f","band":1,"off":[-1.7,3.1]}},{"type":"Feature","geometry":{"type":"Point","coordinates":[10.205336,56.152868]},"properties":{"line":"103","mode":"bus","color":"#0059a9","colorDark":"#00294f","band":1,"off":[1.7,3.1]}},{"type":"Feature","geometry":{"type":"Point","coordinates":[10.205336,56.152868]},"properties":{"line":"302","mode":"bus","color":"#0059a9","colorDark":"#00294f","band":1,"off":[5.1,3.1]}},{"type":"Feature","geometry":{"type":"Point","coordinates":[10.213068,56.202457]},"properties":{"name":"Vejlby/Stenagervej (Aarhus Kom)","band":1,"modes":"bus","arr":["1A"],"off":[0,-0.8]}},{"type":"Feature","geometry":{"type":"Point","coordinates":[10.213068,56.202457]},"properties":{"line":"1A","mode":"bus","color":"#0059a9","colorDark":"#00294f","band":1,"off":[0,1.1]}},{"type":"Feature","geometry":{"type":"Point","coordinates":[10.048072,56.327448]},"properties":{"name":"Hadsten St./Østergade","band":1,"modes":"bus","arr":["2","4","115","314"],"off":[0,-0.8]}},{"type":"Feature","geometry":{"type":"Point","coordinates":[10.048072,56.327448]},"properties":{"line":"2","mode":"bus","color":"#0059a9","colorDark":"#00294f","band":1,"off":[-5.1,1.1]}},{"type":"Feature","geometry":{"type":"Point","coordinates":[10.048072,56.327448]},"properties":{"line":"4","mode":"bus","color":"#0059a9","colorDark":"#00294f","band":1,"off":[-1.7,1.1]}},{"type":"Feature","geometry":{"type":"Point","coordinates":[10.048072,56.327448]},"properties":{"line":"115","mode":"bus","color":"#0059a9","colorDark":"#00294f","band":1,"off":[1.7,1.1]}},{"type":"Feature","geometry":{"type":"Point","coordinates":[10.048072,56.327448]},"properties":{"line":"314","mode":"bus","color":"#0059a9","colorDark":"#00294f","band":1,"off":[5.1,1.1]}},{"type":"Feature","geometry":{"type":"Point","coordinates":[10.105545,56.330057]},"properties":{"name":"Hadbjerg Skole/Mejsevej (Favrskov Kom)","band":1,"modes":"bus","arr":["3"],"off":[0,-0.8]}},{"type":"Feature","geometry":{"type":"Point","coordinates":[10.105545,56.330057]},"properties":{"line":"3","mode":"bus","color":"#0059a9","colorDark":"#00294f","band":1,"off":[0,1.1]}},{"type":"Feature","geometry":{"type":"Point","coordinates":[10.165444,56.10456]},"properties":{"name":"Holme/Karetmagertoften (Aarhus Kom)","band":1,"modes":"bus","arr":["2A"],"off":[0,-0.8]}},{"type":"Feature","geometry":{"type":"Point","coordinates":[10.165444,56.10456]},"properties":{"line":"2A","mode":"bus","color":"#0059a9","colorDark":"#00294f","band":1,"off":[0,1.1]}},{"type":"Feature","geometry":{"type":"Point","coordinates":[10.135691,56.247835]},"properties":{"name":"Trige/Vestermøllevej (Aarhus Kom)","band":1,"modes":"bus","arr":["2A"],"off":[0,-0.8]}},{"type":"Feature","geometry":{"type":"Point","coordinates":[10.135691,56.247835]},"properties":{"line":"2A","mode":"bus","color":"#0059a9","colorDark":"#00294f","band":1,"off":[0,1.1]}},{"type":"Feature","geometry":{"type":"Point","coordinates":[10.171445,56.364118]},"properties":{"name":"Voldum Kirke (Favrskov Kom)","band":1,"modes":"bus","arr":["3"],"off":[0,-0.8]}},{"type":"Feature","geometry":{"type":"Point","coordinates":[10.171445,56.364118]},"properties":{"line":"3","mode":"bus","color":"#0059a9","colorDark":"#00294f","band":1,"off":[0,1.1]}},{"type":"Feature","geometry":{"type":"Point","coordinates":[10.108446,56.194388]},"properties":{"name":"Tilst Vestervej/Havkærvej (Aarhus Kom)","band":1,"modes":"bus","arr":["3A","44"],"off":[0,-0.8]}},{"type":"Feature","geometry":{"type":"Point","coordinates":[10.108446,56.194388]},"properties":{"line":"3A","mode":"bus","color":"#0059a9","colorDark":"#00294f","band":1,"off":[-1.7,1.1]}},{"type":"Feature","geometry":{"type":"Point","coordinates":[10.108446,56.194388]},"properties":{"line":"44","mode":"bus","color":"#0059a9","colorDark":"#00294f","band":1,"off":[1.7,1.1]}},{"type":"Feature","geometry":{"type":"Point","coordinates":[10.222044,56.164651]},"properties":{"name":"Aarhus Ø/Nikoline Kochs Plads (Aarhus Kom)","band":1,"modes":"bus","arr":["3A"],"off":[0,-0.8]}},{"type":"Feature","geometry":{"type":"Point","coordinates":[10.222044,56.164651]},"properties":{"line":"3A","mode":"bus","color":"#0059a9","colorDark":"#00294f","band":1,"off":[0,1.1]}},{"type":"Feature","geometry":{"type":"Point","coordinates":[10.037517,56.321097]},"properties":{"name":"Østervangskolen/Overgårdsvej (Favrskov Kom)","band":1,"modes":"bus","arr":["4"],"off":[0,-0.8]}},{"type":"Feature","geometry":{"type":"Point","coordinates":[10.037517,56.321097]},"properties":{"line":"4","mode":"bus","color":"#0059a9","colorDark":"#00294f","band":1,"off":[0,1.1]}},{"type":"Feature","geometry":{"type":"Point","coordinates":[10.059274,56.329814]},"properties":{"name":"Favrskov Gymnasium/Hovvej","band":1,"modes":"bus","arr":["4"],"off":[0,-0.8]}},{"type":"Feature","geometry":{"type":"Point","coordinates":[10.059274,56.329814]},"properties":{"line":"4","mode":"bus","color":"#0059a9","colorDark":"#00294f","band":1,"off":[0,1.1]}},{"type":"Feature","geometry":{"type":"Point","coordinates":[10.117152,56.16786]},"properties":{"name":"Brabrand Nord/Spobjergvej (Aarhus Kom)","band":1,"modes":"bus","arr":["4A","43"],"off":[0,-0.8]}},{"type":"Feature","geometry":{"type":"Point","coordinates":[10.117152,56.16786]},"properties":{"line":"4A","mode":"bus","color":"#0059a9","colorDark":"#00294f","band":1,"off":[-1.7,1.1]}},{"type":"Feature","geometry":{"type":"Point","coordinates":[10.117152,56.16786]},"properties":{"line":"43","mode":"bus","color":"#0059a9","colorDark":"#00294f","band":1,"off":[1.7,1.1]}},{"type":"Feature","geometry":{"type":"Point","coordinates":[10.152222,56.084645]},"properties":{"name":"Tranbjerg/Hyrdevænget (Aarhus Kom)","band":1,"modes":"bus","arr":["4A","41"],"off":[0,-0.8]}},{"type":"Feature","geometry":{"type":"Point","coordinates":[10.152222,56.084645]},"properties":{"line":"4A","mode":"bus","color":"#0059a9","colorDark":"#00294f","band":1,"off":[-1.7,1.1]}},{"type":"Feature","geometry":{"type":"Point","coordinates":[10.152222,56.084645]},"properties":{"line":"41","mode":"bus","color":"#0059a9","colorDark":"#00294f","band":1,"off":[1.7,1.1]}},{"type":"Feature","geometry":{"type":"Point","coordinates":[10.206024,56.139404]},"properties":{"name":"Tangkrogen/Dalgas Avenue (Aarhus Kom)","band":1,"modes":"bus","arr":["5A"],"off":[0,-0.8]}},{"type":"Feature","geometry":{"type":"Point","coordinates":[10.206024,56.139404]},"properties":{"line":"5A","mode":"bus","color":"#0059a9","colorDark":"#00294f","band":1,"off":[0,1.1]}},{"type":"Feature","geometry":{"type":"Point","coordinates":[10.219156,56.177049]},"properties":{"name":"Marienlund/Marienlunds Allé (Aarhus Kom)","band":1,"modes":"bus","arr":["5A"],"off":[0,-0.8]}},{"type":"Feature","geometry":{"type":"Point","coordinates":[10.219156,56.177049]},"properties":{"line":"5A","mode":"bus","color":"#0059a9","colorDark":"#00294f","band":1,"off":[0,1.1]}},{"type":"Feature","geometry":{"type":"Point","coordinates":[10.061368,56.263297]},"properties":{"name":"Storegade/Ådalsvej","band":1,"modes":"bus","arr":["6","7","8"],"off":[0,-0.8]}},{"type":"Feature","geometry":{"type":"Point","coordinates":[10.061368,56.263297]},"properties":{"name":"Hinnerup St./Banegårdspl.","band":1,"modes":"bus","arr":["6","7","8"],"off":[0,-1.9]}},{"type":"Feature","geometry":{"type":"Point","coordinates":[10.061368,56.263297]},"properties":{"line":"6","mode":"bus","color":"#0059a9","colorDark":"#00294f","band":1,"off":[-3.4,1.1]}},{"type":"Feature","geometry":{"type":"Point","coordinates":[10.061368,56.263297]},"properties":{"line":"7","mode":"bus","color":"#0059a9","colorDark":"#00294f","band":1,"off":[0,1.1]}},{"type":"Feature","geometry":{"type":"Point","coordinates":[10.061368,56.263297]},"properties":{"line":"8","mode":"bus","color":"#0059a9","colorDark":"#00294f","band":1,"off":[3.4,1.1]}},{"type":"Feature","geometry":{"type":"Point","coordinates":[10.083314,56.23484]},"properties":{"name":"Præstemarkskolen/Kvottrupvej (Favrskov Kom)","band":1,"modes":"bus","arr":["6"],"off":[0,-0.8]}},{"type":"Feature","geometry":{"type":"Point","coordinates":[10.083314,56.23484]},"properties":{"line":"6","mode":"bus","color":"#0059a9","colorDark":"#00294f","band":1,"off":[0,1.1]}},{"type":"Feature","geometry":{"type":"Point","coordinates":[10.214219,56.109349]},"properties":{"name":"Skåde/Emiliedalsvej (Aarhus Kom)","band":1,"modes":"bus","arr":["6A"],"off":[0,-0.8]}},{"type":"Feature","geometry":{"type":"Point","coordinates":[10.214219,56.109349]},"properties":{"line":"6A","mode":"bus","color":"#0059a9","colorDark":"#00294f","band":1,"off":[0,1.1]}},{"type":"Feature","geometry":{"type":"Point","coordinates":[10.170095,56.193604]},"properties":{"name":"Aarhus Universitetshospital Skejby indgang H","band":1,"modes":"bus","arr":["6A"],"off":[0,-0.8]}},{"type":"Feature","geometry":{"type":"Point","coordinates":[10.170095,56.193604]},"properties":{"line":"6A","mode":"bus","color":"#0059a9","colorDark":"#00294f","band":1,"off":[0,1.1]}},{"type":"Feature","geometry":{"type":"Point","coordinates":[9.969404,56.223294]},"properties":{"name":"Møllebakken/Lærkereden (Favrskov Kom)","band":1,"modes":"bus","arr":["9"],"off":[0,-0.8]}},{"type":"Feature","geometry":{"type":"Point","coordinates":[9.969404,56.223294]},"properties":{"line":"9","mode":"bus","color":"#0059a9","colorDark":"#00294f","band":1,"off":[0,1.1]}},{"type":"Feature","geometry":{"type":"Point","coordinates":[10.023907,56.213132]},"properties":{"name":"Sabro Skolevej (Aarhus Kom)","band":1,"modes":"bus","arr":["14"],"off":[0,-0.8]}},{"type":"Feature","geometry":{"type":"Point","coordinates":[10.023907,56.213132]},"properties":{"line":"14","mode":"bus","color":"#0059a9","colorDark":"#00294f","band":1,"off":[0,1.1]}},{"type":"Feature","geometry":{"type":"Point","coordinates":[9.858772,56.249071]},"properties":{"name":"Søndervangskolen/Anbækvej (Favrskov Kom)","band":1,"modes":"bus","arr":["9"],"off":[0,-0.8]}},{"type":"Feature","geometry":{"type":"Point","coordinates":[9.858772,56.249071]},"properties":{"line":"9","mode":"bus","color":"#0059a9","colorDark":"#00294f","band":1,"off":[0,1.1]}},{"type":"Feature","geometry":{"type":"Point","coordinates":[9.86236,56.256707]},"properties":{"name":"Hammel Rtb.","band":1,"modes":"bus","arr":["9","114","314"],"off":[0,-0.8]}},{"type":"Feature","geometry":{"type":"Point","coordinates":[9.86236,56.256707]},"properties":{"line":"9","mode":"bus","color":"#0059a9","colorDark":"#00294f","band":1,"off":[-3.4,1.1]}},{"type":"Feature","geometry":{"type":"Point","coordinates":[9.86236,56.256707]},"properties":{"line":"114","mode":"bus","color":"#0059a9","colorDark":"#00294f","band":1,"off":[0,1.1]}},{"type":"Feature","geometry":{"type":"Point","coordinates":[9.86236,56.256707]},"properties":{"line":"314","mode":"bus","color":"#0059a9","colorDark":"#00294f","band":1,"off":[3.4,1.1]}},{"type":"Feature","geometry":{"type":"Point","coordinates":[10.100191,56.129614]},"properties":{"name":"Stavtrup/Ormslevvej (Aarhus Kom)","band":1,"modes":"bus","arr":["11","42"],"off":[0,-0.8]}},{"type":"Feature","geometry":{"type":"Point","coordinates":[10.100191,56.129614]},"properties":{"line":"11","mode":"bus","color":"#0059a9","colorDark":"#00294f","band":1,"off":[-1.7,1.1]}},{"type":"Feature","geometry":{"type":"Point","coordinates":[10.100191,56.129614]},"properties":{"line":"42","mode":"bus","color":"#0059a9","colorDark":"#00294f","band":1,"off":[1.7,1.1]}},{"type":"Feature","geometry":{"type":"Point","coordinates":[9.987502,56.144066]},"properties":{"name":"Harlev/Rødlundvej Syd (Aarhus Kom)","band":1,"modes":"bus","arr":["11"],"off":[0,-0.8]}},{"type":"Feature","geometry":{"type":"Point","coordinates":[9.987502,56.144066]},"properties":{"line":"11","mode":"bus","color":"#0059a9","colorDark":"#00294f","band":1,"off":[0,1.1]}},{"type":"Feature","geometry":{"type":"Point","coordinates":[10.214825,56.300579]},"properties":{"name":"Mejlby/Gl. Kaløvej (Aarhus Kom)","band":1,"modes":"bus","arr":["12","16"],"off":[0,-0.8]}},{"type":"Feature","geometry":{"type":"Point","coordinates":[10.214825,56.300579]},"properties":{"line":"12","mode":"bus","color":"#0059a9","colorDark":"#00294f","band":1,"off":[-1.7,1.1]}},{"type":"Feature","geometry":{"type":"Point","coordinates":[10.214825,56.300579]},"properties":{"line":"16","mode":"bus","color":"#0059a9","colorDark":"#00294f","band":1,"off":[1.7,1.1]}},{"type":"Feature","geometry":{"type":"Point","coordinates":[10.269673,56.210044]},"properties":{"name":"Egaa Gymnasium/Mejlbyvej (Aarhus Kom)","band":1,"modes":"bus","arr":["32"],"off":[0,-0.8]}},{"type":"Feature","geometry":{"type":"Point","coordinates":[10.269673,56.210044]},"properties":{"line":"32","mode":"bus","color":"#0059a9","colorDark":"#00294f","band":1,"off":[0,1.1]}},{"type":"Feature","geometry":{"type":"Point","coordinates":[10.05916,56.162617]},"properties":{"name":"Logistikparken/Rosbjergvej","band":1,"modes":"bus","arr":["12"],"off":[0,-0.8]}},{"type":"Feature","geometry":{"type":"Point","coordinates":[10.05916,56.162617]},"properties":{"line":"12","mode":"bus","color":"#0059a9","colorDark":"#00294f","band":1,"off":[0,1.1]}},{"type":"Feature","geometry":{"type":"Point","coordinates":[10.17288,56.102161]},"properties":{"name":"Holme Parkvej (Aarhus Kom)","band":1,"modes":"bus","arr":["13"],"off":[0,-0.8]}},{"type":"Feature","geometry":{"type":"Point","coordinates":[10.17288,56.102161]},"properties":{"line":"13","mode":"bus","color":"#0059a9","colorDark":"#00294f","band":1,"off":[0,1.1]}},{"type":"Feature","geometry":{"type":"Point","coordinates":[10.172179,56.171816]},"properties":{"name":"Frydenlund/Fuglebakkevej (Aarhus Kom)","band":1,"modes":"bus","arr":["13"],"off":[0,-0.8]}},{"type":"Feature","geometry":{"type":"Point","coordinates":[10.172179,56.171816]},"properties":{"line":"13","mode":"bus","color":"#0059a9","colorDark":"#00294f","band":1,"off":[0,1.1]}},{"type":"Feature","geometry":{"type":"Point","coordinates":[10.13272,56.12353]},"properties":{"name":"Grøfthøj/Bøgeskov Høvej (Aarhus Kom)","band":1,"modes":"bus","arr":["14"],"off":[0,-0.8]}},{"type":"Feature","geometry":{"type":"Point","coordinates":[10.13272,56.12353]},"properties":{"line":"14","mode":"bus","color":"#0059a9","colorDark":"#00294f","band":1,"off":[0,1.1]}},{"type":"Feature","geometry":{"type":"Point","coordinates":[10.187663,56.206559]},"properties":{"name":"Skejby Nordlandsvej (Aarhus Kom)","band":1,"modes":"bus","arr":["15"],"off":[0,-0.8]}},{"type":"Feature","geometry":{"type":"Point","coordinates":[10.187663,56.206559]},"properties":{"line":"15","mode":"bus","color":"#0059a9","colorDark":"#00294f","band":1,"off":[0,1.1]}},{"type":"Feature","geometry":{"type":"Point","coordinates":[10.092277,56.159665]},"properties":{"name":"Brabrand Vest/Helenelyst (Aarhus Kom)","band":1,"modes":"bus","arr":["15","35"],"off":[0,-0.8]}},{"type":"Feature","geometry":{"type":"Point","coordinates":[10.092277,56.159665]},"properties":{"line":"15","mode":"bus","color":"#0059a9","colorDark":"#00294f","band":1,"off":[-1.7,1.1]}},{"type":"Feature","geometry":{"type":"Point","coordinates":[10.092277,56.159665]},"properties":{"line":"35","mode":"bus","color":"#0059a9","colorDark":"#00294f","band":1,"off":[1.7,1.1]}},{"type":"Feature","geometry":{"type":"Point","coordinates":[10.164524,56.058318]},"properties":{"name":"Mårslet/Nymarks Allé (Aarhus Kom)","band":1,"modes":"bus","arr":["16","40"],"off":[0,-0.8]}},{"type":"Feature","geometry":{"type":"Point","coordinates":[10.164524,56.058318]},"properties":{"line":"16","mode":"bus","color":"#0059a9","colorDark":"#00294f","band":1,"off":[-1.7,1.1]}},{"type":"Feature","geometry":{"type":"Point","coordinates":[10.164524,56.058318]},"properties":{"line":"40","mode":"bus","color":"#0059a9","colorDark":"#00294f","band":1,"off":[1.7,1.1]}},{"type":"Feature","geometry":{"type":"Point","coordinates":[10.340245,56.258]},"properties":{"name":"Studstrup/Præstekravevej (Aarhus Kom)","band":1,"modes":"bus","arr":["17"],"off":[0,-0.8]}},{"type":"Feature","geometry":{"type":"Point","coordinates":[10.340245,56.258]},"properties":{"line":"17","mode":"bus","color":"#0059a9","colorDark":"#00294f","band":1,"off":[0,1.1]}},{"type":"Feature","geometry":{"type":"Point","coordinates":[10.095864,56.035356]},"properties":{"name":"Solbjerg/Lystenlund (Aarhus Kom)","band":1,"modes":"bus","arr":["17","41"],"off":[0,-0.8]}},{"type":"Feature","geometry":{"type":"Point","coordinates":[10.095864,56.035356]},"properties":{"line":"17","mode":"bus","color":"#0059a9","colorDark":"#00294f","band":1,"off":[-1.7,1.1]}},{"type":"Feature","geometry":{"type":"Point","coordinates":[10.095864,56.035356]},"properties":{"line":"41","mode":"bus","color":"#0059a9","colorDark":"#00294f","band":1,"off":[1.7,1.1]}},{"type":"Feature","geometry":{"type":"Point","coordinates":[10.251065,56.23878]},"properties":{"name":"Lystrup/Majsmarken (Aarhus Kom)","band":1,"modes":"bus","arr":["18","45"],"off":[0,-0.8]}},{"type":"Feature","geometry":{"type":"Point","coordinates":[10.251065,56.23878]},"properties":{"line":"18","mode":"bus","color":"#0059a9","colorDark":"#00294f","band":1,"off":[-1.7,1.1]}},{"type":"Feature","geometry":{"type":"Point","coordinates":[10.251065,56.23878]},"properties":{"line":"45","mode":"bus","color":"#0059a9","colorDark":"#00294f","band":1,"off":[1.7,1.1]}},{"type":"Feature","geometry":{"type":"Point","coordinates":[10.222425,56.086397]},"properties":{"name":"Moesgaard Museum (Aarhus Kom)","band":1,"modes":"bus","arr":["18"],"off":[0,-0.8]}},{"type":"Feature","geometry":{"type":"Point","coordinates":[10.222425,56.086397]},"properties":{"line":"18","mode":"bus","color":"#0059a9","colorDark":"#00294f","band":1,"off":[0,1.1]}},{"type":"Feature","geometry":{"type":"Point","coordinates":[9.919371,56.027208]},"properties":{"name":"FLOK v. Sølund/Dyrehaven (Skanderborg Kom)","band":1,"modes":"bus","arr":["21"],"off":[0,-0.8]}},{"type":"Feature","geometry":{"type":"Point","coordinates":[9.919371,56.027208]},"properties":{"line":"21","mode":"bus","color":"#0059a9","colorDark":"#00294f","band":1,"off":[0,1.1]}},{"type":"Feature","geometry":{"type":"Point","coordinates":[9.897036,56.024927]},"properties":{"name":"Vrold (Skanderborg Kom)","band":1,"modes":"bus","arr":["21"],"off":[0,-0.8]}},{"type":"Feature","geometry":{"type":"Point","coordinates":[9.897036,56.024927]},"properties":{"line":"21","mode":"bus","color":"#0059a9","colorDark":"#00294f","band":1,"off":[0,1.1]}},{"type":"Feature","geometry":{"type":"Point","coordinates":[9.923639,56.043111]},"properties":{"name":"Skanderborg St. (Skanderborg Kom)","band":1,"modes":"bus","arr":["26S","309","331"],"off":[0,-0.8]}},{"type":"Feature","geometry":{"type":"Point","coordinates":[9.923639,56.043111]},"properties":{"line":"26S","mode":"bus","color":"#0059a9","colorDark":"#00294f","band":1,"off":[-3.4,1.1]}},{"type":"Feature","geometry":{"type":"Point","coordinates":[9.923639,56.043111]},"properties":{"line":"309","mode":"bus","color":"#0059a9","colorDark":"#00294f","band":1,"off":[0,1.1]}},{"type":"Feature","geometry":{"type":"Point","coordinates":[9.923639,56.043111]},"properties":{"line":"331","mode":"bus","color":"#0059a9","colorDark":"#00294f","band":1,"off":[3.4,1.1]}},{"type":"Feature","geometry":{"type":"Point","coordinates":[9.887851,56.020603]},"properties":{"name":"KærligHeden/Horsensvej (Skanderborg Kom)","band":1,"modes":"bus","arr":["26S"],"off":[0,-0.8]}},{"type":"Feature","geometry":{"type":"Point","coordinates":[9.887851,56.020603]},"properties":{"line":"26S","mode":"bus","color":"#0059a9","colorDark":"#00294f","band":1,"off":[0,1.1]}},{"type":"Feature","geometry":{"type":"Point","coordinates":[10.205729,56.149573]},"properties":{"name":"Aarhus Rutebilstation","band":1,"modes":"bus,tram","arr":["31","103","113","114","118","123","302","925X","L1"],"off":[0,-0.8]}},{"type":"Feature","geometry":{"type":"Point","coordinates":[10.205729,56.149573]},"properties":{"name":"Aarhus H (Letbane)","band":1,"modes":"bus,tram","arr":["31","103","113","114","118","123","302","925X","L1"],"off":[0,-3]}},{"type":"Feature","geometry":{"type":"Point","coordinates":[10.205729,56.149573]},"properties":{"name":"Aarhus Banegårdsplads","band":1,"modes":"bus,tram","arr":["31","103","113","114","118","123","302","925X","L1"],"off":[0,-4.1]}},{"type":"Feature","geometry":{"type":"Point","coordinates":[10.205729,56.149573]},"properties":{"line":"31","mode":"bus","color":"#0059a9","colorDark":"#00294f","band":1,"off":[-6.8,1.1]}},{"type":"Feature","geometry":{"type":"Point","coordinates":[10.205729,56.149573]},"properties":{"line":"103","mode":"bus","color":"#0059a9","colorDark":"#00294f","band":1,"off":[-3.4,1.1]}},{"type":"Feature","geometry":{"type":"Point","coordinates":[10.205729,56.149573]},"properties":{"line":"113","mode":"bus","color":"#0059a9","colorDark":"#00294f","band":1,"off":[0,1.1]}},{"type":"Feature","geometry":{"type":"Point","coordinates":[10.205729,56.149573]},"properties":{"line":"114","mode":"bus","color":"#0059a9","colorDark":"#00294f","band":1,"off":[3.4,1.1]}},{"type":"Feature","geometry":{"type":"Point","coordinates":[10.205729,56.149573]},"properties":{"line":"118","mode":"bus","color":"#0059a9","colorDark":"#00294f","band":1,"off":[6.8,1.1]}},{"type":"Feature","geometry":{"type":"Point","coordinates":[10.205729,56.149573]},"properties":{"line":"123","mode":"bus","color":"#0059a9","colorDark":"#00294f","band":1,"off":[-5.1,3.1]}},{"type":"Feature","geometry":{"type":"Point","coordinates":[10.205729,56.149573]},"properties":{"line":"302","mode":"bus","color":"#0059a9","colorDark":"#00294f","band":1,"off":[-1.7,3.1]}},{"type":"Feature","geometry":{"type":"Point","coordinates":[10.205729,56.149573]},"properties":{"line":"925X","mode":"bus","color":"#0059a9","colorDark":"#00294f","band":1,"off":[1.7,3.1]}},{"type":"Feature","geometry":{"type":"Point","coordinates":[10.205729,56.149573]},"properties":{"line":"L1","mode":"tram","color":"#d6212b","colorDark":"#7c1116","band":1,"off":[5.1,3.1]}},{"type":"Feature","geometry":{"type":"Point","coordinates":[10.247738,56.088628]},"properties":{"name":"Moesgård Strand (Aarhus Kom)","band":1,"modes":"bus","arr":["31"],"off":[0,-0.8]}},{"type":"Feature","geometry":{"type":"Point","coordinates":[10.247738,56.088628]},"properties":{"line":"31","mode":"bus","color":"#0059a9","colorDark":"#00294f","band":1,"off":[0,1.1]}},{"type":"Feature","geometry":{"type":"Point","coordinates":[10.235018,56.231278]},"properties":{"name":"Lystrup/Bygaden (Aarhus Kom)","band":1,"modes":"bus,tram","arr":["32","L2"],"off":[0,-0.8]}},{"type":"Feature","geometry":{"type":"Point","coordinates":[10.235018,56.231278]},"properties":{"name":"Lystrup (Letbane)","band":1,"modes":"bus,tram","arr":["32","L2"],"off":[0,-3]}},{"type":"Feature","geometry":{"type":"Point","coordinates":[10.235018,56.231278]},"properties":{"line":"32","mode":"bus","color":"#0059a9","colorDark":"#00294f","band":1,"off":[-1.7,1.1]}},{"type":"Feature","geometry":{"type":"Point","coordinates":[10.235018,56.231278]},"properties":{"line":"L2","mode":"tram","color":"#d6212b","colorDark":"#7c1116","band":1,"off":[1.7,1.1]}},{"type":"Feature","geometry":{"type":"Point","coordinates":[10.11198,56.186262]},"properties":{"name":"Aarhus Gymnasium Tilst/Kileparken (Aarhus Kom)","band":1,"modes":"bus","arr":["35","116U"],"off":[0,-0.8]}},{"type":"Feature","geometry":{"type":"Point","coordinates":[10.11198,56.186262]},"properties":{"line":"35","mode":"bus","color":"#0059a9","colorDark":"#00294f","band":1,"off":[-1.7,1.1]}},{"type":"Feature","geometry":{"type":"Point","coordinates":[10.11198,56.186262]},"properties":{"line":"116U","mode":"bus","color":"#0059a9","colorDark":"#00294f","band":1,"off":[1.7,1.1]}},{"type":"Feature","geometry":{"type":"Point","coordinates":[10.273457,56.256394]},"properties":{"name":"Hjortshøj/Hjortshøjvangen (Aarhus Kom)","band":1,"modes":"bus","arr":["46"],"off":[0,-0.8]}},{"type":"Feature","geometry":{"type":"Point","coordinates":[10.273457,56.256394]},"properties":{"line":"46","mode":"bus","color":"#0059a9","colorDark":"#00294f","band":1,"off":[0,1.1]}},{"type":"Feature","geometry":{"type":"Point","coordinates":[10.312985,56.320276]},"properties":{"name":"Hornslet St. (Syddjurs Kom)","band":1,"modes":"bus","arr":["100"],"off":[0,-0.8]}},{"type":"Feature","geometry":{"type":"Point","coordinates":[10.312985,56.320276]},"properties":{"line":"100","mode":"bus","color":"#0059a9","colorDark":"#00294f","band":1,"off":[0,1.1]}},{"type":"Feature","geometry":{"type":"Point","coordinates":[10.257666,55.912246]},"properties":{"name":"Hou Havn (Odder Kom)","band":1,"modes":"bus","arr":["103"],"off":[0,-0.8]}},{"type":"Feature","geometry":{"type":"Point","coordinates":[10.257666,55.912246]},"properties":{"line":"103","mode":"bus","color":"#0059a9","colorDark":"#00294f","band":1,"off":[0,1.1]}},{"type":"Feature","geometry":{"type":"Point","coordinates":[9.545982,56.164243]},"properties":{"name":"Silkeborg Trafikterminal","band":1,"modes":"bus","arr":["113"],"off":[0,-0.8]}},{"type":"Feature","geometry":{"type":"Point","coordinates":[9.545982,56.164243]},"properties":{"line":"113","mode":"bus","color":"#0059a9","colorDark":"#00294f","band":1,"off":[0,1.1]}},{"type":"Feature","geometry":{"type":"Point","coordinates":[10.069134,56.253625]},"properties":{"name":"Ådalsvej/Samsøvej (Favrskov Kom)","band":1,"modes":"bus","arr":["115"],"off":[0,-0.8]}},{"type":"Feature","geometry":{"type":"Point","coordinates":[10.069134,56.253625]},"properties":{"line":"115","mode":"bus","color":"#0059a9","colorDark":"#00294f","band":1,"off":[0,1.1]}},{"type":"Feature","geometry":{"type":"Point","coordinates":[9.895911,56.38645]},"properties":{"name":"Langå St./Bredgade (Randers Kom)","band":1,"modes":"bus","arr":["115"],"off":[0,-0.8]}},{"type":"Feature","geometry":{"type":"Point","coordinates":[9.895911,56.38645]},"properties":{"line":"115","mode":"bus","color":"#0059a9","colorDark":"#00294f","band":1,"off":[0,1.1]}},{"type":"Feature","geometry":{"type":"Point","coordinates":[9.964186,56.184171]},"properties":{"name":"Herskind/Langelinie (Skanderborg Kom)","band":1,"modes":"bus","arr":["116U"],"off":[0,-0.8]}},{"type":"Feature","geometry":{"type":"Point","coordinates":[9.964186,56.184171]},"properties":{"line":"116U","mode":"bus","color":"#0059a9","colorDark":"#00294f","band":1,"off":[0,1.1]}},{"type":"Feature","geometry":{"type":"Point","coordinates":[10.039574,56.458443]},"properties":{"name":"Randers Busterminal","band":1,"modes":"bus","arr":["118"],"off":[0,-0.8]}},{"type":"Feature","geometry":{"type":"Point","coordinates":[10.039574,56.458443]},"properties":{"line":"118","mode":"bus","color":"#0059a9","colorDark":"#00294f","band":1,"off":[0,1.1]}},{"type":"Feature","geometry":{"type":"Point","coordinates":[10.478501,56.300743]},"properties":{"name":"Rønde Busterminal (Syddjurs Kom)","band":1,"modes":"bus","arr":["121"],"off":[0,-0.8]}},{"type":"Feature","geometry":{"type":"Point","coordinates":[10.478501,56.300743]},"properties":{"line":"121","mode":"bus","color":"#0059a9","colorDark":"#00294f","band":1,"off":[0,1.1]}},{"type":"Feature","geometry":{"type":"Point","coordinates":[10.486488,56.212081]},"properties":{"name":"Knebel (Syddjurs Kom)","band":1,"modes":"bus","arr":["121"],"off":[0,-0.8]}},{"type":"Feature","geometry":{"type":"Point","coordinates":[10.486488,56.212081]},"properties":{"line":"121","mode":"bus","color":"#0059a9","colorDark":"#00294f","band":1,"off":[0,1.1]}},{"type":"Feature","geometry":{"type":"Point","coordinates":[10.501947,56.379994]},"properties":{"name":"Ryomgård St. (Syddjurs Kom)","band":1,"modes":"bus","arr":["121"],"off":[0,-0.8]}},{"type":"Feature","geometry":{"type":"Point","coordinates":[10.501947,56.379994]},"properties":{"line":"121","mode":"bus","color":"#0059a9","colorDark":"#00294f","band":1,"off":[0,1.1]}},{"type":"Feature","geometry":{"type":"Point","coordinates":[10.67707,56.179879]},"properties":{"name":"Ebeltoft Busterminal (Syddjurs Kom)","band":1,"modes":"bus","arr":["123"],"off":[0,-0.8]}},{"type":"Feature","geometry":{"type":"Point","coordinates":[10.67707,56.179879]},"properties":{"line":"123","mode":"bus","color":"#0059a9","colorDark":"#00294f","band":1,"off":[0,1.1]}},{"type":"Feature","geometry":{"type":"Point","coordinates":[9.928304,56.035758]},"properties":{"name":"Skanderborg Busterminal","band":1,"modes":"bus","arr":["200"],"off":[0,-0.8]}},{"type":"Feature","geometry":{"type":"Point","coordinates":[9.928304,56.035758]},"properties":{"line":"200","mode":"bus","color":"#0059a9","colorDark":"#00294f","band":1,"off":[0,1.1]}},{"type":"Feature","geometry":{"type":"Point","coordinates":[10.06472,56.279128]},"properties":{"name":"Rylevej/Bjergegårdsvej (Favrskov Kom)","band":1,"modes":"bus","arr":["200"],"off":[0,-0.8]}},{"type":"Feature","geometry":{"type":"Point","coordinates":[10.06472,56.279128]},"properties":{"line":"200","mode":"bus","color":"#0059a9","colorDark":"#00294f","band":1,"off":[0,1.1]}},{"type":"Feature","geometry":{"type":"Point","coordinates":[9.964036,56.191004]},"properties":{"name":"Herskindskolen (Skanderborg Kom)","band":1,"modes":"bus","arr":["309"],"off":[0,-0.8]}},{"type":"Feature","geometry":{"type":"Point","coordinates":[9.964036,56.191004]},"properties":{"line":"309","mode":"bus","color":"#0059a9","colorDark":"#00294f","band":1,"off":[0,1.1]}},{"type":"Feature","geometry":{"type":"Point","coordinates":[9.649662,56.096326]},"properties":{"name":"Glarbo/Rodelundvej (Skanderborg Kom)","band":1,"modes":"bus","arr":["311"],"off":[0,-0.8]}},{"type":"Feature","geometry":{"type":"Point","coordinates":[9.649662,56.096326]},"properties":{"line":"311","mode":"bus","color":"#0059a9","colorDark":"#00294f","band":1,"off":[0,1.1]}},{"type":"Feature","geometry":{"type":"Point","coordinates":[9.947363,56.046919]},"properties":{"name":"Campus Skanderborg/Højvangens Torv","band":1,"modes":"bus","arr":["311","330"],"off":[0,-0.8]}},{"type":"Feature","geometry":{"type":"Point","coordinates":[9.947363,56.046919]},"properties":{"line":"311","mode":"bus","color":"#0059a9","colorDark":"#00294f","band":1,"off":[-1.7,1.1]}},{"type":"Feature","geometry":{"type":"Point","coordinates":[9.947363,56.046919]},"properties":{"line":"330","mode":"bus","color":"#0059a9","colorDark":"#00294f","band":1,"off":[1.7,1.1]}},{"type":"Feature","geometry":{"type":"Point","coordinates":[9.789336,56.297236]},"properties":{"name":"Thorsø/Torvet (Favrskov Kom)","band":1,"modes":"bus","arr":["314"],"off":[0,-0.8]}},{"type":"Feature","geometry":{"type":"Point","coordinates":[9.789336,56.297236]},"properties":{"line":"314","mode":"bus","color":"#0059a9","colorDark":"#00294f","band":1,"off":[0,1.1]}},{"type":"Feature","geometry":{"type":"Point","coordinates":[9.806003,56.15111]},"properties":{"name":"Låsby Skole (Skanderborg Kom)","band":1,"modes":"bus","arr":["330"],"off":[0,-0.8]}},{"type":"Feature","geometry":{"type":"Point","coordinates":[9.806003,56.15111]},"properties":{"line":"330","mode":"bus","color":"#0059a9","colorDark":"#00294f","band":1,"off":[0,1.1]}},{"type":"Feature","geometry":{"type":"Point","coordinates":[10.626976,56.308184]},"properties":{"name":"Aarhus Lufthavn","band":1,"modes":"bus","arr":["925X"],"off":[0,-0.8]}},{"type":"Feature","geometry":{"type":"Point","coordinates":[10.626976,56.308184]},"properties":{"line":"925X","mode":"bus","color":"#0059a9","colorDark":"#00294f","band":1,"off":[0,1.1]}},{"type":"Feature","geometry":{"type":"Point","coordinates":[10.251492,55.91493]},"properties":{"name":"Hou Skole (Odder Kom)","band":1,"modes":"bus","arr":["1008"],"off":[0,-0.8]}},{"type":"Feature","geometry":{"type":"Point","coordinates":[10.251492,55.91493]},"properties":{"line":"1008","mode":"bus","color":"#0059a9","colorDark":"#00294f","band":1,"off":[0,1.1]}},{"type":"Feature","geometry":{"type":"Point","coordinates":[10.162354,55.979744]},"properties":{"name":"Parkvejens Skole (Odder Kom)","band":1,"modes":"bus","arr":["1003","1004"],"off":[0,-0.8]}},{"type":"Feature","geometry":{"type":"Point","coordinates":[10.162354,55.979744]},"properties":{"line":"1003","mode":"bus","color":"#0059a9","colorDark":"#00294f","band":1,"off":[-1.7,1.1]}},{"type":"Feature","geometry":{"type":"Point","coordinates":[10.162354,55.979744]},"properties":{"line":"1004","mode":"bus","color":"#0059a9","colorDark":"#00294f","band":1,"off":[1.7,1.1]}},{"type":"Feature","geometry":{"type":"Point","coordinates":[10.880857,56.412792]},"properties":{"name":"Grenaa (Letbane)","band":1,"modes":"tram","arr":["L1"],"off":[0,-0.8]}},{"type":"Feature","geometry":{"type":"Point","coordinates":[10.880857,56.412792]},"properties":{"line":"L1","mode":"tram","color":"#d6212b","colorDark":"#7c1116","band":1,"off":[0,1.1]}},{"type":"Feature","geometry":{"type":"Point","coordinates":[10.157018,56.218056]},"properties":{"name":"Lisbjergskolen (Letbane)","band":1,"modes":"tram","arr":["L2"],"off":[0,-0.8]}},{"type":"Feature","geometry":{"type":"Point","coordinates":[10.157018,56.218056]},"properties":{"line":"L2","mode":"tram","color":"#d6212b","colorDark":"#7c1116","band":1,"off":[0,1.1]}},{"type":"Feature","geometry":{"type":"Point","coordinates":[10.149972,55.971636]},"properties":{"name":"Odder Busterminal","band":2,"modes":"bus,tram","arr":["1","2","100","302","331","1002","1003","1004","1008","L2"],"off":[0,-0.8]}},{"type":"Feature","geometry":{"type":"Point","coordinates":[10.149972,55.971636]},"properties":{"name":"Odder (Letbane)","band":2,"modes":"bus,tram","arr":["1","2","100","302","331","1002","1003","1004","1008","L2"],"off":[0,-1.9]}},{"type":"Feature","geometry":{"type":"Point","coordinates":[10.149972,55.971636]},"properties":{"line":"1","mode":"bus","color":"#0059a9","colorDark":"#00294f","band":2,"off":[-6.8,1.1]}},{"type":"Feature","geometry":{"type":"Point","coordinates":[10.149972,55.971636]},"properties":{"line":"2","mode":"bus","color":"#0059a9","colorDark":"#00294f","band":2,"off":[-3.4,1.1]}},{"type":"Feature","geometry":{"type":"Point","coordinates":[10.149972,55.971636]},"properties":{"line":"100","mode":"bus","color":"#0059a9","colorDark":"#00294f","band":2,"off":[0,1.1]}},{"type":"Feature","geometry":{"type":"Point","coordinates":[10.149972,55.971636]},"properties":{"line":"302","mode":"bus","color":"#0059a9","colorDark":"#00294f","band":2,"off":[3.4,1.1]}},{"type":"Feature","geometry":{"type":"Point","coordinates":[10.149972,55.971636]},"properties":{"line":"331","mode":"bus","color":"#0059a9","colorDark":"#00294f","band":2,"off":[6.8,1.1]}},{"type":"Feature","geometry":{"type":"Point","coordinates":[10.149972,55.971636]},"properties":{"line":"1002","mode":"bus","color":"#0059a9","colorDark":"#00294f","band":2,"off":[-6.8,3.1]}},{"type":"Feature","geometry":{"type":"Point","coordinates":[10.149972,55.971636]},"properties":{"line":"1003","mode":"bus","color":"#0059a9","colorDark":"#00294f","band":2,"off":[-3.4,3.1]}},{"type":"Feature","geometry":{"type":"Point","coordinates":[10.149972,55.971636]},"properties":{"line":"1004","mode":"bus","color":"#0059a9","colorDark":"#00294f","band":2,"off":[0,3.1]}},{"type":"Feature","geometry":{"type":"Point","coordinates":[10.149972,55.971636]},"properties":{"line":"1008","mode":"bus","color":"#0059a9","colorDark":"#00294f","band":2,"off":[3.4,3.1]}},{"type":"Feature","geometry":{"type":"Point","coordinates":[10.149972,55.971636]},"properties":{"line":"L2","mode":"tram","color":"#d6212b","colorDark":"#7c1116","band":2,"off":[6.8,3.1]}},{"type":"Feature","geometry":{"type":"Point","coordinates":[10.066836,56.106715]},"properties":{"name":"Kolt/Kolt Kirkevej (Aarhus Kom)","band":2,"modes":"bus","arr":["1A"],"off":[0,-0.8]}},{"type":"Feature","geometry":{"type":"Point","coordinates":[10.066836,56.106715]},"properties":{"line":"1A","mode":"bus","color":"#0059a9","colorDark":"#00294f","band":2,"off":[0,1.1]}},{"type":"Feature","geometry":{"type":"Point","coordinates":[10.203812,56.151077]},"properties":{"name":"Park Allé/Rådhuset (Aarhus Kom)","band":2,"modes":"bus","arr":["40","41","42","43","44","45","46","925X"],"off":[0,-0.8]}},{"type":"Feature","geometry":{"type":"Point","coordinates":[10.203812,56.151077]},"properties":{"name":"Park Allé/Banegårdspladsen (Aarhus Kom)","band":2,"modes":"bus","arr":["40","41","42","43","44","45","46","925X"],"off":[0,-3]}},{"type":"Feature","geometry":{"type":"Point","coordinates":[10.203812,56.151077]},"properties":{"name":"Aarhus Banegårdsplads","band":2,"modes":"bus","arr":["40","41","42","43","44","45","46","925X"],"off":[0,-6.3]}},{"type":"Feature","geometry":{"type":"Point","coordinates":[10.203812,56.151077]},"properties":{"line":"40","mode":"bus","color":"#0059a9","colorDark":"#00294f","band":2,"off":[-6.8,1.1]}},{"type":"Feature","geometry":{"type":"Point","coordinates":[10.203812,56.151077]},"properties":{"line":"41","mode":"bus","color":"#0059a9","colorDark":"#00294f","band":2,"off":[-3.4,1.1]}},{"type":"Feature","geometry":{"type":"Point","coordinates":[10.203812,56.151077]},"properties":{"line":"42","mode":"bus","color":"#0059a9","colorDark":"#00294f","band":2,"off":[0,1.1]}},{"type":"Feature","geometry":{"type":"Point","coordinates":[10.203812,56.151077]},"properties":{"line":"43","mode":"bus","color":"#0059a9","colorDark":"#00294f","band":2,"off":[3.4,1.1]}},{"type":"Feature","geometry":{"type":"Point","coordinates":[10.203812,56.151077]},"properties":{"line":"44","mode":"bus","color":"#0059a9","colorDark":"#00294f","band":2,"off":[6.8,1.1]}},{"type":"Feature","geometry":{"type":"Point","coordinates":[10.203812,56.151077]},"properties":{"line":"45","mode":"bus","color":"#0059a9","colorDark":"#00294f","band":2,"off":[-3.4,3.1]}},{"type":"Feature","geometry":{"type":"Point","coordinates":[10.203812,56.151077]},"properties":{"line":"46","mode":"bus","color":"#0059a9","colorDark":"#00294f","band":2,"off":[0,3.1]}},{"type":"Feature","geometry":{"type":"Point","coordinates":[10.203812,56.151077]},"properties":{"line":"925X","mode":"bus","color":"#0059a9","colorDark":"#00294f","band":2,"off":[3.4,3.1]}},{"type":"Feature","geometry":{"type":"Point","coordinates":[10.213068,56.202457]},"properties":{"name":"Vejlby/Stenagervej (Aarhus Kom)","band":2,"modes":"bus","arr":["1A"],"off":[0,-0.8]}},{"type":"Feature","geometry":{"type":"Point","coordinates":[10.213068,56.202457]},"properties":{"line":"1A","mode":"bus","color":"#0059a9","colorDark":"#00294f","band":2,"off":[0,1.1]}},{"type":"Feature","geometry":{"type":"Point","coordinates":[10.142828,55.970344]},"properties":{"name":"Skovbakkeskolen (Odder Kom)","band":2,"modes":"bus","arr":["1002"],"off":[0,-0.8]}},{"type":"Feature","geometry":{"type":"Point","coordinates":[10.142828,55.970344]},"properties":{"line":"1002","mode":"bus","color":"#0059a9","colorDark":"#00294f","band":2,"off":[0,1.1]}},{"type":"Feature","geometry":{"type":"Point","coordinates":[10.048072,56.327448]},"properties":{"name":"Hadsten St./Østergade","band":2,"modes":"bus","arr":["2","4","115","314"],"off":[0,-0.8]}},{"type":"Feature","geometry":{"type":"Point","coordinates":[10.048072,56.327448]},"properties":{"line":"2","mode":"bus","color":"#0059a9","colorDark":"#00294f","band":2,"off":[-5.1,1.1]}},{"type":"Feature","geometry":{"type":"Point","coordinates":[10.048072,56.327448]},"properties":{"line":"4","mode":"bus","color":"#0059a9","colorDark":"#00294f","band":2,"off":[-1.7,1.1]}},{"type":"Feature","geometry":{"type":"Point","coordinates":[10.048072,56.327448]},"properties":{"line":"115","mode":"bus","color":"#0059a9","colorDark":"#00294f","band":2,"off":[1.7,1.1]}},{"type":"Feature","geometry":{"type":"Point","coordinates":[10.048072,56.327448]},"properties":{"line":"314","mode":"bus","color":"#0059a9","colorDark":"#00294f","band":2,"off":[5.1,1.1]}},{"type":"Feature","geometry":{"type":"Point","coordinates":[10.105545,56.330057]},"properties":{"name":"Hadbjerg Skole/Mejsevej (Favrskov Kom)","band":2,"modes":"bus","arr":["3"],"off":[0,-0.8]}},{"type":"Feature","geometry":{"type":"Point","coordinates":[10.105545,56.330057]},"properties":{"line":"3","mode":"bus","color":"#0059a9","colorDark":"#00294f","band":2,"off":[0,1.1]}},{"type":"Feature","geometry":{"type":"Point","coordinates":[10.165444,56.10456]},"properties":{"name":"Holme/Karetmagertoften (Aarhus Kom)","band":2,"modes":"bus","arr":["2A"],"off":[0,-0.8]}},{"type":"Feature","geometry":{"type":"Point","coordinates":[10.165444,56.10456]},"properties":{"line":"2A","mode":"bus","color":"#0059a9","colorDark":"#00294f","band":2,"off":[0,1.1]}},{"type":"Feature","geometry":{"type":"Point","coordinates":[10.135691,56.247835]},"properties":{"name":"Trige/Vestermøllevej (Aarhus Kom)","band":2,"modes":"bus","arr":["2A"],"off":[0,-0.8]}},{"type":"Feature","geometry":{"type":"Point","coordinates":[10.135691,56.247835]},"properties":{"line":"2A","mode":"bus","color":"#0059a9","colorDark":"#00294f","band":2,"off":[0,1.1]}},{"type":"Feature","geometry":{"type":"Point","coordinates":[10.171445,56.364118]},"properties":{"name":"Voldum Kirke (Favrskov Kom)","band":2,"modes":"bus","arr":["3"],"off":[0,-0.8]}},{"type":"Feature","geometry":{"type":"Point","coordinates":[10.171445,56.364118]},"properties":{"line":"3","mode":"bus","color":"#0059a9","colorDark":"#00294f","band":2,"off":[0,1.1]}},{"type":"Feature","geometry":{"type":"Point","coordinates":[10.108446,56.194388]},"properties":{"name":"Tilst Vestervej/Havkærvej (Aarhus Kom)","band":2,"modes":"bus","arr":["3A","44"],"off":[0,-0.8]}},{"type":"Feature","geometry":{"type":"Point","coordinates":[10.108446,56.194388]},"properties":{"line":"3A","mode":"bus","color":"#0059a9","colorDark":"#00294f","band":2,"off":[-1.7,1.1]}},{"type":"Feature","geometry":{"type":"Point","coordinates":[10.108446,56.194388]},"properties":{"line":"44","mode":"bus","color":"#0059a9","colorDark":"#00294f","band":2,"off":[1.7,1.1]}},{"type":"Feature","geometry":{"type":"Point","coordinates":[10.222044,56.164651]},"properties":{"name":"Aarhus Ø/Nikoline Kochs Plads (Aarhus Kom)","band":2,"modes":"bus","arr":["3A"],"off":[0,-0.8]}},{"type":"Feature","geometry":{"type":"Point","coordinates":[10.222044,56.164651]},"properties":{"line":"3A","mode":"bus","color":"#0059a9","colorDark":"#00294f","band":2,"off":[0,1.1]}},{"type":"Feature","geometry":{"type":"Point","coordinates":[10.037517,56.321097]},"properties":{"name":"Østervangskolen/Overgårdsvej (Favrskov Kom)","band":2,"modes":"bus","arr":["4"],"off":[0,-0.8]}},{"type":"Feature","geometry":{"type":"Point","coordinates":[10.037517,56.321097]},"properties":{"line":"4","mode":"bus","color":"#0059a9","colorDark":"#00294f","band":2,"off":[0,1.1]}},{"type":"Feature","geometry":{"type":"Point","coordinates":[10.059274,56.329814]},"properties":{"name":"Favrskov Gymnasium/Hovvej","band":2,"modes":"bus","arr":["4"],"off":[0,-0.8]}},{"type":"Feature","geometry":{"type":"Point","coordinates":[10.059274,56.329814]},"properties":{"line":"4","mode":"bus","color":"#0059a9","colorDark":"#00294f","band":2,"off":[0,1.1]}},{"type":"Feature","geometry":{"type":"Point","coordinates":[10.117152,56.16786]},"properties":{"name":"Brabrand Nord/Spobjergvej (Aarhus Kom)","band":2,"modes":"bus","arr":["4A","43"],"off":[0,-0.8]}},{"type":"Feature","geometry":{"type":"Point","coordinates":[10.117152,56.16786]},"properties":{"line":"4A","mode":"bus","color":"#0059a9","colorDark":"#00294f","band":2,"off":[-1.7,1.1]}},{"type":"Feature","geometry":{"type":"Point","coordinates":[10.117152,56.16786]},"properties":{"line":"43","mode":"bus","color":"#0059a9","colorDark":"#00294f","band":2,"off":[1.7,1.1]}},{"type":"Feature","geometry":{"type":"Point","coordinates":[10.152222,56.084645]},"properties":{"name":"Tranbjerg/Hyrdevænget (Aarhus Kom)","band":2,"modes":"bus","arr":["4A","41"],"off":[0,-0.8]}},{"type":"Feature","geometry":{"type":"Point","coordinates":[10.152222,56.084645]},"properties":{"line":"4A","mode":"bus","color":"#0059a9","colorDark":"#00294f","band":2,"off":[-1.7,1.1]}},{"type":"Feature","geometry":{"type":"Point","coordinates":[10.152222,56.084645]},"properties":{"line":"41","mode":"bus","color":"#0059a9","colorDark":"#00294f","band":2,"off":[1.7,1.1]}},{"type":"Feature","geometry":{"type":"Point","coordinates":[10.206024,56.139404]},"properties":{"name":"Tangkrogen/Dalgas Avenue (Aarhus Kom)","band":2,"modes":"bus","arr":["5A"],"off":[0,-0.8]}},{"type":"Feature","geometry":{"type":"Point","coordinates":[10.206024,56.139404]},"properties":{"line":"5A","mode":"bus","color":"#0059a9","colorDark":"#00294f","band":2,"off":[0,1.1]}},{"type":"Feature","geometry":{"type":"Point","coordinates":[10.219156,56.177049]},"properties":{"name":"Marienlund/Marienlunds Allé (Aarhus Kom)","band":2,"modes":"bus","arr":["5A"],"off":[0,-0.8]}},{"type":"Feature","geometry":{"type":"Point","coordinates":[10.219156,56.177049]},"properties":{"line":"5A","mode":"bus","color":"#0059a9","colorDark":"#00294f","band":2,"off":[0,1.1]}},{"type":"Feature","geometry":{"type":"Point","coordinates":[10.061368,56.263297]},"properties":{"name":"Storegade/Ådalsvej","band":2,"modes":"bus","arr":["6","7","8"],"off":[0,-0.8]}},{"type":"Feature","geometry":{"type":"Point","coordinates":[10.061368,56.263297]},"properties":{"name":"Hinnerup St./Banegårdspl.","band":2,"modes":"bus","arr":["6","7","8"],"off":[0,-1.9]}},{"type":"Feature","geometry":{"type":"Point","coordinates":[10.061368,56.263297]},"properties":{"line":"6","mode":"bus","color":"#0059a9","colorDark":"#00294f","band":2,"off":[-3.4,1.1]}},{"type":"Feature","geometry":{"type":"Point","coordinates":[10.061368,56.263297]},"properties":{"line":"7","mode":"bus","color":"#0059a9","colorDark":"#00294f","band":2,"off":[0,1.1]}},{"type":"Feature","geometry":{"type":"Point","coordinates":[10.061368,56.263297]},"properties":{"line":"8","mode":"bus","color":"#0059a9","colorDark":"#00294f","band":2,"off":[3.4,1.1]}},{"type":"Feature","geometry":{"type":"Point","coordinates":[10.083314,56.23484]},"properties":{"name":"Præstemarkskolen/Kvottrupvej (Favrskov Kom)","band":2,"modes":"bus","arr":["6"],"off":[0,-0.8]}},{"type":"Feature","geometry":{"type":"Point","coordinates":[10.083314,56.23484]},"properties":{"line":"6","mode":"bus","color":"#0059a9","colorDark":"#00294f","band":2,"off":[0,1.1]}},{"type":"Feature","geometry":{"type":"Point","coordinates":[10.214219,56.109349]},"properties":{"name":"Skåde/Emiliedalsvej (Aarhus Kom)","band":2,"modes":"bus","arr":["6A"],"off":[0,-0.8]}},{"type":"Feature","geometry":{"type":"Point","coordinates":[10.214219,56.109349]},"properties":{"line":"6A","mode":"bus","color":"#0059a9","colorDark":"#00294f","band":2,"off":[0,1.1]}},{"type":"Feature","geometry":{"type":"Point","coordinates":[10.170095,56.193604]},"properties":{"name":"Aarhus Universitetshospital Skejby indgang H","band":2,"modes":"bus","arr":["6A"],"off":[0,-0.8]}},{"type":"Feature","geometry":{"type":"Point","coordinates":[10.170095,56.193604]},"properties":{"line":"6A","mode":"bus","color":"#0059a9","colorDark":"#00294f","band":2,"off":[0,1.1]}},{"type":"Feature","geometry":{"type":"Point","coordinates":[9.969404,56.223294]},"properties":{"name":"Møllebakken/Lærkereden (Favrskov Kom)","band":2,"modes":"bus","arr":["9"],"off":[0,-0.8]}},{"type":"Feature","geometry":{"type":"Point","coordinates":[9.969404,56.223294]},"properties":{"line":"9","mode":"bus","color":"#0059a9","colorDark":"#00294f","band":2,"off":[0,1.1]}},{"type":"Feature","geometry":{"type":"Point","coordinates":[10.023907,56.213132]},"properties":{"name":"Sabro Skolevej (Aarhus Kom)","band":2,"modes":"bus","arr":["14"],"off":[0,-0.8]}},{"type":"Feature","geometry":{"type":"Point","coordinates":[10.023907,56.213132]},"properties":{"line":"14","mode":"bus","color":"#0059a9","colorDark":"#00294f","band":2,"off":[0,1.1]}},{"type":"Feature","geometry":{"type":"Point","coordinates":[9.858772,56.249071]},"properties":{"name":"Søndervangskolen/Anbækvej (Favrskov Kom)","band":2,"modes":"bus","arr":["9"],"off":[0,-0.8]}},{"type":"Feature","geometry":{"type":"Point","coordinates":[9.858772,56.249071]},"properties":{"line":"9","mode":"bus","color":"#0059a9","colorDark":"#00294f","band":2,"off":[0,1.1]}},{"type":"Feature","geometry":{"type":"Point","coordinates":[9.86236,56.256707]},"properties":{"name":"Hammel Rtb.","band":2,"modes":"bus","arr":["9","114","314"],"off":[0,-0.8]}},{"type":"Feature","geometry":{"type":"Point","coordinates":[9.86236,56.256707]},"properties":{"line":"9","mode":"bus","color":"#0059a9","colorDark":"#00294f","band":2,"off":[-3.4,1.1]}},{"type":"Feature","geometry":{"type":"Point","coordinates":[9.86236,56.256707]},"properties":{"line":"114","mode":"bus","color":"#0059a9","colorDark":"#00294f","band":2,"off":[0,1.1]}},{"type":"Feature","geometry":{"type":"Point","coordinates":[9.86236,56.256707]},"properties":{"line":"314","mode":"bus","color":"#0059a9","colorDark":"#00294f","band":2,"off":[3.4,1.1]}},{"type":"Feature","geometry":{"type":"Point","coordinates":[10.100191,56.129614]},"properties":{"name":"Stavtrup/Ormslevvej (Aarhus Kom)","band":2,"modes":"bus","arr":["11","42"],"off":[0,-0.8]}},{"type":"Feature","geometry":{"type":"Point","coordinates":[10.100191,56.129614]},"properties":{"line":"11","mode":"bus","color":"#0059a9","colorDark":"#00294f","band":2,"off":[-1.7,1.1]}},{"type":"Feature","geometry":{"type":"Point","coordinates":[10.100191,56.129614]},"properties":{"line":"42","mode":"bus","color":"#0059a9","colorDark":"#00294f","band":2,"off":[1.7,1.1]}},{"type":"Feature","geometry":{"type":"Point","coordinates":[9.987502,56.144066]},"properties":{"name":"Harlev/Rødlundvej Syd (Aarhus Kom)","band":2,"modes":"bus","arr":["11"],"off":[0,-0.8]}},{"type":"Feature","geometry":{"type":"Point","coordinates":[9.987502,56.144066]},"properties":{"line":"11","mode":"bus","color":"#0059a9","colorDark":"#00294f","band":2,"off":[0,1.1]}},{"type":"Feature","geometry":{"type":"Point","coordinates":[10.214825,56.300579]},"properties":{"name":"Mejlby/Gl. Kaløvej (Aarhus Kom)","band":2,"modes":"bus","arr":["12","16"],"off":[0,-0.8]}},{"type":"Feature","geometry":{"type":"Point","coordinates":[10.214825,56.300579]},"properties":{"line":"12","mode":"bus","color":"#0059a9","colorDark":"#00294f","band":2,"off":[-1.7,1.1]}},{"type":"Feature","geometry":{"type":"Point","coordinates":[10.214825,56.300579]},"properties":{"line":"16","mode":"bus","color":"#0059a9","colorDark":"#00294f","band":2,"off":[1.7,1.1]}},{"type":"Feature","geometry":{"type":"Point","coordinates":[10.269673,56.210044]},"properties":{"name":"Egaa Gymnasium/Mejlbyvej (Aarhus Kom)","band":2,"modes":"bus","arr":["32"],"off":[0,-0.8]}},{"type":"Feature","geometry":{"type":"Point","coordinates":[10.269673,56.210044]},"properties":{"line":"32","mode":"bus","color":"#0059a9","colorDark":"#00294f","band":2,"off":[0,1.1]}},{"type":"Feature","geometry":{"type":"Point","coordinates":[10.05916,56.162617]},"properties":{"name":"Logistikparken/Rosbjergvej","band":2,"modes":"bus","arr":["12"],"off":[0,-0.8]}},{"type":"Feature","geometry":{"type":"Point","coordinates":[10.05916,56.162617]},"properties":{"line":"12","mode":"bus","color":"#0059a9","colorDark":"#00294f","band":2,"off":[0,1.1]}},{"type":"Feature","geometry":{"type":"Point","coordinates":[10.209235,56.152092]},"properties":{"name":"Aarhus Rutebilstation/Sønder Allé","band":2,"modes":"bus","arr":["31","103","113","114","118","123","302"],"off":[0,-0.8]}},{"type":"Feature","geometry":{"type":"Point","coordinates":[10.209235,56.152092]},"properties":{"name":"Aarhus Rutebilstation","band":2,"modes":"bus","arr":["31","103","113","114","118","123","302"],"off":[0,-3]}},{"type":"Feature","geometry":{"type":"Point","coordinates":[10.209235,56.152092]},"properties":{"line":"31","mode":"bus","color":"#0059a9","colorDark":"#00294f","band":2,"off":[-6.8,1.1]}},{"type":"Feature","geometry":{"type":"Point","coordinates":[10.209235,56.152092]},"properties":{"line":"103","mode":"bus","color":"#0059a9","colorDark":"#00294f","band":2,"off":[-3.4,1.1]}},{"type":"Feature","geometry":{"type":"Point","coordinates":[10.209235,56.152092]},"properties":{"line":"113","mode":"bus","color":"#0059a9","colorDark":"#00294f","band":2,"off":[0,1.1]}},{"type":"Feature","geometry":{"type":"Point","coordinates":[10.209235,56.152092]},"properties":{"line":"114","mode":"bus","color":"#0059a9","colorDark":"#00294f","band":2,"off":[3.4,1.1]}},{"type":"Feature","geometry":{"type":"Point","coordinates":[10.209235,56.152092]},"properties":{"line":"118","mode":"bus","color":"#0059a9","colorDark":"#00294f","band":2,"off":[6.8,1.1]}},{"type":"Feature","geometry":{"type":"Point","coordinates":[10.209235,56.152092]},"properties":{"line":"123","mode":"bus","color":"#0059a9","colorDark":"#00294f","band":2,"off":[-1.7,3.1]}},{"type":"Feature","geometry":{"type":"Point","coordinates":[10.209235,56.152092]},"properties":{"line":"302","mode":"bus","color":"#0059a9","colorDark":"#00294f","band":2,"off":[1.7,3.1]}},{"type":"Feature","geometry":{"type":"Point","coordinates":[10.17288,56.102161]},"properties":{"name":"Holme Parkvej (Aarhus Kom)","band":2,"modes":"bus","arr":["13"],"off":[0,-0.8]}},{"type":"Feature","geometry":{"type":"Point","coordinates":[10.17288,56.102161]},"properties":{"line":"13","mode":"bus","color":"#0059a9","colorDark":"#00294f","band":2,"off":[0,1.1]}},{"type":"Feature","geometry":{"type":"Point","coordinates":[10.172179,56.171816]},"properties":{"name":"Frydenlund/Fuglebakkevej (Aarhus Kom)","band":2,"modes":"bus","arr":["13"],"off":[0,-0.8]}},{"type":"Feature","geometry":{"type":"Point","coordinates":[10.172179,56.171816]},"properties":{"line":"13","mode":"bus","color":"#0059a9","colorDark":"#00294f","band":2,"off":[0,1.1]}},{"type":"Feature","geometry":{"type":"Point","coordinates":[10.13272,56.12353]},"properties":{"name":"Grøfthøj/Bøgeskov Høvej (Aarhus Kom)","band":2,"modes":"bus","arr":["14"],"off":[0,-0.8]}},{"type":"Feature","geometry":{"type":"Point","coordinates":[10.13272,56.12353]},"properties":{"line":"14","mode":"bus","color":"#0059a9","colorDark":"#00294f","band":2,"off":[0,1.1]}},{"type":"Feature","geometry":{"type":"Point","coordinates":[10.187663,56.206559]},"properties":{"name":"Skejby Nordlandsvej (Aarhus Kom)","band":2,"modes":"bus","arr":["15"],"off":[0,-0.8]}},{"type":"Feature","geometry":{"type":"Point","coordinates":[10.187663,56.206559]},"properties":{"line":"15","mode":"bus","color":"#0059a9","colorDark":"#00294f","band":2,"off":[0,1.1]}},{"type":"Feature","geometry":{"type":"Point","coordinates":[10.092277,56.159665]},"properties":{"name":"Brabrand Vest/Helenelyst (Aarhus Kom)","band":2,"modes":"bus","arr":["15","35"],"off":[0,-0.8]}},{"type":"Feature","geometry":{"type":"Point","coordinates":[10.092277,56.159665]},"properties":{"line":"15","mode":"bus","color":"#0059a9","colorDark":"#00294f","band":2,"off":[-1.7,1.1]}},{"type":"Feature","geometry":{"type":"Point","coordinates":[10.092277,56.159665]},"properties":{"line":"35","mode":"bus","color":"#0059a9","colorDark":"#00294f","band":2,"off":[1.7,1.1]}},{"type":"Feature","geometry":{"type":"Point","coordinates":[10.164524,56.058318]},"properties":{"name":"Mårslet/Nymarks Allé (Aarhus Kom)","band":2,"modes":"bus","arr":["16","40"],"off":[0,-0.8]}},{"type":"Feature","geometry":{"type":"Point","coordinates":[10.164524,56.058318]},"properties":{"line":"16","mode":"bus","color":"#0059a9","colorDark":"#00294f","band":2,"off":[-1.7,1.1]}},{"type":"Feature","geometry":{"type":"Point","coordinates":[10.164524,56.058318]},"properties":{"line":"40","mode":"bus","color":"#0059a9","colorDark":"#00294f","band":2,"off":[1.7,1.1]}},{"type":"Feature","geometry":{"type":"Point","coordinates":[10.340245,56.258]},"properties":{"name":"Studstrup/Præstekravevej (Aarhus Kom)","band":2,"modes":"bus","arr":["17"],"off":[0,-0.8]}},{"type":"Feature","geometry":{"type":"Point","coordinates":[10.340245,56.258]},"properties":{"line":"17","mode":"bus","color":"#0059a9","colorDark":"#00294f","band":2,"off":[0,1.1]}},{"type":"Feature","geometry":{"type":"Point","coordinates":[10.095864,56.035356]},"properties":{"name":"Solbjerg/Lystenlund (Aarhus Kom)","band":2,"modes":"bus","arr":["17","41"],"off":[0,-0.8]}},{"type":"Feature","geometry":{"type":"Point","coordinates":[10.095864,56.035356]},"properties":{"line":"17","mode":"bus","color":"#0059a9","colorDark":"#00294f","band":2,"off":[-1.7,1.1]}},{"type":"Feature","geometry":{"type":"Point","coordinates":[10.095864,56.035356]},"properties":{"line":"41","mode":"bus","color":"#0059a9","colorDark":"#00294f","band":2,"off":[1.7,1.1]}},{"type":"Feature","geometry":{"type":"Point","coordinates":[10.251065,56.23878]},"properties":{"name":"Lystrup/Majsmarken (Aarhus Kom)","band":2,"modes":"bus","arr":["18","45"],"off":[0,-0.8]}},{"type":"Feature","geometry":{"type":"Point","coordinates":[10.251065,56.23878]},"properties":{"line":"18","mode":"bus","color":"#0059a9","colorDark":"#00294f","band":2,"off":[-1.7,1.1]}},{"type":"Feature","geometry":{"type":"Point","coordinates":[10.251065,56.23878]},"properties":{"line":"45","mode":"bus","color":"#0059a9","colorDark":"#00294f","band":2,"off":[1.7,1.1]}},{"type":"Feature","geometry":{"type":"Point","coordinates":[10.222425,56.086397]},"properties":{"name":"Moesgaard Museum (Aarhus Kom)","band":2,"modes":"bus","arr":["18"],"off":[0,-0.8]}},{"type":"Feature","geometry":{"type":"Point","coordinates":[10.222425,56.086397]},"properties":{"line":"18","mode":"bus","color":"#0059a9","colorDark":"#00294f","band":2,"off":[0,1.1]}},{"type":"Feature","geometry":{"type":"Point","coordinates":[9.919371,56.027208]},"properties":{"name":"FLOK v. Sølund/Dyrehaven (Skanderborg Kom)","band":2,"modes":"bus","arr":["21"],"off":[0,-0.8]}},{"type":"Feature","geometry":{"type":"Point","coordinates":[9.919371,56.027208]},"properties":{"line":"21","mode":"bus","color":"#0059a9","colorDark":"#00294f","band":2,"off":[0,1.1]}},{"type":"Feature","geometry":{"type":"Point","coordinates":[9.897036,56.024927]},"properties":{"name":"Vrold (Skanderborg Kom)","band":2,"modes":"bus","arr":["21"],"off":[0,-0.8]}},{"type":"Feature","geometry":{"type":"Point","coordinates":[9.897036,56.024927]},"properties":{"line":"21","mode":"bus","color":"#0059a9","colorDark":"#00294f","band":2,"off":[0,1.1]}},{"type":"Feature","geometry":{"type":"Point","coordinates":[9.923639,56.043111]},"properties":{"name":"Skanderborg St. (Skanderborg Kom)","band":2,"modes":"bus","arr":["26S","309","331"],"off":[0,-0.8]}},{"type":"Feature","geometry":{"type":"Point","coordinates":[9.923639,56.043111]},"properties":{"line":"26S","mode":"bus","color":"#0059a9","colorDark":"#00294f","band":2,"off":[-3.4,1.1]}},{"type":"Feature","geometry":{"type":"Point","coordinates":[9.923639,56.043111]},"properties":{"line":"309","mode":"bus","color":"#0059a9","colorDark":"#00294f","band":2,"off":[0,1.1]}},{"type":"Feature","geometry":{"type":"Point","coordinates":[9.923639,56.043111]},"properties":{"line":"331","mode":"bus","color":"#0059a9","colorDark":"#00294f","band":2,"off":[3.4,1.1]}},{"type":"Feature","geometry":{"type":"Point","coordinates":[9.887851,56.020603]},"properties":{"name":"KærligHeden/Horsensvej (Skanderborg Kom)","band":2,"modes":"bus","arr":["26S"],"off":[0,-0.8]}},{"type":"Feature","geometry":{"type":"Point","coordinates":[9.887851,56.020603]},"properties":{"line":"26S","mode":"bus","color":"#0059a9","colorDark":"#00294f","band":2,"off":[0,1.1]}},{"type":"Feature","geometry":{"type":"Point","coordinates":[10.247738,56.088628]},"properties":{"name":"Moesgård Strand (Aarhus Kom)","band":2,"modes":"bus","arr":["31"],"off":[0,-0.8]}},{"type":"Feature","geometry":{"type":"Point","coordinates":[10.247738,56.088628]},"properties":{"line":"31","mode":"bus","color":"#0059a9","colorDark":"#00294f","band":2,"off":[0,1.1]}},{"type":"Feature","geometry":{"type":"Point","coordinates":[10.2358,56.231816]},"properties":{"name":"Lystrup/Bygaden (Aarhus Kom)","band":2,"modes":"bus","arr":["32"],"off":[0,-0.8]}},{"type":"Feature","geometry":{"type":"Point","coordinates":[10.2358,56.231816]},"properties":{"line":"32","mode":"bus","color":"#0059a9","colorDark":"#00294f","band":2,"off":[0,1.1]}},{"type":"Feature","geometry":{"type":"Point","coordinates":[10.11198,56.186262]},"properties":{"name":"Aarhus Gymnasium Tilst/Kileparken (Aarhus Kom)","band":2,"modes":"bus","arr":["35","116U"],"off":[0,-0.8]}},{"type":"Feature","geometry":{"type":"Point","coordinates":[10.11198,56.186262]},"properties":{"line":"35","mode":"bus","color":"#0059a9","colorDark":"#00294f","band":2,"off":[-1.7,1.1]}},{"type":"Feature","geometry":{"type":"Point","coordinates":[10.11198,56.186262]},"properties":{"line":"116U","mode":"bus","color":"#0059a9","colorDark":"#00294f","band":2,"off":[1.7,1.1]}},{"type":"Feature","geometry":{"type":"Point","coordinates":[10.273457,56.256394]},"properties":{"name":"Hjortshøj/Hjortshøjvangen (Aarhus Kom)","band":2,"modes":"bus","arr":["46"],"off":[0,-0.8]}},{"type":"Feature","geometry":{"type":"Point","coordinates":[10.273457,56.256394]},"properties":{"line":"46","mode":"bus","color":"#0059a9","colorDark":"#00294f","band":2,"off":[0,1.1]}},{"type":"Feature","geometry":{"type":"Point","coordinates":[10.312985,56.320276]},"properties":{"name":"Hornslet St. (Syddjurs Kom)","band":2,"modes":"bus","arr":["100"],"off":[0,-0.8]}},{"type":"Feature","geometry":{"type":"Point","coordinates":[10.312985,56.320276]},"properties":{"line":"100","mode":"bus","color":"#0059a9","colorDark":"#00294f","band":2,"off":[0,1.1]}},{"type":"Feature","geometry":{"type":"Point","coordinates":[10.257666,55.912246]},"properties":{"name":"Hou Havn (Odder Kom)","band":2,"modes":"bus","arr":["103"],"off":[0,-0.8]}},{"type":"Feature","geometry":{"type":"Point","coordinates":[10.257666,55.912246]},"properties":{"line":"103","mode":"bus","color":"#0059a9","colorDark":"#00294f","band":2,"off":[0,1.1]}},{"type":"Feature","geometry":{"type":"Point","coordinates":[9.545982,56.164243]},"properties":{"name":"Silkeborg Trafikterminal","band":2,"modes":"bus","arr":["113"],"off":[0,-0.8]}},{"type":"Feature","geometry":{"type":"Point","coordinates":[9.545982,56.164243]},"properties":{"line":"113","mode":"bus","color":"#0059a9","colorDark":"#00294f","band":2,"off":[0,1.1]}},{"type":"Feature","geometry":{"type":"Point","coordinates":[10.069134,56.253625]},"properties":{"name":"Ådalsvej/Samsøvej (Favrskov Kom)","band":2,"modes":"bus","arr":["115"],"off":[0,-0.8]}},{"type":"Feature","geometry":{"type":"Point","coordinates":[10.069134,56.253625]},"properties":{"line":"115","mode":"bus","color":"#0059a9","colorDark":"#00294f","band":2,"off":[0,1.1]}},{"type":"Feature","geometry":{"type":"Point","coordinates":[9.895911,56.38645]},"properties":{"name":"Langå St./Bredgade (Randers Kom)","band":2,"modes":"bus","arr":["115"],"off":[0,-0.8]}},{"type":"Feature","geometry":{"type":"Point","coordinates":[9.895911,56.38645]},"properties":{"line":"115","mode":"bus","color":"#0059a9","colorDark":"#00294f","band":2,"off":[0,1.1]}},{"type":"Feature","geometry":{"type":"Point","coordinates":[9.964186,56.184171]},"properties":{"name":"Herskind/Langelinie (Skanderborg Kom)","band":2,"modes":"bus","arr":["116U"],"off":[0,-0.8]}},{"type":"Feature","geometry":{"type":"Point","coordinates":[9.964186,56.184171]},"properties":{"line":"116U","mode":"bus","color":"#0059a9","colorDark":"#00294f","band":2,"off":[0,1.1]}},{"type":"Feature","geometry":{"type":"Point","coordinates":[10.039574,56.458443]},"properties":{"name":"Randers Busterminal","band":2,"modes":"bus","arr":["118"],"off":[0,-0.8]}},{"type":"Feature","geometry":{"type":"Point","coordinates":[10.039574,56.458443]},"properties":{"line":"118","mode":"bus","color":"#0059a9","colorDark":"#00294f","band":2,"off":[0,1.1]}},{"type":"Feature","geometry":{"type":"Point","coordinates":[10.478501,56.300743]},"properties":{"name":"Rønde Busterminal (Syddjurs Kom)","band":2,"modes":"bus","arr":["121"],"off":[0,-0.8]}},{"type":"Feature","geometry":{"type":"Point","coordinates":[10.478501,56.300743]},"properties":{"line":"121","mode":"bus","color":"#0059a9","colorDark":"#00294f","band":2,"off":[0,1.1]}},{"type":"Feature","geometry":{"type":"Point","coordinates":[10.486488,56.212081]},"properties":{"name":"Knebel (Syddjurs Kom)","band":2,"modes":"bus","arr":["121"],"off":[0,-0.8]}},{"type":"Feature","geometry":{"type":"Point","coordinates":[10.486488,56.212081]},"properties":{"line":"121","mode":"bus","color":"#0059a9","colorDark":"#00294f","band":2,"off":[0,1.1]}},{"type":"Feature","geometry":{"type":"Point","coordinates":[10.501947,56.379994]},"properties":{"name":"Ryomgård St. (Syddjurs Kom)","band":2,"modes":"bus","arr":["121"],"off":[0,-0.8]}},{"type":"Feature","geometry":{"type":"Point","coordinates":[10.501947,56.379994]},"properties":{"line":"121","mode":"bus","color":"#0059a9","colorDark":"#00294f","band":2,"off":[0,1.1]}},{"type":"Feature","geometry":{"type":"Point","coordinates":[10.67707,56.179879]},"properties":{"name":"Ebeltoft Busterminal (Syddjurs Kom)","band":2,"modes":"bus","arr":["123"],"off":[0,-0.8]}},{"type":"Feature","geometry":{"type":"Point","coordinates":[10.67707,56.179879]},"properties":{"line":"123","mode":"bus","color":"#0059a9","colorDark":"#00294f","band":2,"off":[0,1.1]}},{"type":"Feature","geometry":{"type":"Point","coordinates":[9.928304,56.035758]},"properties":{"name":"Skanderborg Busterminal","band":2,"modes":"bus","arr":["200"],"off":[0,-0.8]}},{"type":"Feature","geometry":{"type":"Point","coordinates":[9.928304,56.035758]},"properties":{"line":"200","mode":"bus","color":"#0059a9","colorDark":"#00294f","band":2,"off":[0,1.1]}},{"type":"Feature","geometry":{"type":"Point","coordinates":[10.06472,56.279128]},"properties":{"name":"Rylevej/Bjergegårdsvej (Favrskov Kom)","band":2,"modes":"bus","arr":["200"],"off":[0,-0.8]}},{"type":"Feature","geometry":{"type":"Point","coordinates":[10.06472,56.279128]},"properties":{"line":"200","mode":"bus","color":"#0059a9","colorDark":"#00294f","band":2,"off":[0,1.1]}},{"type":"Feature","geometry":{"type":"Point","coordinates":[9.964036,56.191004]},"properties":{"name":"Herskindskolen (Skanderborg Kom)","band":2,"modes":"bus","arr":["309"],"off":[0,-0.8]}},{"type":"Feature","geometry":{"type":"Point","coordinates":[9.964036,56.191004]},"properties":{"line":"309","mode":"bus","color":"#0059a9","colorDark":"#00294f","band":2,"off":[0,1.1]}},{"type":"Feature","geometry":{"type":"Point","coordinates":[9.649662,56.096326]},"properties":{"name":"Glarbo/Rodelundvej (Skanderborg Kom)","band":2,"modes":"bus","arr":["311"],"off":[0,-0.8]}},{"type":"Feature","geometry":{"type":"Point","coordinates":[9.649662,56.096326]},"properties":{"line":"311","mode":"bus","color":"#0059a9","colorDark":"#00294f","band":2,"off":[0,1.1]}},{"type":"Feature","geometry":{"type":"Point","coordinates":[9.947363,56.046919]},"properties":{"name":"Campus Skanderborg/Højvangens Torv","band":2,"modes":"bus","arr":["311","330"],"off":[0,-0.8]}},{"type":"Feature","geometry":{"type":"Point","coordinates":[9.947363,56.046919]},"properties":{"line":"311","mode":"bus","color":"#0059a9","colorDark":"#00294f","band":2,"off":[-1.7,1.1]}},{"type":"Feature","geometry":{"type":"Point","coordinates":[9.947363,56.046919]},"properties":{"line":"330","mode":"bus","color":"#0059a9","colorDark":"#00294f","band":2,"off":[1.7,1.1]}},{"type":"Feature","geometry":{"type":"Point","coordinates":[9.789336,56.297236]},"properties":{"name":"Thorsø/Torvet (Favrskov Kom)","band":2,"modes":"bus","arr":["314"],"off":[0,-0.8]}},{"type":"Feature","geometry":{"type":"Point","coordinates":[9.789336,56.297236]},"properties":{"line":"314","mode":"bus","color":"#0059a9","colorDark":"#00294f","band":2,"off":[0,1.1]}},{"type":"Feature","geometry":{"type":"Point","coordinates":[9.806003,56.15111]},"properties":{"name":"Låsby Skole (Skanderborg Kom)","band":2,"modes":"bus","arr":["330"],"off":[0,-0.8]}},{"type":"Feature","geometry":{"type":"Point","coordinates":[9.806003,56.15111]},"properties":{"line":"330","mode":"bus","color":"#0059a9","colorDark":"#00294f","band":2,"off":[0,1.1]}},{"type":"Feature","geometry":{"type":"Point","coordinates":[10.626976,56.308184]},"properties":{"name":"Aarhus Lufthavn","band":2,"modes":"bus","arr":["925X"],"off":[0,-0.8]}},{"type":"Feature","geometry":{"type":"Point","coordinates":[10.626976,56.308184]},"properties":{"line":"925X","mode":"bus","color":"#0059a9","colorDark":"#00294f","band":2,"off":[0,1.1]}},{"type":"Feature","geometry":{"type":"Point","coordinates":[10.251492,55.91493]},"properties":{"name":"Hou Skole (Odder Kom)","band":2,"modes":"bus","arr":["1008"],"off":[0,-0.8]}},{"type":"Feature","geometry":{"type":"Point","coordinates":[10.251492,55.91493]},"properties":{"line":"1008","mode":"bus","color":"#0059a9","colorDark":"#00294f","band":2,"off":[0,1.1]}},{"type":"Feature","geometry":{"type":"Point","coordinates":[10.162354,55.979744]},"properties":{"name":"Parkvejens Skole (Odder Kom)","band":2,"modes":"bus","arr":["1003","1004"],"off":[0,-0.8]}},{"type":"Feature","geometry":{"type":"Point","coordinates":[10.162354,55.979744]},"properties":{"line":"1003","mode":"bus","color":"#0059a9","colorDark":"#00294f","band":2,"off":[-1.7,1.1]}},{"type":"Feature","geometry":{"type":"Point","coordinates":[10.162354,55.979744]},"properties":{"line":"1004","mode":"bus","color":"#0059a9","colorDark":"#00294f","band":2,"off":[1.7,1.1]}},{"type":"Feature","geometry":{"type":"Point","coordinates":[10.203292,56.149907]},"properties":{"name":"Aarhus H (Letbane)","band":2,"modes":"tram","arr":["L1"],"off":[0,-0.8]}},{"type":"Feature","geometry":{"type":"Point","coordinates":[10.203292,56.149907]},"properties":{"line":"L1","mode":"tram","color":"#d6212b","colorDark":"#7c1116","band":2,"off":[0,1.1]}},{"type":"Feature","geometry":{"type":"Point","coordinates":[10.880857,56.412792]},"properties":{"name":"Grenaa (Letbane)","band":2,"modes":"tram","arr":["L1"],"off":[0,-0.8]}},{"type":"Feature","geometry":{"type":"Point","coordinates":[10.880857,56.412792]},"properties":{"line":"L1","mode":"tram","color":"#d6212b","colorDark":"#7c1116","band":2,"off":[0,1.1]}},{"type":"Feature","geometry":{"type":"Point","coordinates":[10.157018,56.218056]},"properties":{"name":"Lisbjergskolen (Letbane)","band":2,"modes":"tram","arr":["L2"],"off":[0,-0.8]}},{"type":"Feature","geometry":{"type":"Point","coordinates":[10.157018,56.218056]},"properties":{"line":"L2","mode":"tram","color":"#d6212b","colorDark":"#7c1116","band":2,"off":[0,1.1]}},{"type":"Feature","geometry":{"type":"Point","coordinates":[10.234236,56.230739]},"properties":{"name":"Lystrup (Letbane)","band":2,"modes":"tram","arr":["L2"],"off":[0,-0.8]}},{"type":"Feature","geometry":{"type":"Point","coordinates":[10.234236,56.230739]},"properties":{"line":"L2","mode":"tram","color":"#d6212b","colorDark":"#7c1116","band":2,"off":[0,1.1]}},{"type":"Feature","geometry":{"type":"Point","coordinates":[10.149972,55.971636]},"properties":{"name":"Odder Busterminal","band":3,"modes":"bus,tram","arr":["1","2","100","302","331","1002","1003","1004","1008","L2"],"off":[0,-0.8]}},{"type":"Feature","geometry":{"type":"Point","coordinates":[10.149972,55.971636]},"properties":{"name":"Odder (Letbane)","band":3,"modes":"bus,tram","arr":["1","2","100","302","331","1002","1003","1004","1008","L2"],"off":[0,-1.9]}},{"type":"Feature","geometry":{"type":"Point","coordinates":[10.149972,55.971636]},"properties":{"line":"1","mode":"bus","color":"#0059a9","colorDark":"#00294f","band":3,"off":[-6.8,1.1]}},{"type":"Feature","geometry":{"type":"Point","coordinates":[10.149972,55.971636]},"properties":{"line":"2","mode":"bus","color":"#0059a9","colorDark":"#00294f","band":3,"off":[-3.4,1.1]}},{"type":"Feature","geometry":{"type":"Point","coordinates":[10.149972,55.971636]},"properties":{"line":"100","mode":"bus","color":"#0059a9","colorDark":"#00294f","band":3,"off":[0,1.1]}},{"type":"Feature","geometry":{"type":"Point","coordinates":[10.149972,55.971636]},"properties":{"line":"302","mode":"bus","color":"#0059a9","colorDark":"#00294f","band":3,"off":[3.4,1.1]}},{"type":"Feature","geometry":{"type":"Point","coordinates":[10.149972,55.971636]},"properties":{"line":"331","mode":"bus","color":"#0059a9","colorDark":"#00294f","band":3,"off":[6.8,1.1]}},{"type":"Feature","geometry":{"type":"Point","coordinates":[10.149972,55.971636]},"properties":{"line":"1002","mode":"bus","color":"#0059a9","colorDark":"#00294f","band":3,"off":[-6.8,3.1]}},{"type":"Feature","geometry":{"type":"Point","coordinates":[10.149972,55.971636]},"properties":{"line":"1003","mode":"bus","color":"#0059a9","colorDark":"#00294f","band":3,"off":[-3.4,3.1]}},{"type":"Feature","geometry":{"type":"Point","coordinates":[10.149972,55.971636]},"properties":{"line":"1004","mode":"bus","color":"#0059a9","colorDark":"#00294f","band":3,"off":[0,3.1]}},{"type":"Feature","geometry":{"type":"Point","coordinates":[10.149972,55.971636]},"properties":{"line":"1008","mode":"bus","color":"#0059a9","colorDark":"#00294f","band":3,"off":[3.4,3.1]}},{"type":"Feature","geometry":{"type":"Point","coordinates":[10.149972,55.971636]},"properties":{"line":"L2","mode":"tram","color":"#d6212b","colorDark":"#7c1116","band":3,"off":[6.8,3.1]}},{"type":"Feature","geometry":{"type":"Point","coordinates":[10.066836,56.106715]},"properties":{"name":"Kolt/Kolt Kirkevej (Aarhus Kom)","band":3,"modes":"bus","arr":["1A"],"off":[0,-0.8]}},{"type":"Feature","geometry":{"type":"Point","coordinates":[10.066836,56.106715]},"properties":{"line":"1A","mode":"bus","color":"#0059a9","colorDark":"#00294f","band":3,"off":[0,1.1]}},{"type":"Feature","geometry":{"type":"Point","coordinates":[10.203171,56.150801]},"properties":{"name":"Park Allé/Banegårdspladsen (Aarhus Kom)","band":3,"modes":"bus","arr":["40","41","46"],"off":[0,-0.8]}},{"type":"Feature","geometry":{"type":"Point","coordinates":[10.203171,56.150801]},"properties":{"line":"40","mode":"bus","color":"#0059a9","colorDark":"#00294f","band":3,"off":[-3.4,1.1]}},{"type":"Feature","geometry":{"type":"Point","coordinates":[10.203171,56.150801]},"properties":{"line":"41","mode":"bus","color":"#0059a9","colorDark":"#00294f","band":3,"off":[0,1.1]}},{"type":"Feature","geometry":{"type":"Point","coordinates":[10.203171,56.150801]},"properties":{"line":"46","mode":"bus","color":"#0059a9","colorDark":"#00294f","band":3,"off":[3.4,1.1]}},{"type":"Feature","geometry":{"type":"Point","coordinates":[10.213068,56.202457]},"properties":{"name":"Vejlby/Stenagervej (Aarhus Kom)","band":3,"modes":"bus","arr":["1A"],"off":[0,-0.8]}},{"type":"Feature","geometry":{"type":"Point","coordinates":[10.213068,56.202457]},"properties":{"line":"1A","mode":"bus","color":"#0059a9","colorDark":"#00294f","band":3,"off":[0,1.1]}},{"type":"Feature","geometry":{"type":"Point","coordinates":[10.142828,55.970344]},"properties":{"name":"Skovbakkeskolen (Odder Kom)","band":3,"modes":"bus","arr":["1002"],"off":[0,-0.8]}},{"type":"Feature","geometry":{"type":"Point","coordinates":[10.142828,55.970344]},"properties":{"line":"1002","mode":"bus","color":"#0059a9","colorDark":"#00294f","band":3,"off":[0,1.1]}},{"type":"Feature","geometry":{"type":"Point","coordinates":[10.048072,56.327448]},"properties":{"name":"Hadsten St./Østergade","band":3,"modes":"bus","arr":["2","4","115","314"],"off":[0,-0.8]}},{"type":"Feature","geometry":{"type":"Point","coordinates":[10.048072,56.327448]},"properties":{"line":"2","mode":"bus","color":"#0059a9","colorDark":"#00294f","band":3,"off":[-5.1,1.1]}},{"type":"Feature","geometry":{"type":"Point","coordinates":[10.048072,56.327448]},"properties":{"line":"4","mode":"bus","color":"#0059a9","colorDark":"#00294f","band":3,"off":[-1.7,1.1]}},{"type":"Feature","geometry":{"type":"Point","coordinates":[10.048072,56.327448]},"properties":{"line":"115","mode":"bus","color":"#0059a9","colorDark":"#00294f","band":3,"off":[1.7,1.1]}},{"type":"Feature","geometry":{"type":"Point","coordinates":[10.048072,56.327448]},"properties":{"line":"314","mode":"bus","color":"#0059a9","colorDark":"#00294f","band":3,"off":[5.1,1.1]}},{"type":"Feature","geometry":{"type":"Point","coordinates":[10.105545,56.330057]},"properties":{"name":"Hadbjerg Skole/Mejsevej (Favrskov Kom)","band":3,"modes":"bus","arr":["3"],"off":[0,-0.8]}},{"type":"Feature","geometry":{"type":"Point","coordinates":[10.105545,56.330057]},"properties":{"line":"3","mode":"bus","color":"#0059a9","colorDark":"#00294f","band":3,"off":[0,1.1]}},{"type":"Feature","geometry":{"type":"Point","coordinates":[10.165444,56.10456]},"properties":{"name":"Holme/Karetmagertoften (Aarhus Kom)","band":3,"modes":"bus","arr":["2A"],"off":[0,-0.8]}},{"type":"Feature","geometry":{"type":"Point","coordinates":[10.165444,56.10456]},"properties":{"line":"2A","mode":"bus","color":"#0059a9","colorDark":"#00294f","band":3,"off":[0,1.1]}},{"type":"Feature","geometry":{"type":"Point","coordinates":[10.203341,56.151768]},"properties":{"name":"Park Allé/Rådhuset (Aarhus Kom)","band":3,"modes":"bus","arr":["42","43","44","45"],"off":[0,-0.8]}},{"type":"Feature","geometry":{"type":"Point","coordinates":[10.203341,56.151768]},"properties":{"line":"42","mode":"bus","color":"#0059a9","colorDark":"#00294f","band":3,"off":[-5.1,1.1]}},{"type":"Feature","geometry":{"type":"Point","coordinates":[10.203341,56.151768]},"properties":{"line":"43","mode":"bus","color":"#0059a9","colorDark":"#00294f","band":3,"off":[-1.7,1.1]}},{"type":"Feature","geometry":{"type":"Point","coordinates":[10.203341,56.151768]},"properties":{"line":"44","mode":"bus","color":"#0059a9","colorDark":"#00294f","band":3,"off":[1.7,1.1]}},{"type":"Feature","geometry":{"type":"Point","coordinates":[10.203341,56.151768]},"properties":{"line":"45","mode":"bus","color":"#0059a9","colorDark":"#00294f","band":3,"off":[5.1,1.1]}},{"type":"Feature","geometry":{"type":"Point","coordinates":[10.135691,56.247835]},"properties":{"name":"Trige/Vestermøllevej (Aarhus Kom)","band":3,"modes":"bus","arr":["2A"],"off":[0,-0.8]}},{"type":"Feature","geometry":{"type":"Point","coordinates":[10.135691,56.247835]},"properties":{"line":"2A","mode":"bus","color":"#0059a9","colorDark":"#00294f","band":3,"off":[0,1.1]}},{"type":"Feature","geometry":{"type":"Point","coordinates":[10.171445,56.364118]},"properties":{"name":"Voldum Kirke (Favrskov Kom)","band":3,"modes":"bus","arr":["3"],"off":[0,-0.8]}},{"type":"Feature","geometry":{"type":"Point","coordinates":[10.171445,56.364118]},"properties":{"line":"3","mode":"bus","color":"#0059a9","colorDark":"#00294f","band":3,"off":[0,1.1]}},{"type":"Feature","geometry":{"type":"Point","coordinates":[10.108446,56.194388]},"properties":{"name":"Tilst Vestervej/Havkærvej (Aarhus Kom)","band":3,"modes":"bus","arr":["3A","44"],"off":[0,-0.8]}},{"type":"Feature","geometry":{"type":"Point","coordinates":[10.108446,56.194388]},"properties":{"line":"3A","mode":"bus","color":"#0059a9","colorDark":"#00294f","band":3,"off":[-1.7,1.1]}},{"type":"Feature","geometry":{"type":"Point","coordinates":[10.108446,56.194388]},"properties":{"line":"44","mode":"bus","color":"#0059a9","colorDark":"#00294f","band":3,"off":[1.7,1.1]}},{"type":"Feature","geometry":{"type":"Point","coordinates":[10.222044,56.164651]},"properties":{"name":"Aarhus Ø/Nikoline Kochs Plads (Aarhus Kom)","band":3,"modes":"bus","arr":["3A"],"off":[0,-0.8]}},{"type":"Feature","geometry":{"type":"Point","coordinates":[10.222044,56.164651]},"properties":{"line":"3A","mode":"bus","color":"#0059a9","colorDark":"#00294f","band":3,"off":[0,1.1]}},{"type":"Feature","geometry":{"type":"Point","coordinates":[10.037517,56.321097]},"properties":{"name":"Østervangskolen/Overgårdsvej (Favrskov Kom)","band":3,"modes":"bus","arr":["4"],"off":[0,-0.8]}},{"type":"Feature","geometry":{"type":"Point","coordinates":[10.037517,56.321097]},"properties":{"line":"4","mode":"bus","color":"#0059a9","colorDark":"#00294f","band":3,"off":[0,1.1]}},{"type":"Feature","geometry":{"type":"Point","coordinates":[10.059274,56.329814]},"properties":{"name":"Favrskov Gymnasium/Hovvej","band":3,"modes":"bus","arr":["4"],"off":[0,-0.8]}},{"type":"Feature","geometry":{"type":"Point","coordinates":[10.059274,56.329814]},"properties":{"line":"4","mode":"bus","color":"#0059a9","colorDark":"#00294f","band":3,"off":[0,1.1]}},{"type":"Feature","geometry":{"type":"Point","coordinates":[10.117152,56.16786]},"properties":{"name":"Brabrand Nord/Spobjergvej (Aarhus Kom)","band":3,"modes":"bus","arr":["4A","43"],"off":[0,-0.8]}},{"type":"Feature","geometry":{"type":"Point","coordinates":[10.117152,56.16786]},"properties":{"line":"4A","mode":"bus","color":"#0059a9","colorDark":"#00294f","band":3,"off":[-1.7,1.1]}},{"type":"Feature","geometry":{"type":"Point","coordinates":[10.117152,56.16786]},"properties":{"line":"43","mode":"bus","color":"#0059a9","colorDark":"#00294f","band":3,"off":[1.7,1.1]}},{"type":"Feature","geometry":{"type":"Point","coordinates":[10.152222,56.084645]},"properties":{"name":"Tranbjerg/Hyrdevænget (Aarhus Kom)","band":3,"modes":"bus","arr":["4A","41"],"off":[0,-0.8]}},{"type":"Feature","geometry":{"type":"Point","coordinates":[10.152222,56.084645]},"properties":{"line":"4A","mode":"bus","color":"#0059a9","colorDark":"#00294f","band":3,"off":[-1.7,1.1]}},{"type":"Feature","geometry":{"type":"Point","coordinates":[10.152222,56.084645]},"properties":{"line":"41","mode":"bus","color":"#0059a9","colorDark":"#00294f","band":3,"off":[1.7,1.1]}},{"type":"Feature","geometry":{"type":"Point","coordinates":[10.206024,56.139404]},"properties":{"name":"Tangkrogen/Dalgas Avenue (Aarhus Kom)","band":3,"modes":"bus","arr":["5A"],"off":[0,-0.8]}},{"type":"Feature","geometry":{"type":"Point","coordinates":[10.206024,56.139404]},"properties":{"line":"5A","mode":"bus","color":"#0059a9","colorDark":"#00294f","band":3,"off":[0,1.1]}},{"type":"Feature","geometry":{"type":"Point","coordinates":[10.219156,56.177049]},"properties":{"name":"Marienlund/Marienlunds Allé (Aarhus Kom)","band":3,"modes":"bus","arr":["5A"],"off":[0,-0.8]}},{"type":"Feature","geometry":{"type":"Point","coordinates":[10.219156,56.177049]},"properties":{"line":"5A","mode":"bus","color":"#0059a9","colorDark":"#00294f","band":3,"off":[0,1.1]}},{"type":"Feature","geometry":{"type":"Point","coordinates":[10.060308,56.263352]},"properties":{"name":"Hinnerup St./Banegårdspl.","band":3,"modes":"bus","arr":["6","7","8"],"off":[0,-0.8]}},{"type":"Feature","geometry":{"type":"Point","coordinates":[10.060308,56.263352]},"properties":{"line":"6","mode":"bus","color":"#0059a9","colorDark":"#00294f","band":3,"off":[-3.4,1.1]}},{"type":"Feature","geometry":{"type":"Point","coordinates":[10.060308,56.263352]},"properties":{"line":"7","mode":"bus","color":"#0059a9","colorDark":"#00294f","band":3,"off":[0,1.1]}},{"type":"Feature","geometry":{"type":"Point","coordinates":[10.060308,56.263352]},"properties":{"line":"8","mode":"bus","color":"#0059a9","colorDark":"#00294f","band":3,"off":[3.4,1.1]}},{"type":"Feature","geometry":{"type":"Point","coordinates":[10.062428,56.263242]},"properties":{"name":"Storegade/Ådalsvej","band":3,"modes":"bus","arr":["7"],"off":[0,-0.8]}},{"type":"Feature","geometry":{"type":"Point","coordinates":[10.062428,56.263242]},"properties":{"line":"7","mode":"bus","color":"#0059a9","colorDark":"#00294f","band":3,"off":[0,1.1]}},{"type":"Feature","geometry":{"type":"Point","coordinates":[10.083314,56.23484]},"properties":{"name":"Præstemarkskolen/Kvottrupvej (Favrskov Kom)","band":3,"modes":"bus","arr":["6"],"off":[0,-0.8]}},{"type":"Feature","geometry":{"type":"Point","coordinates":[10.083314,56.23484]},"properties":{"line":"6","mode":"bus","color":"#0059a9","colorDark":"#00294f","band":3,"off":[0,1.1]}},{"type":"Feature","geometry":{"type":"Point","coordinates":[10.214219,56.109349]},"properties":{"name":"Skåde/Emiliedalsvej (Aarhus Kom)","band":3,"modes":"bus","arr":["6A"],"off":[0,-0.8]}},{"type":"Feature","geometry":{"type":"Point","coordinates":[10.214219,56.109349]},"properties":{"line":"6A","mode":"bus","color":"#0059a9","colorDark":"#00294f","band":3,"off":[0,1.1]}},{"type":"Feature","geometry":{"type":"Point","coordinates":[10.170095,56.193604]},"properties":{"name":"Aarhus Universitetshospital Skejby indgang H","band":3,"modes":"bus","arr":["6A"],"off":[0,-0.8]}},{"type":"Feature","geometry":{"type":"Point","coordinates":[10.170095,56.193604]},"properties":{"line":"6A","mode":"bus","color":"#0059a9","colorDark":"#00294f","band":3,"off":[0,1.1]}},{"type":"Feature","geometry":{"type":"Point","coordinates":[9.969404,56.223294]},"properties":{"name":"Møllebakken/Lærkereden (Favrskov Kom)","band":3,"modes":"bus","arr":["9"],"off":[0,-0.8]}},{"type":"Feature","geometry":{"type":"Point","coordinates":[9.969404,56.223294]},"properties":{"line":"9","mode":"bus","color":"#0059a9","colorDark":"#00294f","band":3,"off":[0,1.1]}},{"type":"Feature","geometry":{"type":"Point","coordinates":[10.023907,56.213132]},"properties":{"name":"Sabro Skolevej (Aarhus Kom)","band":3,"modes":"bus","arr":["14"],"off":[0,-0.8]}},{"type":"Feature","geometry":{"type":"Point","coordinates":[10.023907,56.213132]},"properties":{"line":"14","mode":"bus","color":"#0059a9","colorDark":"#00294f","band":3,"off":[0,1.1]}},{"type":"Feature","geometry":{"type":"Point","coordinates":[9.858772,56.249071]},"properties":{"name":"Søndervangskolen/Anbækvej (Favrskov Kom)","band":3,"modes":"bus","arr":["9"],"off":[0,-0.8]}},{"type":"Feature","geometry":{"type":"Point","coordinates":[9.858772,56.249071]},"properties":{"line":"9","mode":"bus","color":"#0059a9","colorDark":"#00294f","band":3,"off":[0,1.1]}},{"type":"Feature","geometry":{"type":"Point","coordinates":[9.86236,56.256707]},"properties":{"name":"Hammel Rtb.","band":3,"modes":"bus","arr":["9","114","314"],"off":[0,-0.8]}},{"type":"Feature","geometry":{"type":"Point","coordinates":[9.86236,56.256707]},"properties":{"line":"9","mode":"bus","color":"#0059a9","colorDark":"#00294f","band":3,"off":[-3.4,1.1]}},{"type":"Feature","geometry":{"type":"Point","coordinates":[9.86236,56.256707]},"properties":{"line":"114","mode":"bus","color":"#0059a9","colorDark":"#00294f","band":3,"off":[0,1.1]}},{"type":"Feature","geometry":{"type":"Point","coordinates":[9.86236,56.256707]},"properties":{"line":"314","mode":"bus","color":"#0059a9","colorDark":"#00294f","band":3,"off":[3.4,1.1]}},{"type":"Feature","geometry":{"type":"Point","coordinates":[10.100191,56.129614]},"properties":{"name":"Stavtrup/Ormslevvej (Aarhus Kom)","band":3,"modes":"bus","arr":["11","42"],"off":[0,-0.8]}},{"type":"Feature","geometry":{"type":"Point","coordinates":[10.100191,56.129614]},"properties":{"line":"11","mode":"bus","color":"#0059a9","colorDark":"#00294f","band":3,"off":[-1.7,1.1]}},{"type":"Feature","geometry":{"type":"Point","coordinates":[10.100191,56.129614]},"properties":{"line":"42","mode":"bus","color":"#0059a9","colorDark":"#00294f","band":3,"off":[1.7,1.1]}},{"type":"Feature","geometry":{"type":"Point","coordinates":[9.987502,56.144066]},"properties":{"name":"Harlev/Rødlundvej Syd (Aarhus Kom)","band":3,"modes":"bus","arr":["11"],"off":[0,-0.8]}},{"type":"Feature","geometry":{"type":"Point","coordinates":[9.987502,56.144066]},"properties":{"line":"11","mode":"bus","color":"#0059a9","colorDark":"#00294f","band":3,"off":[0,1.1]}},{"type":"Feature","geometry":{"type":"Point","coordinates":[10.214825,56.300579]},"properties":{"name":"Mejlby/Gl. Kaløvej (Aarhus Kom)","band":3,"modes":"bus","arr":["12","16"],"off":[0,-0.8]}},{"type":"Feature","geometry":{"type":"Point","coordinates":[10.214825,56.300579]},"properties":{"line":"12","mode":"bus","color":"#0059a9","colorDark":"#00294f","band":3,"off":[-1.7,1.1]}},{"type":"Feature","geometry":{"type":"Point","coordinates":[10.214825,56.300579]},"properties":{"line":"16","mode":"bus","color":"#0059a9","colorDark":"#00294f","band":3,"off":[1.7,1.1]}},{"type":"Feature","geometry":{"type":"Point","coordinates":[10.269673,56.210044]},"properties":{"name":"Egaa Gymnasium/Mejlbyvej (Aarhus Kom)","band":3,"modes":"bus","arr":["32"],"off":[0,-0.8]}},{"type":"Feature","geometry":{"type":"Point","coordinates":[10.269673,56.210044]},"properties":{"line":"32","mode":"bus","color":"#0059a9","colorDark":"#00294f","band":3,"off":[0,1.1]}},{"type":"Feature","geometry":{"type":"Point","coordinates":[10.05916,56.162617]},"properties":{"name":"Logistikparken/Rosbjergvej","band":3,"modes":"bus","arr":["12"],"off":[0,-0.8]}},{"type":"Feature","geometry":{"type":"Point","coordinates":[10.05916,56.162617]},"properties":{"line":"12","mode":"bus","color":"#0059a9","colorDark":"#00294f","band":3,"off":[0,1.1]}},{"type":"Feature","geometry":{"type":"Point","coordinates":[10.209235,56.152092]},"properties":{"name":"Aarhus Rutebilstation/Sønder Allé","band":3,"modes":"bus","arr":["31","103","113","114","118","123","302"],"off":[0,-0.8]}},{"type":"Feature","geometry":{"type":"Point","coordinates":[10.209235,56.152092]},"properties":{"name":"Aarhus Rutebilstation","band":3,"modes":"bus","arr":["31","103","113","114","118","123","302"],"off":[0,-3]}},{"type":"Feature","geometry":{"type":"Point","coordinates":[10.209235,56.152092]},"properties":{"line":"31","mode":"bus","color":"#0059a9","colorDark":"#00294f","band":3,"off":[-6.8,1.1]}},{"type":"Feature","geometry":{"type":"Point","coordinates":[10.209235,56.152092]},"properties":{"line":"103","mode":"bus","color":"#0059a9","colorDark":"#00294f","band":3,"off":[-3.4,1.1]}},{"type":"Feature","geometry":{"type":"Point","coordinates":[10.209235,56.152092]},"properties":{"line":"113","mode":"bus","color":"#0059a9","colorDark":"#00294f","band":3,"off":[0,1.1]}},{"type":"Feature","geometry":{"type":"Point","coordinates":[10.209235,56.152092]},"properties":{"line":"114","mode":"bus","color":"#0059a9","colorDark":"#00294f","band":3,"off":[3.4,1.1]}},{"type":"Feature","geometry":{"type":"Point","coordinates":[10.209235,56.152092]},"properties":{"line":"118","mode":"bus","color":"#0059a9","colorDark":"#00294f","band":3,"off":[6.8,1.1]}},{"type":"Feature","geometry":{"type":"Point","coordinates":[10.209235,56.152092]},"properties":{"line":"123","mode":"bus","color":"#0059a9","colorDark":"#00294f","band":3,"off":[-1.7,3.1]}},{"type":"Feature","geometry":{"type":"Point","coordinates":[10.209235,56.152092]},"properties":{"line":"302","mode":"bus","color":"#0059a9","colorDark":"#00294f","band":3,"off":[1.7,3.1]}},{"type":"Feature","geometry":{"type":"Point","coordinates":[10.17288,56.102161]},"properties":{"name":"Holme Parkvej (Aarhus Kom)","band":3,"modes":"bus","arr":["13"],"off":[0,-0.8]}},{"type":"Feature","geometry":{"type":"Point","coordinates":[10.17288,56.102161]},"properties":{"line":"13","mode":"bus","color":"#0059a9","colorDark":"#00294f","band":3,"off":[0,1.1]}},{"type":"Feature","geometry":{"type":"Point","coordinates":[10.172179,56.171816]},"properties":{"name":"Frydenlund/Fuglebakkevej (Aarhus Kom)","band":3,"modes":"bus","arr":["13"],"off":[0,-0.8]}},{"type":"Feature","geometry":{"type":"Point","coordinates":[10.172179,56.171816]},"properties":{"line":"13","mode":"bus","color":"#0059a9","colorDark":"#00294f","band":3,"off":[0,1.1]}},{"type":"Feature","geometry":{"type":"Point","coordinates":[10.13272,56.12353]},"properties":{"name":"Grøfthøj/Bøgeskov Høvej (Aarhus Kom)","band":3,"modes":"bus","arr":["14"],"off":[0,-0.8]}},{"type":"Feature","geometry":{"type":"Point","coordinates":[10.13272,56.12353]},"properties":{"line":"14","mode":"bus","color":"#0059a9","colorDark":"#00294f","band":3,"off":[0,1.1]}},{"type":"Feature","geometry":{"type":"Point","coordinates":[10.187663,56.206559]},"properties":{"name":"Skejby Nordlandsvej (Aarhus Kom)","band":3,"modes":"bus","arr":["15"],"off":[0,-0.8]}},{"type":"Feature","geometry":{"type":"Point","coordinates":[10.187663,56.206559]},"properties":{"line":"15","mode":"bus","color":"#0059a9","colorDark":"#00294f","band":3,"off":[0,1.1]}},{"type":"Feature","geometry":{"type":"Point","coordinates":[10.092277,56.159665]},"properties":{"name":"Brabrand Vest/Helenelyst (Aarhus Kom)","band":3,"modes":"bus","arr":["15","35"],"off":[0,-0.8]}},{"type":"Feature","geometry":{"type":"Point","coordinates":[10.092277,56.159665]},"properties":{"line":"15","mode":"bus","color":"#0059a9","colorDark":"#00294f","band":3,"off":[-1.7,1.1]}},{"type":"Feature","geometry":{"type":"Point","coordinates":[10.092277,56.159665]},"properties":{"line":"35","mode":"bus","color":"#0059a9","colorDark":"#00294f","band":3,"off":[1.7,1.1]}},{"type":"Feature","geometry":{"type":"Point","coordinates":[10.164524,56.058318]},"properties":{"name":"Mårslet/Nymarks Allé (Aarhus Kom)","band":3,"modes":"bus","arr":["16","40"],"off":[0,-0.8]}},{"type":"Feature","geometry":{"type":"Point","coordinates":[10.164524,56.058318]},"properties":{"line":"16","mode":"bus","color":"#0059a9","colorDark":"#00294f","band":3,"off":[-1.7,1.1]}},{"type":"Feature","geometry":{"type":"Point","coordinates":[10.164524,56.058318]},"properties":{"line":"40","mode":"bus","color":"#0059a9","colorDark":"#00294f","band":3,"off":[1.7,1.1]}},{"type":"Feature","geometry":{"type":"Point","coordinates":[10.340245,56.258]},"properties":{"name":"Studstrup/Præstekravevej (Aarhus Kom)","band":3,"modes":"bus","arr":["17"],"off":[0,-0.8]}},{"type":"Feature","geometry":{"type":"Point","coordinates":[10.340245,56.258]},"properties":{"line":"17","mode":"bus","color":"#0059a9","colorDark":"#00294f","band":3,"off":[0,1.1]}},{"type":"Feature","geometry":{"type":"Point","coordinates":[10.095864,56.035356]},"properties":{"name":"Solbjerg/Lystenlund (Aarhus Kom)","band":3,"modes":"bus","arr":["17","41"],"off":[0,-0.8]}},{"type":"Feature","geometry":{"type":"Point","coordinates":[10.095864,56.035356]},"properties":{"line":"17","mode":"bus","color":"#0059a9","colorDark":"#00294f","band":3,"off":[-1.7,1.1]}},{"type":"Feature","geometry":{"type":"Point","coordinates":[10.095864,56.035356]},"properties":{"line":"41","mode":"bus","color":"#0059a9","colorDark":"#00294f","band":3,"off":[1.7,1.1]}},{"type":"Feature","geometry":{"type":"Point","coordinates":[10.251065,56.23878]},"properties":{"name":"Lystrup/Majsmarken (Aarhus Kom)","band":3,"modes":"bus","arr":["18","45"],"off":[0,-0.8]}},{"type":"Feature","geometry":{"type":"Point","coordinates":[10.251065,56.23878]},"properties":{"line":"18","mode":"bus","color":"#0059a9","colorDark":"#00294f","band":3,"off":[-1.7,1.1]}},{"type":"Feature","geometry":{"type":"Point","coordinates":[10.251065,56.23878]},"properties":{"line":"45","mode":"bus","color":"#0059a9","colorDark":"#00294f","band":3,"off":[1.7,1.1]}},{"type":"Feature","geometry":{"type":"Point","coordinates":[10.222425,56.086397]},"properties":{"name":"Moesgaard Museum (Aarhus Kom)","band":3,"modes":"bus","arr":["18"],"off":[0,-0.8]}},{"type":"Feature","geometry":{"type":"Point","coordinates":[10.222425,56.086397]},"properties":{"line":"18","mode":"bus","color":"#0059a9","colorDark":"#00294f","band":3,"off":[0,1.1]}},{"type":"Feature","geometry":{"type":"Point","coordinates":[9.919371,56.027208]},"properties":{"name":"FLOK v. Sølund/Dyrehaven (Skanderborg Kom)","band":3,"modes":"bus","arr":["21"],"off":[0,-0.8]}},{"type":"Feature","geometry":{"type":"Point","coordinates":[9.919371,56.027208]},"properties":{"line":"21","mode":"bus","color":"#0059a9","colorDark":"#00294f","band":3,"off":[0,1.1]}},{"type":"Feature","geometry":{"type":"Point","coordinates":[9.897036,56.024927]},"properties":{"name":"Vrold (Skanderborg Kom)","band":3,"modes":"bus","arr":["21"],"off":[0,-0.8]}},{"type":"Feature","geometry":{"type":"Point","coordinates":[9.897036,56.024927]},"properties":{"line":"21","mode":"bus","color":"#0059a9","colorDark":"#00294f","band":3,"off":[0,1.1]}},{"type":"Feature","geometry":{"type":"Point","coordinates":[9.923639,56.043111]},"properties":{"name":"Skanderborg St. (Skanderborg Kom)","band":3,"modes":"bus","arr":["26S","309","331"],"off":[0,-0.8]}},{"type":"Feature","geometry":{"type":"Point","coordinates":[9.923639,56.043111]},"properties":{"line":"26S","mode":"bus","color":"#0059a9","colorDark":"#00294f","band":3,"off":[-3.4,1.1]}},{"type":"Feature","geometry":{"type":"Point","coordinates":[9.923639,56.043111]},"properties":{"line":"309","mode":"bus","color":"#0059a9","colorDark":"#00294f","band":3,"off":[0,1.1]}},{"type":"Feature","geometry":{"type":"Point","coordinates":[9.923639,56.043111]},"properties":{"line":"331","mode":"bus","color":"#0059a9","colorDark":"#00294f","band":3,"off":[3.4,1.1]}},{"type":"Feature","geometry":{"type":"Point","coordinates":[9.887851,56.020603]},"properties":{"name":"KærligHeden/Horsensvej (Skanderborg Kom)","band":3,"modes":"bus","arr":["26S"],"off":[0,-0.8]}},{"type":"Feature","geometry":{"type":"Point","coordinates":[9.887851,56.020603]},"properties":{"line":"26S","mode":"bus","color":"#0059a9","colorDark":"#00294f","band":3,"off":[0,1.1]}},{"type":"Feature","geometry":{"type":"Point","coordinates":[10.247738,56.088628]},"properties":{"name":"Moesgård Strand (Aarhus Kom)","band":3,"modes":"bus","arr":["31"],"off":[0,-0.8]}},{"type":"Feature","geometry":{"type":"Point","coordinates":[10.247738,56.088628]},"properties":{"line":"31","mode":"bus","color":"#0059a9","colorDark":"#00294f","band":3,"off":[0,1.1]}},{"type":"Feature","geometry":{"type":"Point","coordinates":[10.2358,56.231816]},"properties":{"name":"Lystrup/Bygaden (Aarhus Kom)","band":3,"modes":"bus","arr":["32"],"off":[0,-0.8]}},{"type":"Feature","geometry":{"type":"Point","coordinates":[10.2358,56.231816]},"properties":{"line":"32","mode":"bus","color":"#0059a9","colorDark":"#00294f","band":3,"off":[0,1.1]}},{"type":"Feature","geometry":{"type":"Point","coordinates":[10.11198,56.186262]},"properties":{"name":"Aarhus Gymnasium Tilst/Kileparken (Aarhus Kom)","band":3,"modes":"bus","arr":["35","116U"],"off":[0,-0.8]}},{"type":"Feature","geometry":{"type":"Point","coordinates":[10.11198,56.186262]},"properties":{"line":"35","mode":"bus","color":"#0059a9","colorDark":"#00294f","band":3,"off":[-1.7,1.1]}},{"type":"Feature","geometry":{"type":"Point","coordinates":[10.11198,56.186262]},"properties":{"line":"116U","mode":"bus","color":"#0059a9","colorDark":"#00294f","band":3,"off":[1.7,1.1]}},{"type":"Feature","geometry":{"type":"Point","coordinates":[10.273457,56.256394]},"properties":{"name":"Hjortshøj/Hjortshøjvangen (Aarhus Kom)","band":3,"modes":"bus","arr":["46"],"off":[0,-0.8]}},{"type":"Feature","geometry":{"type":"Point","coordinates":[10.273457,56.256394]},"properties":{"line":"46","mode":"bus","color":"#0059a9","colorDark":"#00294f","band":3,"off":[0,1.1]}},{"type":"Feature","geometry":{"type":"Point","coordinates":[10.312985,56.320276]},"properties":{"name":"Hornslet St. (Syddjurs Kom)","band":3,"modes":"bus","arr":["100"],"off":[0,-0.8]}},{"type":"Feature","geometry":{"type":"Point","coordinates":[10.312985,56.320276]},"properties":{"line":"100","mode":"bus","color":"#0059a9","colorDark":"#00294f","band":3,"off":[0,1.1]}},{"type":"Feature","geometry":{"type":"Point","coordinates":[10.257666,55.912246]},"properties":{"name":"Hou Havn (Odder Kom)","band":3,"modes":"bus","arr":["103"],"off":[0,-0.8]}},{"type":"Feature","geometry":{"type":"Point","coordinates":[10.257666,55.912246]},"properties":{"line":"103","mode":"bus","color":"#0059a9","colorDark":"#00294f","band":3,"off":[0,1.1]}},{"type":"Feature","geometry":{"type":"Point","coordinates":[9.545982,56.164243]},"properties":{"name":"Silkeborg Trafikterminal","band":3,"modes":"bus","arr":["113"],"off":[0,-0.8]}},{"type":"Feature","geometry":{"type":"Point","coordinates":[9.545982,56.164243]},"properties":{"line":"113","mode":"bus","color":"#0059a9","colorDark":"#00294f","band":3,"off":[0,1.1]}},{"type":"Feature","geometry":{"type":"Point","coordinates":[10.069134,56.253625]},"properties":{"name":"Ådalsvej/Samsøvej (Favrskov Kom)","band":3,"modes":"bus","arr":["115"],"off":[0,-0.8]}},{"type":"Feature","geometry":{"type":"Point","coordinates":[10.069134,56.253625]},"properties":{"line":"115","mode":"bus","color":"#0059a9","colorDark":"#00294f","band":3,"off":[0,1.1]}},{"type":"Feature","geometry":{"type":"Point","coordinates":[9.895911,56.38645]},"properties":{"name":"Langå St./Bredgade (Randers Kom)","band":3,"modes":"bus","arr":["115"],"off":[0,-0.8]}},{"type":"Feature","geometry":{"type":"Point","coordinates":[9.895911,56.38645]},"properties":{"line":"115","mode":"bus","color":"#0059a9","colorDark":"#00294f","band":3,"off":[0,1.1]}},{"type":"Feature","geometry":{"type":"Point","coordinates":[9.964186,56.184171]},"properties":{"name":"Herskind/Langelinie (Skanderborg Kom)","band":3,"modes":"bus","arr":["116U"],"off":[0,-0.8]}},{"type":"Feature","geometry":{"type":"Point","coordinates":[9.964186,56.184171]},"properties":{"line":"116U","mode":"bus","color":"#0059a9","colorDark":"#00294f","band":3,"off":[0,1.1]}},{"type":"Feature","geometry":{"type":"Point","coordinates":[10.039574,56.458443]},"properties":{"name":"Randers Busterminal","band":3,"modes":"bus","arr":["118"],"off":[0,-0.8]}},{"type":"Feature","geometry":{"type":"Point","coordinates":[10.039574,56.458443]},"properties":{"line":"118","mode":"bus","color":"#0059a9","colorDark":"#00294f","band":3,"off":[0,1.1]}},{"type":"Feature","geometry":{"type":"Point","coordinates":[10.478501,56.300743]},"properties":{"name":"Rønde Busterminal (Syddjurs Kom)","band":3,"modes":"bus","arr":["121"],"off":[0,-0.8]}},{"type":"Feature","geometry":{"type":"Point","coordinates":[10.478501,56.300743]},"properties":{"line":"121","mode":"bus","color":"#0059a9","colorDark":"#00294f","band":3,"off":[0,1.1]}},{"type":"Feature","geometry":{"type":"Point","coordinates":[10.486488,56.212081]},"properties":{"name":"Knebel (Syddjurs Kom)","band":3,"modes":"bus","arr":["121"],"off":[0,-0.8]}},{"type":"Feature","geometry":{"type":"Point","coordinates":[10.486488,56.212081]},"properties":{"line":"121","mode":"bus","color":"#0059a9","colorDark":"#00294f","band":3,"off":[0,1.1]}},{"type":"Feature","geometry":{"type":"Point","coordinates":[10.501947,56.379994]},"properties":{"name":"Ryomgård St. (Syddjurs Kom)","band":3,"modes":"bus","arr":["121"],"off":[0,-0.8]}},{"type":"Feature","geometry":{"type":"Point","coordinates":[10.501947,56.379994]},"properties":{"line":"121","mode":"bus","color":"#0059a9","colorDark":"#00294f","band":3,"off":[0,1.1]}},{"type":"Feature","geometry":{"type":"Point","coordinates":[10.67707,56.179879]},"properties":{"name":"Ebeltoft Busterminal (Syddjurs Kom)","band":3,"modes":"bus","arr":["123"],"off":[0,-0.8]}},{"type":"Feature","geometry":{"type":"Point","coordinates":[10.67707,56.179879]},"properties":{"line":"123","mode":"bus","color":"#0059a9","colorDark":"#00294f","band":3,"off":[0,1.1]}},{"type":"Feature","geometry":{"type":"Point","coordinates":[9.928304,56.035758]},"properties":{"name":"Skanderborg Busterminal","band":3,"modes":"bus","arr":["200"],"off":[0,-0.8]}},{"type":"Feature","geometry":{"type":"Point","coordinates":[9.928304,56.035758]},"properties":{"line":"200","mode":"bus","color":"#0059a9","colorDark":"#00294f","band":3,"off":[0,1.1]}},{"type":"Feature","geometry":{"type":"Point","coordinates":[10.06472,56.279128]},"properties":{"name":"Rylevej/Bjergegårdsvej (Favrskov Kom)","band":3,"modes":"bus","arr":["200"],"off":[0,-0.8]}},{"type":"Feature","geometry":{"type":"Point","coordinates":[10.06472,56.279128]},"properties":{"line":"200","mode":"bus","color":"#0059a9","colorDark":"#00294f","band":3,"off":[0,1.1]}},{"type":"Feature","geometry":{"type":"Point","coordinates":[9.964036,56.191004]},"properties":{"name":"Herskindskolen (Skanderborg Kom)","band":3,"modes":"bus","arr":["309"],"off":[0,-0.8]}},{"type":"Feature","geometry":{"type":"Point","coordinates":[9.964036,56.191004]},"properties":{"line":"309","mode":"bus","color":"#0059a9","colorDark":"#00294f","band":3,"off":[0,1.1]}},{"type":"Feature","geometry":{"type":"Point","coordinates":[9.649662,56.096326]},"properties":{"name":"Glarbo/Rodelundvej (Skanderborg Kom)","band":3,"modes":"bus","arr":["311"],"off":[0,-0.8]}},{"type":"Feature","geometry":{"type":"Point","coordinates":[9.649662,56.096326]},"properties":{"line":"311","mode":"bus","color":"#0059a9","colorDark":"#00294f","band":3,"off":[0,1.1]}},{"type":"Feature","geometry":{"type":"Point","coordinates":[9.947363,56.046919]},"properties":{"name":"Campus Skanderborg/Højvangens Torv","band":3,"modes":"bus","arr":["311","330"],"off":[0,-0.8]}},{"type":"Feature","geometry":{"type":"Point","coordinates":[9.947363,56.046919]},"properties":{"line":"311","mode":"bus","color":"#0059a9","colorDark":"#00294f","band":3,"off":[-1.7,1.1]}},{"type":"Feature","geometry":{"type":"Point","coordinates":[9.947363,56.046919]},"properties":{"line":"330","mode":"bus","color":"#0059a9","colorDark":"#00294f","band":3,"off":[1.7,1.1]}},{"type":"Feature","geometry":{"type":"Point","coordinates":[9.789336,56.297236]},"properties":{"name":"Thorsø/Torvet (Favrskov Kom)","band":3,"modes":"bus","arr":["314"],"off":[0,-0.8]}},{"type":"Feature","geometry":{"type":"Point","coordinates":[9.789336,56.297236]},"properties":{"line":"314","mode":"bus","color":"#0059a9","colorDark":"#00294f","band":3,"off":[0,1.1]}},{"type":"Feature","geometry":{"type":"Point","coordinates":[9.806003,56.15111]},"properties":{"name":"Låsby Skole (Skanderborg Kom)","band":3,"modes":"bus","arr":["330"],"off":[0,-0.8]}},{"type":"Feature","geometry":{"type":"Point","coordinates":[9.806003,56.15111]},"properties":{"line":"330","mode":"bus","color":"#0059a9","colorDark":"#00294f","band":3,"off":[0,1.1]}},{"type":"Feature","geometry":{"type":"Point","coordinates":[10.204923,56.150663]},"properties":{"name":"Aarhus Banegårdsplads","band":3,"modes":"bus","arr":["925X"],"off":[0,-0.8]}},{"type":"Feature","geometry":{"type":"Point","coordinates":[10.204923,56.150663]},"properties":{"line":"925X","mode":"bus","color":"#0059a9","colorDark":"#00294f","band":3,"off":[0,1.1]}},{"type":"Feature","geometry":{"type":"Point","coordinates":[10.626976,56.308184]},"properties":{"name":"Aarhus Lufthavn","band":3,"modes":"bus","arr":["925X"],"off":[0,-0.8]}},{"type":"Feature","geometry":{"type":"Point","coordinates":[10.626976,56.308184]},"properties":{"line":"925X","mode":"bus","color":"#0059a9","colorDark":"#00294f","band":3,"off":[0,1.1]}},{"type":"Feature","geometry":{"type":"Point","coordinates":[10.251492,55.91493]},"properties":{"name":"Hou Skole (Odder Kom)","band":3,"modes":"bus","arr":["1008"],"off":[0,-0.8]}},{"type":"Feature","geometry":{"type":"Point","coordinates":[10.251492,55.91493]},"properties":{"line":"1008","mode":"bus","color":"#0059a9","colorDark":"#00294f","band":3,"off":[0,1.1]}},{"type":"Feature","geometry":{"type":"Point","coordinates":[10.162354,55.979744]},"properties":{"name":"Parkvejens Skole (Odder Kom)","band":3,"modes":"bus","arr":["1003","1004"],"off":[0,-0.8]}},{"type":"Feature","geometry":{"type":"Point","coordinates":[10.162354,55.979744]},"properties":{"line":"1003","mode":"bus","color":"#0059a9","colorDark":"#00294f","band":3,"off":[-1.7,1.1]}},{"type":"Feature","geometry":{"type":"Point","coordinates":[10.162354,55.979744]},"properties":{"line":"1004","mode":"bus","color":"#0059a9","colorDark":"#00294f","band":3,"off":[1.7,1.1]}},{"type":"Feature","geometry":{"type":"Point","coordinates":[10.203292,56.149907]},"properties":{"name":"Aarhus H (Letbane)","band":3,"modes":"tram","arr":["L1"],"off":[0,-0.8]}},{"type":"Feature","geometry":{"type":"Point","coordinates":[10.203292,56.149907]},"properties":{"line":"L1","mode":"tram","color":"#d6212b","colorDark":"#7c1116","band":3,"off":[0,1.1]}},{"type":"Feature","geometry":{"type":"Point","coordinates":[10.880857,56.412792]},"properties":{"name":"Grenaa (Letbane)","band":3,"modes":"tram","arr":["L1"],"off":[0,-0.8]}},{"type":"Feature","geometry":{"type":"Point","coordinates":[10.880857,56.412792]},"properties":{"line":"L1","mode":"tram","color":"#d6212b","colorDark":"#7c1116","band":3,"off":[0,1.1]}},{"type":"Feature","geometry":{"type":"Point","coordinates":[10.157018,56.218056]},"properties":{"name":"Lisbjergskolen (Letbane)","band":3,"modes":"tram","arr":["L2"],"off":[0,-0.8]}},{"type":"Feature","geometry":{"type":"Point","coordinates":[10.157018,56.218056]},"properties":{"line":"L2","mode":"tram","color":"#d6212b","colorDark":"#7c1116","band":3,"off":[0,1.1]}},{"type":"Feature","geometry":{"type":"Point","coordinates":[10.234236,56.230739]},"properties":{"name":"Lystrup (Letbane)","band":3,"modes":"tram","arr":["L2"],"off":[0,-0.8]}},{"type":"Feature","geometry":{"type":"Point","coordinates":[10.234236,56.230739]},"properties":{"line":"L2","mode":"tram","color":"#d6212b","colorDark":"#7c1116","band":3,"off":[0,1.1]}},{"type":"Feature","geometry":{"type":"Point","coordinates":[10.149499,55.971486]},"properties":{"name":"Odder Busterminal","band":4,"modes":"bus","arr":["1","2","100","302","331","1002","1003","1004","1008"],"off":[0,-0.8]}},{"type":"Feature","geometry":{"type":"Point","coordinates":[10.149499,55.971486]},"properties":{"line":"1","mode":"bus","color":"#0059a9","colorDark":"#00294f","band":4,"off":[-6.8,1.1]}},{"type":"Feature","geometry":{"type":"Point","coordinates":[10.149499,55.971486]},"properties":{"line":"2","mode":"bus","color":"#0059a9","colorDark":"#00294f","band":4,"off":[-3.4,1.1]}},{"type":"Feature","geometry":{"type":"Point","coordinates":[10.149499,55.971486]},"properties":{"line":"100","mode":"bus","color":"#0059a9","colorDark":"#00294f","band":4,"off":[0,1.1]}},{"type":"Feature","geometry":{"type":"Point","coordinates":[10.149499,55.971486]},"properties":{"line":"302","mode":"bus","color":"#0059a9","colorDark":"#00294f","band":4,"off":[3.4,1.1]}},{"type":"Feature","geometry":{"type":"Point","coordinates":[10.149499,55.971486]},"properties":{"line":"331","mode":"bus","color":"#0059a9","colorDark":"#00294f","band":4,"off":[6.8,1.1]}},{"type":"Feature","geometry":{"type":"Point","coordinates":[10.149499,55.971486]},"properties":{"line":"1002","mode":"bus","color":"#0059a9","colorDark":"#00294f","band":4,"off":[-5.1,3.1]}},{"type":"Feature","geometry":{"type":"Point","coordinates":[10.149499,55.971486]},"properties":{"line":"1003","mode":"bus","color":"#0059a9","colorDark":"#00294f","band":4,"off":[-1.7,3.1]}},{"type":"Feature","geometry":{"type":"Point","coordinates":[10.149499,55.971486]},"properties":{"line":"1004","mode":"bus","color":"#0059a9","colorDark":"#00294f","band":4,"off":[1.7,3.1]}},{"type":"Feature","geometry":{"type":"Point","coordinates":[10.149499,55.971486]},"properties":{"line":"1008","mode":"bus","color":"#0059a9","colorDark":"#00294f","band":4,"off":[5.1,3.1]}},{"type":"Feature","geometry":{"type":"Point","coordinates":[10.066836,56.106715]},"properties":{"name":"Kolt/Kolt Kirkevej (Aarhus Kom)","band":4,"modes":"bus","arr":["1A"],"off":[0,-0.8]}},{"type":"Feature","geometry":{"type":"Point","coordinates":[10.066836,56.106715]},"properties":{"line":"1A","mode":"bus","color":"#0059a9","colorDark":"#00294f","band":4,"off":[0,1.1]}},{"type":"Feature","geometry":{"type":"Point","coordinates":[10.203171,56.150801]},"properties":{"name":"Park Allé/Banegårdspladsen (Aarhus Kom)","band":4,"modes":"bus","arr":["40","41","46"],"off":[0,-0.8]}},{"type":"Feature","geometry":{"type":"Point","coordinates":[10.203171,56.150801]},"properties":{"line":"40","mode":"bus","color":"#0059a9","colorDark":"#00294f","band":4,"off":[-3.4,1.1]}},{"type":"Feature","geometry":{"type":"Point","coordinates":[10.203171,56.150801]},"properties":{"line":"41","mode":"bus","color":"#0059a9","colorDark":"#00294f","band":4,"off":[0,1.1]}},{"type":"Feature","geometry":{"type":"Point","coordinates":[10.203171,56.150801]},"properties":{"line":"46","mode":"bus","color":"#0059a9","colorDark":"#00294f","band":4,"off":[3.4,1.1]}},{"type":"Feature","geometry":{"type":"Point","coordinates":[10.213068,56.202457]},"properties":{"name":"Vejlby/Stenagervej (Aarhus Kom)","band":4,"modes":"bus","arr":["1A"],"off":[0,-0.8]}},{"type":"Feature","geometry":{"type":"Point","coordinates":[10.213068,56.202457]},"properties":{"line":"1A","mode":"bus","color":"#0059a9","colorDark":"#00294f","band":4,"off":[0,1.1]}},{"type":"Feature","geometry":{"type":"Point","coordinates":[10.142828,55.970344]},"properties":{"name":"Skovbakkeskolen (Odder Kom)","band":4,"modes":"bus","arr":["1002"],"off":[0,-0.8]}},{"type":"Feature","geometry":{"type":"Point","coordinates":[10.142828,55.970344]},"properties":{"line":"1002","mode":"bus","color":"#0059a9","colorDark":"#00294f","band":4,"off":[0,1.1]}},{"type":"Feature","geometry":{"type":"Point","coordinates":[10.048072,56.327448]},"properties":{"name":"Hadsten St./Østergade","band":4,"modes":"bus","arr":["2","4","115","314"],"off":[0,-0.8]}},{"type":"Feature","geometry":{"type":"Point","coordinates":[10.048072,56.327448]},"properties":{"line":"2","mode":"bus","color":"#0059a9","colorDark":"#00294f","band":4,"off":[-5.1,1.1]}},{"type":"Feature","geometry":{"type":"Point","coordinates":[10.048072,56.327448]},"properties":{"line":"4","mode":"bus","color":"#0059a9","colorDark":"#00294f","band":4,"off":[-1.7,1.1]}},{"type":"Feature","geometry":{"type":"Point","coordinates":[10.048072,56.327448]},"properties":{"line":"115","mode":"bus","color":"#0059a9","colorDark":"#00294f","band":4,"off":[1.7,1.1]}},{"type":"Feature","geometry":{"type":"Point","coordinates":[10.048072,56.327448]},"properties":{"line":"314","mode":"bus","color":"#0059a9","colorDark":"#00294f","band":4,"off":[5.1,1.1]}},{"type":"Feature","geometry":{"type":"Point","coordinates":[10.105545,56.330057]},"properties":{"name":"Hadbjerg Skole/Mejsevej (Favrskov Kom)","band":4,"modes":"bus","arr":["3"],"off":[0,-0.8]}},{"type":"Feature","geometry":{"type":"Point","coordinates":[10.105545,56.330057]},"properties":{"line":"3","mode":"bus","color":"#0059a9","colorDark":"#00294f","band":4,"off":[0,1.1]}},{"type":"Feature","geometry":{"type":"Point","coordinates":[10.165444,56.10456]},"properties":{"name":"Holme/Karetmagertoften (Aarhus Kom)","band":4,"modes":"bus","arr":["2A"],"off":[0,-0.8]}},{"type":"Feature","geometry":{"type":"Point","coordinates":[10.165444,56.10456]},"properties":{"line":"2A","mode":"bus","color":"#0059a9","colorDark":"#00294f","band":4,"off":[0,1.1]}},{"type":"Feature","geometry":{"type":"Point","coordinates":[10.203341,56.151768]},"properties":{"name":"Park Allé/Rådhuset (Aarhus Kom)","band":4,"modes":"bus","arr":["42","43","44","45"],"off":[0,-0.8]}},{"type":"Feature","geometry":{"type":"Point","coordinates":[10.203341,56.151768]},"properties":{"line":"42","mode":"bus","color":"#0059a9","colorDark":"#00294f","band":4,"off":[-5.1,1.1]}},{"type":"Feature","geometry":{"type":"Point","coordinates":[10.203341,56.151768]},"properties":{"line":"43","mode":"bus","color":"#0059a9","colorDark":"#00294f","band":4,"off":[-1.7,1.1]}},{"type":"Feature","geometry":{"type":"Point","coordinates":[10.203341,56.151768]},"properties":{"line":"44","mode":"bus","color":"#0059a9","colorDark":"#00294f","band":4,"off":[1.7,1.1]}},{"type":"Feature","geometry":{"type":"Point","coordinates":[10.203341,56.151768]},"properties":{"line":"45","mode":"bus","color":"#0059a9","colorDark":"#00294f","band":4,"off":[5.1,1.1]}},{"type":"Feature","geometry":{"type":"Point","coordinates":[10.135691,56.247835]},"properties":{"name":"Trige/Vestermøllevej (Aarhus Kom)","band":4,"modes":"bus","arr":["2A"],"off":[0,-0.8]}},{"type":"Feature","geometry":{"type":"Point","coordinates":[10.135691,56.247835]},"properties":{"line":"2A","mode":"bus","color":"#0059a9","colorDark":"#00294f","band":4,"off":[0,1.1]}},{"type":"Feature","geometry":{"type":"Point","coordinates":[10.171445,56.364118]},"properties":{"name":"Voldum Kirke (Favrskov Kom)","band":4,"modes":"bus","arr":["3"],"off":[0,-0.8]}},{"type":"Feature","geometry":{"type":"Point","coordinates":[10.171445,56.364118]},"properties":{"line":"3","mode":"bus","color":"#0059a9","colorDark":"#00294f","band":4,"off":[0,1.1]}},{"type":"Feature","geometry":{"type":"Point","coordinates":[10.108446,56.194388]},"properties":{"name":"Tilst Vestervej/Havkærvej (Aarhus Kom)","band":4,"modes":"bus","arr":["3A","44"],"off":[0,-0.8]}},{"type":"Feature","geometry":{"type":"Point","coordinates":[10.108446,56.194388]},"properties":{"line":"3A","mode":"bus","color":"#0059a9","colorDark":"#00294f","band":4,"off":[-1.7,1.1]}},{"type":"Feature","geometry":{"type":"Point","coordinates":[10.108446,56.194388]},"properties":{"line":"44","mode":"bus","color":"#0059a9","colorDark":"#00294f","band":4,"off":[1.7,1.1]}},{"type":"Feature","geometry":{"type":"Point","coordinates":[10.222044,56.164651]},"properties":{"name":"Aarhus Ø/Nikoline Kochs Plads (Aarhus Kom)","band":4,"modes":"bus","arr":["3A"],"off":[0,-0.8]}},{"type":"Feature","geometry":{"type":"Point","coordinates":[10.222044,56.164651]},"properties":{"line":"3A","mode":"bus","color":"#0059a9","colorDark":"#00294f","band":4,"off":[0,1.1]}},{"type":"Feature","geometry":{"type":"Point","coordinates":[10.037517,56.321097]},"properties":{"name":"Østervangskolen/Overgårdsvej (Favrskov Kom)","band":4,"modes":"bus","arr":["4"],"off":[0,-0.8]}},{"type":"Feature","geometry":{"type":"Point","coordinates":[10.037517,56.321097]},"properties":{"line":"4","mode":"bus","color":"#0059a9","colorDark":"#00294f","band":4,"off":[0,1.1]}},{"type":"Feature","geometry":{"type":"Point","coordinates":[10.059274,56.329814]},"properties":{"name":"Favrskov Gymnasium/Hovvej","band":4,"modes":"bus","arr":["4"],"off":[0,-0.8]}},{"type":"Feature","geometry":{"type":"Point","coordinates":[10.059274,56.329814]},"properties":{"line":"4","mode":"bus","color":"#0059a9","colorDark":"#00294f","band":4,"off":[0,1.1]}},{"type":"Feature","geometry":{"type":"Point","coordinates":[10.117152,56.16786]},"properties":{"name":"Brabrand Nord/Spobjergvej (Aarhus Kom)","band":4,"modes":"bus","arr":["4A","43"],"off":[0,-0.8]}},{"type":"Feature","geometry":{"type":"Point","coordinates":[10.117152,56.16786]},"properties":{"line":"4A","mode":"bus","color":"#0059a9","colorDark":"#00294f","band":4,"off":[-1.7,1.1]}},{"type":"Feature","geometry":{"type":"Point","coordinates":[10.117152,56.16786]},"properties":{"line":"43","mode":"bus","color":"#0059a9","colorDark":"#00294f","band":4,"off":[1.7,1.1]}},{"type":"Feature","geometry":{"type":"Point","coordinates":[10.152222,56.084645]},"properties":{"name":"Tranbjerg/Hyrdevænget (Aarhus Kom)","band":4,"modes":"bus","arr":["4A","41"],"off":[0,-0.8]}},{"type":"Feature","geometry":{"type":"Point","coordinates":[10.152222,56.084645]},"properties":{"line":"4A","mode":"bus","color":"#0059a9","colorDark":"#00294f","band":4,"off":[-1.7,1.1]}},{"type":"Feature","geometry":{"type":"Point","coordinates":[10.152222,56.084645]},"properties":{"line":"41","mode":"bus","color":"#0059a9","colorDark":"#00294f","band":4,"off":[1.7,1.1]}},{"type":"Feature","geometry":{"type":"Point","coordinates":[10.206024,56.139404]},"properties":{"name":"Tangkrogen/Dalgas Avenue (Aarhus Kom)","band":4,"modes":"bus","arr":["5A"],"off":[0,-0.8]}},{"type":"Feature","geometry":{"type":"Point","coordinates":[10.206024,56.139404]},"properties":{"line":"5A","mode":"bus","color":"#0059a9","colorDark":"#00294f","band":4,"off":[0,1.1]}},{"type":"Feature","geometry":{"type":"Point","coordinates":[10.219156,56.177049]},"properties":{"name":"Marienlund/Marienlunds Allé (Aarhus Kom)","band":4,"modes":"bus","arr":["5A"],"off":[0,-0.8]}},{"type":"Feature","geometry":{"type":"Point","coordinates":[10.219156,56.177049]},"properties":{"line":"5A","mode":"bus","color":"#0059a9","colorDark":"#00294f","band":4,"off":[0,1.1]}},{"type":"Feature","geometry":{"type":"Point","coordinates":[10.060308,56.263352]},"properties":{"name":"Hinnerup St./Banegårdspl.","band":4,"modes":"bus","arr":["6","7","8"],"off":[0,-0.8]}},{"type":"Feature","geometry":{"type":"Point","coordinates":[10.060308,56.263352]},"properties":{"line":"6","mode":"bus","color":"#0059a9","colorDark":"#00294f","band":4,"off":[-3.4,1.1]}},{"type":"Feature","geometry":{"type":"Point","coordinates":[10.060308,56.263352]},"properties":{"line":"7","mode":"bus","color":"#0059a9","colorDark":"#00294f","band":4,"off":[0,1.1]}},{"type":"Feature","geometry":{"type":"Point","coordinates":[10.060308,56.263352]},"properties":{"line":"8","mode":"bus","color":"#0059a9","colorDark":"#00294f","band":4,"off":[3.4,1.1]}},{"type":"Feature","geometry":{"type":"Point","coordinates":[10.062428,56.263242]},"properties":{"name":"Storegade/Ådalsvej","band":4,"modes":"bus","arr":["7"],"off":[0,-0.8]}},{"type":"Feature","geometry":{"type":"Point","coordinates":[10.062428,56.263242]},"properties":{"line":"7","mode":"bus","color":"#0059a9","colorDark":"#00294f","band":4,"off":[0,1.1]}},{"type":"Feature","geometry":{"type":"Point","coordinates":[10.083314,56.23484]},"properties":{"name":"Præstemarkskolen/Kvottrupvej (Favrskov Kom)","band":4,"modes":"bus","arr":["6"],"off":[0,-0.8]}},{"type":"Feature","geometry":{"type":"Point","coordinates":[10.083314,56.23484]},"properties":{"line":"6","mode":"bus","color":"#0059a9","colorDark":"#00294f","band":4,"off":[0,1.1]}},{"type":"Feature","geometry":{"type":"Point","coordinates":[10.214219,56.109349]},"properties":{"name":"Skåde/Emiliedalsvej (Aarhus Kom)","band":4,"modes":"bus","arr":["6A"],"off":[0,-0.8]}},{"type":"Feature","geometry":{"type":"Point","coordinates":[10.214219,56.109349]},"properties":{"line":"6A","mode":"bus","color":"#0059a9","colorDark":"#00294f","band":4,"off":[0,1.1]}},{"type":"Feature","geometry":{"type":"Point","coordinates":[10.170095,56.193604]},"properties":{"name":"Aarhus Universitetshospital Skejby indgang H","band":4,"modes":"bus","arr":["6A"],"off":[0,-0.8]}},{"type":"Feature","geometry":{"type":"Point","coordinates":[10.170095,56.193604]},"properties":{"line":"6A","mode":"bus","color":"#0059a9","colorDark":"#00294f","band":4,"off":[0,1.1]}},{"type":"Feature","geometry":{"type":"Point","coordinates":[9.969404,56.223294]},"properties":{"name":"Møllebakken/Lærkereden (Favrskov Kom)","band":4,"modes":"bus","arr":["9"],"off":[0,-0.8]}},{"type":"Feature","geometry":{"type":"Point","coordinates":[9.969404,56.223294]},"properties":{"line":"9","mode":"bus","color":"#0059a9","colorDark":"#00294f","band":4,"off":[0,1.1]}},{"type":"Feature","geometry":{"type":"Point","coordinates":[10.023907,56.213132]},"properties":{"name":"Sabro Skolevej (Aarhus Kom)","band":4,"modes":"bus","arr":["14"],"off":[0,-0.8]}},{"type":"Feature","geometry":{"type":"Point","coordinates":[10.023907,56.213132]},"properties":{"line":"14","mode":"bus","color":"#0059a9","colorDark":"#00294f","band":4,"off":[0,1.1]}},{"type":"Feature","geometry":{"type":"Point","coordinates":[9.858772,56.249071]},"properties":{"name":"Søndervangskolen/Anbækvej (Favrskov Kom)","band":4,"modes":"bus","arr":["9"],"off":[0,-0.8]}},{"type":"Feature","geometry":{"type":"Point","coordinates":[9.858772,56.249071]},"properties":{"line":"9","mode":"bus","color":"#0059a9","colorDark":"#00294f","band":4,"off":[0,1.1]}},{"type":"Feature","geometry":{"type":"Point","coordinates":[9.86236,56.256707]},"properties":{"name":"Hammel Rtb.","band":4,"modes":"bus","arr":["9","114","314"],"off":[0,-0.8]}},{"type":"Feature","geometry":{"type":"Point","coordinates":[9.86236,56.256707]},"properties":{"line":"9","mode":"bus","color":"#0059a9","colorDark":"#00294f","band":4,"off":[-3.4,1.1]}},{"type":"Feature","geometry":{"type":"Point","coordinates":[9.86236,56.256707]},"properties":{"line":"114","mode":"bus","color":"#0059a9","colorDark":"#00294f","band":4,"off":[0,1.1]}},{"type":"Feature","geometry":{"type":"Point","coordinates":[9.86236,56.256707]},"properties":{"line":"314","mode":"bus","color":"#0059a9","colorDark":"#00294f","band":4,"off":[3.4,1.1]}},{"type":"Feature","geometry":{"type":"Point","coordinates":[10.100191,56.129614]},"properties":{"name":"Stavtrup/Ormslevvej (Aarhus Kom)","band":4,"modes":"bus","arr":["11","42"],"off":[0,-0.8]}},{"type":"Feature","geometry":{"type":"Point","coordinates":[10.100191,56.129614]},"properties":{"line":"11","mode":"bus","color":"#0059a9","colorDark":"#00294f","band":4,"off":[-1.7,1.1]}},{"type":"Feature","geometry":{"type":"Point","coordinates":[10.100191,56.129614]},"properties":{"line":"42","mode":"bus","color":"#0059a9","colorDark":"#00294f","band":4,"off":[1.7,1.1]}},{"type":"Feature","geometry":{"type":"Point","coordinates":[9.987502,56.144066]},"properties":{"name":"Harlev/Rødlundvej Syd (Aarhus Kom)","band":4,"modes":"bus","arr":["11"],"off":[0,-0.8]}},{"type":"Feature","geometry":{"type":"Point","coordinates":[9.987502,56.144066]},"properties":{"line":"11","mode":"bus","color":"#0059a9","colorDark":"#00294f","band":4,"off":[0,1.1]}},{"type":"Feature","geometry":{"type":"Point","coordinates":[10.214825,56.300579]},"properties":{"name":"Mejlby/Gl. Kaløvej (Aarhus Kom)","band":4,"modes":"bus","arr":["12","16"],"off":[0,-0.8]}},{"type":"Feature","geometry":{"type":"Point","coordinates":[10.214825,56.300579]},"properties":{"line":"12","mode":"bus","color":"#0059a9","colorDark":"#00294f","band":4,"off":[-1.7,1.1]}},{"type":"Feature","geometry":{"type":"Point","coordinates":[10.214825,56.300579]},"properties":{"line":"16","mode":"bus","color":"#0059a9","colorDark":"#00294f","band":4,"off":[1.7,1.1]}},{"type":"Feature","geometry":{"type":"Point","coordinates":[10.269673,56.210044]},"properties":{"name":"Egaa Gymnasium/Mejlbyvej (Aarhus Kom)","band":4,"modes":"bus","arr":["32"],"off":[0,-0.8]}},{"type":"Feature","geometry":{"type":"Point","coordinates":[10.269673,56.210044]},"properties":{"line":"32","mode":"bus","color":"#0059a9","colorDark":"#00294f","band":4,"off":[0,1.1]}},{"type":"Feature","geometry":{"type":"Point","coordinates":[10.05916,56.162617]},"properties":{"name":"Logistikparken/Rosbjergvej","band":4,"modes":"bus","arr":["12"],"off":[0,-0.8]}},{"type":"Feature","geometry":{"type":"Point","coordinates":[10.05916,56.162617]},"properties":{"line":"12","mode":"bus","color":"#0059a9","colorDark":"#00294f","band":4,"off":[0,1.1]}},{"type":"Feature","geometry":{"type":"Point","coordinates":[10.209497,56.152195]},"properties":{"name":"Aarhus Rutebilstation/Sønder Allé","band":4,"modes":"bus","arr":["103","302"],"off":[0,-0.8]}},{"type":"Feature","geometry":{"type":"Point","coordinates":[10.209497,56.152195]},"properties":{"line":"103","mode":"bus","color":"#0059a9","colorDark":"#00294f","band":4,"off":[-1.7,1.1]}},{"type":"Feature","geometry":{"type":"Point","coordinates":[10.209497,56.152195]},"properties":{"line":"302","mode":"bus","color":"#0059a9","colorDark":"#00294f","band":4,"off":[1.7,1.1]}},{"type":"Feature","geometry":{"type":"Point","coordinates":[10.17288,56.102161]},"properties":{"name":"Holme Parkvej (Aarhus Kom)","band":4,"modes":"bus","arr":["13"],"off":[0,-0.8]}},{"type":"Feature","geometry":{"type":"Point","coordinates":[10.17288,56.102161]},"properties":{"line":"13","mode":"bus","color":"#0059a9","colorDark":"#00294f","band":4,"off":[0,1.1]}},{"type":"Feature","geometry":{"type":"Point","coordinates":[10.172179,56.171816]},"properties":{"name":"Frydenlund/Fuglebakkevej (Aarhus Kom)","band":4,"modes":"bus","arr":["13"],"off":[0,-0.8]}},{"type":"Feature","geometry":{"type":"Point","coordinates":[10.172179,56.171816]},"properties":{"line":"13","mode":"bus","color":"#0059a9","colorDark":"#00294f","band":4,"off":[0,1.1]}},{"type":"Feature","geometry":{"type":"Point","coordinates":[10.13272,56.12353]},"properties":{"name":"Grøfthøj/Bøgeskov Høvej (Aarhus Kom)","band":4,"modes":"bus","arr":["14"],"off":[0,-0.8]}},{"type":"Feature","geometry":{"type":"Point","coordinates":[10.13272,56.12353]},"properties":{"line":"14","mode":"bus","color":"#0059a9","colorDark":"#00294f","band":4,"off":[0,1.1]}},{"type":"Feature","geometry":{"type":"Point","coordinates":[10.187663,56.206559]},"properties":{"name":"Skejby Nordlandsvej (Aarhus Kom)","band":4,"modes":"bus","arr":["15"],"off":[0,-0.8]}},{"type":"Feature","geometry":{"type":"Point","coordinates":[10.187663,56.206559]},"properties":{"line":"15","mode":"bus","color":"#0059a9","colorDark":"#00294f","band":4,"off":[0,1.1]}},{"type":"Feature","geometry":{"type":"Point","coordinates":[10.092277,56.159665]},"properties":{"name":"Brabrand Vest/Helenelyst (Aarhus Kom)","band":4,"modes":"bus","arr":["15","35"],"off":[0,-0.8]}},{"type":"Feature","geometry":{"type":"Point","coordinates":[10.092277,56.159665]},"properties":{"line":"15","mode":"bus","color":"#0059a9","colorDark":"#00294f","band":4,"off":[-1.7,1.1]}},{"type":"Feature","geometry":{"type":"Point","coordinates":[10.092277,56.159665]},"properties":{"line":"35","mode":"bus","color":"#0059a9","colorDark":"#00294f","band":4,"off":[1.7,1.1]}},{"type":"Feature","geometry":{"type":"Point","coordinates":[10.164524,56.058318]},"properties":{"name":"Mårslet/Nymarks Allé (Aarhus Kom)","band":4,"modes":"bus","arr":["16","40"],"off":[0,-0.8]}},{"type":"Feature","geometry":{"type":"Point","coordinates":[10.164524,56.058318]},"properties":{"line":"16","mode":"bus","color":"#0059a9","colorDark":"#00294f","band":4,"off":[-1.7,1.1]}},{"type":"Feature","geometry":{"type":"Point","coordinates":[10.164524,56.058318]},"properties":{"line":"40","mode":"bus","color":"#0059a9","colorDark":"#00294f","band":4,"off":[1.7,1.1]}},{"type":"Feature","geometry":{"type":"Point","coordinates":[10.340245,56.258]},"properties":{"name":"Studstrup/Præstekravevej (Aarhus Kom)","band":4,"modes":"bus","arr":["17"],"off":[0,-0.8]}},{"type":"Feature","geometry":{"type":"Point","coordinates":[10.340245,56.258]},"properties":{"line":"17","mode":"bus","color":"#0059a9","colorDark":"#00294f","band":4,"off":[0,1.1]}},{"type":"Feature","geometry":{"type":"Point","coordinates":[10.095864,56.035356]},"properties":{"name":"Solbjerg/Lystenlund (Aarhus Kom)","band":4,"modes":"bus","arr":["17","41"],"off":[0,-0.8]}},{"type":"Feature","geometry":{"type":"Point","coordinates":[10.095864,56.035356]},"properties":{"line":"17","mode":"bus","color":"#0059a9","colorDark":"#00294f","band":4,"off":[-1.7,1.1]}},{"type":"Feature","geometry":{"type":"Point","coordinates":[10.095864,56.035356]},"properties":{"line":"41","mode":"bus","color":"#0059a9","colorDark":"#00294f","band":4,"off":[1.7,1.1]}},{"type":"Feature","geometry":{"type":"Point","coordinates":[10.251065,56.23878]},"properties":{"name":"Lystrup/Majsmarken (Aarhus Kom)","band":4,"modes":"bus","arr":["18","45"],"off":[0,-0.8]}},{"type":"Feature","geometry":{"type":"Point","coordinates":[10.251065,56.23878]},"properties":{"line":"18","mode":"bus","color":"#0059a9","colorDark":"#00294f","band":4,"off":[-1.7,1.1]}},{"type":"Feature","geometry":{"type":"Point","coordinates":[10.251065,56.23878]},"properties":{"line":"45","mode":"bus","color":"#0059a9","colorDark":"#00294f","band":4,"off":[1.7,1.1]}},{"type":"Feature","geometry":{"type":"Point","coordinates":[10.222425,56.086397]},"properties":{"name":"Moesgaard Museum (Aarhus Kom)","band":4,"modes":"bus","arr":["18"],"off":[0,-0.8]}},{"type":"Feature","geometry":{"type":"Point","coordinates":[10.222425,56.086397]},"properties":{"line":"18","mode":"bus","color":"#0059a9","colorDark":"#00294f","band":4,"off":[0,1.1]}},{"type":"Feature","geometry":{"type":"Point","coordinates":[9.919371,56.027208]},"properties":{"name":"FLOK v. Sølund/Dyrehaven (Skanderborg Kom)","band":4,"modes":"bus","arr":["21"],"off":[0,-0.8]}},{"type":"Feature","geometry":{"type":"Point","coordinates":[9.919371,56.027208]},"properties":{"line":"21","mode":"bus","color":"#0059a9","colorDark":"#00294f","band":4,"off":[0,1.1]}},{"type":"Feature","geometry":{"type":"Point","coordinates":[9.897036,56.024927]},"properties":{"name":"Vrold (Skanderborg Kom)","band":4,"modes":"bus","arr":["21"],"off":[0,-0.8]}},{"type":"Feature","geometry":{"type":"Point","coordinates":[9.897036,56.024927]},"properties":{"line":"21","mode":"bus","color":"#0059a9","colorDark":"#00294f","band":4,"off":[0,1.1]}},{"type":"Feature","geometry":{"type":"Point","coordinates":[9.923639,56.043111]},"properties":{"name":"Skanderborg St. (Skanderborg Kom)","band":4,"modes":"bus","arr":["26S","309","331"],"off":[0,-0.8]}},{"type":"Feature","geometry":{"type":"Point","coordinates":[9.923639,56.043111]},"properties":{"line":"26S","mode":"bus","color":"#0059a9","colorDark":"#00294f","band":4,"off":[-3.4,1.1]}},{"type":"Feature","geometry":{"type":"Point","coordinates":[9.923639,56.043111]},"properties":{"line":"309","mode":"bus","color":"#0059a9","colorDark":"#00294f","band":4,"off":[0,1.1]}},{"type":"Feature","geometry":{"type":"Point","coordinates":[9.923639,56.043111]},"properties":{"line":"331","mode":"bus","color":"#0059a9","colorDark":"#00294f","band":4,"off":[3.4,1.1]}},{"type":"Feature","geometry":{"type":"Point","coordinates":[9.887851,56.020603]},"properties":{"name":"KærligHeden/Horsensvej (Skanderborg Kom)","band":4,"modes":"bus","arr":["26S"],"off":[0,-0.8]}},{"type":"Feature","geometry":{"type":"Point","coordinates":[9.887851,56.020603]},"properties":{"line":"26S","mode":"bus","color":"#0059a9","colorDark":"#00294f","band":4,"off":[0,1.1]}},{"type":"Feature","geometry":{"type":"Point","coordinates":[10.208972,56.151989]},"properties":{"name":"Aarhus Rutebilstation","band":4,"modes":"bus","arr":["31","103","113","114","118","123","302"],"off":[0,-0.8]}},{"type":"Feature","geometry":{"type":"Point","coordinates":[10.208972,56.151989]},"properties":{"line":"31","mode":"bus","color":"#0059a9","colorDark":"#00294f","band":4,"off":[-6.8,1.1]}},{"type":"Feature","geometry":{"type":"Point","coordinates":[10.208972,56.151989]},"properties":{"line":"103","mode":"bus","color":"#0059a9","colorDark":"#00294f","band":4,"off":[-3.4,1.1]}},{"type":"Feature","geometry":{"type":"Point","coordinates":[10.208972,56.151989]},"properties":{"line":"113","mode":"bus","color":"#0059a9","colorDark":"#00294f","band":4,"off":[0,1.1]}},{"type":"Feature","geometry":{"type":"Point","coordinates":[10.208972,56.151989]},"properties":{"line":"114","mode":"bus","color":"#0059a9","colorDark":"#00294f","band":4,"off":[3.4,1.1]}},{"type":"Feature","geometry":{"type":"Point","coordinates":[10.208972,56.151989]},"properties":{"line":"118","mode":"bus","color":"#0059a9","colorDark":"#00294f","band":4,"off":[6.8,1.1]}},{"type":"Feature","geometry":{"type":"Point","coordinates":[10.208972,56.151989]},"properties":{"line":"123","mode":"bus","color":"#0059a9","colorDark":"#00294f","band":4,"off":[-1.7,3.1]}},{"type":"Feature","geometry":{"type":"Point","coordinates":[10.208972,56.151989]},"properties":{"line":"302","mode":"bus","color":"#0059a9","colorDark":"#00294f","band":4,"off":[1.7,3.1]}},{"type":"Feature","geometry":{"type":"Point","coordinates":[10.247738,56.088628]},"properties":{"name":"Moesgård Strand (Aarhus Kom)","band":4,"modes":"bus","arr":["31"],"off":[0,-0.8]}},{"type":"Feature","geometry":{"type":"Point","coordinates":[10.247738,56.088628]},"properties":{"line":"31","mode":"bus","color":"#0059a9","colorDark":"#00294f","band":4,"off":[0,1.1]}},{"type":"Feature","geometry":{"type":"Point","coordinates":[10.2358,56.231816]},"properties":{"name":"Lystrup/Bygaden (Aarhus Kom)","band":4,"modes":"bus","arr":["32"],"off":[0,-0.8]}},{"type":"Feature","geometry":{"type":"Point","coordinates":[10.2358,56.231816]},"properties":{"line":"32","mode":"bus","color":"#0059a9","colorDark":"#00294f","band":4,"off":[0,1.1]}},{"type":"Feature","geometry":{"type":"Point","coordinates":[10.11198,56.186262]},"properties":{"name":"Aarhus Gymnasium Tilst/Kileparken (Aarhus Kom)","band":4,"modes":"bus","arr":["35","116U"],"off":[0,-0.8]}},{"type":"Feature","geometry":{"type":"Point","coordinates":[10.11198,56.186262]},"properties":{"line":"35","mode":"bus","color":"#0059a9","colorDark":"#00294f","band":4,"off":[-1.7,1.1]}},{"type":"Feature","geometry":{"type":"Point","coordinates":[10.11198,56.186262]},"properties":{"line":"116U","mode":"bus","color":"#0059a9","colorDark":"#00294f","band":4,"off":[1.7,1.1]}},{"type":"Feature","geometry":{"type":"Point","coordinates":[10.273457,56.256394]},"properties":{"name":"Hjortshøj/Hjortshøjvangen (Aarhus Kom)","band":4,"modes":"bus","arr":["46"],"off":[0,-0.8]}},{"type":"Feature","geometry":{"type":"Point","coordinates":[10.273457,56.256394]},"properties":{"line":"46","mode":"bus","color":"#0059a9","colorDark":"#00294f","band":4,"off":[0,1.1]}},{"type":"Feature","geometry":{"type":"Point","coordinates":[10.312985,56.320276]},"properties":{"name":"Hornslet St. (Syddjurs Kom)","band":4,"modes":"bus","arr":["100"],"off":[0,-0.8]}},{"type":"Feature","geometry":{"type":"Point","coordinates":[10.312985,56.320276]},"properties":{"line":"100","mode":"bus","color":"#0059a9","colorDark":"#00294f","band":4,"off":[0,1.1]}},{"type":"Feature","geometry":{"type":"Point","coordinates":[10.257666,55.912246]},"properties":{"name":"Hou Havn (Odder Kom)","band":4,"modes":"bus","arr":["103"],"off":[0,-0.8]}},{"type":"Feature","geometry":{"type":"Point","coordinates":[10.257666,55.912246]},"properties":{"line":"103","mode":"bus","color":"#0059a9","colorDark":"#00294f","band":4,"off":[0,1.1]}},{"type":"Feature","geometry":{"type":"Point","coordinates":[9.545982,56.164243]},"properties":{"name":"Silkeborg Trafikterminal","band":4,"modes":"bus","arr":["113"],"off":[0,-0.8]}},{"type":"Feature","geometry":{"type":"Point","coordinates":[9.545982,56.164243]},"properties":{"line":"113","mode":"bus","color":"#0059a9","colorDark":"#00294f","band":4,"off":[0,1.1]}},{"type":"Feature","geometry":{"type":"Point","coordinates":[10.069134,56.253625]},"properties":{"name":"Ådalsvej/Samsøvej (Favrskov Kom)","band":4,"modes":"bus","arr":["115"],"off":[0,-0.8]}},{"type":"Feature","geometry":{"type":"Point","coordinates":[10.069134,56.253625]},"properties":{"line":"115","mode":"bus","color":"#0059a9","colorDark":"#00294f","band":4,"off":[0,1.1]}},{"type":"Feature","geometry":{"type":"Point","coordinates":[9.895911,56.38645]},"properties":{"name":"Langå St./Bredgade (Randers Kom)","band":4,"modes":"bus","arr":["115"],"off":[0,-0.8]}},{"type":"Feature","geometry":{"type":"Point","coordinates":[9.895911,56.38645]},"properties":{"line":"115","mode":"bus","color":"#0059a9","colorDark":"#00294f","band":4,"off":[0,1.1]}},{"type":"Feature","geometry":{"type":"Point","coordinates":[9.964186,56.184171]},"properties":{"name":"Herskind/Langelinie (Skanderborg Kom)","band":4,"modes":"bus","arr":["116U"],"off":[0,-0.8]}},{"type":"Feature","geometry":{"type":"Point","coordinates":[9.964186,56.184171]},"properties":{"line":"116U","mode":"bus","color":"#0059a9","colorDark":"#00294f","band":4,"off":[0,1.1]}},{"type":"Feature","geometry":{"type":"Point","coordinates":[10.039574,56.458443]},"properties":{"name":"Randers Busterminal","band":4,"modes":"bus","arr":["118"],"off":[0,-0.8]}},{"type":"Feature","geometry":{"type":"Point","coordinates":[10.039574,56.458443]},"properties":{"line":"118","mode":"bus","color":"#0059a9","colorDark":"#00294f","band":4,"off":[0,1.1]}},{"type":"Feature","geometry":{"type":"Point","coordinates":[10.478501,56.300743]},"properties":{"name":"Rønde Busterminal (Syddjurs Kom)","band":4,"modes":"bus","arr":["121"],"off":[0,-0.8]}},{"type":"Feature","geometry":{"type":"Point","coordinates":[10.478501,56.300743]},"properties":{"line":"121","mode":"bus","color":"#0059a9","colorDark":"#00294f","band":4,"off":[0,1.1]}},{"type":"Feature","geometry":{"type":"Point","coordinates":[10.486488,56.212081]},"properties":{"name":"Knebel (Syddjurs Kom)","band":4,"modes":"bus","arr":["121"],"off":[0,-0.8]}},{"type":"Feature","geometry":{"type":"Point","coordinates":[10.486488,56.212081]},"properties":{"line":"121","mode":"bus","color":"#0059a9","colorDark":"#00294f","band":4,"off":[0,1.1]}},{"type":"Feature","geometry":{"type":"Point","coordinates":[10.501947,56.379994]},"properties":{"name":"Ryomgård St. (Syddjurs Kom)","band":4,"modes":"bus","arr":["121"],"off":[0,-0.8]}},{"type":"Feature","geometry":{"type":"Point","coordinates":[10.501947,56.379994]},"properties":{"line":"121","mode":"bus","color":"#0059a9","colorDark":"#00294f","band":4,"off":[0,1.1]}},{"type":"Feature","geometry":{"type":"Point","coordinates":[10.67707,56.179879]},"properties":{"name":"Ebeltoft Busterminal (Syddjurs Kom)","band":4,"modes":"bus","arr":["123"],"off":[0,-0.8]}},{"type":"Feature","geometry":{"type":"Point","coordinates":[10.67707,56.179879]},"properties":{"line":"123","mode":"bus","color":"#0059a9","colorDark":"#00294f","band":4,"off":[0,1.1]}},{"type":"Feature","geometry":{"type":"Point","coordinates":[9.928304,56.035758]},"properties":{"name":"Skanderborg Busterminal","band":4,"modes":"bus","arr":["200"],"off":[0,-0.8]}},{"type":"Feature","geometry":{"type":"Point","coordinates":[9.928304,56.035758]},"properties":{"line":"200","mode":"bus","color":"#0059a9","colorDark":"#00294f","band":4,"off":[0,1.1]}},{"type":"Feature","geometry":{"type":"Point","coordinates":[10.06472,56.279128]},"properties":{"name":"Rylevej/Bjergegårdsvej (Favrskov Kom)","band":4,"modes":"bus","arr":["200"],"off":[0,-0.8]}},{"type":"Feature","geometry":{"type":"Point","coordinates":[10.06472,56.279128]},"properties":{"line":"200","mode":"bus","color":"#0059a9","colorDark":"#00294f","band":4,"off":[0,1.1]}},{"type":"Feature","geometry":{"type":"Point","coordinates":[9.964036,56.191004]},"properties":{"name":"Herskindskolen (Skanderborg Kom)","band":4,"modes":"bus","arr":["309"],"off":[0,-0.8]}},{"type":"Feature","geometry":{"type":"Point","coordinates":[9.964036,56.191004]},"properties":{"line":"309","mode":"bus","color":"#0059a9","colorDark":"#00294f","band":4,"off":[0,1.1]}},{"type":"Feature","geometry":{"type":"Point","coordinates":[9.649662,56.096326]},"properties":{"name":"Glarbo/Rodelundvej (Skanderborg Kom)","band":4,"modes":"bus","arr":["311"],"off":[0,-0.8]}},{"type":"Feature","geometry":{"type":"Point","coordinates":[9.649662,56.096326]},"properties":{"line":"311","mode":"bus","color":"#0059a9","colorDark":"#00294f","band":4,"off":[0,1.1]}},{"type":"Feature","geometry":{"type":"Point","coordinates":[9.947363,56.046919]},"properties":{"name":"Campus Skanderborg/Højvangens Torv","band":4,"modes":"bus","arr":["311","330"],"off":[0,-0.8]}},{"type":"Feature","geometry":{"type":"Point","coordinates":[9.947363,56.046919]},"properties":{"line":"311","mode":"bus","color":"#0059a9","colorDark":"#00294f","band":4,"off":[-1.7,1.1]}},{"type":"Feature","geometry":{"type":"Point","coordinates":[9.947363,56.046919]},"properties":{"line":"330","mode":"bus","color":"#0059a9","colorDark":"#00294f","band":4,"off":[1.7,1.1]}},{"type":"Feature","geometry":{"type":"Point","coordinates":[9.789336,56.297236]},"properties":{"name":"Thorsø/Torvet (Favrskov Kom)","band":4,"modes":"bus","arr":["314"],"off":[0,-0.8]}},{"type":"Feature","geometry":{"type":"Point","coordinates":[9.789336,56.297236]},"properties":{"line":"314","mode":"bus","color":"#0059a9","colorDark":"#00294f","band":4,"off":[0,1.1]}},{"type":"Feature","geometry":{"type":"Point","coordinates":[9.806003,56.15111]},"properties":{"name":"Låsby Skole (Skanderborg Kom)","band":4,"modes":"bus","arr":["330"],"off":[0,-0.8]}},{"type":"Feature","geometry":{"type":"Point","coordinates":[9.806003,56.15111]},"properties":{"line":"330","mode":"bus","color":"#0059a9","colorDark":"#00294f","band":4,"off":[0,1.1]}},{"type":"Feature","geometry":{"type":"Point","coordinates":[10.204923,56.150663]},"properties":{"name":"Aarhus Banegårdsplads","band":4,"modes":"bus","arr":["925X"],"off":[0,-0.8]}},{"type":"Feature","geometry":{"type":"Point","coordinates":[10.204923,56.150663]},"properties":{"line":"925X","mode":"bus","color":"#0059a9","colorDark":"#00294f","band":4,"off":[0,1.1]}},{"type":"Feature","geometry":{"type":"Point","coordinates":[10.626976,56.308184]},"properties":{"name":"Aarhus Lufthavn","band":4,"modes":"bus","arr":["925X"],"off":[0,-0.8]}},{"type":"Feature","geometry":{"type":"Point","coordinates":[10.626976,56.308184]},"properties":{"line":"925X","mode":"bus","color":"#0059a9","colorDark":"#00294f","band":4,"off":[0,1.1]}},{"type":"Feature","geometry":{"type":"Point","coordinates":[10.251492,55.91493]},"properties":{"name":"Hou Skole (Odder Kom)","band":4,"modes":"bus","arr":["1008"],"off":[0,-0.8]}},{"type":"Feature","geometry":{"type":"Point","coordinates":[10.251492,55.91493]},"properties":{"line":"1008","mode":"bus","color":"#0059a9","colorDark":"#00294f","band":4,"off":[0,1.1]}},{"type":"Feature","geometry":{"type":"Point","coordinates":[10.162354,55.979744]},"properties":{"name":"Parkvejens Skole (Odder Kom)","band":4,"modes":"bus","arr":["1003","1004"],"off":[0,-0.8]}},{"type":"Feature","geometry":{"type":"Point","coordinates":[10.162354,55.979744]},"properties":{"line":"1003","mode":"bus","color":"#0059a9","colorDark":"#00294f","band":4,"off":[-1.7,1.1]}},{"type":"Feature","geometry":{"type":"Point","coordinates":[10.162354,55.979744]},"properties":{"line":"1004","mode":"bus","color":"#0059a9","colorDark":"#00294f","band":4,"off":[1.7,1.1]}},{"type":"Feature","geometry":{"type":"Point","coordinates":[10.203292,56.149907]},"properties":{"name":"Aarhus H (Letbane)","band":4,"modes":"tram","arr":["L1"],"off":[0,-0.8]}},{"type":"Feature","geometry":{"type":"Point","coordinates":[10.203292,56.149907]},"properties":{"line":"L1","mode":"tram","color":"#d6212b","colorDark":"#7c1116","band":4,"off":[0,1.1]}},{"type":"Feature","geometry":{"type":"Point","coordinates":[10.880857,56.412792]},"properties":{"name":"Grenaa (Letbane)","band":4,"modes":"tram","arr":["L1"],"off":[0,-0.8]}},{"type":"Feature","geometry":{"type":"Point","coordinates":[10.880857,56.412792]},"properties":{"line":"L1","mode":"tram","color":"#d6212b","colorDark":"#7c1116","band":4,"off":[0,1.1]}},{"type":"Feature","geometry":{"type":"Point","coordinates":[10.150444,55.971785]},"properties":{"name":"Odder (Letbane)","band":4,"modes":"tram","arr":["L2"],"off":[0,-0.8]}},{"type":"Feature","geometry":{"type":"Point","coordinates":[10.150444,55.971785]},"properties":{"line":"L2","mode":"tram","color":"#d6212b","colorDark":"#7c1116","band":4,"off":[0,1.1]}},{"type":"Feature","geometry":{"type":"Point","coordinates":[10.157018,56.218056]},"properties":{"name":"Lisbjergskolen (Letbane)","band":4,"modes":"tram","arr":["L2"],"off":[0,-0.8]}},{"type":"Feature","geometry":{"type":"Point","coordinates":[10.157018,56.218056]},"properties":{"line":"L2","mode":"tram","color":"#d6212b","colorDark":"#7c1116","band":4,"off":[0,1.1]}},{"type":"Feature","geometry":{"type":"Point","coordinates":[10.234236,56.230739]},"properties":{"name":"Lystrup (Letbane)","band":4,"modes":"tram","arr":["L2"],"off":[0,-0.8]}},{"type":"Feature","geometry":{"type":"Point","coordinates":[10.234236,56.230739]},"properties":{"line":"L2","mode":"tram","color":"#d6212b","colorDark":"#7c1116","band":4,"off":[0,1.1]}}]}