{"type":"FeatureCollection","features":[{"type":"Feature","geometry":{"type":"Point","coordinates":[10.149629,55.972143]},"properties":{"lines":"1, 2, 100, 103, 302, 331, 1002, 1003, 1004","color":"#0059a9","mode":"bus","arr":["1","2","100","103","302","331","1002","1003","1004"],"angle":-83.9}},{"type":"Feature","geometry":{"type":"Point","coordinates":[10.149489,55.971432]},"properties":{"lines":"1, 2, 100, 103, 302, 331, 1002, 1003, 1004, 1008","color":"#0059a9","mode":"bus","arr":["1","2","100","103","302","331","1002","1003","1004","1008"],"angle":-83.7}},{"type":"Feature","geometry":{"type":"Point","coordinates":[10.151567,55.972678]},"properties":{"lines":"1, 1004","color":"#0059a9","mode":"bus","arr":["1","1004"],"angle":-5.4,"mi":1}},{"type":"Feature","geometry":{"type":"Point","coordinates":[10.156138,55.971299]},"properties":{"lines":"1","color":"#0059a9","mode":"bus","arr":["1"],"angle":33.8,"mi":5}},{"type":"Feature","geometry":{"type":"Point","coordinates":[10.154405,55.972098]},"properties":{"lines":"1","color":"#0059a9","mode":"bus","arr":["1"],"angle":49.5,"extra":1,"ei":0}},{"type":"Feature","geometry":{"type":"Point","coordinates":[10.157284,55.968659]},"properties":{"lines":"1","color":"#0059a9","mode":"bus","arr":["1"],"angle":-38.7,"mi":9}},{"type":"Feature","geometry":{"type":"Point","coordinates":[10.161278,55.971789]},"properties":{"lines":"1","color":"#0059a9","mode":"bus","arr":["1"],"angle":-57.9,"extra":1,"ei":0}},{"type":"Feature","geometry":{"type":"Point","coordinates":[10.159523,55.970176]},"properties":{"lines":"1","color":"#0059a9","mode":"bus","arr":["1"],"angle":-55.4,"extra":1,"ei":1}},{"type":"Feature","geometry":{"type":"Point","coordinates":[10.154227,55.968256]},"properties":{"lines":"1","color":"#0059a9","mode":"bus","arr":["1"],"angle":1.5,"extra":1,"ei":2}},{"type":"Feature","geometry":{"type":"Point","coordinates":[10.150854,55.968317]},"properties":{"lines":"1","color":"#0059a9","mode":"bus","arr":["1"],"angle":2.5,"extra":1,"ei":3}},{"type":"Feature","geometry":{"type":"Point","coordinates":[10.159992,55.973165]},"properties":{"lines":"1","color":"#0059a9","mode":"bus","arr":["1"],"angle":25.5,"mi":3}},{"type":"Feature","geometry":{"type":"Point","coordinates":[10.156858,55.974097]},"properties":{"lines":"1","color":"#0059a9","mode":"bus","arr":["1"],"angle":34.8}},{"type":"Feature","geometry":{"type":"Point","coordinates":[10.157704,55.975783]},"properties":{"lines":"1, 1004","color":"#0059a9","mode":"bus","arr":["1","1004"],"angle":-58.4}},{"type":"Feature","geometry":{"type":"Point","coordinates":[10.156499,55.974821]},"properties":{"lines":"1, 1004","color":"#0059a9","mode":"bus","arr":["1","1004"],"angle":-52.5,"extra":1,"ei":0}},{"type":"Feature","geometry":{"type":"Point","coordinates":[10.154823,55.973736]},"properties":{"lines":"1004","color":"#0059a9","mode":"bus","arr":["1004"],"angle":-43.4}},{"type":"Feature","geometry":{"type":"Point","coordinates":[10.151529,55.978005]},"properties":{"lines":"1, 302, 1003, 1004","color":"#0059a9","mode":"bus","arr":["1","302","1003","1004"],"angle":10.8,"side":-1,"mi":1}},{"type":"Feature","geometry":{"type":"Point","coordinates":[10.159621,55.977134]},"properties":{"lines":"1, 302, 1003, 1004","color":"#0059a9","mode":"bus","arr":["1","302","1003","1004"],"angle":12.3}},{"type":"Feature","geometry":{"type":"Point","coordinates":[10.15576,55.977565]},"properties":{"lines":"302, 1003, 1004","color":"#0059a9","mode":"bus","arr":["302","1003","1004"],"angle":11.2}},{"type":"Feature","geometry":{"type":"Point","coordinates":[10.16176,55.976897]},"properties":{"lines":"1, 302, 1004","color":"#0059a9","mode":"bus","arr":["1","302","1004"],"angle":10.9}},{"type":"Feature","geometry":{"type":"Point","coordinates":[10.166877,55.977962]},"properties":{"lines":"1","color":"#0059a9","mode":"bus","arr":["1"],"angle":-14.4,"mi":7}},{"type":"Feature","geometry":{"type":"Point","coordinates":[10.163553,55.977342]},"properties":{"lines":"1","color":"#0059a9","mode":"bus","arr":["1"],"angle":7.1,"extra":1,"ei":0}},{"type":"Feature","geometry":{"type":"Point","coordinates":[10.169982,55.978374]},"properties":{"lines":"1","color":"#0059a9","mode":"bus","arr":["1"],"angle":-12.5,"extra":1,"ei":1}},{"type":"Feature","geometry":{"type":"Point","coordinates":[10.16743,55.977311]},"properties":{"lines":"1, 302, 1004","color":"#0059a9","mode":"bus","arr":["1","302","1004"],"angle":-15.1,"mi":1}},{"type":"Feature","geometry":{"type":"Point","coordinates":[10.165396,55.976939]},"properties":{"lines":"1, 302, 1004","color":"#0059a9","mode":"bus","arr":["1","302","1004"],"angle":-21.5,"extra":1,"ei":0}},{"type":"Feature","geometry":{"type":"Point","coordinates":[10.180397,55.978532]},"properties":{"lines":"302, 1004","color":"#0059a9","mode":"bus","arr":["302","1004"],"angle":8.3}},{"type":"Feature","geometry":{"type":"Point","coordinates":[10.172761,55.978102]},"properties":{"lines":"302, 1004","color":"#0059a9","mode":"bus","arr":["302","1004"],"angle":-15,"extra":1,"ei":0}},{"type":"Feature","geometry":{"type":"Point","coordinates":[10.176046,55.978531]},"properties":{"lines":"302, 1004","color":"#0059a9","mode":"bus","arr":["302","1004"],"angle":-8,"extra":1,"ei":1}},{"type":"Feature","geometry":{"type":"Point","coordinates":[10.18273,55.978259]},"properties":{"lines":"302, 1004","color":"#0059a9","mode":"bus","arr":["302","1004"],"angle":16.1,"extra":1,"ei":2}},{"type":"Feature","geometry":{"type":"Point","coordinates":[10.185906,55.977622]},"properties":{"lines":"302, 1004","color":"#0059a9","mode":"bus","arr":["302","1004"],"angle":20.7,"extra":1,"ei":3}},{"type":"Feature","geometry":{"type":"Point","coordinates":[10.189059,55.976948]},"properties":{"lines":"302, 1004","color":"#0059a9","mode":"bus","arr":["302","1004"],"angle":21.6,"extra":1,"ei":4}},{"type":"Feature","geometry":{"type":"Point","coordinates":[10.160901,55.97863]},"properties":{"lines":"1, 1003, 1004","color":"#0059a9","mode":"bus","arr":["1","1003","1004"],"angle":-58.3}},{"type":"Feature","geometry":{"type":"Point","coordinates":[10.162166,55.9796]},"properties":{"lines":"1, 1003, 1004","color":"#0059a9","mode":"bus","arr":["1","1003","1004"],"angle":-53.4,"extra":1,"ei":0}},{"type":"Feature","geometry":{"type":"Point","coordinates":[10.168606,55.982162]},"properties":{"lines":"1","color":"#0059a9","mode":"bus","arr":["1"],"angle":-42.6,"mi":10}},{"type":"Feature","geometry":{"type":"Point","coordinates":[10.163988,55.980504]},"properties":{"lines":"1","color":"#0059a9","mode":"bus","arr":["1"],"angle":-27.6,"extra":1,"ei":0}},{"type":"Feature","geometry":{"type":"Point","coordinates":[10.166912,55.981427]},"properties":{"lines":"1","color":"#0059a9","mode":"bus","arr":["1"],"angle":-37.5,"extra":1,"ei":1}},{"type":"Feature","geometry":{"type":"Point","coordinates":[10.169705,55.984527]},"properties":{"lines":"1","color":"#0059a9","mode":"bus","arr":["1"],"angle":78.5,"extra":1,"ei":2}},{"type":"Feature","geometry":{"type":"Point","coordinates":[10.160965,55.984463]},"properties":{"lines":"1, 1004","color":"#0059a9","mode":"bus","arr":["1","1004"],"angle":-18,"mi":2}},{"type":"Feature","geometry":{"type":"Point","coordinates":[10.167549,55.985658]},"properties":{"lines":"1, 1004","color":"#0059a9","mode":"bus","arr":["1","1004"],"angle":-18,"extra":1,"ei":0}},{"type":"Feature","geometry":{"type":"Point","coordinates":[10.164337,55.985077]},"properties":{"lines":"1, 1004","color":"#0059a9","mode":"bus","arr":["1","1004"],"angle":-17.9,"extra":1,"ei":1}},{"type":"Feature","geometry":{"type":"Point","coordinates":[10.157902,55.983936]},"properties":{"lines":"1, 1004","color":"#0059a9","mode":"bus","arr":["1","1004"],"angle":-17.6,"extra":1,"ei":2}},{"type":"Feature","geometry":{"type":"Point","coordinates":[10.154651,55.983462]},"properties":{"lines":"1, 1004","color":"#0059a9","mode":"bus","arr":["1","1004"],"angle":-0.5,"extra":1,"ei":3}},{"type":"Feature","geometry":{"type":"Point","coordinates":[10.151937,55.982239]},"properties":{"lines":"1, 103, 1002, 1004","color":"#0059a9","mode":"bus","arr":["1","103","1002","1004"],"angle":-74}},{"type":"Feature","geometry":{"type":"Point","coordinates":[10.151381,55.980924]},"properties":{"lines":"1, 103, 1002, 1004","color":"#0059a9","mode":"bus","arr":["1","103","1002","1004"],"angle":-79.8,"extra":1,"ei":0,"side":-1}},{"type":"Feature","geometry":{"type":"Point","coordinates":[10.151064,55.979454]},"properties":{"lines":"103, 1002, 1004","color":"#0059a9","mode":"bus","arr":["103","1002","1004"],"angle":-83.5}},{"type":"Feature","geometry":{"type":"Point","coordinates":[10.149991,55.980822]},"properties":{"lines":"1","color":"#0059a9","mode":"bus","arr":["1"],"angle":6.1,"mi":8}},{"type":"Feature","geometry":{"type":"Point","coordinates":[10.147889,55.977504]},"properties":{"lines":"1","color":"#0059a9","mode":"bus","arr":["1"],"angle":-83.1,"mi":6}},{"type":"Feature","geometry":{"type":"Point","coordinates":[10.147696,55.974908]},"properties":{"lines":"1","color":"#0059a9","mode":"bus","arr":["1"],"angle":78.4,"extra":1,"ei":0}},{"type":"Feature","geometry":{"type":"Point","coordinates":[10.148586,55.980527]},"properties":{"lines":"1","color":"#0059a9","mode":"bus","arr":["1"],"angle":-82.6,"extra":1,"ei":1}},{"type":"Feature","geometry":{"type":"Point","coordinates":[10.144915,55.973494]},"properties":{"lines":"2, 100, 331, 1002","color":"#0059a9","mode":"bus","arr":["2","100","331","1002"],"angle":-26.1}},{"type":"Feature","geometry":{"type":"Point","coordinates":[10.148966,55.974032]},"properties":{"lines":"1, 2, 100, 331, 1002","color":"#0059a9","mode":"bus","arr":["1","2","100","331","1002"],"angle":0.3}},{"type":"Feature","geometry":{"type":"Point","coordinates":[10.15039,55.976062]},"properties":{"lines":"1, 103, 302, 1002, 1003, 1004","color":"#0059a9","mode":"bus","arr":["1","103","302","1002","1003","1004"],"angle":-83.4}},{"type":"Feature","geometry":{"type":"Point","coordinates":[10.152219,55.976817]},"properties":{"lines":"1","color":"#0059a9","mode":"bus","arr":["1"],"angle":81.5,"mi":2}},{"type":"Feature","geometry":{"type":"Point","coordinates":[10.152293,55.974921]},"properties":{"lines":"1","color":"#0059a9","mode":"bus","arr":["1"],"angle":-74.8,"mi":1}},{"type":"Feature","geometry":{"type":"Point","coordinates":[10.152105,55.973323]},"properties":{"lines":"1","color":"#0059a9","mode":"bus","arr":["1"],"angle":32.8,"mi":4}},{"type":"Feature","geometry":{"type":"Point","coordinates":[10.149155,55.969762]},"properties":{"lines":"1, 2, 103, 1002, 1003, 1008","color":"#0059a9","mode":"bus","arr":["1","2","103","1002","1003","1008"],"angle":-83.4}},{"type":"Feature","geometry":{"type":"Point","coordinates":[10.148792,55.968001]},"properties":{"lines":"2, 103, 1002, 1003, 1008","color":"#0059a9","mode":"bus","arr":["2","103","1002","1003","1008"],"angle":-82.8}},{"type":"Feature","geometry":{"type":"Point","coordinates":[10.067618,56.106877]},"properties":{"lines":"1A","color":"#0059a9","mode":"bus","arr":["1A"],"angle":-19.7}},{"type":"Feature","geometry":{"type":"Point","coordinates":[10.213053,56.202227]},"properties":{"lines":"1A","color":"#0059a9","mode":"bus","arr":["1A"],"angle":37.9,"side":-1}},{"type":"Feature","geometry":{"type":"Point","coordinates":[10.066839,56.106886]},"properties":{"lines":"1A","color":"#0059a9","mode":"bus","arr":["1A"],"angle":-13.7,"mi":1}},{"type":"Feature","geometry":{"type":"Point","coordinates":[10.079995,56.109148]},"properties":{"lines":"1A","color":"#0059a9","mode":"bus","arr":["1A"],"angle":-25.3,"mi":2}},{"type":"Feature","geometry":{"type":"Point","coordinates":[10.095828,56.111606]},"properties":{"lines":"1A","color":"#0059a9","mode":"bus","arr":["1A"],"angle":-7.1,"mi":2}},{"type":"Feature","geometry":{"type":"Point","coordinates":[10.069659,56.107061]},"properties":{"lines":"1A","color":"#0059a9","mode":"bus","arr":["1A"],"angle":-6.9,"extra":1,"ei":0}},{"type":"Feature","geometry":{"type":"Point","coordinates":[10.073004,56.107312]},"properties":{"lines":"1A","color":"#0059a9","mode":"bus","arr":["1A"],"angle":-10.9,"extra":1,"ei":1}},{"type":"Feature","geometry":{"type":"Point","coordinates":[10.076106,56.108029]},"properties":{"lines":"1A","color":"#0059a9","mode":"bus","arr":["1A"],"angle":-28.9,"extra":1,"ei":2}},{"type":"Feature","geometry":{"type":"Point","coordinates":[10.082218,56.109612]},"properties":{"lines":"1A","color":"#0059a9","mode":"bus","arr":["1A"],"angle":-18.1,"extra":1,"ei":3}},{"type":"Feature","geometry":{"type":"Point","coordinates":[10.085448,56.11016]},"properties":{"lines":"1A","color":"#0059a9","mode":"bus","arr":["1A"],"angle":-14.5,"extra":1,"ei":4}},{"type":"Feature","geometry":{"type":"Point","coordinates":[10.088764,56.110499]},"properties":{"lines":"1A","color":"#0059a9","mode":"bus","arr":["1A"],"angle":-5.7,"extra":1,"ei":5}},{"type":"Feature","geometry":{"type":"Point","coordinates":[10.092075,56.110812]},"properties":{"lines":"1A","color":"#0059a9","mode":"bus","arr":["1A"],"angle":-20.7,"extra":1,"ei":6}},{"type":"Feature","geometry":{"type":"Point","coordinates":[10.098648,56.108782]},"properties":{"lines":"1A","color":"#0059a9","mode":"bus","arr":["1A"],"angle":-89.7}},{"type":"Feature","geometry":{"type":"Point","coordinates":[10.098855,56.110496]},"properties":{"lines":"1A","color":"#0059a9","mode":"bus","arr":["1A"],"angle":-82.2,"extra":1,"ei":0}},{"type":"Feature","geometry":{"type":"Point","coordinates":[10.099048,56.106739]},"properties":{"lines":"1A","color":"#0059a9","mode":"bus","arr":["1A"],"angle":83.3,"extra":1,"ei":1}},{"type":"Feature","geometry":{"type":"Point","coordinates":[10.0994,56.105936]},"properties":{"lines":"1A","color":"#0059a9","mode":"bus","arr":["1A"],"angle":47,"mi":1}},{"type":"Feature","geometry":{"type":"Point","coordinates":[10.105029,56.106449]},"properties":{"lines":"1A, 200","color":"#0059a9","mode":"bus","arr":["1A","200"],"angle":70.1,"mi":1}},{"type":"Feature","geometry":{"type":"Point","coordinates":[10.107876,56.106879]},"properties":{"lines":"1A, 200","color":"#0059a9","mode":"bus","arr":["1A","200"],"angle":-16.4}},{"type":"Feature","geometry":{"type":"Point","coordinates":[10.100509,56.105758]},"properties":{"lines":"1A, 200","color":"#0059a9","mode":"bus","arr":["1A","200"],"angle":-13.3,"mi":4}},{"type":"Feature","geometry":{"type":"Point","coordinates":[10.102841,56.106088]},"properties":{"lines":"1A, 200","color":"#0059a9","mode":"bus","arr":["1A","200"],"angle":-15.1,"extra":1,"ei":0}},{"type":"Feature","geometry":{"type":"Point","coordinates":[10.115656,56.108224]},"properties":{"lines":"1A, 200","color":"#0059a9","mode":"bus","arr":["1A","200"],"angle":35.8,"mi":3}},{"type":"Feature","geometry":{"type":"Point","coordinates":[10.112501,56.1077]},"properties":{"lines":"1A, 200","color":"#0059a9","mode":"bus","arr":["1A","200"],"angle":-16.8,"mi":2}},{"type":"Feature","geometry":{"type":"Point","coordinates":[10.123943,56.111239]},"properties":{"lines":"1A, 200","color":"#0059a9","mode":"bus","arr":["1A","200"],"angle":-34.9,"extra":1,"ei":0}},{"type":"Feature","geometry":{"type":"Point","coordinates":[10.12125,56.110101]},"properties":{"lines":"1A, 200","color":"#0059a9","mode":"bus","arr":["1A","200"],"angle":-37.3,"extra":1,"ei":1}},{"type":"Feature","geometry":{"type":"Point","coordinates":[10.118505,56.109004]},"properties":{"lines":"1A, 200","color":"#0059a9","mode":"bus","arr":["1A","200"],"angle":-32.3,"extra":1,"ei":2}},{"type":"Feature","geometry":{"type":"Point","coordinates":[10.138677,56.117423]},"properties":{"lines":"1A, 200","color":"#0059a9","mode":"bus","arr":["1A","200"],"angle":-36.3}},{"type":"Feature","geometry":{"type":"Point","coordinates":[10.126666,56.112354]},"properties":{"lines":"1A, 200","color":"#0059a9","mode":"bus","arr":["1A","200"],"angle":-38.2,"extra":1,"ei":0}},{"type":"Feature","geometry":{"type":"Point","coordinates":[10.129374,56.113481]},"properties":{"lines":"1A, 200","color":"#0059a9","mode":"bus","arr":["1A","200"],"angle":-36.4,"extra":1,"ei":1}},{"type":"Feature","geometry":{"type":"Point","coordinates":[10.132102,56.114593]},"properties":{"lines":"1A, 200","color":"#0059a9","mode":"bus","arr":["1A","200"],"angle":-34,"extra":1,"ei":2,"side":-1}},{"type":"Feature","geometry":{"type":"Point","coordinates":[10.134808,56.11572]},"properties":{"lines":"1A, 200","color":"#0059a9","mode":"bus","arr":["1A","200"],"angle":-37.6,"extra":1,"ei":3,"side":-1}},{"type":"Feature","geometry":{"type":"Point","coordinates":[10.14296,56.11908]},"properties":{"lines":"1A, 200","color":"#0059a9","mode":"bus","arr":["1A","200"],"angle":-36.5,"extra":1,"ei":4,"side":-1}},{"type":"Feature","geometry":{"type":"Point","coordinates":[10.14568,56.120198]},"properties":{"lines":"1A, 200","color":"#0059a9","mode":"bus","arr":["1A","200"],"angle":-35.7,"extra":1,"ei":5,"side":-1}},{"type":"Feature","geometry":{"type":"Point","coordinates":[10.148354,56.121347]},"properties":{"lines":"1A, 200","color":"#0059a9","mode":"bus","arr":["1A","200"],"angle":-40.1,"extra":1,"ei":6,"side":-1}},{"type":"Feature","geometry":{"type":"Point","coordinates":[10.150945,56.122557]},"properties":{"lines":"1A, 200","color":"#0059a9","mode":"bus","arr":["1A","200"],"angle":-39.8,"extra":1,"ei":7,"side":-1}},{"type":"Feature","geometry":{"type":"Point","coordinates":[10.156888,56.12533]},"properties":{"lines":"1A, 14, 200","color":"#0059a9","mode":"bus","arr":["1A","14","200"],"angle":-39.1,"side":-1}},{"type":"Feature","geometry":{"type":"Point","coordinates":[10.15328,56.123649]},"properties":{"lines":"1A, 14, 200","color":"#0059a9","mode":"bus","arr":["1A","14","200"],"angle":-39.7,"extra":1,"ei":0,"side":-1}},{"type":"Feature","geometry":{"type":"Point","coordinates":[10.160959,56.127301]},"properties":{"lines":"1A, 14, 200","color":"#0059a9","mode":"bus","arr":["1A","14","200"],"angle":-57.8,"extra":1,"ei":1,"side":-1}},{"type":"Feature","geometry":{"type":"Point","coordinates":[10.154995,56.12461]},"properties":{"lines":"1A, 14, 200","color":"#0059a9","mode":"bus","arr":["1A","14","200"],"angle":-39.9,"extra":1,"ei":0}},{"type":"Feature","geometry":{"type":"Point","coordinates":[10.161633,56.128166]},"properties":{"lines":"1A, 4A, 6A, 14, 41, 200","color":"#0059a9","mode":"bus","arr":["1A","4A","6A","14","41","200"],"angle":-59.2}},{"type":"Feature","geometry":{"type":"Point","coordinates":[10.169135,56.132996]},"properties":{"lines":"1A, 4A, 14, 41, 200","color":"#0059a9","mode":"bus","arr":["1A","4A","14","41","200"],"angle":-50.4}},{"type":"Feature","geometry":{"type":"Point","coordinates":[10.16627,56.130904]},"properties":{"lines":"1A, 4A, 14, 41, 200","color":"#0059a9","mode":"bus","arr":["1A","4A","14","41","200"],"angle":-48.3,"extra":1,"ei":0,"side":-1}},{"type":"Feature","geometry":{"type":"Point","coordinates":[10.173079,56.135089]},"properties":{"lines":"1A, 4A, 14, 41, 200","color":"#0059a9","mode":"bus","arr":["1A","4A","14","41","200"],"angle":-44.1,"extra":1,"ei":1,"side":-1}},{"type":"Feature","geometry":{"type":"Point","coordinates":[10.175503,56.136403]},"properties":{"lines":"1A, 4A, 14, 41, 200","color":"#0059a9","mode":"bus","arr":["1A","4A","14","41","200"],"angle":-44.3,"extra":1,"ei":2,"side":-1}},{"type":"Feature","geometry":{"type":"Point","coordinates":[10.170559,56.133896]},"properties":{"lines":"1A, 4A, 14, 41, 200","color":"#0059a9","mode":"bus","arr":["1A","4A","14","41","200"],"angle":-45.4,"extra":1,"ei":0}},{"type":"Feature","geometry":{"type":"Point","coordinates":[10.163919,56.129621]},"properties":{"lines":"1A, 4A, 14, 41, 200","color":"#0059a9","mode":"bus","arr":["1A","4A","14","41","200"],"angle":-45.7,"extra":1,"ei":1}},{"type":"Feature","geometry":{"type":"Point","coordinates":[10.163803,56.12938]},"properties":{"lines":"1A, 4A, 11, 14, 41, 42, 200","color":"#0059a9","mode":"bus","arr":["1A","4A","11","14","41","42","200"],"angle":-45.2,"side":-1}},{"type":"Feature","geometry":{"type":"Point","coordinates":[10.183086,56.140457]},"properties":{"lines":"1A, 2A, 4A, 14, 40, 41, 200","color":"#0059a9","mode":"bus","arr":["1A","2A","4A","14","40","41","200"],"angle":-46}},{"type":"Feature","geometry":{"type":"Point","coordinates":[10.178014,56.137735]},"properties":{"lines":"1A, 2A, 4A, 14, 40, 41, 200","color":"#0059a9","mode":"bus","arr":["1A","2A","4A","14","40","41","200"],"angle":-41.3,"extra":1,"ei":0,"side":-1}},{"type":"Feature","geometry":{"type":"Point","coordinates":[10.18061,56.138942]},"properties":{"lines":"1A, 2A, 4A, 14, 40, 41, 200","color":"#0059a9","mode":"bus","arr":["1A","2A","4A","14","40","41","200"],"angle":-40,"extra":1,"ei":1,"side":-1}},{"type":"Feature","geometry":{"type":"Point","coordinates":[10.185333,56.141635]},"properties":{"lines":"1A, 2A, 4A, 14, 40, 41, 200","color":"#0059a9","mode":"bus","arr":["1A","2A","4A","14","40","41","200"],"angle":-45.3,"extra":1,"ei":2,"side":-1}},{"type":"Feature","geometry":{"type":"Point","coordinates":[10.187689,56.142988]},"properties":{"lines":"1A, 2A, 4A, 14, 40, 41, 200","color":"#0059a9","mode":"bus","arr":["1A","2A","4A","14","40","41","200"],"angle":-43.8,"extra":1,"ei":3,"side":-1}},{"type":"Feature","geometry":{"type":"Point","coordinates":[10.191087,56.144929]},"properties":{"lines":"1A, 2A, 4A, 11, 14, 40, 41, 42, 200","color":"#0059a9","mode":"bus","arr":["1A","2A","4A","11","14","40","41","42","200"],"angle":-41.9,"mi":2}},{"type":"Feature","geometry":{"type":"Point","coordinates":[10.195787,56.147633]},"properties":{"lines":"1A, 2A, 4A, 11, 14, 40, 41, 42, 200","color":"#0059a9","mode":"bus","arr":["1A","2A","4A","11","14","40","41","42","200"],"angle":-51.8}},{"type":"Feature","geometry":{"type":"Point","coordinates":[10.199086,56.150264]},"properties":{"lines":"1A, 2A, 4A, 11, 14, 40, 41, 42, 200","color":"#0059a9","mode":"bus","arr":["1A","2A","4A","11","14","40","41","42","200"],"angle":-58,"mi":1}},{"type":"Feature","geometry":{"type":"Point","coordinates":[10.194186,56.146421]},"properties":{"lines":"1A, 2A, 4A, 11, 14, 40, 41, 42, 200","color":"#0059a9","mode":"bus","arr":["1A","2A","4A","11","14","40","41","42","200"],"angle":-46.6,"extra":1,"ei":0,"side":-1}},{"type":"Feature","geometry":{"type":"Point","coordinates":[10.200995,56.15046]},"properties":{"lines":"1A, 2A, 3A, 4A, 11, 14, 40, 41, 42, 43, 44, 45, 46, 200","color":"#0059a9","mode":"bus","arr":["1A","2A","3A","4A","11","14","40","41","42","43","44","45","46","200"],"angle":5.2}},{"type":"Feature","geometry":{"type":"Point","coordinates":[10.20324,56.150711]},"properties":{"lines":"1A, 2A, 3A, 4A, 11, 12, 13, 14, 15, 16, 17, 18, 43, 44, 45, 46, 100, 200","color":"#0059a9","mode":"bus","arr":["1A","2A","3A","4A","11","12","13","14","15","16","17","18","43","44","45","46","100","200"],"angle":71.5}},{"type":"Feature","geometry":{"type":"Point","coordinates":[10.203514,56.152117]},"properties":{"lines":"1A, 2A, 3A, 4A, 11, 12, 13, 14, 15, 16, 17, 18, 40, 41, 42, 43, 44, 45, 46, 100, 103, 200, 302, 925X","color":"#0059a9","mode":"bus","arr":["1A","2A","3A","4A","11","12","13","14","15","16","17","18","40","41","42","43","44","45","46","100","103","200","302","925X"],"angle":-74.4}},{"type":"Feature","geometry":{"type":"Point","coordinates":[10.204526,56.153767]},"properties":{"lines":"1A, 2A, 3A, 4A, 11, 13, 16, 17, 18, 43, 44, 45, 46, 100, 200","color":"#0059a9","mode":"bus","arr":["1A","2A","3A","4A","11","13","16","17","18","43","44","45","46","100","200"],"angle":-65.9,"mi":4}},{"type":"Feature","geometry":{"type":"Point","coordinates":[10.2061,56.155403]},"properties":{"lines":"1A, 2A, 3A, 4A, 11, 13, 16, 17, 18, 43, 44, 45, 46, 100, 200","color":"#0059a9","mode":"bus","arr":["1A","2A","3A","4A","11","13","16","17","18","43","44","45","46","100","200"],"angle":-61.9,"mi":1}},{"type":"Feature","geometry":{"type":"Point","coordinates":[10.205457,56.156944]},"properties":{"lines":"1A, 2A, 3A, 4A, 11, 13, 16, 17, 18, 43, 44, 45, 46, 100, 200","color":"#0059a9","mode":"bus","arr":["1A","2A","3A","4A","11","13","16","17","18","43","44","45","46","100","200"],"angle":-63.7,"side":-1}},{"type":"Feature","geometry":{"type":"Point","coordinates":[10.205607,56.158264]},"properties":{"lines":"1A, 2A, 3A, 4A, 11, 13, 16, 17, 18, 43, 44, 45, 46, 100, 200","color":"#0059a9","mode":"bus","arr":["1A","2A","3A","4A","11","13","16","17","18","43","44","45","46","100","200"],"angle":-81,"mi":2}},{"type":"Feature","geometry":{"type":"Point","coordinates":[10.205981,56.159473]},"properties":{"lines":"1A, 2A, 3A, 4A, 11, 13, 16, 17, 18, 43, 44, 45, 46, 100, 200","color":"#0059a9","mode":"bus","arr":["1A","2A","3A","4A","11","13","16","17","18","43","44","45","46","100","200"],"angle":-83,"mi":3}},{"type":"Feature","geometry":{"type":"Point","coordinates":[10.20684,56.160203]},"properties":{"lines":"1A, 3A, 16, 17, 18, 46, 100, 200","color":"#0059a9","mode":"bus","arr":["1A","3A","16","17","18","46","100","200"],"angle":-11.3,"mi":2}},{"type":"Feature","geometry":{"type":"Point","coordinates":[10.209252,56.160635]},"properties":{"lines":"1A, 3A, 16, 17, 18, 46, 100, 200","color":"#0059a9","mode":"bus","arr":["1A","3A","16","17","18","46","100","200"],"angle":-46.2}},{"type":"Feature","geometry":{"type":"Point","coordinates":[10.210812,56.161699]},"properties":{"lines":"1A, 3A, 16, 17, 18, 46, 100, 200","color":"#0059a9","mode":"bus","arr":["1A","3A","16","17","18","46","100","200"],"angle":-52.5,"mi":1}},{"type":"Feature","geometry":{"type":"Point","coordinates":[10.210029,56.163827]},"properties":{"lines":"1A, 12, 15, 16, 18, 100, 123, 200, 925X","color":"#0059a9","mode":"bus","arr":["1A","12","15","16","18","100","123","200","925X"],"angle":67.7}},{"type":"Feature","geometry":{"type":"Point","coordinates":[10.210283,56.165498]},"properties":{"lines":"1A, 15","color":"#0059a9","mode":"bus","arr":["1A","15"],"angle":9.9}},{"type":"Feature","geometry":{"type":"Point","coordinates":[10.214045,56.167175]},"properties":{"lines":"1A","color":"#0059a9","mode":"bus","arr":["1A"],"angle":-68.1}},{"type":"Feature","geometry":{"type":"Point","coordinates":[10.213127,56.165946]},"properties":{"lines":"1A","color":"#0059a9","mode":"bus","arr":["1A"],"angle":-65.8,"extra":1,"ei":0}},{"type":"Feature","geometry":{"type":"Point","coordinates":[10.216373,56.171911]},"properties":{"lines":"1A, 46","color":"#0059a9","mode":"bus","arr":["1A","46"],"angle":-82.4}},{"type":"Feature","geometry":{"type":"Point","coordinates":[10.215987,56.170197]},"properties":{"lines":"1A, 46","color":"#0059a9","mode":"bus","arr":["1A","46"],"angle":-81.8,"extra":1,"ei":0}},{"type":"Feature","geometry":{"type":"Point","coordinates":[10.217116,56.173917]},"properties":{"lines":"1A, 46","color":"#0059a9","mode":"bus","arr":["1A","46"],"angle":-77.4,"extra":1,"ei":1}},{"type":"Feature","geometry":{"type":"Point","coordinates":[10.218678,56.175767]},"properties":{"lines":"1A, 5A, 46","color":"#0059a9","mode":"bus","arr":["1A","5A","46"],"angle":-71.3}},{"type":"Feature","geometry":{"type":"Point","coordinates":[10.21875,56.177137]},"properties":{"lines":"1A, 5A, 46","color":"#0059a9","mode":"bus","arr":["1A","5A","46"],"angle":-85.4,"extra":1,"ei":0}},{"type":"Feature","geometry":{"type":"Point","coordinates":[10.218564,56.177928]},"properties":{"lines":"1A, 17, 46","color":"#0059a9","mode":"bus","arr":["1A","17","46"],"angle":68.2}},{"type":"Feature","geometry":{"type":"Point","coordinates":[10.218011,56.181958]},"properties":{"lines":"1A, 12, 17, 46, 100, 123, 925X","color":"#0059a9","mode":"bus","arr":["1A","12","17","46","100","123","925X"],"angle":87.3}},{"type":"Feature","geometry":{"type":"Point","coordinates":[10.218433,56.179138]},"properties":{"lines":"1A, 12, 17, 46, 100, 123, 925X","color":"#0059a9","mode":"bus","arr":["1A","12","17","46","100","123","925X"],"angle":84.7,"extra":1,"ei":0}},{"type":"Feature","geometry":{"type":"Point","coordinates":[10.218139,56.18479]},"properties":{"lines":"1A, 12, 17, 46, 100, 123, 925X","color":"#0059a9","mode":"bus","arr":["1A","12","17","46","100","123","925X"],"angle":-87,"extra":1,"ei":1,"side":-1}},{"type":"Feature","geometry":{"type":"Point","coordinates":[10.218229,56.187371]},"properties":{"lines":"1A, 100, 123, 925X","color":"#0059a9","mode":"bus","arr":["1A","100","123","925X"],"angle":-88.1}},{"type":"Feature","geometry":{"type":"Point","coordinates":[10.218514,56.188556]},"properties":{"lines":"1A, 100, 123, 925X","color":"#0059a9","mode":"bus","arr":["1A","100","123","925X"],"angle":-87.4,"extra":1,"ei":0,"side":-1}},{"type":"Feature","geometry":{"type":"Point","coordinates":[10.218116,56.18618]},"properties":{"lines":"1A, 100, 123, 925X","color":"#0059a9","mode":"bus","arr":["1A","100","123","925X"],"angle":-86.8,"extra":1,"ei":0}},{"type":"Feature","geometry":{"type":"Point","coordinates":[10.21856,56.192402]},"properties":{"lines":"1A, 18, 100, 123, 925X","color":"#0059a9","mode":"bus","arr":["1A","18","100","123","925X"],"angle":-86.8}},{"type":"Feature","geometry":{"type":"Point","coordinates":[10.218599,56.189875]},"properties":{"lines":"1A, 18, 100, 123, 925X","color":"#0059a9","mode":"bus","arr":["1A","18","100","123","925X"],"angle":-87.9,"extra":1,"ei":0,"side":-1}},{"type":"Feature","geometry":{"type":"Point","coordinates":[10.219042,56.19364]},"properties":{"lines":"1A, 18, 100, 123, 925X","color":"#0059a9","mode":"bus","arr":["1A","18","100","123","925X"],"angle":-78.6,"extra":1,"ei":1,"side":-1}},{"type":"Feature","geometry":{"type":"Point","coordinates":[10.220262,56.195388]},"properties":{"lines":"1A, 18, 100, 123, 925X","color":"#0059a9","mode":"bus","arr":["1A","18","100","123","925X"],"angle":-58,"extra":1,"ei":2,"side":-1}},{"type":"Feature","geometry":{"type":"Point","coordinates":[10.21848,56.191076]},"properties":{"lines":"1A, 18, 100, 123, 925X","color":"#0059a9","mode":"bus","arr":["1A","18","100","123","925X"],"angle":-87.9,"extra":1,"ei":0}},{"type":"Feature","geometry":{"type":"Point","coordinates":[10.21927,56.196233]},"properties":{"lines":"1A, 16","color":"#0059a9","mode":"bus","arr":["1A","16"],"angle":32}},{"type":"Feature","geometry":{"type":"Point","coordinates":[10.227588,56.200647]},"properties":{"lines":"1A","color":"#0059a9","mode":"bus","arr":["1A"],"angle":-18.4,"mi":1}},{"type":"Feature","geometry":{"type":"Point","coordinates":[10.224368,56.206123]},"properties":{"lines":"1A","color":"#0059a9","mode":"bus","arr":["1A"],"angle":59.6,"extra":1,"ei":0}},{"type":"Feature","geometry":{"type":"Point","coordinates":[10.225766,56.204404]},"properties":{"lines":"1A","color":"#0059a9","mode":"bus","arr":["1A"],"angle":66,"extra":1,"ei":1}},{"type":"Feature","geometry":{"type":"Point","coordinates":[10.227143,56.20268]},"properties":{"lines":"1A","color":"#0059a9","mode":"bus","arr":["1A"],"angle":65.8,"extra":1,"ei":2}},{"type":"Feature","geometry":{"type":"Point","coordinates":[10.225232,56.200263]},"properties":{"lines":"1A","color":"#0059a9","mode":"bus","arr":["1A"],"angle":-25.4,"extra":1,"ei":3}},{"type":"Feature","geometry":{"type":"Point","coordinates":[10.222422,56.199219]},"properties":{"lines":"1A","color":"#0059a9","mode":"bus","arr":["1A"],"angle":-34,"extra":1,"ei":4}},{"type":"Feature","geometry":{"type":"Point","coordinates":[10.219634,56.198154]},"properties":{"lines":"1A","color":"#0059a9","mode":"bus","arr":["1A"],"angle":-38.3,"extra":1,"ei":5}},{"type":"Feature","geometry":{"type":"Point","coordinates":[10.217937,56.19656]},"properties":{"lines":"1A","color":"#0059a9","mode":"bus","arr":["1A"],"angle":-69.1,"extra":1,"ei":6}},{"type":"Feature","geometry":{"type":"Point","coordinates":[10.217244,56.207921]},"properties":{"lines":"1A, 45","color":"#0059a9","mode":"bus","arr":["1A","45"],"angle":12.7}},{"type":"Feature","geometry":{"type":"Point","coordinates":[10.221837,56.207311]},"properties":{"lines":"1A, 45","color":"#0059a9","mode":"bus","arr":["1A","45"],"angle":19.6,"extra":1,"ei":0}},{"type":"Feature","geometry":{"type":"Point","coordinates":[10.211973,56.208589]},"properties":{"lines":"1A, 45","color":"#0059a9","mode":"bus","arr":["1A","45"],"angle":12.5,"extra":1,"ei":1}},{"type":"Feature","geometry":{"type":"Point","coordinates":[10.211582,56.205435]},"properties":{"lines":"1A, 45","color":"#0059a9","mode":"bus","arr":["1A","45"],"angle":72,"mi":1}},{"type":"Feature","geometry":{"type":"Point","coordinates":[10.210616,56.207767]},"properties":{"lines":"1A, 45","color":"#0059a9","mode":"bus","arr":["1A","45"],"angle":-85.6,"extra":1,"ei":0}},{"type":"Feature","geometry":{"type":"Point","coordinates":[10.212334,56.204135]},"properties":{"lines":"1A, 45","color":"#0059a9","mode":"bus","arr":["1A","45"],"angle":72,"extra":1,"ei":1}},{"type":"Feature","geometry":{"type":"Point","coordinates":[10.21337,56.202338]},"properties":{"lines":"1A, 45","color":"#0059a9","mode":"bus","arr":["1A","45"],"angle":72,"extra":1,"ei":2}},{"type":"Feature","geometry":{"type":"Point","coordinates":[10.209773,56.163823]},"properties":{"lines":"1A, 12, 15, 16, 18, 100, 123, 200","color":"#0059a9","mode":"bus","arr":["1A","12","15","16","18","100","123","200"],"angle":67.3,"side":-1}},{"type":"Feature","geometry":{"type":"Point","coordinates":[10.206145,56.155579]},"properties":{"lines":"1A, 2A, 3A, 4A, 11, 13, 16, 17, 18, 43, 45, 46, 100, 200","color":"#0059a9","mode":"bus","arr":["1A","2A","3A","4A","11","13","16","17","18","43","45","46","100","200"],"angle":-69}},{"type":"Feature","geometry":{"type":"Point","coordinates":[10.203106,56.150693]},"properties":{"lines":"1A, 2A, 3A, 4A, 11, 12, 13, 14, 15, 16, 17, 18, 40, 41, 42, 100, 103, 200, 302, 925X","color":"#0059a9","mode":"bus","arr":["1A","2A","3A","4A","11","12","13","14","15","16","17","18","40","41","42","100","103","200","302","925X"],"angle":88.6,"side":-1}},{"type":"Feature","geometry":{"type":"Point","coordinates":[10.145601,55.96777]},"properties":{"lines":"2, 1002","color":"#0059a9","mode":"bus","arr":["2","1002"],"angle":9.6}},{"type":"Feature","geometry":{"type":"Point","coordinates":[10.143502,55.967971]},"properties":{"lines":"2, 1002","color":"#0059a9","mode":"bus","arr":["2","1002"],"angle":9.8,"extra":1,"ei":0}},{"type":"Feature","geometry":{"type":"Point","coordinates":[10.14259,55.969577]},"properties":{"lines":"2, 331, 1002","color":"#0059a9","mode":"bus","arr":["2","331","1002"],"angle":86.4}},{"type":"Feature","geometry":{"type":"Point","coordinates":[10.142738,55.968282]},"properties":{"lines":"2, 331, 1002","color":"#0059a9","mode":"bus","arr":["2","331","1002"],"angle":-88.1,"extra":1,"ei":0}},{"type":"Feature","geometry":{"type":"Point","coordinates":[10.143053,55.971722]},"properties":{"lines":"2, 331, 1002","color":"#0059a9","mode":"bus","arr":["2","331","1002"],"angle":70.7,"mi":1}},{"type":"Feature","geometry":{"type":"Point","coordinates":[10.141036,55.97188]},"properties":{"lines":"2, 100, 1002","color":"#0059a9","mode":"bus","arr":["2","100","1002"],"angle":-21.4,"mi":1}},{"type":"Feature","geometry":{"type":"Point","coordinates":[10.137625,55.971863]},"properties":{"lines":"2, 100, 1002","color":"#0059a9","mode":"bus","arr":["2","100","1002"],"angle":22.7}},{"type":"Feature","geometry":{"type":"Point","coordinates":[10.122076,55.974972]},"properties":{"lines":"2, 1002","color":"#0059a9","mode":"bus","arr":["2","1002"],"angle":45.2}},{"type":"Feature","geometry":{"type":"Point","coordinates":[10.134406,55.971816]},"properties":{"lines":"2, 1002","color":"#0059a9","mode":"bus","arr":["2","1002"],"angle":-27,"extra":1,"ei":0}},{"type":"Feature","geometry":{"type":"Point","coordinates":[10.131114,55.971765]},"properties":{"lines":"2, 1002","color":"#0059a9","mode":"bus","arr":["2","1002"],"angle":15.6,"extra":1,"ei":1}},{"type":"Feature","geometry":{"type":"Point","coordinates":[10.127999,55.972491]},"properties":{"lines":"2, 1002","color":"#0059a9","mode":"bus","arr":["2","1002"],"angle":23.8,"extra":1,"ei":2}},{"type":"Feature","geometry":{"type":"Point","coordinates":[10.125027,55.973374]},"properties":{"lines":"2, 1002","color":"#0059a9","mode":"bus","arr":["2","1002"],"angle":39.6,"extra":1,"ei":3}},{"type":"Feature","geometry":{"type":"Point","coordinates":[10.12033,55.976078]},"properties":{"lines":"2, 1002","color":"#0059a9","mode":"bus","arr":["2","1002"],"angle":54.8,"extra":1,"ei":4}},{"type":"Feature","geometry":{"type":"Point","coordinates":[10.118368,55.977615]},"properties":{"lines":"2, 1002","color":"#0059a9","mode":"bus","arr":["2","1002"],"angle":54.1,"extra":1,"ei":5}},{"type":"Feature","geometry":{"type":"Point","coordinates":[10.116609,55.979215]},"properties":{"lines":"2, 1002","color":"#0059a9","mode":"bus","arr":["2","1002"],"angle":70.3,"extra":1,"ei":6}},{"type":"Feature","geometry":{"type":"Point","coordinates":[10.115467,55.980988]},"properties":{"lines":"2, 1002","color":"#0059a9","mode":"bus","arr":["2","1002"],"angle":71,"extra":1,"ei":7}},{"type":"Feature","geometry":{"type":"Point","coordinates":[10.113307,55.984097]},"properties":{"lines":"2","color":"#0059a9","mode":"bus","arr":["2"],"angle":86.2}},{"type":"Feature","geometry":{"type":"Point","coordinates":[10.116182,55.979673]},"properties":{"lines":"2","color":"#0059a9","mode":"bus","arr":["2"],"angle":70.5,"side":-1,"mi":3}},{"type":"Feature","geometry":{"type":"Point","coordinates":[10.113384,55.986798]},"properties":{"lines":"2","color":"#0059a9","mode":"bus","arr":["2"],"angle":-84.1,"mi":1}},{"type":"Feature","geometry":{"type":"Point","coordinates":[10.117179,55.987977]},"properties":{"lines":"2","color":"#0059a9","mode":"bus","arr":["2"],"angle":22.3,"mi":2}},{"type":"Feature","geometry":{"type":"Point","coordinates":[10.125625,55.9803]},"properties":{"lines":"2, 1002","color":"#0059a9","mode":"bus","arr":["2","1002"],"angle":-17.8,"mi":1}},{"type":"Feature","geometry":{"type":"Point","coordinates":[10.120662,55.977453]},"properties":{"lines":"2, 1002","color":"#0059a9","mode":"bus","arr":["2","1002"],"angle":-40.2,"extra":1,"ei":0}},{"type":"Feature","geometry":{"type":"Point","coordinates":[10.122433,55.979034]},"properties":{"lines":"2, 1002","color":"#0059a9","mode":"bus","arr":["2","1002"],"angle":-56.9,"extra":1,"ei":1}},{"type":"Feature","geometry":{"type":"Point","coordinates":[10.128046,55.981016]},"properties":{"lines":"2, 1002","color":"#0059a9","mode":"bus","arr":["2","1002"],"angle":-34.4,"extra":1,"ei":2}},{"type":"Feature","geometry":{"type":"Point","coordinates":[10.131212,55.981591]},"properties":{"lines":"2, 1002","color":"#0059a9","mode":"bus","arr":["2","1002"],"angle":-2,"extra":1,"ei":3}},{"type":"Feature","geometry":{"type":"Point","coordinates":[10.134429,55.976809]},"properties":{"lines":"2, 100, 1002","color":"#0059a9","mode":"bus","arr":["2","100","1002"],"angle":77.5,"mi":2}},{"type":"Feature","geometry":{"type":"Point","coordinates":[10.134063,55.9805]},"properties":{"lines":"2, 100, 1002","color":"#0059a9","mode":"bus","arr":["2","100","1002"],"angle":-87.8,"extra":1,"ei":0}},{"type":"Feature","geometry":{"type":"Point","coordinates":[10.134005,55.978613]},"properties":{"lines":"2, 100, 1002","color":"#0059a9","mode":"bus","arr":["2","100","1002"],"angle":87.7,"extra":1,"ei":1}},{"type":"Feature","geometry":{"type":"Point","coordinates":[10.135198,55.974902]},"properties":{"lines":"2, 100, 1002","color":"#0059a9","mode":"bus","arr":["2","100","1002"],"angle":78,"extra":1,"ei":2}},{"type":"Feature","geometry":{"type":"Point","coordinates":[10.135812,55.973046]},"properties":{"lines":"2, 100, 1002","color":"#0059a9","mode":"bus","arr":["2","100","1002"],"angle":84.3,"extra":1,"ei":3}},{"type":"Feature","geometry":{"type":"Point","coordinates":[10.149792,55.973301]},"properties":{"lines":"2, 100, 103, 302, 331, 1002, 1003, 1004","color":"#0059a9","mode":"bus","arr":["2","100","103","302","331","1002","1003","1004"],"angle":-83.6}},{"type":"Feature","geometry":{"type":"Point","coordinates":[10.055799,56.32479]},"properties":{"lines":"2, 115, 118","color":"#0059a9","mode":"bus","arr":["2","115","118"],"angle":25.8}},{"type":"Feature","geometry":{"type":"Point","coordinates":[10.049375,56.326908]},"properties":{"lines":"2, 115, 118","color":"#0059a9","mode":"bus","arr":["2","115","118"],"angle":43,"extra":1,"ei":0}},{"type":"Feature","geometry":{"type":"Point","coordinates":[10.052086,56.325816]},"properties":{"lines":"2, 115, 118","color":"#0059a9","mode":"bus","arr":["2","115","118"],"angle":26.6,"extra":1,"ei":1}},{"type":"Feature","geometry":{"type":"Point","coordinates":[10.058236,56.324278]},"properties":{"lines":"2, 115, 118","color":"#0059a9","mode":"bus","arr":["2","115","118"],"angle":15,"extra":1,"ei":2}},{"type":"Feature","geometry":{"type":"Point","coordinates":[10.061533,56.323883]},"properties":{"lines":"2, 115, 118","color":"#0059a9","mode":"bus","arr":["2","115","118"],"angle":9.1,"extra":1,"ei":3}},{"type":"Feature","geometry":{"type":"Point","coordinates":[10.047139,56.327756]},"properties":{"lines":"2, 4, 115, 118, 314","color":"#0059a9","mode":"bus","arr":["2","4","115","118","314"],"angle":33.8,"mi":1}},{"type":"Feature","geometry":{"type":"Point","coordinates":[10.046856,56.328487]},"properties":{"lines":"2, 4, 115, 118, 314","color":"#0059a9","mode":"bus","arr":["2","4","115","118","314"],"angle":-57.3}},{"type":"Feature","geometry":{"type":"Point","coordinates":[10.048993,56.330179]},"properties":{"lines":"2","color":"#0059a9","mode":"bus","arr":["2"],"angle":-37.8}},{"type":"Feature","geometry":{"type":"Point","coordinates":[10.050959,56.332588]},"properties":{"lines":"2, 115, 118","color":"#0059a9","mode":"bus","arr":["2","115","118"],"angle":82.1,"mi":1}},{"type":"Feature","geometry":{"type":"Point","coordinates":[10.050745,56.329626]},"properties":{"lines":"115, 118","color":"#0059a9","mode":"bus","arr":["115","118"],"angle":-71.9}},{"type":"Feature","geometry":{"type":"Point","coordinates":[10.049853,56.328522]},"properties":{"lines":"115, 118","color":"#0059a9","mode":"bus","arr":["115","118"],"angle":-60.2,"extra":1,"ei":0}},{"type":"Feature","geometry":{"type":"Point","coordinates":[10.054694,56.334284]},"properties":{"lines":"2, 115","color":"#0059a9","mode":"bus","arr":["2","115"],"angle":-10.6,"mi":3}},{"type":"Feature","geometry":{"type":"Point","coordinates":[10.052325,56.334039]},"properties":{"lines":"2, 115","color":"#0059a9","mode":"bus","arr":["2","115"],"angle":-9,"extra":1,"ei":0}},{"type":"Feature","geometry":{"type":"Point","coordinates":[10.058902,56.332103]},"properties":{"lines":"2, 115","color":"#0059a9","mode":"bus","arr":["2","115"],"angle":-89.6}},{"type":"Feature","geometry":{"type":"Point","coordinates":[10.060384,56.326952]},"properties":{"lines":"2, 115","color":"#0059a9","mode":"bus","arr":["2","115"],"angle":-82,"mi":1}},{"type":"Feature","geometry":{"type":"Point","coordinates":[10.058973,56.330532]},"properties":{"lines":"2, 115","color":"#0059a9","mode":"bus","arr":["2","115"],"angle":82.3,"extra":1,"ei":0}},{"type":"Feature","geometry":{"type":"Point","coordinates":[10.058929,56.334306]},"properties":{"lines":"2, 115","color":"#0059a9","mode":"bus","arr":["2","115"],"angle":-89,"extra":1,"ei":1}},{"type":"Feature","geometry":{"type":"Point","coordinates":[10.059863,56.328795]},"properties":{"lines":"2, 4, 115","color":"#0059a9","mode":"bus","arr":["2","4","115"],"angle":71.6}},{"type":"Feature","geometry":{"type":"Point","coordinates":[10.050533,56.327721]},"properties":{"lines":"4, 115, 314","color":"#0059a9","mode":"bus","arr":["4","115","314"],"angle":43.4}},{"type":"Feature","geometry":{"type":"Point","coordinates":[10.054084,56.327169]},"properties":{"lines":"4, 314","color":"#0059a9","mode":"bus","arr":["4","314"],"angle":19.6,"mi":1}},{"type":"Feature","geometry":{"type":"Point","coordinates":[10.061196,56.325438]},"properties":{"lines":"2, 115","color":"#0059a9","mode":"bus","arr":["2","115"],"angle":36.5,"mi":2}},{"type":"Feature","geometry":{"type":"Point","coordinates":[10.063597,56.324538]},"properties":{"lines":"2","color":"#0059a9","mode":"bus","arr":["2"],"angle":32.6,"side":-1,"mi":1}},{"type":"Feature","geometry":{"type":"Point","coordinates":[10.092442,56.327963]},"properties":{"lines":"2","color":"#0059a9","mode":"bus","arr":["2"],"angle":-21.9}},{"type":"Feature","geometry":{"type":"Point","coordinates":[10.071423,56.324237]},"properties":{"lines":"2","color":"#0059a9","mode":"bus","arr":["2"],"angle":-1.9}},{"type":"Feature","geometry":{"type":"Point","coordinates":[10.076219,56.324634]},"properties":{"lines":"2","color":"#0059a9","mode":"bus","arr":["2"],"angle":-9.1,"extra":1,"ei":0}},{"type":"Feature","geometry":{"type":"Point","coordinates":[10.066238,56.324135]},"properties":{"lines":"2","color":"#0059a9","mode":"bus","arr":["2"],"angle":19.9,"extra":1,"ei":1}},{"type":"Feature","geometry":{"type":"Point","coordinates":[10.079867,56.324897]},"properties":{"lines":"2","color":"#0059a9","mode":"bus","arr":["2"],"angle":-18.6,"extra":1,"ei":0}},{"type":"Feature","geometry":{"type":"Point","coordinates":[10.082767,56.325845]},"properties":{"lines":"2","color":"#0059a9","mode":"bus","arr":["2"],"angle":-25.1,"extra":1,"ei":1}},{"type":"Feature","geometry":{"type":"Point","coordinates":[10.085846,56.32662]},"properties":{"lines":"2","color":"#0059a9","mode":"bus","arr":["2"],"angle":-22.9,"extra":1,"ei":2}},{"type":"Feature","geometry":{"type":"Point","coordinates":[10.089125,56.327043]},"properties":{"lines":"2","color":"#0059a9","mode":"bus","arr":["2"],"angle":-13.7,"extra":1,"ei":3}},{"type":"Feature","geometry":{"type":"Point","coordinates":[10.095246,56.328599]},"properties":{"lines":"2","color":"#0059a9","mode":"bus","arr":["2"],"angle":-27.9,"extra":1,"ei":4}},{"type":"Feature","geometry":{"type":"Point","coordinates":[10.098497,56.329029]},"properties":{"lines":"2","color":"#0059a9","mode":"bus","arr":["2"],"angle":-7.8,"extra":1,"ei":5}},{"type":"Feature","geometry":{"type":"Point","coordinates":[10.101714,56.328605]},"properties":{"lines":"2","color":"#0059a9","mode":"bus","arr":["2"],"angle":11.1,"extra":1,"ei":6}},{"type":"Feature","geometry":{"type":"Point","coordinates":[10.105081,56.328632]},"properties":{"lines":"2","color":"#0059a9","mode":"bus","arr":["2"],"angle":-11,"extra":1,"ei":7}},{"type":"Feature","geometry":{"type":"Point","coordinates":[10.113296,56.327906]},"properties":{"lines":"2, 3, 118","color":"#0059a9","mode":"bus","arr":["2","3","118"],"angle":-19.1}},{"type":"Feature","geometry":{"type":"Point","coordinates":[10.108862,56.329115]},"properties":{"lines":"2, 3, 118","color":"#0059a9","mode":"bus","arr":["2","3","118"],"angle":77.3,"extra":1,"ei":0}},{"type":"Feature","geometry":{"type":"Point","coordinates":[10.110865,56.327821]},"properties":{"lines":"2, 3, 118","color":"#0059a9","mode":"bus","arr":["2","3","118"],"angle":19.7,"extra":1,"ei":1}},{"type":"Feature","geometry":{"type":"Point","coordinates":[10.11716,56.328815]},"properties":{"lines":"2, 3, 118","color":"#0059a9","mode":"bus","arr":["2","3","118"],"angle":-29.6,"extra":1,"ei":2}},{"type":"Feature","geometry":{"type":"Point","coordinates":[10.1201,56.329742]},"properties":{"lines":"2, 3, 118","color":"#0059a9","mode":"bus","arr":["2","3","118"],"angle":-28.1,"extra":1,"ei":3}},{"type":"Feature","geometry":{"type":"Point","coordinates":[10.106801,56.329764]},"properties":{"lines":"2, 3","color":"#0059a9","mode":"bus","arr":["2","3"],"angle":25.4}},{"type":"Feature","geometry":{"type":"Point","coordinates":[10.105257,56.319776]},"properties":{"lines":"2, 118","color":"#0059a9","mode":"bus","arr":["2","118"],"angle":-81.5}},{"type":"Feature","geometry":{"type":"Point","coordinates":[10.107254,56.328288]},"properties":{"lines":"2, 118","color":"#0059a9","mode":"bus","arr":["2","118"],"angle":-87.4,"extra":1,"ei":0}},{"type":"Feature","geometry":{"type":"Point","coordinates":[10.107028,56.326405]},"properties":{"lines":"2, 118","color":"#0059a9","mode":"bus","arr":["2","118"],"angle":-81.5,"extra":1,"ei":1}},{"type":"Feature","geometry":{"type":"Point","coordinates":[10.106529,56.324537]},"properties":{"lines":"2, 118","color":"#0059a9","mode":"bus","arr":["2","118"],"angle":-81.5,"extra":1,"ei":2}},{"type":"Feature","geometry":{"type":"Point","coordinates":[10.10603,56.32267]},"properties":{"lines":"2, 118","color":"#0059a9","mode":"bus","arr":["2","118"],"angle":-81.5,"extra":1,"ei":3}},{"type":"Feature","geometry":{"type":"Point","coordinates":[10.104269,56.317102]},"properties":{"lines":"2, 118","color":"#0059a9","mode":"bus","arr":["2","118"],"angle":-70.8,"extra":1,"ei":4}},{"type":"Feature","geometry":{"type":"Point","coordinates":[10.102978,56.315374]},"properties":{"lines":"2, 118","color":"#0059a9","mode":"bus","arr":["2","118"],"angle":-51.5,"extra":1,"ei":5}},{"type":"Feature","geometry":{"type":"Point","coordinates":[10.10086,56.313903]},"properties":{"lines":"2, 118","color":"#0059a9","mode":"bus","arr":["2","118"],"angle":-51.1,"extra":1,"ei":6}},{"type":"Feature","geometry":{"type":"Point","coordinates":[10.099251,56.312279]},"properties":{"lines":"2, 118","color":"#0059a9","mode":"bus","arr":["2","118"],"angle":-74.4,"extra":1,"ei":7}},{"type":"Feature","geometry":{"type":"Point","coordinates":[10.082568,56.317637]},"properties":{"lines":"118","color":"#0059a9","mode":"bus","arr":["118"],"angle":40.5}},{"type":"Feature","geometry":{"type":"Point","coordinates":[10.097195,56.311675]},"properties":{"lines":"118","color":"#0059a9","mode":"bus","arr":["118"],"angle":32.2,"extra":1,"ei":0}},{"type":"Feature","geometry":{"type":"Point","coordinates":[10.094176,56.312485]},"properties":{"lines":"118","color":"#0059a9","mode":"bus","arr":["118"],"angle":16.2,"extra":1,"ei":1}},{"type":"Feature","geometry":{"type":"Point","coordinates":[10.09096,56.313052]},"properties":{"lines":"118","color":"#0059a9","mode":"bus","arr":["118"],"angle":25.4,"extra":1,"ei":2}},{"type":"Feature","geometry":{"type":"Point","coordinates":[10.08855,56.314334]},"properties":{"lines":"118","color":"#0059a9","mode":"bus","arr":["118"],"angle":53.9,"extra":1,"ei":3}},{"type":"Feature","geometry":{"type":"Point","coordinates":[10.086387,56.315778]},"properties":{"lines":"118","color":"#0059a9","mode":"bus","arr":["118"],"angle":43.5,"extra":1,"ei":4}},{"type":"Feature","geometry":{"type":"Point","coordinates":[10.078714,56.319475]},"properties":{"lines":"118","color":"#0059a9","mode":"bus","arr":["118"],"angle":40.2,"extra":1,"ei":5}},{"type":"Feature","geometry":{"type":"Point","coordinates":[10.076002,56.320595]},"properties":{"lines":"118","color":"#0059a9","mode":"bus","arr":["118"],"angle":31.8,"extra":1,"ei":6}},{"type":"Feature","geometry":{"type":"Point","coordinates":[10.0731,56.321559]},"properties":{"lines":"118","color":"#0059a9","mode":"bus","arr":["118"],"angle":30.5,"extra":1,"ei":7}},{"type":"Feature","geometry":{"type":"Point","coordinates":[10.070089,56.322408]},"properties":{"lines":"118","color":"#0059a9","mode":"bus","arr":["118"],"angle":23.9,"extra":1,"ei":8}},{"type":"Feature","geometry":{"type":"Point","coordinates":[10.067148,56.323328]},"properties":{"lines":"118","color":"#0059a9","mode":"bus","arr":["118"],"angle":31.8,"extra":1,"ei":9}},{"type":"Feature","geometry":{"type":"Point","coordinates":[10.132823,56.311621]},"properties":{"lines":"2","color":"#0059a9","mode":"bus","arr":["2"],"angle":16.9}},{"type":"Feature","geometry":{"type":"Point","coordinates":[10.097521,56.305819]},"properties":{"lines":"2","color":"#0059a9","mode":"bus","arr":["2"],"angle":-72.1}},{"type":"Feature","geometry":{"type":"Point","coordinates":[10.097373,56.310839]},"properties":{"lines":"2","color":"#0059a9","mode":"bus","arr":["2"],"angle":-7.8,"extra":1,"ei":0}},{"type":"Feature","geometry":{"type":"Point","coordinates":[10.094938,56.30978]},"properties":{"lines":"2","color":"#0059a9","mode":"bus","arr":["2"],"angle":-67.4,"extra":1,"ei":1}},{"type":"Feature","geometry":{"type":"Point","coordinates":[10.093637,56.308037]},"properties":{"lines":"2","color":"#0059a9","mode":"bus","arr":["2"],"angle":-87.3,"extra":1,"ei":2}},{"type":"Feature","geometry":{"type":"Point","coordinates":[10.096388,56.307115]},"properties":{"lines":"2","color":"#0059a9","mode":"bus","arr":["2"],"angle":26.2,"extra":1,"ei":3}},{"type":"Feature","geometry":{"type":"Point","coordinates":[10.097828,56.304135]},"properties":{"lines":"2","color":"#0059a9","mode":"bus","arr":["2"],"angle":25,"extra":1,"ei":4}},{"type":"Feature","geometry":{"type":"Point","coordinates":[10.100977,56.303455]},"properties":{"lines":"2","color":"#0059a9","mode":"bus","arr":["2"],"angle":21.1,"extra":1,"ei":5}},{"type":"Feature","geometry":{"type":"Point","coordinates":[10.103613,56.302392]},"properties":{"lines":"2","color":"#0059a9","mode":"bus","arr":["2"],"angle":58.4,"extra":1,"ei":6}},{"type":"Feature","geometry":{"type":"Point","coordinates":[10.10566,56.300897]},"properties":{"lines":"2","color":"#0059a9","mode":"bus","arr":["2"],"angle":54.9,"extra":1,"ei":7}},{"type":"Feature","geometry":{"type":"Point","coordinates":[10.118184,56.304808]},"properties":{"lines":"2","color":"#0059a9","mode":"bus","arr":["2"],"angle":-45.4}},{"type":"Feature","geometry":{"type":"Point","coordinates":[10.107102,56.301018]},"properties":{"lines":"2","color":"#0059a9","mode":"bus","arr":["2"],"angle":-74.8,"extra":1,"ei":0}},{"type":"Feature","geometry":{"type":"Point","coordinates":[10.109492,56.30229]},"properties":{"lines":"2","color":"#0059a9","mode":"bus","arr":["2"],"angle":-37.4,"extra":1,"ei":1}},{"type":"Feature","geometry":{"type":"Point","coordinates":[10.112393,56.303019]},"properties":{"lines":"2","color":"#0059a9","mode":"bus","arr":["2"],"angle":17.2,"extra":1,"ei":2}},{"type":"Feature","geometry":{"type":"Point","coordinates":[10.115263,56.303379]},"properties":{"lines":"2","color":"#0059a9","mode":"bus","arr":["2"],"angle":-24.1,"extra":1,"ei":3}},{"type":"Feature","geometry":{"type":"Point","coordinates":[10.120376,56.30579]},"properties":{"lines":"2","color":"#0059a9","mode":"bus","arr":["2"],"angle":-38.1,"extra":1,"ei":4}},{"type":"Feature","geometry":{"type":"Point","coordinates":[10.123025,56.306961]},"properties":{"lines":"2","color":"#0059a9","mode":"bus","arr":["2"],"angle":-38.6,"extra":1,"ei":5}},{"type":"Feature","geometry":{"type":"Point","coordinates":[10.125519,56.308229]},"properties":{"lines":"2","color":"#0059a9","mode":"bus","arr":["2"],"angle":-45.2,"extra":1,"ei":6}},{"type":"Feature","geometry":{"type":"Point","coordinates":[10.128063,56.309467]},"properties":{"lines":"2","color":"#0059a9","mode":"bus","arr":["2"],"angle":-37.6,"extra":1,"ei":7}},{"type":"Feature","geometry":{"type":"Point","coordinates":[10.130573,56.311146]},"properties":{"lines":"2","color":"#0059a9","mode":"bus","arr":["2"],"angle":-83,"mi":1}},{"type":"Feature","geometry":{"type":"Point","coordinates":[10.151814,56.312431]},"properties":{"lines":"2","color":"#0059a9","mode":"bus","arr":["2"],"angle":-5.5}},{"type":"Feature","geometry":{"type":"Point","coordinates":[10.136513,56.311944]},"properties":{"lines":"2","color":"#0059a9","mode":"bus","arr":["2"],"angle":-19.6,"extra":1,"ei":0}},{"type":"Feature","geometry":{"type":"Point","coordinates":[10.139687,56.312586]},"properties":{"lines":"2","color":"#0059a9","mode":"bus","arr":["2"],"angle":-17.6,"extra":1,"ei":1}},{"type":"Feature","geometry":{"type":"Point","coordinates":[10.143014,56.312866]},"properties":{"lines":"2","color":"#0059a9","mode":"bus","arr":["2"],"angle":-4.8,"extra":1,"ei":2}},{"type":"Feature","geometry":{"type":"Point","coordinates":[10.146366,56.312772]},"properties":{"lines":"2","color":"#0059a9","mode":"bus","arr":["2"],"angle":12.8,"extra":1,"ei":3}},{"type":"Feature","geometry":{"type":"Point","coordinates":[10.149669,56.312392]},"properties":{"lines":"2","color":"#0059a9","mode":"bus","arr":["2"],"angle":5,"extra":1,"ei":4}},{"type":"Feature","geometry":{"type":"Point","coordinates":[10.156393,56.31268]},"properties":{"lines":"2","color":"#0059a9","mode":"bus","arr":["2"],"angle":-5.7,"extra":1,"ei":5}},{"type":"Feature","geometry":{"type":"Point","coordinates":[10.159751,56.312867]},"properties":{"lines":"2","color":"#0059a9","mode":"bus","arr":["2"],"angle":-5.7,"extra":1,"ei":6}},{"type":"Feature","geometry":{"type":"Point","coordinates":[10.16311,56.313055]},"properties":{"lines":"2","color":"#0059a9","mode":"bus","arr":["2"],"angle":-5.7,"extra":1,"ei":7}},{"type":"Feature","geometry":{"type":"Point","coordinates":[10.166426,56.312895]},"properties":{"lines":"2","color":"#0059a9","mode":"bus","arr":["2"],"angle":22.5,"extra":1,"ei":8}},{"type":"Feature","geometry":{"type":"Point","coordinates":[10.17205,56.31525]},"properties":{"lines":"2","color":"#0059a9","mode":"bus","arr":["2"],"angle":-87.4}},{"type":"Feature","geometry":{"type":"Point","coordinates":[10.170271,56.312257]},"properties":{"lines":"2","color":"#0059a9","mode":"bus","arr":["2"],"angle":-16.4,"extra":1,"ei":0}},{"type":"Feature","geometry":{"type":"Point","coordinates":[10.171932,56.313531]},"properties":{"lines":"2","color":"#0059a9","mode":"bus","arr":["2"],"angle":-88.3,"extra":1,"ei":1}},{"type":"Feature","geometry":{"type":"Point","coordinates":[10.172412,56.317297]},"properties":{"lines":"2","color":"#0059a9","mode":"bus","arr":["2"],"angle":-83.7,"extra":1,"ei":2}},{"type":"Feature","geometry":{"type":"Point","coordinates":[10.172785,56.319174]},"properties":{"lines":"2","color":"#0059a9","mode":"bus","arr":["2"],"angle":-83.4,"extra":1,"ei":3}},{"type":"Feature","geometry":{"type":"Point","coordinates":[10.163578,56.320625]},"properties":{"lines":"2","color":"#0059a9","mode":"bus","arr":["2"],"angle":-3.6,"mi":1}},{"type":"Feature","geometry":{"type":"Point","coordinates":[10.156168,56.321104]},"properties":{"lines":"2","color":"#0059a9","mode":"bus","arr":["2"],"angle":40.3,"extra":1,"ei":0}},{"type":"Feature","geometry":{"type":"Point","coordinates":[10.159145,56.320468]},"properties":{"lines":"2","color":"#0059a9","mode":"bus","arr":["2"],"angle":-3.6,"extra":1,"ei":1}},{"type":"Feature","geometry":{"type":"Point","coordinates":[10.165866,56.320562]},"properties":{"lines":"2","color":"#0059a9","mode":"bus","arr":["2"],"angle":14,"extra":1,"ei":2}},{"type":"Feature","geometry":{"type":"Point","coordinates":[10.169138,56.320103]},"properties":{"lines":"2","color":"#0059a9","mode":"bus","arr":["2"],"angle":9.5,"extra":1,"ei":3}},{"type":"Feature","geometry":{"type":"Point","coordinates":[10.172474,56.319814]},"properties":{"lines":"2","color":"#0059a9","mode":"bus","arr":["2"],"angle":8.8,"extra":1,"ei":4}},{"type":"Feature","geometry":{"type":"Point","coordinates":[10.150167,56.329202]},"properties":{"lines":"2","color":"#0059a9","mode":"bus","arr":["2"],"angle":63.5}},{"type":"Feature","geometry":{"type":"Point","coordinates":[10.154957,56.322639]},"properties":{"lines":"2","color":"#0059a9","mode":"bus","arr":["2"],"angle":-89.9,"extra":1,"ei":0}},{"type":"Feature","geometry":{"type":"Point","coordinates":[10.154729,56.32451]},"properties":{"lines":"2","color":"#0059a9","mode":"bus","arr":["2"],"angle":69.1,"extra":1,"ei":1}},{"type":"Feature","geometry":{"type":"Point","coordinates":[10.153774,56.32631]},"properties":{"lines":"2","color":"#0059a9","mode":"bus","arr":["2"],"angle":76.4,"extra":1,"ei":2}},{"type":"Feature","geometry":{"type":"Point","coordinates":[10.152458,56.327978]},"properties":{"lines":"2","color":"#0059a9","mode":"bus","arr":["2"],"angle":38.2,"extra":1,"ei":3}},{"type":"Feature","geometry":{"type":"Point","coordinates":[10.148515,56.330956]},"properties":{"lines":"2","color":"#0059a9","mode":"bus","arr":["2"],"angle":61.5,"extra":1,"ei":4}},{"type":"Feature","geometry":{"type":"Point","coordinates":[10.146273,56.332316]},"properties":{"lines":"2","color":"#0059a9","mode":"bus","arr":["2"],"angle":36.2,"extra":1,"ei":5}},{"type":"Feature","geometry":{"type":"Point","coordinates":[10.144547,56.333876]},"properties":{"lines":"2","color":"#0059a9","mode":"bus","arr":["2"],"angle":79.5,"extra":1,"ei":6}},{"type":"Feature","geometry":{"type":"Point","coordinates":[10.143244,56.335571]},"properties":{"lines":"2","color":"#0059a9","mode":"bus","arr":["2"],"angle":60.1,"extra":1,"ei":7}},{"type":"Feature","geometry":{"type":"Point","coordinates":[10.133069,56.332746]},"properties":{"lines":"2, 3","color":"#0059a9","mode":"bus","arr":["2","3"],"angle":-2.6}},{"type":"Feature","geometry":{"type":"Point","coordinates":[10.14109,56.336147]},"properties":{"lines":"2, 3","color":"#0059a9","mode":"bus","arr":["2","3"],"angle":-13.6,"extra":1,"ei":0}},{"type":"Feature","geometry":{"type":"Point","coordinates":[10.1381,56.335382]},"properties":{"lines":"2, 3","color":"#0059a9","mode":"bus","arr":["2","3"],"angle":-60.4,"extra":1,"ei":1}},{"type":"Feature","geometry":{"type":"Point","coordinates":[10.137399,56.333541]},"properties":{"lines":"2, 3","color":"#0059a9","mode":"bus","arr":["2","3"],"angle":-79.3,"extra":1,"ei":2}},{"type":"Feature","geometry":{"type":"Point","coordinates":[10.135464,56.332547]},"properties":{"lines":"2, 3","color":"#0059a9","mode":"bus","arr":["2","3"],"angle":7.8,"extra":1,"ei":3}},{"type":"Feature","geometry":{"type":"Point","coordinates":[10.129083,56.332003]},"properties":{"lines":"2, 3","color":"#0059a9","mode":"bus","arr":["2","3"],"angle":-35.4,"extra":1,"ei":4}},{"type":"Feature","geometry":{"type":"Point","coordinates":[10.125974,56.331307]},"properties":{"lines":"2, 3","color":"#0059a9","mode":"bus","arr":["2","3"],"angle":-15.7,"extra":1,"ei":5}},{"type":"Feature","geometry":{"type":"Point","coordinates":[10.122772,56.330725]},"properties":{"lines":"2, 3","color":"#0059a9","mode":"bus","arr":["2","3"],"angle":-28.8,"extra":1,"ei":6}},{"type":"Feature","geometry":{"type":"Point","coordinates":[10.17528,56.112808]},"properties":{"lines":"2A","color":"#0059a9","mode":"bus","arr":["2A"],"angle":-86,"mi":1}},{"type":"Feature","geometry":{"type":"Point","coordinates":[10.162286,56.194859]},"properties":{"lines":"2A","color":"#0059a9","mode":"bus","arr":["2A"],"angle":35.3,"mi":4}},{"type":"Feature","geometry":{"type":"Point","coordinates":[10.176505,56.204107]},"properties":{"lines":"2A","color":"#0059a9","mode":"bus","arr":["2A"],"angle":-6.1,"mi":9}},{"type":"Feature","geometry":{"type":"Point","coordinates":[10.149484,56.250579]},"properties":{"lines":"2A","color":"#0059a9","mode":"bus","arr":["2A"],"angle":13.5,"mi":5}},{"type":"Feature","geometry":{"type":"Point","coordinates":[10.176946,56.201433]},"properties":{"lines":"2A","color":"#0059a9","mode":"bus","arr":["2A"],"angle":26.5,"mi":6}},{"type":"Feature","geometry":{"type":"Point","coordinates":[10.161716,56.195379]},"properties":{"lines":"2A","color":"#0059a9","mode":"bus","arr":["2A"],"angle":-76.7,"mi":5}},{"type":"Feature","geometry":{"type":"Point","coordinates":[10.165625,56.193395]},"properties":{"lines":"2A","color":"#0059a9","mode":"bus","arr":["2A"],"angle":32.7,"side":-1,"mi":2}},{"type":"Feature","geometry":{"type":"Point","coordinates":[10.167197,56.106491]},"properties":{"lines":"2A","color":"#0059a9","mode":"bus","arr":["2A"],"angle":-68.7,"mi":3}},{"type":"Feature","geometry":{"type":"Point","coordinates":[10.167793,56.107778]},"properties":{"lines":"2A","color":"#0059a9","mode":"bus","arr":["2A"],"angle":-83.3,"extra":1,"ei":0}},{"type":"Feature","geometry":{"type":"Point","coordinates":[10.171691,56.10855]},"properties":{"lines":"2A, 6A, 40","color":"#0059a9","mode":"bus","arr":["2A","6A","40"],"angle":-1.7}},{"type":"Feature","geometry":{"type":"Point","coordinates":[10.177314,56.110747]},"properties":{"lines":"2A","color":"#0059a9","mode":"bus","arr":["2A"],"angle":-65.5}},{"type":"Feature","geometry":{"type":"Point","coordinates":[10.175416,56.109769]},"properties":{"lines":"2A","color":"#0059a9","mode":"bus","arr":["2A"],"angle":-62,"extra":1,"ei":0}},{"type":"Feature","geometry":{"type":"Point","coordinates":[10.175389,56.112496]},"properties":{"lines":"2A","color":"#0059a9","mode":"bus","arr":["2A"],"angle":36.3,"extra":1,"ei":1,"side":-1}},{"type":"Feature","geometry":{"type":"Point","coordinates":[10.174721,56.113668]},"properties":{"lines":"2A","color":"#0059a9","mode":"bus","arr":["2A"],"angle":53.9,"mi":2}},{"type":"Feature","geometry":{"type":"Point","coordinates":[10.174035,56.114595]},"properties":{"lines":"2A, 40","color":"#0059a9","mode":"bus","arr":["2A","40"],"angle":-73.5}},{"type":"Feature","geometry":{"type":"Point","coordinates":[10.173927,56.116132]},"properties":{"lines":"2A, 13, 40","color":"#0059a9","mode":"bus","arr":["2A","13","40"],"angle":63.7}},{"type":"Feature","geometry":{"type":"Point","coordinates":[10.183608,56.119749]},"properties":{"lines":"2A, 17, 40","color":"#0059a9","mode":"bus","arr":["2A","17","40"],"angle":-29.1}},{"type":"Feature","geometry":{"type":"Point","coordinates":[10.175246,56.117491]},"properties":{"lines":"2A, 17, 40","color":"#0059a9","mode":"bus","arr":["2A","17","40"],"angle":-18.3,"mi":1}},{"type":"Feature","geometry":{"type":"Point","coordinates":[10.187175,56.120879]},"properties":{"lines":"2A, 17, 40","color":"#0059a9","mode":"bus","arr":["2A","17","40"],"angle":-33.8,"extra":1,"ei":0}},{"type":"Feature","geometry":{"type":"Point","coordinates":[10.181294,56.119026]},"properties":{"lines":"2A, 17, 40","color":"#0059a9","mode":"bus","arr":["2A","17","40"],"angle":-28.8,"extra":1,"ei":1}},{"type":"Feature","geometry":{"type":"Point","coordinates":[10.178086,56.118082]},"properties":{"lines":"2A, 17, 40","color":"#0059a9","mode":"bus","arr":["2A","17","40"],"angle":-22.7,"extra":1,"ei":0}},{"type":"Feature","geometry":{"type":"Point","coordinates":[10.186109,56.123631]},"properties":{"lines":"2A, 16, 18, 40","color":"#0059a9","mode":"bus","arr":["2A","16","18","40"],"angle":71.4}},{"type":"Feature","geometry":{"type":"Point","coordinates":[10.18739,56.122158]},"properties":{"lines":"2A, 16, 18, 40","color":"#0059a9","mode":"bus","arr":["2A","16","18","40"],"angle":54,"extra":1,"ei":0}},{"type":"Feature","geometry":{"type":"Point","coordinates":[10.184858,56.125643]},"properties":{"lines":"2A, 16, 18, 40","color":"#0059a9","mode":"bus","arr":["2A","16","18","40"],"angle":70.8,"extra":1,"ei":1}},{"type":"Feature","geometry":{"type":"Point","coordinates":[10.18083,56.132071]},"properties":{"lines":"2A, 40","color":"#0059a9","mode":"bus","arr":["2A","40"],"angle":70.6}},{"type":"Feature","geometry":{"type":"Point","coordinates":[10.177831,56.136359]},"properties":{"lines":"2A, 40","color":"#0059a9","mode":"bus","arr":["2A","40"],"angle":56.3,"extra":1,"ei":0}},{"type":"Feature","geometry":{"type":"Point","coordinates":[10.179206,56.13464]},"properties":{"lines":"2A, 40","color":"#0059a9","mode":"bus","arr":["2A","40"],"angle":70.5,"extra":1,"ei":1}},{"type":"Feature","geometry":{"type":"Point","coordinates":[10.182564,56.129295]},"properties":{"lines":"2A, 40","color":"#0059a9","mode":"bus","arr":["2A","40"],"angle":70.4,"extra":1,"ei":2}},{"type":"Feature","geometry":{"type":"Point","coordinates":[10.183691,56.127514]},"properties":{"lines":"2A, 40","color":"#0059a9","mode":"bus","arr":["2A","40"],"angle":70.8,"extra":1,"ei":3}},{"type":"Feature","geometry":{"type":"Point","coordinates":[10.202471,56.159546]},"properties":{"lines":"2A, 4A, 11, 13, 43, 44, 45","color":"#0059a9","mode":"bus","arr":["2A","4A","11","13","43","44","45"],"angle":-26.7}},{"type":"Feature","geometry":{"type":"Point","coordinates":[10.196475,56.161185]},"properties":{"lines":"2A, 13, 45","color":"#0059a9","mode":"bus","arr":["2A","13","45"],"angle":-83.7}},{"type":"Feature","geometry":{"type":"Point","coordinates":[10.198353,56.159086]},"properties":{"lines":"2A, 13, 45","color":"#0059a9","mode":"bus","arr":["2A","13","45"],"angle":49,"extra":1,"ei":0}},{"type":"Feature","geometry":{"type":"Point","coordinates":[10.196732,56.162443]},"properties":{"lines":"2A, 13, 45","color":"#0059a9","mode":"bus","arr":["2A","13","45"],"angle":-83.6,"extra":1,"ei":1}},{"type":"Feature","geometry":{"type":"Point","coordinates":[10.197135,56.164318]},"properties":{"lines":"2A, 13, 45","color":"#0059a9","mode":"bus","arr":["2A","13","45"],"angle":-82.8,"extra":1,"ei":2}},{"type":"Feature","geometry":{"type":"Point","coordinates":[10.192784,56.166644]},"properties":{"lines":"2A, 13, 45","color":"#0059a9","mode":"bus","arr":["2A","13","45"],"angle":-65.8,"mi":1}},{"type":"Feature","geometry":{"type":"Point","coordinates":[10.195724,56.165037]},"properties":{"lines":"2A, 13, 45","color":"#0059a9","mode":"bus","arr":["2A","13","45"],"angle":46.9,"extra":1,"ei":0}},{"type":"Feature","geometry":{"type":"Point","coordinates":[10.181599,56.174415]},"properties":{"lines":"2A, 45","color":"#0059a9","mode":"bus","arr":["2A","45"],"angle":58.6}},{"type":"Feature","geometry":{"type":"Point","coordinates":[10.184086,56.17212]},"properties":{"lines":"2A, 45","color":"#0059a9","mode":"bus","arr":["2A","45"],"angle":-44.7,"mi":2}},{"type":"Feature","geometry":{"type":"Point","coordinates":[10.188118,56.169309]},"properties":{"lines":"2A, 45","color":"#0059a9","mode":"bus","arr":["2A","45"],"angle":50.4,"side":-1,"mi":5}},{"type":"Feature","geometry":{"type":"Point","coordinates":[10.179992,56.175898]},"properties":{"lines":"2A, 45","color":"#0059a9","mode":"bus","arr":["2A","45"],"angle":56.9,"extra":1,"ei":0}},{"type":"Feature","geometry":{"type":"Point","coordinates":[10.189493,56.168417]},"properties":{"lines":"2A, 45","color":"#0059a9","mode":"bus","arr":["2A","45"],"angle":48.9,"extra":1,"ei":0,"side":-1}},{"type":"Feature","geometry":{"type":"Point","coordinates":[10.18523,56.171136]},"properties":{"lines":"2A, 45","color":"#0059a9","mode":"bus","arr":["2A","45"],"angle":51.1,"extra":1,"ei":0}},{"type":"Feature","geometry":{"type":"Point","coordinates":[10.172511,56.175088]},"properties":{"lines":"2A, 6A, 45","color":"#0059a9","mode":"bus","arr":["2A","6A","45"],"angle":-18.7,"side":-1}},{"type":"Feature","geometry":{"type":"Point","coordinates":[10.177603,56.176272]},"properties":{"lines":"2A, 6A, 45","color":"#0059a9","mode":"bus","arr":["2A","6A","45"],"angle":-24.6,"extra":1,"ei":0}},{"type":"Feature","geometry":{"type":"Point","coordinates":[10.174462,56.175584]},"properties":{"lines":"2A, 6A, 45","color":"#0059a9","mode":"bus","arr":["2A","6A","45"],"angle":-19.1,"extra":1,"ei":1}},{"type":"Feature","geometry":{"type":"Point","coordinates":[10.168066,56.174375]},"properties":{"lines":"2A, 6A, 45","color":"#0059a9","mode":"bus","arr":["2A","6A","45"],"angle":-18.6,"extra":1,"ei":2}},{"type":"Feature","geometry":{"type":"Point","coordinates":[10.170458,56.174698]},"properties":{"lines":"2A, 6A, 45","color":"#0059a9","mode":"bus","arr":["2A","6A","45"],"angle":-18.7,"extra":1,"ei":0,"side":-1}},{"type":"Feature","geometry":{"type":"Point","coordinates":[10.167498,56.178429]},"properties":{"lines":"2A, 45","color":"#0059a9","mode":"bus","arr":["2A","45"],"angle":-77.5,"mi":1}},{"type":"Feature","geometry":{"type":"Point","coordinates":[10.166331,56.174875]},"properties":{"lines":"2A, 45","color":"#0059a9","mode":"bus","arr":["2A","45"],"angle":-76.9,"extra":1,"ei":0,"side":-1}},{"type":"Feature","geometry":{"type":"Point","coordinates":[10.167022,56.176723]},"properties":{"lines":"2A, 45","color":"#0059a9","mode":"bus","arr":["2A","45"],"angle":-77.5,"extra":1,"ei":1,"side":-1}},{"type":"Feature","geometry":{"type":"Point","coordinates":[10.168484,56.180411]},"properties":{"lines":"2A, 45","color":"#0059a9","mode":"bus","arr":["2A","45"],"angle":-77.4,"extra":1,"ei":2,"side":-1}},{"type":"Feature","geometry":{"type":"Point","coordinates":[10.169195,56.182257]},"properties":{"lines":"2A, 45","color":"#0059a9","mode":"bus","arr":["2A","45"],"angle":-78.5,"extra":1,"ei":3,"side":-1}},{"type":"Feature","geometry":{"type":"Point","coordinates":[10.170301,56.184912]},"properties":{"lines":"2A, 45","color":"#0059a9","mode":"bus","arr":["2A","45"],"angle":-72.3,"side":-1,"mi":3}},{"type":"Feature","geometry":{"type":"Point","coordinates":[10.170488,56.186128]},"properties":{"lines":"2A, 45","color":"#0059a9","mode":"bus","arr":["2A","45"],"angle":82.4,"extra":1,"ei":0,"side":-1}},{"type":"Feature","geometry":{"type":"Point","coordinates":[10.174251,56.187757]},"properties":{"lines":"2A, 45","color":"#0059a9","mode":"bus","arr":["2A","45"],"angle":-24.7,"side":-1,"mi":4}},{"type":"Feature","geometry":{"type":"Point","coordinates":[10.172012,56.187227]},"properties":{"lines":"2A, 45","color":"#0059a9","mode":"bus","arr":["2A","45"],"angle":-20,"extra":1,"ei":0,"side":-1}},{"type":"Feature","geometry":{"type":"Point","coordinates":[10.176102,56.188424]},"properties":{"lines":"2A, 45","color":"#0059a9","mode":"bus","arr":["2A","45"],"angle":-35.2,"extra":1,"ei":0}},{"type":"Feature","geometry":{"type":"Point","coordinates":[10.168448,56.193824]},"properties":{"lines":"2A","color":"#0059a9","mode":"bus","arr":["2A"],"angle":-24.7,"side":-1,"mi":1}},{"type":"Feature","geometry":{"type":"Point","coordinates":[10.176733,56.189568]},"properties":{"lines":"2A","color":"#0059a9","mode":"bus","arr":["2A"],"angle":72.5,"side":-1,"mi":10}},{"type":"Feature","geometry":{"type":"Point","coordinates":[10.174404,56.193091]},"properties":{"lines":"2A, 6A","color":"#0059a9","mode":"bus","arr":["2A","6A"],"angle":69.2}},{"type":"Feature","geometry":{"type":"Point","coordinates":[10.17643,56.190204]},"properties":{"lines":"2A, 6A","color":"#0059a9","mode":"bus","arr":["2A","6A"],"angle":68.3,"extra":1,"ei":0}},{"type":"Feature","geometry":{"type":"Point","coordinates":[10.175199,56.191962]},"properties":{"lines":"2A, 6A","color":"#0059a9","mode":"bus","arr":["2A","6A"],"angle":68.1,"extra":1,"ei":1}},{"type":"Feature","geometry":{"type":"Point","coordinates":[10.171558,56.1947]},"properties":{"lines":"2A, 6A","color":"#0059a9","mode":"bus","arr":["2A","6A"],"angle":-12.6,"extra":1,"ei":2}},{"type":"Feature","geometry":{"type":"Point","coordinates":[10.163255,56.194263]},"properties":{"lines":"2A","color":"#0059a9","mode":"bus","arr":["2A"],"angle":35.2,"side":-1,"mi":3}},{"type":"Feature","geometry":{"type":"Point","coordinates":[10.165916,56.199453]},"properties":{"lines":"2A","color":"#0059a9","mode":"bus","arr":["2A"],"angle":-49.1,"side":-1}},{"type":"Feature","geometry":{"type":"Point","coordinates":[10.174764,56.203221]},"properties":{"lines":"2A","color":"#0059a9","mode":"bus","arr":["2A"],"angle":-44.9,"mi":7}},{"type":"Feature","geometry":{"type":"Point","coordinates":[10.162343,56.196138]},"properties":{"lines":"2A","color":"#0059a9","mode":"bus","arr":["2A"],"angle":-68.3,"extra":1,"ei":0,"side":-1}},{"type":"Feature","geometry":{"type":"Point","coordinates":[10.163813,56.197836]},"properties":{"lines":"2A","color":"#0059a9","mode":"bus","arr":["2A"],"angle":-60,"extra":1,"ei":1,"side":-1}},{"type":"Feature","geometry":{"type":"Point","coordinates":[10.168175,56.200694]},"properties":{"lines":"2A","color":"#0059a9","mode":"bus","arr":["2A"],"angle":-39.7,"extra":1,"ei":2,"side":-1}},{"type":"Feature","geometry":{"type":"Point","coordinates":[10.170938,56.201775]},"properties":{"lines":"2A","color":"#0059a9","mode":"bus","arr":["2A"],"angle":-30.5,"extra":1,"ei":3,"side":-1}},{"type":"Feature","geometry":{"type":"Point","coordinates":[10.178738,56.202867]},"properties":{"lines":"2A","color":"#0059a9","mode":"bus","arr":["2A"],"angle":-81.3,"mi":8}},{"type":"Feature","geometry":{"type":"Point","coordinates":[10.176364,56.203465]},"properties":{"lines":"2A, 118, 200","color":"#0059a9","mode":"bus","arr":["2A","118","200"],"angle":41.8,"side":-1}},{"type":"Feature","geometry":{"type":"Point","coordinates":[10.174737,56.204245]},"properties":{"lines":"2A, 118, 200","color":"#0059a9","mode":"bus","arr":["2A","118","200"],"angle":39.8,"extra":1,"ei":0,"side":-1}},{"type":"Feature","geometry":{"type":"Point","coordinates":[10.173921,56.209605]},"properties":{"lines":"2A, 118","color":"#0059a9","mode":"bus","arr":["2A","118"],"angle":68.2,"side":-1}},{"type":"Feature","geometry":{"type":"Point","coordinates":[10.164518,56.221628]},"properties":{"lines":"2A, 118","color":"#0059a9","mode":"bus","arr":["2A","118"],"angle":66.3,"mi":1}},{"type":"Feature","geometry":{"type":"Point","coordinates":[10.166664,56.218906]},"properties":{"lines":"2A, 118","color":"#0059a9","mode":"bus","arr":["2A","118"],"angle":-22.4}},{"type":"Feature","geometry":{"type":"Point","coordinates":[10.172329,56.205581]},"properties":{"lines":"2A, 118","color":"#0059a9","mode":"bus","arr":["2A","118"],"angle":44.7,"extra":1,"ei":0}},{"type":"Feature","geometry":{"type":"Point","coordinates":[10.172014,56.207299]},"properties":{"lines":"2A, 118","color":"#0059a9","mode":"bus","arr":["2A","118"],"angle":-54.2,"extra":1,"ei":1}},{"type":"Feature","geometry":{"type":"Point","coordinates":[10.172076,56.212146]},"properties":{"lines":"2A, 118","color":"#0059a9","mode":"bus","arr":["2A","118"],"angle":65.9,"extra":1,"ei":2}},{"type":"Feature","geometry":{"type":"Point","coordinates":[10.170718,56.213875]},"properties":{"lines":"2A, 118","color":"#0059a9","mode":"bus","arr":["2A","118"],"angle":66,"extra":1,"ei":3}},{"type":"Feature","geometry":{"type":"Point","coordinates":[10.163246,56.223524]},"properties":{"lines":"2A, 118","color":"#0059a9","mode":"bus","arr":["2A","118"],"angle":79.8,"extra":1,"ei":0}},{"type":"Feature","geometry":{"type":"Point","coordinates":[10.165783,56.220032]},"properties":{"lines":"2A, 118","color":"#0059a9","mode":"bus","arr":["2A","118"],"angle":66.2,"extra":1,"ei":1}},{"type":"Feature","geometry":{"type":"Point","coordinates":[10.16896,56.205812]},"properties":{"lines":"2A, 118","color":"#0059a9","mode":"bus","arr":["2A","118"],"angle":64.5,"extra":1,"ei":0}},{"type":"Feature","geometry":{"type":"Point","coordinates":[10.173531,56.208115]},"properties":{"lines":"2A, 118","color":"#0059a9","mode":"bus","arr":["2A","118"],"angle":-46.7,"extra":1,"ei":1}},{"type":"Feature","geometry":{"type":"Point","coordinates":[10.169672,56.215052]},"properties":{"lines":"2A, 118","color":"#0059a9","mode":"bus","arr":["2A","118"],"angle":70.2,"extra":1,"ei":2}},{"type":"Feature","geometry":{"type":"Point","coordinates":[10.168333,56.216785]},"properties":{"lines":"2A, 118","color":"#0059a9","mode":"bus","arr":["2A","118"],"angle":66.2,"extra":1,"ei":3}},{"type":"Feature","geometry":{"type":"Point","coordinates":[10.15211,56.226341]},"properties":{"lines":"2A","color":"#0059a9","mode":"bus","arr":["2A"],"angle":25,"mi":2}},{"type":"Feature","geometry":{"type":"Point","coordinates":[10.142437,56.227015]},"properties":{"lines":"2A","color":"#0059a9","mode":"bus","arr":["2A"],"angle":-14.8,"extra":1,"ei":0}},{"type":"Feature","geometry":{"type":"Point","coordinates":[10.145764,56.227302]},"properties":{"lines":"2A","color":"#0059a9","mode":"bus","arr":["2A"],"angle":-0.4,"extra":1,"ei":1}},{"type":"Feature","geometry":{"type":"Point","coordinates":[10.149085,56.227021]},"properties":{"lines":"2A","color":"#0059a9","mode":"bus","arr":["2A"],"angle":16.7,"extra":1,"ei":2}},{"type":"Feature","geometry":{"type":"Point","coordinates":[10.155247,56.225491]},"properties":{"lines":"2A","color":"#0059a9","mode":"bus","arr":["2A"],"angle":30.4,"extra":1,"ei":3}},{"type":"Feature","geometry":{"type":"Point","coordinates":[10.158139,56.224534]},"properties":{"lines":"2A","color":"#0059a9","mode":"bus","arr":["2A"],"angle":14.8,"extra":1,"ei":4}},{"type":"Feature","geometry":{"type":"Point","coordinates":[10.161505,56.224455]},"properties":{"lines":"2A","color":"#0059a9","mode":"bus","arr":["2A"],"angle":0.7,"extra":1,"ei":5}},{"type":"Feature","geometry":{"type":"Point","coordinates":[10.140276,56.228384]},"properties":{"lines":"2A","color":"#0059a9","mode":"bus","arr":["2A"],"angle":88.2}},{"type":"Feature","geometry":{"type":"Point","coordinates":[10.140045,56.230164]},"properties":{"lines":"2A","color":"#0059a9","mode":"bus","arr":["2A"],"angle":19.5,"mi":1}},{"type":"Feature","geometry":{"type":"Point","coordinates":[10.143831,56.240681]},"properties":{"lines":"2A","color":"#0059a9","mode":"bus","arr":["2A"],"angle":-75.3}},{"type":"Feature","geometry":{"type":"Point","coordinates":[10.139609,56.231231]},"properties":{"lines":"2A","color":"#0059a9","mode":"bus","arr":["2A"],"angle":-81.3,"extra":1,"ei":0}},{"type":"Feature","geometry":{"type":"Point","coordinates":[10.140234,56.233085]},"properties":{"lines":"2A","color":"#0059a9","mode":"bus","arr":["2A"],"angle":-72,"extra":1,"ei":1}},{"type":"Feature","geometry":{"type":"Point","coordinates":[10.141314,56.234854]},"properties":{"lines":"2A","color":"#0059a9","mode":"bus","arr":["2A"],"angle":-79.5,"extra":1,"ei":2}},{"type":"Feature","geometry":{"type":"Point","coordinates":[10.142132,56.236678]},"properties":{"lines":"2A","color":"#0059a9","mode":"bus","arr":["2A"],"angle":-73.4,"extra":1,"ei":3}},{"type":"Feature","geometry":{"type":"Point","coordinates":[10.143163,56.238432]},"properties":{"lines":"2A","color":"#0059a9","mode":"bus","arr":["2A"],"angle":-80.8,"extra":1,"ei":4}},{"type":"Feature","geometry":{"type":"Point","coordinates":[10.145068,56.242]},"properties":{"lines":"2A","color":"#0059a9","mode":"bus","arr":["2A"],"angle":-58.4,"extra":1,"ei":5}},{"type":"Feature","geometry":{"type":"Point","coordinates":[10.146201,56.243756]},"properties":{"lines":"2A","color":"#0059a9","mode":"bus","arr":["2A"],"angle":-76.3,"extra":1,"ei":6}},{"type":"Feature","geometry":{"type":"Point","coordinates":[10.147166,56.245564]},"properties":{"lines":"2A","color":"#0059a9","mode":"bus","arr":["2A"],"angle":-78.2,"extra":1,"ei":7}},{"type":"Feature","geometry":{"type":"Point","coordinates":[10.147511,56.247438]},"properties":{"lines":"2A","color":"#0059a9","mode":"bus","arr":["2A"],"angle":89.6,"extra":1,"ei":8}},{"type":"Feature","geometry":{"type":"Point","coordinates":[10.147358,56.249325]},"properties":{"lines":"2A","color":"#0059a9","mode":"bus","arr":["2A"],"angle":87.2,"extra":1,"ei":9}},{"type":"Feature","geometry":{"type":"Point","coordinates":[10.14726,56.251119]},"properties":{"lines":"2A","color":"#0059a9","mode":"bus","arr":["2A"],"angle":27.5,"mi":1}},{"type":"Feature","geometry":{"type":"Point","coordinates":[10.145368,56.253212]},"properties":{"lines":"2A","color":"#0059a9","mode":"bus","arr":["2A"],"angle":-69.2}},{"type":"Feature","geometry":{"type":"Point","coordinates":[10.144511,56.252071]},"properties":{"lines":"2A","color":"#0059a9","mode":"bus","arr":["2A"],"angle":-72.5,"extra":1,"ei":0}},{"type":"Feature","geometry":{"type":"Point","coordinates":[10.147114,56.255662]},"properties":{"lines":"2A","color":"#0059a9","mode":"bus","arr":["2A"],"angle":77.8,"mi":2}},{"type":"Feature","geometry":{"type":"Point","coordinates":[10.141966,56.256525]},"properties":{"lines":"2A","color":"#0059a9","mode":"bus","arr":["2A"],"angle":3.3,"mi":4}},{"type":"Feature","geometry":{"type":"Point","coordinates":[10.144658,56.25639]},"properties":{"lines":"2A","color":"#0059a9","mode":"bus","arr":["2A"],"angle":-16.8,"extra":1,"ei":0}},{"type":"Feature","geometry":{"type":"Point","coordinates":[10.138047,56.256722]},"properties":{"lines":"2A","color":"#0059a9","mode":"bus","arr":["2A"],"angle":1.6,"extra":1,"ei":1}},{"type":"Feature","geometry":{"type":"Point","coordinates":[10.137312,56.253621]},"properties":{"lines":"2A","color":"#0059a9","mode":"bus","arr":["2A"],"angle":-89.5,"mi":3}},{"type":"Feature","geometry":{"type":"Point","coordinates":[10.137423,56.255793]},"properties":{"lines":"2A","color":"#0059a9","mode":"bus","arr":["2A"],"angle":-84.7,"extra":1,"ei":0}},{"type":"Feature","geometry":{"type":"Point","coordinates":[10.138317,56.252181]},"properties":{"lines":"2A","color":"#0059a9","mode":"bus","arr":["2A"],"angle":43.1,"extra":1,"ei":1}},{"type":"Feature","geometry":{"type":"Point","coordinates":[10.138021,56.249548]},"properties":{"lines":"2A","color":"#0059a9","mode":"bus","arr":["2A"],"angle":-50.9,"mi":6}},{"type":"Feature","geometry":{"type":"Point","coordinates":[10.139423,56.250499]},"properties":{"lines":"2A","color":"#0059a9","mode":"bus","arr":["2A"],"angle":-52.7,"extra":1,"ei":0}},{"type":"Feature","geometry":{"type":"Point","coordinates":[10.149402,56.350005]},"properties":{"lines":"3","color":"#0059a9","mode":"bus","arr":["3"],"angle":68.6}},{"type":"Feature","geometry":{"type":"Point","coordinates":[10.150383,56.362617]},"properties":{"lines":"3","color":"#0059a9","mode":"bus","arr":["3"],"angle":49.5,"extra":1,"ei":0}},{"type":"Feature","geometry":{"type":"Point","coordinates":[10.152151,56.361019]},"properties":{"lines":"3","color":"#0059a9","mode":"bus","arr":["3"],"angle":65,"extra":1,"ei":1}},{"type":"Feature","geometry":{"type":"Point","coordinates":[10.15108,56.359366]},"properties":{"lines":"3","color":"#0059a9","mode":"bus","arr":["3"],"angle":-56.1,"extra":1,"ei":2}},{"type":"Feature","geometry":{"type":"Point","coordinates":[10.149642,56.357668]},"properties":{"lines":"3","color":"#0059a9","mode":"bus","arr":["3"],"angle":-69.9,"extra":1,"ei":3}},{"type":"Feature","geometry":{"type":"Point","coordinates":[10.14848,56.355895]},"properties":{"lines":"3","color":"#0059a9","mode":"bus","arr":["3"],"angle":-72.1,"extra":1,"ei":4}},{"type":"Feature","geometry":{"type":"Point","coordinates":[10.148222,56.354019]},"properties":{"lines":"3","color":"#0059a9","mode":"bus","arr":["3"],"angle":-88.2,"extra":1,"ei":5}},{"type":"Feature","geometry":{"type":"Point","coordinates":[10.148115,56.352132]},"properties":{"lines":"3","color":"#0059a9","mode":"bus","arr":["3"],"angle":-88.2,"extra":1,"ei":6}},{"type":"Feature","geometry":{"type":"Point","coordinates":[10.14957,56.348593]},"properties":{"lines":"3","color":"#0059a9","mode":"bus","arr":["3"],"angle":-87.7,"extra":1,"ei":7}},{"type":"Feature","geometry":{"type":"Point","coordinates":[10.149427,56.346706]},"properties":{"lines":"3","color":"#0059a9","mode":"bus","arr":["3"],"angle":-87.6,"extra":1,"ei":8}},{"type":"Feature","geometry":{"type":"Point","coordinates":[10.148303,56.344977]},"properties":{"lines":"3","color":"#0059a9","mode":"bus","arr":["3"],"angle":-56.5,"extra":1,"ei":9}},{"type":"Feature","geometry":{"type":"Point","coordinates":[10.146627,56.343355]},"properties":{"lines":"3","color":"#0059a9","mode":"bus","arr":["3"],"angle":-82.1,"extra":1,"ei":10}},{"type":"Feature","geometry":{"type":"Point","coordinates":[10.146803,56.34149]},"properties":{"lines":"3","color":"#0059a9","mode":"bus","arr":["3"],"angle":-76,"extra":1,"ei":11}},{"type":"Feature","geometry":{"type":"Point","coordinates":[10.145816,56.339684]},"properties":{"lines":"3","color":"#0059a9","mode":"bus","arr":["3"],"angle":-72.8,"extra":1,"ei":12}},{"type":"Feature","geometry":{"type":"Point","coordinates":[10.144781,56.337888]},"properties":{"lines":"3","color":"#0059a9","mode":"bus","arr":["3"],"angle":-64.8,"extra":1,"ei":13}},{"type":"Feature","geometry":{"type":"Point","coordinates":[10.159817,56.364874]},"properties":{"lines":"3","color":"#0059a9","mode":"bus","arr":["3"],"angle":-2}},{"type":"Feature","geometry":{"type":"Point","coordinates":[10.15052,56.363913]},"properties":{"lines":"3","color":"#0059a9","mode":"bus","arr":["3"],"angle":-45.8,"extra":1,"ei":0}},{"type":"Feature","geometry":{"type":"Point","coordinates":[10.153423,56.364776]},"properties":{"lines":"3","color":"#0059a9","mode":"bus","arr":["3"],"angle":-15.3,"extra":1,"ei":1}},{"type":"Feature","geometry":{"type":"Point","coordinates":[10.156766,56.364824]},"properties":{"lines":"3","color":"#0059a9","mode":"bus","arr":["3"],"angle":0.8,"extra":1,"ei":2}},{"type":"Feature","geometry":{"type":"Point","coordinates":[10.163513,56.364946]},"properties":{"lines":"3","color":"#0059a9","mode":"bus","arr":["3"],"angle":-1.6,"extra":1,"ei":3}},{"type":"Feature","geometry":{"type":"Point","coordinates":[10.166887,56.364981]},"properties":{"lines":"3","color":"#0059a9","mode":"bus","arr":["3"],"angle":1.6,"extra":1,"ei":4}},{"type":"Feature","geometry":{"type":"Point","coordinates":[10.170257,56.364874]},"properties":{"lines":"3","color":"#0059a9","mode":"bus","arr":["3"],"angle":3.5,"extra":1,"ei":5}},{"type":"Feature","geometry":{"type":"Point","coordinates":[10.172536,56.361311]},"properties":{"lines":"3","color":"#0059a9","mode":"bus","arr":["3"],"angle":77.7,"mi":1}},{"type":"Feature","geometry":{"type":"Point","coordinates":[10.171481,56.363999]},"properties":{"lines":"3","color":"#0059a9","mode":"bus","arr":["3"],"angle":80,"extra":1,"ei":0}},{"type":"Feature","geometry":{"type":"Point","coordinates":[10.173768,56.358483]},"properties":{"lines":"3","color":"#0059a9","mode":"bus","arr":["3"],"angle":69.9,"extra":1,"ei":1}},{"type":"Feature","geometry":{"type":"Point","coordinates":[10.197851,56.368909]},"properties":{"lines":"3","color":"#0059a9","mode":"bus","arr":["3"],"angle":32.8}},{"type":"Feature","geometry":{"type":"Point","coordinates":[10.172936,56.36513]},"properties":{"lines":"3","color":"#0059a9","mode":"bus","arr":["3"],"angle":-10.1,"extra":1,"ei":0}},{"type":"Feature","geometry":{"type":"Point","coordinates":[10.176145,56.365689]},"properties":{"lines":"3","color":"#0059a9","mode":"bus","arr":["3"],"angle":-24.9,"extra":1,"ei":1}},{"type":"Feature","geometry":{"type":"Point","coordinates":[10.179033,56.366654]},"properties":{"lines":"3","color":"#0059a9","mode":"bus","arr":["3"],"angle":-35.8,"extra":1,"ei":2}},{"type":"Feature","geometry":{"type":"Point","coordinates":[10.182136,56.367315]},"properties":{"lines":"3","color":"#0059a9","mode":"bus","arr":["3"],"angle":-22.1,"extra":1,"ei":3}},{"type":"Feature","geometry":{"type":"Point","coordinates":[10.185283,56.367997]},"properties":{"lines":"3","color":"#0059a9","mode":"bus","arr":["3"],"angle":-20,"extra":1,"ei":4}},{"type":"Feature","geometry":{"type":"Point","coordinates":[10.188442,56.368663]},"properties":{"lines":"3","color":"#0059a9","mode":"bus","arr":["3"],"angle":-20.7,"extra":1,"ei":5}},{"type":"Feature","geometry":{"type":"Point","coordinates":[10.191598,56.369332]},"properties":{"lines":"3","color":"#0059a9","mode":"bus","arr":["3"],"angle":-20.8,"extra":1,"ei":6}},{"type":"Feature","geometry":{"type":"Point","coordinates":[10.19492,56.369538]},"properties":{"lines":"3","color":"#0059a9","mode":"bus","arr":["3"],"angle":1.1,"extra":1,"ei":7}},{"type":"Feature","geometry":{"type":"Point","coordinates":[10.20102,56.36807]},"properties":{"lines":"3","color":"#0059a9","mode":"bus","arr":["3"],"angle":27,"extra":1,"ei":8}},{"type":"Feature","geometry":{"type":"Point","coordinates":[10.203951,56.367135]},"properties":{"lines":"3","color":"#0059a9","mode":"bus","arr":["3"],"angle":34,"extra":1,"ei":9}},{"type":"Feature","geometry":{"type":"Point","coordinates":[10.206698,56.366042]},"properties":{"lines":"3","color":"#0059a9","mode":"bus","arr":["3"],"angle":24.3,"extra":1,"ei":10}},{"type":"Feature","geometry":{"type":"Point","coordinates":[10.209997,56.36615]},"properties":{"lines":"3","color":"#0059a9","mode":"bus","arr":["3"],"angle":5.8,"extra":1,"ei":11}},{"type":"Feature","geometry":{"type":"Point","coordinates":[10.21247,56.364938]},"properties":{"lines":"3","color":"#0059a9","mode":"bus","arr":["3"],"angle":62.5,"extra":1,"ei":12}},{"type":"Feature","geometry":{"type":"Point","coordinates":[10.21429,56.363354]},"properties":{"lines":"3","color":"#0059a9","mode":"bus","arr":["3"],"angle":45.5,"extra":1,"ei":13}},{"type":"Feature","geometry":{"type":"Point","coordinates":[10.217241,56.36251]},"properties":{"lines":"3","color":"#0059a9","mode":"bus","arr":["3"],"angle":43.5,"extra":1,"ei":14}},{"type":"Feature","geometry":{"type":"Point","coordinates":[10.220184,56.36199]},"properties":{"lines":"3","color":"#0059a9","mode":"bus","arr":["3"],"angle":-1.8,"extra":1,"ei":15}},{"type":"Feature","geometry":{"type":"Point","coordinates":[10.226124,56.365749]},"properties":{"lines":"3","color":"#0059a9","mode":"bus","arr":["3"],"angle":-45.6}},{"type":"Feature","geometry":{"type":"Point","coordinates":[10.222421,56.362867]},"properties":{"lines":"3","color":"#0059a9","mode":"bus","arr":["3"],"angle":-60.8,"extra":1,"ei":0}},{"type":"Feature","geometry":{"type":"Point","coordinates":[10.224263,56.364429]},"properties":{"lines":"3","color":"#0059a9","mode":"bus","arr":["3"],"angle":-39.4,"extra":1,"ei":1}},{"type":"Feature","geometry":{"type":"Point","coordinates":[10.228507,56.367336]},"properties":{"lines":"3","color":"#0059a9","mode":"bus","arr":["3"],"angle":-53.3,"extra":1,"ei":2}},{"type":"Feature","geometry":{"type":"Point","coordinates":[10.230506,56.368858]},"properties":{"lines":"3","color":"#0059a9","mode":"bus","arr":["3"],"angle":-54.3,"extra":1,"ei":3}},{"type":"Feature","geometry":{"type":"Point","coordinates":[10.159545,56.35501]},"properties":{"lines":"3","color":"#0059a9","mode":"bus","arr":["3"],"angle":-16.7,"mi":1}},{"type":"Feature","geometry":{"type":"Point","coordinates":[10.172709,56.357365]},"properties":{"lines":"3","color":"#0059a9","mode":"bus","arr":["3"],"angle":-23.3,"extra":1,"ei":0}},{"type":"Feature","geometry":{"type":"Point","coordinates":[10.169593,56.356639]},"properties":{"lines":"3","color":"#0059a9","mode":"bus","arr":["3"],"angle":-19.8,"extra":1,"ei":1}},{"type":"Feature","geometry":{"type":"Point","coordinates":[10.166355,56.356108]},"properties":{"lines":"3","color":"#0059a9","mode":"bus","arr":["3"],"angle":-16.1,"extra":1,"ei":2}},{"type":"Feature","geometry":{"type":"Point","coordinates":[10.163111,56.355585]},"properties":{"lines":"3","color":"#0059a9","mode":"bus","arr":["3"],"angle":-16.1,"extra":1,"ei":3}},{"type":"Feature","geometry":{"type":"Point","coordinates":[10.156606,56.354972]},"properties":{"lines":"3","color":"#0059a9","mode":"bus","arr":["3"],"angle":14.3,"extra":1,"ei":4}},{"type":"Feature","geometry":{"type":"Point","coordinates":[10.154607,56.353718]},"properties":{"lines":"3","color":"#0059a9","mode":"bus","arr":["3"],"angle":-56.9,"extra":1,"ei":5}},{"type":"Feature","geometry":{"type":"Point","coordinates":[10.152764,56.352136]},"properties":{"lines":"3","color":"#0059a9","mode":"bus","arr":["3"],"angle":-56.9,"extra":1,"ei":6}},{"type":"Feature","geometry":{"type":"Point","coordinates":[10.150922,56.350554]},"properties":{"lines":"3","color":"#0059a9","mode":"bus","arr":["3"],"angle":-56.9,"extra":1,"ei":7}},{"type":"Feature","geometry":{"type":"Point","coordinates":[10.10926,56.192776]},"properties":{"lines":"3A, 14, 44","color":"#0059a9","mode":"bus","arr":["3A","14","44"],"angle":67.6}},{"type":"Feature","geometry":{"type":"Point","coordinates":[10.11241,56.191018]},"properties":{"lines":"3A, 14, 44","color":"#0059a9","mode":"bus","arr":["3A","14","44"],"angle":33.5,"mi":1}},{"type":"Feature","geometry":{"type":"Point","coordinates":[10.110594,56.191731]},"properties":{"lines":"3A, 14, 44","color":"#0059a9","mode":"bus","arr":["3A","14","44"],"angle":41.4,"extra":1,"ei":0}},{"type":"Feature","geometry":{"type":"Point","coordinates":[10.11025,56.189264]},"properties":{"lines":"3A, 44, 116U","color":"#0059a9","mode":"bus","arr":["3A","44","116U"],"angle":-40.3,"mi":3}},{"type":"Feature","geometry":{"type":"Point","coordinates":[10.105378,56.186494]},"properties":{"lines":"3A, 44, 116U","color":"#0059a9","mode":"bus","arr":["3A","44","116U"],"angle":52.4,"mi":1}},{"type":"Feature","geometry":{"type":"Point","coordinates":[10.103987,56.185082]},"properties":{"lines":"3A, 44, 116U","color":"#0059a9","mode":"bus","arr":["3A","44","116U"],"angle":-61.2}},{"type":"Feature","geometry":{"type":"Point","coordinates":[10.11188,56.190108]},"properties":{"lines":"3A, 44, 116U","color":"#0059a9","mode":"bus","arr":["3A","44","116U"],"angle":-46.5,"extra":1,"ei":0}},{"type":"Feature","geometry":{"type":"Point","coordinates":[10.099048,56.180593]},"properties":{"lines":"3A, 44, 116U","color":"#0059a9","mode":"bus","arr":["3A","44","116U"],"angle":9.8,"mi":2}},{"type":"Feature","geometry":{"type":"Point","coordinates":[10.095855,56.176364]},"properties":{"lines":"3A, 44, 116U","color":"#0059a9","mode":"bus","arr":["3A","44","116U"],"angle":-73.2,"mi":4}},{"type":"Feature","geometry":{"type":"Point","coordinates":[10.094617,56.173789]},"properties":{"lines":"3A, 44, 116U","color":"#0059a9","mode":"bus","arr":["3A","44","116U"],"angle":-76.6,"extra":1,"ei":0}},{"type":"Feature","geometry":{"type":"Point","coordinates":[10.097651,56.179186]},"properties":{"lines":"3A, 44, 116U","color":"#0059a9","mode":"bus","arr":["3A","44","116U"],"angle":-66.1,"extra":1,"ei":1}},{"type":"Feature","geometry":{"type":"Point","coordinates":[10.102404,56.183515]},"properties":{"lines":"3A, 44, 116U","color":"#0059a9","mode":"bus","arr":["3A","44","116U"],"angle":-57.6,"extra":1,"ei":0}},{"type":"Feature","geometry":{"type":"Point","coordinates":[10.100536,56.181942]},"properties":{"lines":"3A, 44, 116U","color":"#0059a9","mode":"bus","arr":["3A","44","116U"],"angle":-55.9,"extra":1,"ei":1}},{"type":"Feature","geometry":{"type":"Point","coordinates":[10.103485,56.172949]},"properties":{"lines":"3A, 44","color":"#0059a9","mode":"bus","arr":["3A","44"],"angle":-14.6,"mi":2}},{"type":"Feature","geometry":{"type":"Point","coordinates":[10.115243,56.174948]},"properties":{"lines":"3A, 44","color":"#0059a9","mode":"bus","arr":["3A","44"],"angle":-12.3}},{"type":"Feature","geometry":{"type":"Point","coordinates":[10.117908,56.175237]},"properties":{"lines":"3A, 44","color":"#0059a9","mode":"bus","arr":["3A","44"],"angle":-5.7,"mi":1}},{"type":"Feature","geometry":{"type":"Point","coordinates":[10.095891,56.172728]},"properties":{"lines":"3A, 44","color":"#0059a9","mode":"bus","arr":["3A","44"],"angle":7.4,"extra":1,"ei":0}},{"type":"Feature","geometry":{"type":"Point","coordinates":[10.09925,56.172576]},"properties":{"lines":"3A, 44","color":"#0059a9","mode":"bus","arr":["3A","44"],"angle":-1.6,"extra":1,"ei":1}},{"type":"Feature","geometry":{"type":"Point","coordinates":[10.105823,56.173361]},"properties":{"lines":"3A, 44","color":"#0059a9","mode":"bus","arr":["3A","44"],"angle":-19.2,"extra":1,"ei":2}},{"type":"Feature","geometry":{"type":"Point","coordinates":[10.10891,56.174121]},"properties":{"lines":"3A, 44","color":"#0059a9","mode":"bus","arr":["3A","44"],"angle":-25.3,"extra":1,"ei":3}},{"type":"Feature","geometry":{"type":"Point","coordinates":[10.112115,56.174687]},"properties":{"lines":"3A, 44","color":"#0059a9","mode":"bus","arr":["3A","44"],"angle":-11.1,"extra":1,"ei":4}},{"type":"Feature","geometry":{"type":"Point","coordinates":[10.133886,56.173598]},"properties":{"lines":"3A, 44","color":"#0059a9","mode":"bus","arr":["3A","44"],"angle":14.7}},{"type":"Feature","geometry":{"type":"Point","coordinates":[10.151617,56.170351]},"properties":{"lines":"3A, 44","color":"#0059a9","mode":"bus","arr":["3A","44"],"angle":29.8,"mi":1}},{"type":"Feature","geometry":{"type":"Point","coordinates":[10.12138,56.17526]},"properties":{"lines":"3A, 44","color":"#0059a9","mode":"bus","arr":["3A","44"],"angle":5.6,"extra":1,"ei":0}},{"type":"Feature","geometry":{"type":"Point","coordinates":[10.124688,56.174897]},"properties":{"lines":"3A, 44","color":"#0059a9","mode":"bus","arr":["3A","44"],"angle":14.3,"extra":1,"ei":1}},{"type":"Feature","geometry":{"type":"Point","coordinates":[10.127958,56.174431]},"properties":{"lines":"3A, 44","color":"#0059a9","mode":"bus","arr":["3A","44"],"angle":15.2,"extra":1,"ei":2}},{"type":"Feature","geometry":{"type":"Point","coordinates":[10.131232,56.173972]},"properties":{"lines":"3A, 44","color":"#0059a9","mode":"bus","arr":["3A","44"],"angle":13.7,"extra":1,"ei":3}},{"type":"Feature","geometry":{"type":"Point","coordinates":[10.137744,56.17298]},"properties":{"lines":"3A, 44","color":"#0059a9","mode":"bus","arr":["3A","44"],"angle":17,"extra":1,"ei":4}},{"type":"Feature","geometry":{"type":"Point","coordinates":[10.140963,56.172411]},"properties":{"lines":"3A, 44","color":"#0059a9","mode":"bus","arr":["3A","44"],"angle":17.6,"extra":1,"ei":5}},{"type":"Feature","geometry":{"type":"Point","coordinates":[10.144177,56.171834]},"properties":{"lines":"3A, 44","color":"#0059a9","mode":"bus","arr":["3A","44"],"angle":17.8,"extra":1,"ei":6}},{"type":"Feature","geometry":{"type":"Point","coordinates":[10.147392,56.171259]},"properties":{"lines":"3A, 44","color":"#0059a9","mode":"bus","arr":["3A","44"],"angle":17.7,"extra":1,"ei":7}},{"type":"Feature","geometry":{"type":"Point","coordinates":[10.149656,56.170847]},"properties":{"lines":"3A, 44","color":"#0059a9","mode":"bus","arr":["3A","44"],"angle":19.6,"extra":1,"ei":0}},{"type":"Feature","geometry":{"type":"Point","coordinates":[10.156215,56.167833]},"properties":{"lines":"3A, 44","color":"#0059a9","mode":"bus","arr":["3A","44"],"angle":54.8}},{"type":"Feature","geometry":{"type":"Point","coordinates":[10.163467,56.167319]},"properties":{"lines":"3A, 44","color":"#0059a9","mode":"bus","arr":["3A","44"],"angle":59.2,"mi":2}},{"type":"Feature","geometry":{"type":"Point","coordinates":[10.159677,56.166415]},"properties":{"lines":"3A, 44","color":"#0059a9","mode":"bus","arr":["3A","44"],"angle":-17,"extra":1,"ei":0}},{"type":"Feature","geometry":{"type":"Point","coordinates":[10.170781,56.164412]},"properties":{"lines":"3A, 14, 44, 114","color":"#0059a9","mode":"bus","arr":["3A","14","44","114"],"angle":29.3}},{"type":"Feature","geometry":{"type":"Point","coordinates":[10.180075,56.161839]},"properties":{"lines":"3A, 14, 44, 114","color":"#0059a9","mode":"bus","arr":["3A","14","44","114"],"angle":32.6,"mi":1}},{"type":"Feature","geometry":{"type":"Point","coordinates":[10.164731,56.1667]},"properties":{"lines":"3A, 14, 44, 114","color":"#0059a9","mode":"bus","arr":["3A","14","44","114"],"angle":35.3,"extra":1,"ei":0}},{"type":"Feature","geometry":{"type":"Point","coordinates":[10.167513,56.165631]},"properties":{"lines":"3A, 14, 44, 114","color":"#0059a9","mode":"bus","arr":["3A","14","44","114"],"angle":34.4,"extra":1,"ei":1}},{"type":"Feature","geometry":{"type":"Point","coordinates":[10.173318,56.163722]},"properties":{"lines":"3A, 14, 44, 114","color":"#0059a9","mode":"bus","arr":["3A","14","44","114"],"angle":24.6,"extra":1,"ei":2}},{"type":"Feature","geometry":{"type":"Point","coordinates":[10.176388,56.162938]},"properties":{"lines":"3A, 14, 44, 114","color":"#0059a9","mode":"bus","arr":["3A","14","44","114"],"angle":24.6,"extra":1,"ei":3}},{"type":"Feature","geometry":{"type":"Point","coordinates":[10.182303,56.161224]},"properties":{"lines":"3A, 14, 44, 114","color":"#0059a9","mode":"bus","arr":["3A","14","44","114"],"angle":27.2,"extra":1,"ei":0}},{"type":"Feature","geometry":{"type":"Point","coordinates":[10.188336,56.159252]},"properties":{"lines":"3A, 14, 44, 114, 118, 925X","color":"#0059a9","mode":"bus","arr":["3A","14","44","114","118","925X"],"angle":29.5}},{"type":"Feature","geometry":{"type":"Point","coordinates":[10.192348,56.15793]},"properties":{"lines":"3A, 14, 44, 114, 118, 925X","color":"#0059a9","mode":"bus","arr":["3A","14","44","114","118","925X"],"angle":32.2,"extra":1,"ei":0,"side":-1}},{"type":"Feature","geometry":{"type":"Point","coordinates":[10.186515,56.15983]},"properties":{"lines":"3A, 14, 44, 114, 118, 925X","color":"#0059a9","mode":"bus","arr":["3A","14","44","114","118","925X"],"angle":29.6,"extra":1,"ei":1}},{"type":"Feature","geometry":{"type":"Point","coordinates":[10.18364,56.160811]},"properties":{"lines":"3A, 14, 44, 114, 118, 925X","color":"#0059a9","mode":"bus","arr":["3A","14","44","114","118","925X"],"angle":33,"extra":1,"ei":2}},{"type":"Feature","geometry":{"type":"Point","coordinates":[10.19509,56.156891]},"properties":{"lines":"3A, 14, 15, 44, 113, 114, 118, 925X","color":"#0059a9","mode":"bus","arr":["3A","14","15","44","113","114","118","925X"],"angle":65.7}},{"type":"Feature","geometry":{"type":"Point","coordinates":[10.197625,56.155764]},"properties":{"lines":"3A, 12, 14, 15, 44, 113, 114, 118, 925X","color":"#0059a9","mode":"bus","arr":["3A","12","14","15","44","113","114","118","925X"],"angle":32,"mi":1}},{"type":"Feature","geometry":{"type":"Point","coordinates":[10.200411,56.153975]},"properties":{"lines":"3A, 12, 14, 15, 44, 113, 114, 118, 925X","color":"#0059a9","mode":"bus","arr":["3A","12","14","15","44","113","114","118","925X"],"angle":46.9}},{"type":"Feature","geometry":{"type":"Point","coordinates":[10.201002,56.151935]},"properties":{"lines":"3A, 40, 41, 42, 43, 44, 45, 46","color":"#0059a9","mode":"bus","arr":["3A","40","41","42","43","44","45","46"],"angle":-58.1}},{"type":"Feature","geometry":{"type":"Point","coordinates":[10.199807,56.150875]},"properties":{"lines":"3A, 40, 41, 42, 43, 44, 45, 46","color":"#0059a9","mode":"bus","arr":["3A","40","41","42","43","44","45","46"],"angle":-56.3,"extra":1,"ei":0}},{"type":"Feature","geometry":{"type":"Point","coordinates":[10.213215,56.162833]},"properties":{"lines":"3A, 17, 46","color":"#0059a9","mode":"bus","arr":["3A","17","46"],"angle":-28.7,"mi":2}},{"type":"Feature","geometry":{"type":"Point","coordinates":[10.215472,56.163417]},"properties":{"lines":"3A, 17, 46","color":"#0059a9","mode":"bus","arr":["3A","17","46"],"angle":26.8,"side":-1}},{"type":"Feature","geometry":{"type":"Point","coordinates":[10.216305,56.163436]},"properties":{"lines":"3A, 17, 46","color":"#0059a9","mode":"bus","arr":["3A","17","46"],"angle":-61,"side":-1,"mi":1}},{"type":"Feature","geometry":{"type":"Point","coordinates":[10.218033,56.162853]},"properties":{"lines":"3A","color":"#0059a9","mode":"bus","arr":["3A"],"angle":46.3,"side":-1,"mi":4}},{"type":"Feature","geometry":{"type":"Point","coordinates":[10.223114,56.163985]},"properties":{"lines":"3A","color":"#0059a9","mode":"bus","arr":["3A"],"angle":-45.5}},{"type":"Feature","geometry":{"type":"Point","coordinates":[10.220623,56.162714]},"properties":{"lines":"3A","color":"#0059a9","mode":"bus","arr":["3A"],"angle":-58.9,"extra":1,"ei":0}},{"type":"Feature","geometry":{"type":"Point","coordinates":[10.225326,56.165348]},"properties":{"lines":"3A","color":"#0059a9","mode":"bus","arr":["3A"],"angle":-43.9,"extra":1,"ei":1}},{"type":"Feature","geometry":{"type":"Point","coordinates":[10.226276,56.166311]},"properties":{"lines":"3A","color":"#0059a9","mode":"bus","arr":["3A"],"angle":54.7,"mi":3}},{"type":"Feature","geometry":{"type":"Point","coordinates":[10.223927,56.165663]},"properties":{"lines":"3A","color":"#0059a9","mode":"bus","arr":["3A"],"angle":-44,"mi":2}},{"type":"Feature","geometry":{"type":"Point","coordinates":[10.220154,56.163634]},"properties":{"lines":"3A","color":"#0059a9","mode":"bus","arr":["3A"],"angle":-44.1,"mi":1}},{"type":"Feature","geometry":{"type":"Point","coordinates":[10.22216,56.164713]},"properties":{"lines":"3A","color":"#0059a9","mode":"bus","arr":["3A"],"angle":-43.9,"extra":1,"ei":0}},{"type":"Feature","geometry":{"type":"Point","coordinates":[10.199636,56.154934]},"properties":{"lines":"3A, 12, 14, 15, 113, 114, 118","color":"#0059a9","mode":"bus","arr":["3A","12","14","15","113","114","118"],"angle":82.2}},{"type":"Feature","geometry":{"type":"Point","coordinates":[10.192894,56.157831]},"properties":{"lines":"3A, 14, 44, 114, 118","color":"#0059a9","mode":"bus","arr":["3A","14","44","114","118"],"angle":28.8}},{"type":"Feature","geometry":{"type":"Point","coordinates":[10.037453,56.32076]},"properties":{"lines":"4","color":"#0059a9","mode":"bus","arr":["4"],"angle":-84,"mi":3}},{"type":"Feature","geometry":{"type":"Point","coordinates":[10.004234,56.318617]},"properties":{"lines":"4, 314","color":"#0059a9","mode":"bus","arr":["4","314"],"angle":-14.6}},{"type":"Feature","geometry":{"type":"Point","coordinates":[10.035391,56.321803]},"properties":{"lines":"4, 314","color":"#0059a9","mode":"bus","arr":["4","314"],"angle":13.1,"mi":3}},{"type":"Feature","geometry":{"type":"Point","coordinates":[9.981099,56.317176]},"properties":{"lines":"4, 314","color":"#0059a9","mode":"bus","arr":["4","314"],"angle":-21.4,"extra":1,"ei":0}},{"type":"Feature","geometry":{"type":"Point","coordinates":[9.984328,56.317714]},"properties":{"lines":"4, 314","color":"#0059a9","mode":"bus","arr":["4","314"],"angle":-10,"extra":1,"ei":1}},{"type":"Feature","geometry":{"type":"Point","coordinates":[9.987687,56.317869]},"properties":{"lines":"4, 314","color":"#0059a9","mode":"bus","arr":["4","314"],"angle":-1.7,"extra":1,"ei":2}},{"type":"Feature","geometry":{"type":"Point","coordinates":[9.991061,56.317924]},"properties":{"lines":"4, 314","color":"#0059a9","mode":"bus","arr":["4","314"],"angle":-1.6,"extra":1,"ei":3}},{"type":"Feature","geometry":{"type":"Point","coordinates":[9.994435,56.317975]},"properties":{"lines":"4, 314","color":"#0059a9","mode":"bus","arr":["4","314"],"angle":-1.6,"extra":1,"ei":4}},{"type":"Feature","geometry":{"type":"Point","coordinates":[9.997809,56.318037]},"properties":{"lines":"4, 314","color":"#0059a9","mode":"bus","arr":["4","314"],"angle":-3.4,"extra":1,"ei":5}},{"type":"Feature","geometry":{"type":"Point","coordinates":[10.00116,56.318248]},"properties":{"lines":"4, 314","color":"#0059a9","mode":"bus","arr":["4","314"],"angle":-9.4,"extra":1,"ei":6}},{"type":"Feature","geometry":{"type":"Point","coordinates":[10.007664,56.319233]},"properties":{"lines":"4, 314","color":"#0059a9","mode":"bus","arr":["4","314"],"angle":-20.7,"extra":1,"ei":7}},{"type":"Feature","geometry":{"type":"Point","coordinates":[10.010821,56.319902]},"properties":{"lines":"4, 314","color":"#0059a9","mode":"bus","arr":["4","314"],"angle":-21,"extra":1,"ei":8}},{"type":"Feature","geometry":{"type":"Point","coordinates":[10.013976,56.320573]},"properties":{"lines":"4, 314","color":"#0059a9","mode":"bus","arr":["4","314"],"angle":-20.1,"extra":1,"ei":9}},{"type":"Feature","geometry":{"type":"Point","coordinates":[10.017134,56.321239]},"properties":{"lines":"4, 314","color":"#0059a9","mode":"bus","arr":["4","314"],"angle":-20.4,"extra":1,"ei":10}},{"type":"Feature","geometry":{"type":"Point","coordinates":[10.020311,56.321875]},"properties":{"lines":"4, 314","color":"#0059a9","mode":"bus","arr":["4","314"],"angle":-18,"extra":1,"ei":11}},{"type":"Feature","geometry":{"type":"Point","coordinates":[10.023585,56.322331]},"properties":{"lines":"4, 314","color":"#0059a9","mode":"bus","arr":["4","314"],"angle":-10.8,"extra":1,"ei":12}},{"type":"Feature","geometry":{"type":"Point","coordinates":[10.026938,56.322534]},"properties":{"lines":"4, 314","color":"#0059a9","mode":"bus","arr":["4","314"],"angle":-2.8,"extra":1,"ei":13}},{"type":"Feature","geometry":{"type":"Point","coordinates":[10.030342,56.322485]},"properties":{"lines":"4, 314","color":"#0059a9","mode":"bus","arr":["4","314"],"angle":5,"extra":1,"ei":0}},{"type":"Feature","geometry":{"type":"Point","coordinates":[10.040264,56.321465]},"properties":{"lines":"4, 314","color":"#0059a9","mode":"bus","arr":["4","314"],"angle":5,"extra":1,"ei":1}},{"type":"Feature","geometry":{"type":"Point","coordinates":[10.028277,56.327785]},"properties":{"lines":"4","color":"#0059a9","mode":"bus","arr":["4"],"angle":-83.7,"mi":5}},{"type":"Feature","geometry":{"type":"Point","coordinates":[10.029936,56.33184]},"properties":{"lines":"4","color":"#0059a9","mode":"bus","arr":["4"],"angle":-70.4,"extra":1,"ei":0}},{"type":"Feature","geometry":{"type":"Point","coordinates":[10.028961,56.330034]},"properties":{"lines":"4","color":"#0059a9","mode":"bus","arr":["4"],"angle":-76.6,"extra":1,"ei":1}},{"type":"Feature","geometry":{"type":"Point","coordinates":[10.028088,56.326295]},"properties":{"lines":"4","color":"#0059a9","mode":"bus","arr":["4"],"angle":-88.6,"extra":1,"ei":2}},{"type":"Feature","geometry":{"type":"Point","coordinates":[10.028118,56.324407]},"properties":{"lines":"4","color":"#0059a9","mode":"bus","arr":["4"],"angle":87,"extra":1,"ei":3}},{"type":"Feature","geometry":{"type":"Point","coordinates":[10.027846,56.332695]},"properties":{"lines":"4","color":"#0059a9","mode":"bus","arr":["4"],"angle":9.3,"mi":7}},{"type":"Feature","geometry":{"type":"Point","coordinates":[10.025536,56.332829]},"properties":{"lines":"4","color":"#0059a9","mode":"bus","arr":["4"],"angle":-4.1,"extra":1,"ei":0}},{"type":"Feature","geometry":{"type":"Point","coordinates":[10.023878,56.333041]},"properties":{"lines":"4","color":"#0059a9","mode":"bus","arr":["4"],"angle":-8.1,"mi":8}},{"type":"Feature","geometry":{"type":"Point","coordinates":[10.042592,56.312243]},"properties":{"lines":"4","color":"#0059a9","mode":"bus","arr":["4"],"angle":-49.8,"mi":10}},{"type":"Feature","geometry":{"type":"Point","coordinates":[10.007523,56.335053]},"properties":{"lines":"4","color":"#0059a9","mode":"bus","arr":["4"],"angle":30.3}},{"type":"Feature","geometry":{"type":"Point","coordinates":[10.022209,56.333846]},"properties":{"lines":"4","color":"#0059a9","mode":"bus","arr":["4"],"angle":84,"extra":1,"ei":0}},{"type":"Feature","geometry":{"type":"Point","coordinates":[10.020453,56.335394]},"properties":{"lines":"4","color":"#0059a9","mode":"bus","arr":["4"],"angle":35.7,"extra":1,"ei":1}},{"type":"Feature","geometry":{"type":"Point","coordinates":[10.01777,56.334832]},"properties":{"lines":"4","color":"#0059a9","mode":"bus","arr":["4"],"angle":-26.1,"extra":1,"ei":2}},{"type":"Feature","geometry":{"type":"Point","coordinates":[10.014708,56.334039]},"properties":{"lines":"4","color":"#0059a9","mode":"bus","arr":["4"],"angle":-22,"extra":1,"ei":3}},{"type":"Feature","geometry":{"type":"Point","coordinates":[10.012133,56.332948]},"properties":{"lines":"4","color":"#0059a9","mode":"bus","arr":["4"],"angle":8.4,"extra":1,"ei":4}},{"type":"Feature","geometry":{"type":"Point","coordinates":[10.009347,56.33389]},"properties":{"lines":"4","color":"#0059a9","mode":"bus","arr":["4"],"angle":73.5,"extra":1,"ei":5}},{"type":"Feature","geometry":{"type":"Point","coordinates":[10.004113,56.335964]},"properties":{"lines":"4","color":"#0059a9","mode":"bus","arr":["4"],"angle":13.9,"extra":1,"ei":6}},{"type":"Feature","geometry":{"type":"Point","coordinates":[10.000774,56.335838]},"properties":{"lines":"4","color":"#0059a9","mode":"bus","arr":["4"],"angle":-9.3,"extra":1,"ei":7}},{"type":"Feature","geometry":{"type":"Point","coordinates":[9.997416,56.335865]},"properties":{"lines":"4","color":"#0059a9","mode":"bus","arr":["4"],"angle":4.5,"extra":1,"ei":8}},{"type":"Feature","geometry":{"type":"Point","coordinates":[9.994045,56.335935]},"properties":{"lines":"4","color":"#0059a9","mode":"bus","arr":["4"],"angle":7.2,"extra":1,"ei":9}},{"type":"Feature","geometry":{"type":"Point","coordinates":[9.9907,56.3361]},"properties":{"lines":"4","color":"#0059a9","mode":"bus","arr":["4"],"angle":-1.7,"extra":1,"ei":10}},{"type":"Feature","geometry":{"type":"Point","coordinates":[9.987327,56.336044]},"properties":{"lines":"4","color":"#0059a9","mode":"bus","arr":["4"],"angle":-1.7,"extra":1,"ei":11}},{"type":"Feature","geometry":{"type":"Point","coordinates":[9.979518,56.316975]},"properties":{"lines":"4","color":"#0059a9","mode":"bus","arr":["4"],"angle":-88.7,"mi":1}},{"type":"Feature","geometry":{"type":"Point","coordinates":[9.997065,56.301653]},"properties":{"lines":"4","color":"#0059a9","mode":"bus","arr":["4"],"angle":58.3,"extra":1,"ei":0}},{"type":"Feature","geometry":{"type":"Point","coordinates":[9.995245,56.303242]},"properties":{"lines":"4","color":"#0059a9","mode":"bus","arr":["4"],"angle":50.4,"extra":1,"ei":1}},{"type":"Feature","geometry":{"type":"Point","coordinates":[9.993059,56.304681]},"properties":{"lines":"4","color":"#0059a9","mode":"bus","arr":["4"],"angle":50.6,"extra":1,"ei":2}},{"type":"Feature","geometry":{"type":"Point","coordinates":[9.991155,56.306226]},"properties":{"lines":"4","color":"#0059a9","mode":"bus","arr":["4"],"angle":71.5,"extra":1,"ei":3}},{"type":"Feature","geometry":{"type":"Point","coordinates":[9.990215,56.30804]},"properties":{"lines":"4","color":"#0059a9","mode":"bus","arr":["4"],"angle":73.8,"extra":1,"ei":4}},{"type":"Feature","geometry":{"type":"Point","coordinates":[9.988723,56.309708]},"properties":{"lines":"4","color":"#0059a9","mode":"bus","arr":["4"],"angle":54.8,"extra":1,"ei":5}},{"type":"Feature","geometry":{"type":"Point","coordinates":[9.987153,56.311377]},"properties":{"lines":"4","color":"#0059a9","mode":"bus","arr":["4"],"angle":64.2,"extra":1,"ei":6}},{"type":"Feature","geometry":{"type":"Point","coordinates":[9.984791,56.312683]},"properties":{"lines":"4","color":"#0059a9","mode":"bus","arr":["4"],"angle":37.9,"extra":1,"ei":7}},{"type":"Feature","geometry":{"type":"Point","coordinates":[9.981986,56.313682]},"properties":{"lines":"4","color":"#0059a9","mode":"bus","arr":["4"],"angle":44.1,"extra":1,"ei":8}},{"type":"Feature","geometry":{"type":"Point","coordinates":[9.980186,56.315242]},"properties":{"lines":"4","color":"#0059a9","mode":"bus","arr":["4"],"angle":74.2,"extra":1,"ei":9}},{"type":"Feature","geometry":{"type":"Point","coordinates":[9.980279,56.318926]},"properties":{"lines":"4","color":"#0059a9","mode":"bus","arr":["4"],"angle":-84.4,"extra":1,"ei":10}},{"type":"Feature","geometry":{"type":"Point","coordinates":[9.981529,56.320633]},"properties":{"lines":"4","color":"#0059a9","mode":"bus","arr":["4"],"angle":-50.7,"extra":1,"ei":11}},{"type":"Feature","geometry":{"type":"Point","coordinates":[9.982339,56.322413]},"properties":{"lines":"4","color":"#0059a9","mode":"bus","arr":["4"],"angle":-81.2,"extra":1,"ei":12}},{"type":"Feature","geometry":{"type":"Point","coordinates":[9.983184,56.324236]},"properties":{"lines":"4","color":"#0059a9","mode":"bus","arr":["4"],"angle":-79,"extra":1,"ei":13}},{"type":"Feature","geometry":{"type":"Point","coordinates":[9.983826,56.32609]},"properties":{"lines":"4","color":"#0059a9","mode":"bus","arr":["4"],"angle":-79,"extra":1,"ei":14}},{"type":"Feature","geometry":{"type":"Point","coordinates":[9.984553,56.327934]},"properties":{"lines":"4","color":"#0059a9","mode":"bus","arr":["4"],"angle":-77,"extra":1,"ei":15}},{"type":"Feature","geometry":{"type":"Point","coordinates":[9.985314,56.329774]},"properties":{"lines":"4","color":"#0059a9","mode":"bus","arr":["4"],"angle":-77,"extra":1,"ei":16}},{"type":"Feature","geometry":{"type":"Point","coordinates":[9.986089,56.331612]},"properties":{"lines":"4","color":"#0059a9","mode":"bus","arr":["4"],"angle":-76.5,"extra":1,"ei":17}},{"type":"Feature","geometry":{"type":"Point","coordinates":[9.986859,56.333451]},"properties":{"lines":"4","color":"#0059a9","mode":"bus","arr":["4"],"angle":-77.3,"extra":1,"ei":18}},{"type":"Feature","geometry":{"type":"Point","coordinates":[9.986597,56.335313]},"properties":{"lines":"4","color":"#0059a9","mode":"bus","arr":["4"],"angle":84.5,"extra":1,"ei":19}},{"type":"Feature","geometry":{"type":"Point","coordinates":[9.97337,56.323463]},"properties":{"lines":"4","color":"#0059a9","mode":"bus","arr":["4"],"angle":63.7}},{"type":"Feature","geometry":{"type":"Point","coordinates":[9.978565,56.317738]},"properties":{"lines":"4","color":"#0059a9","mode":"bus","arr":["4"],"angle":51.5,"extra":1,"ei":0}},{"type":"Feature","geometry":{"type":"Point","coordinates":[9.976875,56.319355]},"properties":{"lines":"4","color":"#0059a9","mode":"bus","arr":["4"],"angle":66.5,"extra":1,"ei":1}},{"type":"Feature","geometry":{"type":"Point","coordinates":[9.975634,56.321112]},"properties":{"lines":"4","color":"#0059a9","mode":"bus","arr":["4"],"angle":68.5,"extra":1,"ei":2}},{"type":"Feature","geometry":{"type":"Point","coordinates":[9.968715,56.324202]},"properties":{"lines":"4","color":"#0059a9","mode":"bus","arr":["4"],"angle":4.3,"extra":1,"ei":3}},{"type":"Feature","geometry":{"type":"Point","coordinates":[9.966105,56.325131]},"properties":{"lines":"4","color":"#0059a9","mode":"bus","arr":["4"],"angle":55.9,"extra":1,"ei":4}},{"type":"Feature","geometry":{"type":"Point","coordinates":[9.964212,56.326694]},"properties":{"lines":"4","color":"#0059a9","mode":"bus","arr":["4"],"angle":55.9,"extra":1,"ei":5}},{"type":"Feature","geometry":{"type":"Point","coordinates":[9.960221,56.312765]},"properties":{"lines":"314","color":"#0059a9","mode":"bus","arr":["314"],"angle":-17.6}},{"type":"Feature","geometry":{"type":"Point","coordinates":[9.977986,56.316446]},"properties":{"lines":"314","color":"#0059a9","mode":"bus","arr":["314"],"angle":-23,"extra":1,"ei":0}},{"type":"Feature","geometry":{"type":"Point","coordinates":[9.974875,56.315714]},"properties":{"lines":"314","color":"#0059a9","mode":"bus","arr":["314"],"angle":-23,"extra":1,"ei":1}},{"type":"Feature","geometry":{"type":"Point","coordinates":[9.971762,56.314983]},"properties":{"lines":"314","color":"#0059a9","mode":"bus","arr":["314"],"angle":-22.6,"extra":1,"ei":2}},{"type":"Feature","geometry":{"type":"Point","coordinates":[9.968632,56.314278]},"properties":{"lines":"314","color":"#0059a9","mode":"bus","arr":["314"],"angle":-19.4,"extra":1,"ei":3}},{"type":"Feature","geometry":{"type":"Point","coordinates":[9.965419,56.313699]},"properties":{"lines":"314","color":"#0059a9","mode":"bus","arr":["314"],"angle":-17.8,"extra":1,"ei":4}},{"type":"Feature","geometry":{"type":"Point","coordinates":[9.955789,56.31195]},"properties":{"lines":"314","color":"#0059a9","mode":"bus","arr":["314"],"angle":-20.6,"extra":1,"ei":5}},{"type":"Feature","geometry":{"type":"Point","coordinates":[9.952684,56.31121]},"properties":{"lines":"314","color":"#0059a9","mode":"bus","arr":["314"],"angle":-24.7,"extra":1,"ei":6}},{"type":"Feature","geometry":{"type":"Point","coordinates":[9.949691,56.310338]},"properties":{"lines":"314","color":"#0059a9","mode":"bus","arr":["314"],"angle":-29.5,"extra":1,"ei":7}},{"type":"Feature","geometry":{"type":"Point","coordinates":[9.94685,56.30932]},"properties":{"lines":"314","color":"#0059a9","mode":"bus","arr":["314"],"angle":-35.4,"extra":1,"ei":8}},{"type":"Feature","geometry":{"type":"Point","coordinates":[9.944184,56.308163]},"properties":{"lines":"314","color":"#0059a9","mode":"bus","arr":["314"],"angle":-40,"extra":1,"ei":9}},{"type":"Feature","geometry":{"type":"Point","coordinates":[10.039419,56.317054]},"properties":{"lines":"4","color":"#0059a9","mode":"bus","arr":["4"],"angle":63.7,"mi":6}},{"type":"Feature","geometry":{"type":"Point","coordinates":[10.042988,56.313288]},"properties":{"lines":"4","color":"#0059a9","mode":"bus","arr":["4"],"angle":56.1,"extra":1,"ei":0}},{"type":"Feature","geometry":{"type":"Point","coordinates":[10.041311,56.314925]},"properties":{"lines":"4","color":"#0059a9","mode":"bus","arr":["4"],"angle":63.4,"extra":1,"ei":1}},{"type":"Feature","geometry":{"type":"Point","coordinates":[10.038304,56.318306]},"properties":{"lines":"4","color":"#0059a9","mode":"bus","arr":["4"],"angle":63.4,"extra":1,"ei":2}},{"type":"Feature","geometry":{"type":"Point","coordinates":[10.036793,56.319995]},"properties":{"lines":"4","color":"#0059a9","mode":"bus","arr":["4"],"angle":63.5,"extra":1,"ei":3}},{"type":"Feature","geometry":{"type":"Point","coordinates":[10.035674,56.32173]},"properties":{"lines":"4","color":"#0059a9","mode":"bus","arr":["4"],"angle":-81.7,"extra":1,"ei":4}},{"type":"Feature","geometry":{"type":"Point","coordinates":[10.042249,56.321676]},"properties":{"lines":"4, 314","color":"#0059a9","mode":"bus","arr":["4","314"],"angle":-79.8}},{"type":"Feature","geometry":{"type":"Point","coordinates":[10.045457,56.325195]},"properties":{"lines":"4, 115, 314","color":"#0059a9","mode":"bus","arr":["4","115","314"],"angle":-52.9,"mi":1}},{"type":"Feature","geometry":{"type":"Point","coordinates":[10.042807,56.322847]},"properties":{"lines":"4, 115, 314","color":"#0059a9","mode":"bus","arr":["4","115","314"],"angle":-69.4,"extra":1,"ei":0}},{"type":"Feature","geometry":{"type":"Point","coordinates":[10.048548,56.327491]},"properties":{"lines":"4, 115, 314","color":"#0059a9","mode":"bus","arr":["4","115","314"],"angle":-52.9,"extra":1,"ei":1}},{"type":"Feature","geometry":{"type":"Point","coordinates":[10.056816,56.327284]},"properties":{"lines":"4, 314","color":"#0059a9","mode":"bus","arr":["4","314"],"angle":-71.3,"mi":2}},{"type":"Feature","geometry":{"type":"Point","coordinates":[10.056196,56.329054]},"properties":{"lines":"314","color":"#0059a9","mode":"bus","arr":["314"],"angle":59.4}},{"type":"Feature","geometry":{"type":"Point","coordinates":[10.058676,56.327963]},"properties":{"lines":"4","color":"#0059a9","mode":"bus","arr":["4"],"angle":2.8,"mi":9}},{"type":"Feature","geometry":{"type":"Point","coordinates":[9.974604,56.331444]},"properties":{"lines":"4","color":"#0059a9","mode":"bus","arr":["4"],"angle":82.6,"mi":3}},{"type":"Feature","geometry":{"type":"Point","coordinates":[9.96509,56.327622]},"properties":{"lines":"4","color":"#0059a9","mode":"bus","arr":["4"],"angle":-23.4,"extra":1,"ei":0}},{"type":"Feature","geometry":{"type":"Point","coordinates":[9.968189,56.328371]},"properties":{"lines":"4","color":"#0059a9","mode":"bus","arr":["4"],"angle":-23.4,"extra":1,"ei":1}},{"type":"Feature","geometry":{"type":"Point","coordinates":[9.971287,56.32912]},"properties":{"lines":"4","color":"#0059a9","mode":"bus","arr":["4"],"angle":-23.3,"extra":1,"ei":2}},{"type":"Feature","geometry":{"type":"Point","coordinates":[9.974386,56.329869]},"properties":{"lines":"4","color":"#0059a9","mode":"bus","arr":["4"],"angle":-28.3,"extra":1,"ei":3}},{"type":"Feature","geometry":{"type":"Point","coordinates":[9.97558,56.332898]},"properties":{"lines":"4","color":"#0059a9","mode":"bus","arr":["4"],"angle":-3,"extra":1,"ei":4}},{"type":"Feature","geometry":{"type":"Point","coordinates":[9.978942,56.333007]},"properties":{"lines":"4","color":"#0059a9","mode":"bus","arr":["4"],"angle":-11.1,"extra":1,"ei":5}},{"type":"Feature","geometry":{"type":"Point","coordinates":[9.982057,56.332711]},"properties":{"lines":"4","color":"#0059a9","mode":"bus","arr":["4"],"angle":8.8,"extra":1,"ei":6}},{"type":"Feature","geometry":{"type":"Point","coordinates":[9.985423,56.332628]},"properties":{"lines":"4","color":"#0059a9","mode":"bus","arr":["4"],"angle":0.2,"extra":1,"ei":7}},{"type":"Feature","geometry":{"type":"Point","coordinates":[9.990553,56.318671]},"properties":{"lines":"4","color":"#0059a9","mode":"bus","arr":["4"],"angle":-52.3,"mi":2}},{"type":"Feature","geometry":{"type":"Point","coordinates":[9.99836,56.296317]},"properties":{"lines":"4","color":"#0059a9","mode":"bus","arr":["4"],"angle":-78}},{"type":"Feature","geometry":{"type":"Point","coordinates":[9.99817,56.299904]},"properties":{"lines":"4","color":"#0059a9","mode":"bus","arr":["4"],"angle":81.6,"extra":1,"ei":0}},{"type":"Feature","geometry":{"type":"Point","coordinates":[9.998664,56.298036]},"properties":{"lines":"4","color":"#0059a9","mode":"bus","arr":["4"],"angle":81.6,"extra":1,"ei":1}},{"type":"Feature","geometry":{"type":"Point","coordinates":[9.997391,56.294362]},"properties":{"lines":"4","color":"#0059a9","mode":"bus","arr":["4"],"angle":-71.3,"extra":1,"ei":2}},{"type":"Feature","geometry":{"type":"Point","coordinates":[9.996861,56.292505]},"properties":{"lines":"4","color":"#0059a9","mode":"bus","arr":["4"],"angle":-84,"extra":1,"ei":3}},{"type":"Feature","geometry":{"type":"Point","coordinates":[10.020714,56.284435]},"properties":{"lines":"6","color":"#0059a9","mode":"bus","arr":["6"],"angle":25.8}},{"type":"Feature","geometry":{"type":"Point","coordinates":[9.983765,56.291184]},"properties":{"lines":"6","color":"#0059a9","mode":"bus","arr":["6"],"angle":-17.4}},{"type":"Feature","geometry":{"type":"Point","coordinates":[10.004516,56.291005]},"properties":{"lines":"6","color":"#0059a9","mode":"bus","arr":["6"],"angle":33.9,"extra":1,"ei":0}},{"type":"Feature","geometry":{"type":"Point","coordinates":[10.00701,56.289738]},"properties":{"lines":"6","color":"#0059a9","mode":"bus","arr":["6"],"angle":47.7,"extra":1,"ei":1}},{"type":"Feature","geometry":{"type":"Point","coordinates":[10.009606,56.288558]},"properties":{"lines":"6","color":"#0059a9","mode":"bus","arr":["6"],"angle":31.8,"extra":1,"ei":2}},{"type":"Feature","geometry":{"type":"Point","coordinates":[10.012147,56.287355]},"properties":{"lines":"6","color":"#0059a9","mode":"bus","arr":["6"],"angle":56.7,"extra":1,"ei":3}},{"type":"Feature","geometry":{"type":"Point","coordinates":[10.014587,56.28611]},"properties":{"lines":"6","color":"#0059a9","mode":"bus","arr":["6"],"angle":26.9,"extra":1,"ei":4}},{"type":"Feature","geometry":{"type":"Point","coordinates":[10.017613,56.285274]},"properties":{"lines":"6","color":"#0059a9","mode":"bus","arr":["6"],"angle":25.9,"extra":1,"ei":5}},{"type":"Feature","geometry":{"type":"Point","coordinates":[10.023684,56.283623]},"properties":{"lines":"6","color":"#0059a9","mode":"bus","arr":["6"],"angle":28,"extra":1,"ei":6}},{"type":"Feature","geometry":{"type":"Point","coordinates":[10.02663,56.282701]},"properties":{"lines":"6","color":"#0059a9","mode":"bus","arr":["6"],"angle":29.7,"extra":1,"ei":7}},{"type":"Feature","geometry":{"type":"Point","coordinates":[10.029562,56.281765]},"properties":{"lines":"6","color":"#0059a9","mode":"bus","arr":["6"],"angle":29.7,"extra":1,"ei":8}},{"type":"Feature","geometry":{"type":"Point","coordinates":[10.032494,56.28083]},"properties":{"lines":"6","color":"#0059a9","mode":"bus","arr":["6"],"angle":29.7,"extra":1,"ei":9}},{"type":"Feature","geometry":{"type":"Point","coordinates":[10.035601,56.280178]},"properties":{"lines":"6","color":"#0059a9","mode":"bus","arr":["6"],"angle":3.2,"extra":1,"ei":10}},{"type":"Feature","geometry":{"type":"Point","coordinates":[10.038753,56.279602]},"properties":{"lines":"6","color":"#0059a9","mode":"bus","arr":["6"],"angle":20.1,"extra":1,"ei":11}},{"type":"Feature","geometry":{"type":"Point","coordinates":[9.995036,56.292045]},"properties":{"lines":"6","color":"#0059a9","mode":"bus","arr":["6"],"angle":10.6,"extra":1,"ei":0}},{"type":"Feature","geometry":{"type":"Point","coordinates":[9.991673,56.292123]},"properties":{"lines":"6","color":"#0059a9","mode":"bus","arr":["6"],"angle":-2.1,"extra":1,"ei":1}},{"type":"Feature","geometry":{"type":"Point","coordinates":[9.98832,56.29193]},"properties":{"lines":"6","color":"#0059a9","mode":"bus","arr":["6"],"angle":-10.2,"extra":1,"ei":2}},{"type":"Feature","geometry":{"type":"Point","coordinates":[9.978582,56.291589]},"properties":{"lines":"6","color":"#0059a9","mode":"bus","arr":["6"],"angle":12.2,"extra":1,"ei":3}},{"type":"Feature","geometry":{"type":"Point","coordinates":[9.975421,56.292231]},"properties":{"lines":"6","color":"#0059a9","mode":"bus","arr":["6"],"angle":6.4,"extra":1,"ei":4}},{"type":"Feature","geometry":{"type":"Point","coordinates":[9.972091,56.292205]},"properties":{"lines":"6","color":"#0059a9","mode":"bus","arr":["6"],"angle":13.1,"extra":1,"ei":5}},{"type":"Feature","geometry":{"type":"Point","coordinates":[9.999806,56.291461]},"properties":{"lines":"4, 6","color":"#0059a9","mode":"bus","arr":["4","6"],"angle":16.1}},{"type":"Feature","geometry":{"type":"Point","coordinates":[10.009837,56.295099]},"properties":{"lines":"4, 6","color":"#0059a9","mode":"bus","arr":["4","6"],"angle":-45.7,"mi":1}},{"type":"Feature","geometry":{"type":"Point","coordinates":[10.004094,56.291964]},"properties":{"lines":"4, 6","color":"#0059a9","mode":"bus","arr":["4","6"],"angle":-73.7,"extra":1,"ei":0}},{"type":"Feature","geometry":{"type":"Point","coordinates":[10.006077,56.293452]},"properties":{"lines":"4, 6","color":"#0059a9","mode":"bus","arr":["4","6"],"angle":-41,"extra":1,"ei":1}},{"type":"Feature","geometry":{"type":"Point","coordinates":[10.014595,56.29612]},"properties":{"lines":"4, 6","color":"#0059a9","mode":"bus","arr":["4","6"],"angle":-4.3,"extra":1,"ei":2}},{"type":"Feature","geometry":{"type":"Point","coordinates":[10.017957,56.29628]},"properties":{"lines":"4, 6","color":"#0059a9","mode":"bus","arr":["4","6"],"angle":-14.7,"extra":1,"ei":3}},{"type":"Feature","geometry":{"type":"Point","coordinates":[10.033832,56.302706]},"properties":{"lines":"4","color":"#0059a9","mode":"bus","arr":["4"],"angle":-41.7}},{"type":"Feature","geometry":{"type":"Point","coordinates":[10.040707,56.311272]},"properties":{"lines":"4","color":"#0059a9","mode":"bus","arr":["4"],"angle":-24.6,"extra":1,"ei":0}},{"type":"Feature","geometry":{"type":"Point","coordinates":[10.039376,56.30957]},"properties":{"lines":"4","color":"#0059a9","mode":"bus","arr":["4"],"angle":-69.8,"extra":1,"ei":1}},{"type":"Feature","geometry":{"type":"Point","coordinates":[10.03821,56.307798]},"properties":{"lines":"4","color":"#0059a9","mode":"bus","arr":["4"],"angle":-69.8,"extra":1,"ei":2}},{"type":"Feature","geometry":{"type":"Point","coordinates":[10.037043,56.306026]},"properties":{"lines":"4","color":"#0059a9","mode":"bus","arr":["4"],"angle":-69.8,"extra":1,"ei":3}},{"type":"Feature","geometry":{"type":"Point","coordinates":[10.035876,56.304254]},"properties":{"lines":"4","color":"#0059a9","mode":"bus","arr":["4"],"angle":-69.8,"extra":1,"ei":4}},{"type":"Feature","geometry":{"type":"Point","coordinates":[10.031366,56.301545]},"properties":{"lines":"4","color":"#0059a9","mode":"bus","arr":["4"],"angle":-34.6,"extra":1,"ei":5}},{"type":"Feature","geometry":{"type":"Point","coordinates":[10.028777,56.300341]},"properties":{"lines":"4","color":"#0059a9","mode":"bus","arr":["4"],"angle":-46.1,"extra":1,"ei":6}},{"type":"Feature","geometry":{"type":"Point","coordinates":[10.026584,56.298906]},"properties":{"lines":"4","color":"#0059a9","mode":"bus","arr":["4"],"angle":-47.5,"extra":1,"ei":7}},{"type":"Feature","geometry":{"type":"Point","coordinates":[10.023615,56.298042]},"properties":{"lines":"4","color":"#0059a9","mode":"bus","arr":["4"],"angle":-24,"extra":1,"ei":8}},{"type":"Feature","geometry":{"type":"Point","coordinates":[10.020604,56.297194]},"properties":{"lines":"4","color":"#0059a9","mode":"bus","arr":["4"],"angle":-32.3,"extra":1,"ei":9}},{"type":"Feature","geometry":{"type":"Point","coordinates":[10.033532,56.326105]},"properties":{"lines":"4","color":"#0059a9","mode":"bus","arr":["4"],"angle":3.3,"mi":2}},{"type":"Feature","geometry":{"type":"Point","coordinates":[10.037433,56.325819]},"properties":{"lines":"4","color":"#0059a9","mode":"bus","arr":["4"],"angle":17.9,"extra":1,"ei":0}},{"type":"Feature","geometry":{"type":"Point","coordinates":[10.030807,56.326386]},"properties":{"lines":"4","color":"#0059a9","mode":"bus","arr":["4"],"angle":22.8,"extra":1,"ei":1}},{"type":"Feature","geometry":{"type":"Point","coordinates":[10.040306,56.325663]},"properties":{"lines":"4","color":"#0059a9","mode":"bus","arr":["4"],"angle":-0.5}},{"type":"Feature","geometry":{"type":"Point","coordinates":[10.04217,56.326301]},"properties":{"lines":"4","color":"#0059a9","mode":"bus","arr":["4"],"angle":-53.6,"mi":1}},{"type":"Feature","geometry":{"type":"Point","coordinates":[10.046154,56.326281]},"properties":{"lines":"4","color":"#0059a9","mode":"bus","arr":["4"],"angle":25.2,"mi":4}},{"type":"Feature","geometry":{"type":"Point","coordinates":[10.048376,56.32851]},"properties":{"lines":"4, 115, 118, 314","color":"#0059a9","mode":"bus","arr":["4","115","118","314"],"angle":28.2}},{"type":"Feature","geometry":{"type":"Point","coordinates":[10.038706,56.331727]},"properties":{"lines":"115","color":"#0059a9","mode":"bus","arr":["115"],"angle":35.6,"mi":4}},{"type":"Feature","geometry":{"type":"Point","coordinates":[10.044048,56.329916]},"properties":{"lines":"115","color":"#0059a9","mode":"bus","arr":["115"],"angle":30.8,"extra":1,"ei":0}},{"type":"Feature","geometry":{"type":"Point","coordinates":[10.041149,56.330883]},"properties":{"lines":"115","color":"#0059a9","mode":"bus","arr":["115"],"angle":31.1,"extra":1,"ei":1}},{"type":"Feature","geometry":{"type":"Point","coordinates":[10.035749,56.33313]},"properties":{"lines":"115","color":"#0059a9","mode":"bus","arr":["115"],"angle":41.4,"extra":1,"ei":2}},{"type":"Feature","geometry":{"type":"Point","coordinates":[10.033227,56.334385]},"properties":{"lines":"115","color":"#0059a9","mode":"bus","arr":["115"],"angle":42.1,"extra":1,"ei":3}},{"type":"Feature","geometry":{"type":"Point","coordinates":[10.046381,56.329137]},"properties":{"lines":"4, 115","color":"#0059a9","mode":"bus","arr":["4","115"],"angle":30.8}},{"type":"Feature","geometry":{"type":"Point","coordinates":[10.117627,56.167479]},"properties":{"lines":"4A, 43","color":"#0059a9","mode":"bus","arr":["4A","43"],"angle":81.6,"mi":1}},{"type":"Feature","geometry":{"type":"Point","coordinates":[10.118947,56.167053]},"properties":{"lines":"4A, 43","color":"#0059a9","mode":"bus","arr":["4A","43"],"angle":-6.2}},{"type":"Feature","geometry":{"type":"Point","coordinates":[10.12067,56.16514]},"properties":{"lines":"4A, 35, 43","color":"#0059a9","mode":"bus","arr":["4A","35","43"],"angle":81.5,"mi":1}},{"type":"Feature","geometry":{"type":"Point","coordinates":[10.126466,56.162431]},"properties":{"lines":"4A, 35, 43","color":"#0059a9","mode":"bus","arr":["4A","35","43"],"angle":9.3,"side":-1}},{"type":"Feature","geometry":{"type":"Point","coordinates":[10.122727,56.16291]},"properties":{"lines":"4A, 35, 43","color":"#0059a9","mode":"bus","arr":["4A","35","43"],"angle":14.2,"extra":1,"ei":0,"side":-1}},{"type":"Feature","geometry":{"type":"Point","coordinates":[10.129354,56.162218]},"properties":{"lines":"4A, 35, 43","color":"#0059a9","mode":"bus","arr":["4A","35","43"],"angle":6.3,"extra":1,"ei":1,"side":-1}},{"type":"Feature","geometry":{"type":"Point","coordinates":[10.132653,56.162167]},"properties":{"lines":"4A, 15, 35, 43","color":"#0059a9","mode":"bus","arr":["4A","15","35","43"],"angle":-1.9}},{"type":"Feature","geometry":{"type":"Point","coordinates":[10.137103,56.162506]},"properties":{"lines":"15, 35","color":"#0059a9","mode":"bus","arr":["15","35"],"angle":-10.1,"mi":1}},{"type":"Feature","geometry":{"type":"Point","coordinates":[10.09794,56.164553]},"properties":{"lines":"15, 35","color":"#0059a9","mode":"bus","arr":["15","35"],"angle":8.6,"mi":5}},{"type":"Feature","geometry":{"type":"Point","coordinates":[10.135094,56.162141]},"properties":{"lines":"15, 35","color":"#0059a9","mode":"bus","arr":["15","35"],"angle":-9.7,"extra":1,"ei":0,"side":-1}},{"type":"Feature","geometry":{"type":"Point","coordinates":[10.100193,56.164458]},"properties":{"lines":"15, 35","color":"#0059a9","mode":"bus","arr":["15","35"],"angle":-1.5,"extra":1,"ei":0,"side":-1}},{"type":"Feature","geometry":{"type":"Point","coordinates":[10.134052,56.1597]},"properties":{"lines":"4A, 43","color":"#0059a9","mode":"bus","arr":["4A","43"],"angle":81.4,"mi":1}},{"type":"Feature","geometry":{"type":"Point","coordinates":[10.133669,56.161102]},"properties":{"lines":"4A, 43","color":"#0059a9","mode":"bus","arr":["4A","43"],"angle":81.3,"extra":1,"ei":0}},{"type":"Feature","geometry":{"type":"Point","coordinates":[10.13482,56.157417]},"properties":{"lines":"4A, 43","color":"#0059a9","mode":"bus","arr":["4A","43"],"angle":61,"extra":1,"ei":1}},{"type":"Feature","geometry":{"type":"Point","coordinates":[10.13529,56.157465]},"properties":{"lines":"4A, 43","color":"#0059a9","mode":"bus","arr":["4A","43"],"angle":-9.8}},{"type":"Feature","geometry":{"type":"Point","coordinates":[10.13605,56.156338]},"properties":{"lines":"4A, 35, 43","color":"#0059a9","mode":"bus","arr":["4A","35","43"],"angle":-8,"mi":2}},{"type":"Feature","geometry":{"type":"Point","coordinates":[10.136495,56.154355]},"properties":{"lines":"4A, 43","color":"#0059a9","mode":"bus","arr":["4A","43"],"angle":-86.7,"mi":2}},{"type":"Feature","geometry":{"type":"Point","coordinates":[10.146027,56.153819]},"properties":{"lines":"4A, 11, 43, 113","color":"#0059a9","mode":"bus","arr":["4A","11","43","113"],"angle":-4.5,"mi":4}},{"type":"Feature","geometry":{"type":"Point","coordinates":[10.16451,56.155127]},"properties":{"lines":"4A, 11, 43, 113","color":"#0059a9","mode":"bus","arr":["4A","11","43","113"],"angle":-11.5,"mi":5}},{"type":"Feature","geometry":{"type":"Point","coordinates":[10.155862,56.154482]},"properties":{"lines":"4A, 11, 43, 113","color":"#0059a9","mode":"bus","arr":["4A","11","43","113"],"angle":-7.2}},{"type":"Feature","geometry":{"type":"Point","coordinates":[10.153415,56.15431]},"properties":{"lines":"4A, 11, 43, 113","color":"#0059a9","mode":"bus","arr":["4A","11","43","113"],"angle":-3.7,"mi":1}},{"type":"Feature","geometry":{"type":"Point","coordinates":[10.159927,56.154769]},"properties":{"lines":"4A, 11, 43, 113","color":"#0059a9","mode":"bus","arr":["4A","11","43","113"],"angle":-7.2,"mi":2}},{"type":"Feature","geometry":{"type":"Point","coordinates":[10.149947,56.154065]},"properties":{"lines":"4A, 11, 43, 113","color":"#0059a9","mode":"bus","arr":["4A","11","43","113"],"angle":-3.5,"mi":3}},{"type":"Feature","geometry":{"type":"Point","coordinates":[10.14021,56.153328]},"properties":{"lines":"4A, 11, 12, 43, 113","color":"#0059a9","mode":"bus","arr":["4A","11","12","43","113"],"angle":-6.6}},{"type":"Feature","geometry":{"type":"Point","coordinates":[10.180051,56.15622]},"properties":{"lines":"4A, 11, 15, 43, 113","color":"#0059a9","mode":"bus","arr":["4A","11","15","43","113"],"angle":-4.6}},{"type":"Feature","geometry":{"type":"Point","coordinates":[10.167428,56.155271]},"properties":{"lines":"4A, 11, 15, 43, 113","color":"#0059a9","mode":"bus","arr":["4A","11","15","43","113"],"angle":-6.6,"extra":1,"ei":0,"side":-1}},{"type":"Feature","geometry":{"type":"Point","coordinates":[10.170774,56.155519]},"properties":{"lines":"4A, 11, 15, 43, 113","color":"#0059a9","mode":"bus","arr":["4A","11","15","43","113"],"angle":-7.2,"extra":1,"ei":1,"side":-1}},{"type":"Feature","geometry":{"type":"Point","coordinates":[10.174125,56.155743]},"properties":{"lines":"4A, 11, 15, 43, 113","color":"#0059a9","mode":"bus","arr":["4A","11","15","43","113"],"angle":-10.7,"extra":1,"ei":2,"side":-1}},{"type":"Feature","geometry":{"type":"Point","coordinates":[10.192082,56.157094]},"properties":{"lines":"4A, 11, 15, 43, 113","color":"#0059a9","mode":"bus","arr":["4A","11","15","43","113"],"angle":-16.1,"extra":1,"ei":0,"side":-1}},{"type":"Feature","geometry":{"type":"Point","coordinates":[10.18883,56.15659]},"properties":{"lines":"4A, 11, 15, 43, 113","color":"#0059a9","mode":"bus","arr":["4A","11","15","43","113"],"angle":-16,"extra":1,"ei":1,"side":-1}},{"type":"Feature","geometry":{"type":"Point","coordinates":[10.185506,56.156311]},"properties":{"lines":"4A, 11, 15, 43, 113","color":"#0059a9","mode":"bus","arr":["4A","11","15","43","113"],"angle":-3.7,"extra":1,"ei":2,"side":-1}},{"type":"Feature","geometry":{"type":"Point","coordinates":[10.182674,56.156315]},"properties":{"lines":"4A, 11, 15, 43, 113","color":"#0059a9","mode":"bus","arr":["4A","11","15","43","113"],"angle":-2.9,"extra":1,"ei":0}},{"type":"Feature","geometry":{"type":"Point","coordinates":[10.196429,56.157869]},"properties":{"lines":"4A, 11, 43, 44","color":"#0059a9","mode":"bus","arr":["4A","11","43","44"],"angle":-17.6,"mi":1}},{"type":"Feature","geometry":{"type":"Point","coordinates":[10.199071,56.158052]},"properties":{"lines":"4A, 11, 43, 44","color":"#0059a9","mode":"bus","arr":["4A","11","43","44"],"angle":-28.2}},{"type":"Feature","geometry":{"type":"Point","coordinates":[10.162254,56.124334]},"properties":{"lines":"4A, 6A, 41","color":"#0059a9","mode":"bus","arr":["4A","6A","41"],"angle":-83.7,"mi":1}},{"type":"Feature","geometry":{"type":"Point","coordinates":[10.16173,56.127463]},"properties":{"lines":"4A, 6A, 41","color":"#0059a9","mode":"bus","arr":["4A","6A","41"],"angle":71.6}},{"type":"Feature","geometry":{"type":"Point","coordinates":[10.161959,56.12287]},"properties":{"lines":"4A, 6A, 41","color":"#0059a9","mode":"bus","arr":["4A","6A","41"],"angle":-83.1,"extra":1,"ei":0,"side":-1}},{"type":"Feature","geometry":{"type":"Point","coordinates":[10.161325,56.121197]},"properties":{"lines":"4A, 41","color":"#0059a9","mode":"bus","arr":["4A","41"],"angle":-69.2,"mi":3}},{"type":"Feature","geometry":{"type":"Point","coordinates":[10.153532,56.114832]},"properties":{"lines":"4A, 41","color":"#0059a9","mode":"bus","arr":["4A","41"],"angle":-59.7}},{"type":"Feature","geometry":{"type":"Point","coordinates":[10.159856,56.119756]},"properties":{"lines":"4A, 41","color":"#0059a9","mode":"bus","arr":["4A","41"],"angle":-57.3,"extra":1,"ei":0}},{"type":"Feature","geometry":{"type":"Point","coordinates":[10.158009,56.118175]},"properties":{"lines":"4A, 41","color":"#0059a9","mode":"bus","arr":["4A","41"],"angle":-56.4,"extra":1,"ei":1}},{"type":"Feature","geometry":{"type":"Point","coordinates":[10.156084,56.116627]},"properties":{"lines":"4A, 41","color":"#0059a9","mode":"bus","arr":["4A","41"],"angle":-47.7,"extra":1,"ei":2}},{"type":"Feature","geometry":{"type":"Point","coordinates":[10.15223,56.113556]},"properties":{"lines":"4A, 41","color":"#0059a9","mode":"bus","arr":["4A","41"],"angle":-60.3,"extra":1,"ei":3}},{"type":"Feature","geometry":{"type":"Point","coordinates":[10.150547,56.111919]},"properties":{"lines":"4A, 41","color":"#0059a9","mode":"bus","arr":["4A","41"],"angle":-62.7,"extra":1,"ei":4}},{"type":"Feature","geometry":{"type":"Point","coordinates":[10.149341,56.110158]},"properties":{"lines":"4A, 41","color":"#0059a9","mode":"bus","arr":["4A","41"],"angle":-70.4,"extra":1,"ei":5}},{"type":"Feature","geometry":{"type":"Point","coordinates":[10.149305,56.108247]},"properties":{"lines":"4A, 41","color":"#0059a9","mode":"bus","arr":["4A","41"],"angle":21.8,"mi":1}},{"type":"Feature","geometry":{"type":"Point","coordinates":[10.14655,56.105254]},"properties":{"lines":"4A, 17, 41","color":"#0059a9","mode":"bus","arr":["4A","17","41"],"angle":-50.9,"mi":3}},{"type":"Feature","geometry":{"type":"Point","coordinates":[10.149327,56.10722]},"properties":{"lines":"4A, 17, 41","color":"#0059a9","mode":"bus","arr":["4A","17","41"],"angle":-52.5,"extra":1,"ei":0}},{"type":"Feature","geometry":{"type":"Point","coordinates":[10.145108,56.104272]},"properties":{"lines":"4A, 17, 41","color":"#0059a9","mode":"bus","arr":["4A","17","41"],"angle":-49.3,"extra":1,"ei":1}},{"type":"Feature","geometry":{"type":"Point","coordinates":[10.142866,56.10286]},"properties":{"lines":"4A, 17, 41","color":"#0059a9","mode":"bus","arr":["4A","17","41"],"angle":-48.1,"extra":1,"ei":2}},{"type":"Feature","geometry":{"type":"Point","coordinates":[10.14804,56.106201]},"properties":{"lines":"4A, 17, 41","color":"#0059a9","mode":"bus","arr":["4A","17","41"],"angle":-51.7,"extra":1,"ei":0,"side":-1}},{"type":"Feature","geometry":{"type":"Point","coordinates":[10.140517,56.10091]},"properties":{"lines":"4A, 17, 41","color":"#0059a9","mode":"bus","arr":["4A","17","41"],"angle":-67.1}},{"type":"Feature","geometry":{"type":"Point","coordinates":[10.137424,56.097437]},"properties":{"lines":"4A, 17, 41","color":"#0059a9","mode":"bus","arr":["4A","17","41"],"angle":-72.4,"mi":1}},{"type":"Feature","geometry":{"type":"Point","coordinates":[10.136665,56.096119]},"properties":{"lines":"4A, 17, 41","color":"#0059a9","mode":"bus","arr":["4A","17","41"],"angle":-72.3,"extra":1,"ei":0,"side":-1}},{"type":"Feature","geometry":{"type":"Point","coordinates":[10.139092,56.094023]},"properties":{"lines":"4A","color":"#0059a9","mode":"bus","arr":["4A"],"angle":-63.2,"mi":1}},{"type":"Feature","geometry":{"type":"Point","coordinates":[10.13782,56.095117]},"properties":{"lines":"4A","color":"#0059a9","mode":"bus","arr":["4A"],"angle":21.6,"extra":1,"ei":0,"side":-1}},{"type":"Feature","geometry":{"type":"Point","coordinates":[10.137236,56.092161]},"properties":{"lines":"4A","color":"#0059a9","mode":"bus","arr":["4A"],"angle":-53.1,"extra":1,"ei":1}},{"type":"Feature","geometry":{"type":"Point","coordinates":[10.136033,56.092122]},"properties":{"lines":"4A","color":"#0059a9","mode":"bus","arr":["4A"],"angle":40.7}},{"type":"Feature","geometry":{"type":"Point","coordinates":[10.134402,56.093052]},"properties":{"lines":"4A, 17, 41","color":"#0059a9","mode":"bus","arr":["4A","17","41"],"angle":36.7,"mi":2}},{"type":"Feature","geometry":{"type":"Point","coordinates":[10.127309,56.094503]},"properties":{"lines":"4A, 41","color":"#0059a9","mode":"bus","arr":["4A","41"],"angle":17.2,"mi":2}},{"type":"Feature","geometry":{"type":"Point","coordinates":[10.132521,56.09359]},"properties":{"lines":"4A, 41","color":"#0059a9","mode":"bus","arr":["4A","41"],"angle":18.6,"extra":1,"ei":0}},{"type":"Feature","geometry":{"type":"Point","coordinates":[10.122758,56.095046]},"properties":{"lines":"4A, 41","color":"#0059a9","mode":"bus","arr":["4A","41"],"angle":6.8,"extra":1,"ei":1}},{"type":"Feature","geometry":{"type":"Point","coordinates":[10.117396,56.091185]},"properties":{"lines":"4A, 41","color":"#0059a9","mode":"bus","arr":["4A","41"],"angle":-72.3}},{"type":"Feature","geometry":{"type":"Point","coordinates":[10.119748,56.094342]},"properties":{"lines":"4A, 41","color":"#0059a9","mode":"bus","arr":["4A","41"],"angle":-64.4,"extra":1,"ei":0}},{"type":"Feature","geometry":{"type":"Point","coordinates":[10.118208,56.092667]},"properties":{"lines":"4A, 41","color":"#0059a9","mode":"bus","arr":["4A","41"],"angle":-71.6,"extra":1,"ei":1}},{"type":"Feature","geometry":{"type":"Point","coordinates":[10.116205,56.08906]},"properties":{"lines":"4A, 41","color":"#0059a9","mode":"bus","arr":["4A","41"],"angle":-72.4,"extra":1,"ei":2}},{"type":"Feature","geometry":{"type":"Point","coordinates":[10.115186,56.08726]},"properties":{"lines":"4A, 41","color":"#0059a9","mode":"bus","arr":["4A","41"],"angle":-80.4,"extra":1,"ei":3}},{"type":"Feature","geometry":{"type":"Point","coordinates":[10.118638,56.085791]},"properties":{"lines":"4A, 41","color":"#0059a9","mode":"bus","arr":["4A","41"],"angle":34.9,"mi":1}},{"type":"Feature","geometry":{"type":"Point","coordinates":[10.11661,56.086506]},"properties":{"lines":"4A, 41","color":"#0059a9","mode":"bus","arr":["4A","41"],"angle":32.1,"extra":1,"ei":0}},{"type":"Feature","geometry":{"type":"Point","coordinates":[10.152525,56.084419]},"properties":{"lines":"4A, 41","color":"#0059a9","mode":"bus","arr":["4A","41"],"angle":-20.1}},{"type":"Feature","geometry":{"type":"Point","coordinates":[10.149991,56.107634]},"properties":{"lines":"4A, 41","color":"#0059a9","mode":"bus","arr":["4A","41"],"angle":-55.9,"side":-1,"mi":2}},{"type":"Feature","geometry":{"type":"Point","coordinates":[10.136512,56.083612]},"properties":{"lines":"4A, 41","color":"#0059a9","mode":"bus","arr":["4A","41"],"angle":-5.2}},{"type":"Feature","geometry":{"type":"Point","coordinates":[10.123739,56.084032]},"properties":{"lines":"4A, 41","color":"#0059a9","mode":"bus","arr":["4A","41"],"angle":27.5,"extra":1,"ei":0}},{"type":"Feature","geometry":{"type":"Point","coordinates":[10.126707,56.083135]},"properties":{"lines":"4A, 41","color":"#0059a9","mode":"bus","arr":["4A","41"],"angle":22.9,"extra":1,"ei":1}},{"type":"Feature","geometry":{"type":"Point","coordinates":[10.13,56.08279]},"properties":{"lines":"4A, 41","color":"#0059a9","mode":"bus","arr":["4A","41"],"angle":-0.8,"extra":1,"ei":2}},{"type":"Feature","geometry":{"type":"Point","coordinates":[10.133297,56.083152]},"properties":{"lines":"4A, 41","color":"#0059a9","mode":"bus","arr":["4A","41"],"angle":-18.1,"extra":1,"ei":3}},{"type":"Feature","geometry":{"type":"Point","coordinates":[10.139935,56.083631]},"properties":{"lines":"4A, 41","color":"#0059a9","mode":"bus","arr":["4A","41"],"angle":0.4,"extra":1,"ei":4}},{"type":"Feature","geometry":{"type":"Point","coordinates":[10.143304,56.083702]},"properties":{"lines":"4A, 41","color":"#0059a9","mode":"bus","arr":["4A","41"],"angle":-8.5,"extra":1,"ei":5}},{"type":"Feature","geometry":{"type":"Point","coordinates":[10.146572,56.084169]},"properties":{"lines":"4A, 41","color":"#0059a9","mode":"bus","arr":["4A","41"],"angle":-16,"extra":1,"ei":6}},{"type":"Feature","geometry":{"type":"Point","coordinates":[10.149878,56.084513]},"properties":{"lines":"4A, 41","color":"#0059a9","mode":"bus","arr":["4A","41"],"angle":-2.1,"extra":1,"ei":7}},{"type":"Feature","geometry":{"type":"Point","coordinates":[10.123331,56.084211]},"properties":{"lines":"4A","color":"#0059a9","mode":"bus","arr":["4A"],"angle":31.8,"mi":1}},{"type":"Feature","geometry":{"type":"Point","coordinates":[10.119005,56.085687]},"properties":{"lines":"4A","color":"#0059a9","mode":"bus","arr":["4A"],"angle":32.6}},{"type":"Feature","geometry":{"type":"Point","coordinates":[10.134301,56.092991]},"properties":{"lines":"4A, 17","color":"#0059a9","mode":"bus","arr":["4A","17"],"angle":46.5,"side":-1}},{"type":"Feature","geometry":{"type":"Point","coordinates":[10.195683,56.140514]},"properties":{"lines":"5A","color":"#0059a9","mode":"bus","arr":["5A"],"angle":-7.1,"mi":1}},{"type":"Feature","geometry":{"type":"Point","coordinates":[10.219167,56.177075]},"properties":{"lines":"5A","color":"#0059a9","mode":"bus","arr":["5A"],"angle":-83.6,"side":-1,"mi":1}},{"type":"Feature","geometry":{"type":"Point","coordinates":[10.204942,56.140498]},"properties":{"lines":"5A, 17, 100, 103, 302","color":"#0059a9","mode":"bus","arr":["5A","17","100","103","302"],"angle":54.5}},{"type":"Feature","geometry":{"type":"Point","coordinates":[10.199432,56.140711]},"properties":{"lines":"5A, 16, 18","color":"#0059a9","mode":"bus","arr":["5A","16","18"],"angle":-14.2,"side":-1}},{"type":"Feature","geometry":{"type":"Point","coordinates":[10.201901,56.141291]},"properties":{"lines":"5A, 16, 18","color":"#0059a9","mode":"bus","arr":["5A","16","18"],"angle":-19.6,"extra":1,"ei":0}},{"type":"Feature","geometry":{"type":"Point","coordinates":[10.196679,56.140418]},"properties":{"lines":"5A, 16, 18","color":"#0059a9","mode":"bus","arr":["5A","16","18"],"angle":-10.4,"extra":1,"ei":0,"side":-1}},{"type":"Feature","geometry":{"type":"Point","coordinates":[10.187492,56.145257]},"properties":{"lines":"5A","color":"#0059a9","mode":"bus","arr":["5A"],"angle":53.8,"mi":3}},{"type":"Feature","geometry":{"type":"Point","coordinates":[10.19316,56.141508]},"properties":{"lines":"5A","color":"#0059a9","mode":"bus","arr":["5A"],"angle":47,"side":-1}},{"type":"Feature","geometry":{"type":"Point","coordinates":[10.191639,56.142583]},"properties":{"lines":"5A","color":"#0059a9","mode":"bus","arr":["5A"],"angle":47.3,"extra":1,"ei":0}},{"type":"Feature","geometry":{"type":"Point","coordinates":[10.189061,56.144192]},"properties":{"lines":"5A","color":"#0059a9","mode":"bus","arr":["5A"],"angle":48.5,"extra":1,"ei":0}},{"type":"Feature","geometry":{"type":"Point","coordinates":[10.185998,56.146376]},"properties":{"lines":"5A","color":"#0059a9","mode":"bus","arr":["5A"],"angle":63,"extra":1,"ei":0,"side":-1}},{"type":"Feature","geometry":{"type":"Point","coordinates":[10.19004,56.143379]},"properties":{"lines":"5A, 11, 42","color":"#0059a9","mode":"bus","arr":["5A","11","42"],"angle":46,"side":-1}},{"type":"Feature","geometry":{"type":"Point","coordinates":[10.182674,56.15398]},"properties":{"lines":"5A","color":"#0059a9","mode":"bus","arr":["5A"],"angle":88.1,"side":-1}},{"type":"Feature","geometry":{"type":"Point","coordinates":[10.184844,56.14816]},"properties":{"lines":"5A","color":"#0059a9","mode":"bus","arr":["5A"],"angle":67.4,"extra":1,"ei":0}},{"type":"Feature","geometry":{"type":"Point","coordinates":[10.183597,56.149915]},"properties":{"lines":"5A","color":"#0059a9","mode":"bus","arr":["5A"],"angle":70.6,"extra":1,"ei":1}},{"type":"Feature","geometry":{"type":"Point","coordinates":[10.183087,56.151775]},"properties":{"lines":"5A","color":"#0059a9","mode":"bus","arr":["5A"],"angle":85.1,"extra":1,"ei":2}},{"type":"Feature","geometry":{"type":"Point","coordinates":[10.182832,56.155548]},"properties":{"lines":"5A","color":"#0059a9","mode":"bus","arr":["5A"],"angle":-89.8,"extra":1,"ei":3,"side":-1}},{"type":"Feature","geometry":{"type":"Point","coordinates":[10.182921,56.157436]},"properties":{"lines":"5A","color":"#0059a9","mode":"bus","arr":["5A"],"angle":-88.9,"extra":1,"ei":4,"side":-1}},{"type":"Feature","geometry":{"type":"Point","coordinates":[10.182985,56.159324]},"properties":{"lines":"5A","color":"#0059a9","mode":"bus","arr":["5A"],"angle":-88.9,"extra":1,"ei":5,"side":-1}},{"type":"Feature","geometry":{"type":"Point","coordinates":[10.194448,56.169254]},"properties":{"lines":"5A, 118","color":"#0059a9","mode":"bus","arr":["5A","118"],"angle":-34.9,"side":-1}},{"type":"Feature","geometry":{"type":"Point","coordinates":[10.185381,56.163132]},"properties":{"lines":"5A, 118","color":"#0059a9","mode":"bus","arr":["5A","118"],"angle":-59.1,"side":-1,"mi":2}},{"type":"Feature","geometry":{"type":"Point","coordinates":[10.183955,56.161806]},"properties":{"lines":"5A, 118","color":"#0059a9","mode":"bus","arr":["5A","118"],"angle":-58.9,"extra":1,"ei":0,"side":-1}},{"type":"Feature","geometry":{"type":"Point","coordinates":[10.187431,56.165044]},"properties":{"lines":"5A, 118","color":"#0059a9","mode":"bus","arr":["5A","118"],"angle":-58.9,"extra":1,"ei":1,"side":-1}},{"type":"Feature","geometry":{"type":"Point","coordinates":[10.192142,56.168246]},"properties":{"lines":"5A, 118","color":"#0059a9","mode":"bus","arr":["5A","118"],"angle":-41.6,"extra":1,"ei":0,"side":-1}},{"type":"Feature","geometry":{"type":"Point","coordinates":[10.197758,56.170319]},"properties":{"lines":"5A, 118","color":"#0059a9","mode":"bus","arr":["5A","118"],"angle":-26.1,"extra":1,"ei":1,"side":-1}},{"type":"Feature","geometry":{"type":"Point","coordinates":[10.189182,56.166482]},"properties":{"lines":"5A, 13, 118","color":"#0059a9","mode":"bus","arr":["5A","13","118"],"angle":-52.1,"side":-1}},{"type":"Feature","geometry":{"type":"Point","coordinates":[10.190763,56.167507]},"properties":{"lines":"5A, 13, 118","color":"#0059a9","mode":"bus","arr":["5A","13","118"],"angle":-46.9,"extra":1,"ei":0,"side":-1}},{"type":"Feature","geometry":{"type":"Point","coordinates":[10.201418,56.171134]},"properties":{"lines":"5A, 118","color":"#0059a9","mode":"bus","arr":["5A","118"],"angle":-16.5,"side":-1,"mi":1}},{"type":"Feature","geometry":{"type":"Point","coordinates":[10.212307,56.173544]},"properties":{"lines":"5A, 12, 100, 123, 925X","color":"#0059a9","mode":"bus","arr":["5A","12","100","123","925X"],"angle":-36.4}},{"type":"Feature","geometry":{"type":"Point","coordinates":[10.216883,56.176162]},"properties":{"lines":"5A, 12, 100, 123, 925X","color":"#0059a9","mode":"bus","arr":["5A","12","100","123","925X"],"angle":-58.9,"extra":1,"ei":0}},{"type":"Feature","geometry":{"type":"Point","coordinates":[10.214951,56.174632]},"properties":{"lines":"5A, 12, 100, 123, 925X","color":"#0059a9","mode":"bus","arr":["5A","12","100","123","925X"],"angle":-37.8,"extra":1,"ei":1}},{"type":"Feature","geometry":{"type":"Point","coordinates":[10.209463,56.172441]},"properties":{"lines":"5A, 12, 100, 123, 925X","color":"#0059a9","mode":"bus","arr":["5A","12","100","123","925X"],"angle":-23.6,"extra":1,"ei":2}},{"type":"Feature","geometry":{"type":"Point","coordinates":[10.206231,56.171908]},"properties":{"lines":"5A, 12, 100, 123, 925X","color":"#0059a9","mode":"bus","arr":["5A","12","100","123","925X"],"angle":-11.2,"extra":1,"ei":3}},{"type":"Feature","geometry":{"type":"Point","coordinates":[10.218246,56.176968]},"properties":{"lines":"5A","color":"#0059a9","mode":"bus","arr":["5A"],"angle":0.5}},{"type":"Feature","geometry":{"type":"Point","coordinates":[10.216349,56.174667]},"properties":{"lines":"5A","color":"#0059a9","mode":"bus","arr":["5A"],"angle":14.4,"mi":2}},{"type":"Feature","geometry":{"type":"Point","coordinates":[10.201418,56.17125]},"properties":{"lines":"5A, 118, 925X","color":"#0059a9","mode":"bus","arr":["5A","118","925X"],"angle":-16.1,"mi":1}},{"type":"Feature","geometry":{"type":"Point","coordinates":[10.194343,56.169424]},"properties":{"lines":"5A, 118, 925X","color":"#0059a9","mode":"bus","arr":["5A","118","925X"],"angle":-34.3}},{"type":"Feature","geometry":{"type":"Point","coordinates":[10.185029,56.163145]},"properties":{"lines":"5A, 118, 925X","color":"#0059a9","mode":"bus","arr":["5A","118","925X"],"angle":-59.1,"mi":2}},{"type":"Feature","geometry":{"type":"Point","coordinates":[10.196984,56.170305]},"properties":{"lines":"5A, 118, 925X","color":"#0059a9","mode":"bus","arr":["5A","118","925X"],"angle":-27,"extra":1,"ei":0}},{"type":"Feature","geometry":{"type":"Point","coordinates":[10.191482,56.168137]},"properties":{"lines":"5A, 118, 925X","color":"#0059a9","mode":"bus","arr":["5A","118","925X"],"angle":-44,"extra":1,"ei":1}},{"type":"Feature","geometry":{"type":"Point","coordinates":[10.186476,56.164505]},"properties":{"lines":"5A, 118, 925X","color":"#0059a9","mode":"bus","arr":["5A","118","925X"],"angle":-58.9,"extra":1,"ei":0}},{"type":"Feature","geometry":{"type":"Point","coordinates":[10.183036,56.161255]},"properties":{"lines":"5A, 118, 925X","color":"#0059a9","mode":"bus","arr":["5A","118","925X"],"angle":-64.6,"extra":1,"ei":1}},{"type":"Feature","geometry":{"type":"Point","coordinates":[10.188908,56.166564]},"properties":{"lines":"5A, 13, 118, 925X","color":"#0059a9","mode":"bus","arr":["5A","13","118","925X"],"angle":-52.2}},{"type":"Feature","geometry":{"type":"Point","coordinates":[10.187563,56.165496]},"properties":{"lines":"5A, 13, 118, 925X","color":"#0059a9","mode":"bus","arr":["5A","13","118","925X"],"angle":-56.6,"extra":1,"ei":0}},{"type":"Feature","geometry":{"type":"Point","coordinates":[10.204594,56.140394]},"properties":{"lines":"5A","color":"#0059a9","mode":"bus","arr":["5A"],"angle":57.1,"side":-1,"mi":2}},{"type":"Feature","geometry":{"type":"Point","coordinates":[10.060073,56.26274]},"properties":{"lines":"6, 7","color":"#0059a9","mode":"bus","arr":["6","7"],"angle":-59.9,"mi":3}},{"type":"Feature","geometry":{"type":"Point","coordinates":[10.064757,56.268312]},"properties":{"lines":"6, 115, 200","color":"#0059a9","mode":"bus","arr":["6","115","200"],"angle":-56.1}},{"type":"Feature","geometry":{"type":"Point","coordinates":[10.061062,56.264719]},"properties":{"lines":"6, 115, 200","color":"#0059a9","mode":"bus","arr":["6","115","200"],"angle":-61.6,"side":-1,"mi":1}},{"type":"Feature","geometry":{"type":"Point","coordinates":[10.062812,56.266537]},"properties":{"lines":"6, 115, 200","color":"#0059a9","mode":"bus","arr":["6","115","200"],"angle":-59.5,"extra":1,"ei":0}},{"type":"Feature","geometry":{"type":"Point","coordinates":[10.066717,56.269581]},"properties":{"lines":"6, 115, 200","color":"#0059a9","mode":"bus","arr":["6","115","200"],"angle":-80,"extra":1,"ei":1}},{"type":"Feature","geometry":{"type":"Point","coordinates":[10.061608,56.276781]},"properties":{"lines":"6, 115","color":"#0059a9","mode":"bus","arr":["6","115"],"angle":-33.6}},{"type":"Feature","geometry":{"type":"Point","coordinates":[10.061694,56.271717]},"properties":{"lines":"6, 115","color":"#0059a9","mode":"bus","arr":["6","115"],"angle":30.8,"mi":1}},{"type":"Feature","geometry":{"type":"Point","coordinates":[10.063802,56.271014]},"properties":{"lines":"6, 115","color":"#0059a9","mode":"bus","arr":["6","115"],"angle":30.7,"extra":1,"ei":0}},{"type":"Feature","geometry":{"type":"Point","coordinates":[10.059085,56.274316]},"properties":{"lines":"6, 115","color":"#0059a9","mode":"bus","arr":["6","115"],"angle":-77,"extra":1,"ei":0}},{"type":"Feature","geometry":{"type":"Point","coordinates":[10.064046,56.278985]},"properties":{"lines":"6, 115","color":"#0059a9","mode":"bus","arr":["6","115"],"angle":89.6,"extra":1,"ei":1}},{"type":"Feature","geometry":{"type":"Point","coordinates":[10.067756,56.280756]},"properties":{"lines":"6","color":"#0059a9","mode":"bus","arr":["6"],"angle":-13.1,"mi":1}},{"type":"Feature","geometry":{"type":"Point","coordinates":[10.069985,56.281118]},"properties":{"lines":"6","color":"#0059a9","mode":"bus","arr":["6"],"angle":-20.1,"extra":1,"ei":0}},{"type":"Feature","geometry":{"type":"Point","coordinates":[10.067125,56.287174]},"properties":{"lines":"6","color":"#0059a9","mode":"bus","arr":["6"],"angle":58.7,"mi":6}},{"type":"Feature","geometry":{"type":"Point","coordinates":[10.060562,56.295009]},"properties":{"lines":"6","color":"#0059a9","mode":"bus","arr":["6"],"angle":60.6,"extra":1,"ei":0}},{"type":"Feature","geometry":{"type":"Point","coordinates":[10.062377,56.293424]},"properties":{"lines":"6","color":"#0059a9","mode":"bus","arr":["6"],"angle":54.3,"extra":1,"ei":1}},{"type":"Feature","geometry":{"type":"Point","coordinates":[10.064285,56.291892]},"properties":{"lines":"6","color":"#0059a9","mode":"bus","arr":["6"],"angle":74.7,"extra":1,"ei":2}},{"type":"Feature","geometry":{"type":"Point","coordinates":[10.065518,56.290166]},"properties":{"lines":"6","color":"#0059a9","mode":"bus","arr":["6"],"angle":52.7,"extra":1,"ei":3}},{"type":"Feature","geometry":{"type":"Point","coordinates":[10.066771,56.288446]},"properties":{"lines":"6","color":"#0059a9","mode":"bus","arr":["6"],"angle":76.7,"extra":1,"ei":4}},{"type":"Feature","geometry":{"type":"Point","coordinates":[10.069135,56.285206]},"properties":{"lines":"6","color":"#0059a9","mode":"bus","arr":["6"],"angle":68.7,"extra":1,"ei":5}},{"type":"Feature","geometry":{"type":"Point","coordinates":[10.070859,56.283591]},"properties":{"lines":"6","color":"#0059a9","mode":"bus","arr":["6"],"angle":43,"extra":1,"ei":6}},{"type":"Feature","geometry":{"type":"Point","coordinates":[10.071832,56.282244]},"properties":{"lines":"6","color":"#0059a9","mode":"bus","arr":["6"],"angle":-73,"extra":1,"ei":7}},{"type":"Feature","geometry":{"type":"Point","coordinates":[10.071505,56.280373]},"properties":{"lines":"6","color":"#0059a9","mode":"bus","arr":["6"],"angle":-87.1,"extra":1,"ei":8}},{"type":"Feature","geometry":{"type":"Point","coordinates":[10.080628,56.285162]},"properties":{"lines":"6","color":"#0059a9","mode":"bus","arr":["6"],"angle":-32,"mi":4}},{"type":"Feature","geometry":{"type":"Point","coordinates":[10.073969,56.283133]},"properties":{"lines":"6","color":"#0059a9","mode":"bus","arr":["6"],"angle":-5.6,"extra":1,"ei":0}},{"type":"Feature","geometry":{"type":"Point","coordinates":[10.076875,56.283954]},"properties":{"lines":"6","color":"#0059a9","mode":"bus","arr":["6"],"angle":-37.6,"extra":1,"ei":1}},{"type":"Feature","geometry":{"type":"Point","coordinates":[10.082352,56.286099]},"properties":{"lines":"6","color":"#0059a9","mode":"bus","arr":["6"],"angle":-47.6,"extra":1,"ei":2}},{"type":"Feature","geometry":{"type":"Point","coordinates":[10.084894,56.287316]},"properties":{"lines":"6","color":"#0059a9","mode":"bus","arr":["6"],"angle":-54.2,"extra":1,"ei":3}},{"type":"Feature","geometry":{"type":"Point","coordinates":[10.086879,56.288783]},"properties":{"lines":"6","color":"#0059a9","mode":"bus","arr":["6"],"angle":-28.9,"extra":1,"ei":4}},{"type":"Feature","geometry":{"type":"Point","coordinates":[10.054757,56.302665]},"properties":{"lines":"6","color":"#0059a9","mode":"bus","arr":["6"],"angle":84.9,"mi":2}},{"type":"Feature","geometry":{"type":"Point","coordinates":[10.060571,56.296605]},"properties":{"lines":"6","color":"#0059a9","mode":"bus","arr":["6"],"angle":-58.3,"extra":1,"ei":0}},{"type":"Feature","geometry":{"type":"Point","coordinates":[10.0609,56.298403]},"properties":{"lines":"6","color":"#0059a9","mode":"bus","arr":["6"],"angle":61.7,"extra":1,"ei":1}},{"type":"Feature","geometry":{"type":"Point","coordinates":[10.058916,56.299921]},"properties":{"lines":"6","color":"#0059a9","mode":"bus","arr":["6"],"angle":44.9,"extra":1,"ei":2}},{"type":"Feature","geometry":{"type":"Point","coordinates":[10.056154,56.300983]},"properties":{"lines":"6","color":"#0059a9","mode":"bus","arr":["6"],"angle":36.4,"extra":1,"ei":3}},{"type":"Feature","geometry":{"type":"Point","coordinates":[10.054932,56.304443]},"properties":{"lines":"6","color":"#0059a9","mode":"bus","arr":["6"],"angle":86.5,"extra":1,"ei":4}},{"type":"Feature","geometry":{"type":"Point","coordinates":[10.052756,56.305829]},"properties":{"lines":"6","color":"#0059a9","mode":"bus","arr":["6"],"angle":38.7,"extra":1,"ei":5}},{"type":"Feature","geometry":{"type":"Point","coordinates":[10.050476,56.307204]},"properties":{"lines":"6","color":"#0059a9","mode":"bus","arr":["6"],"angle":43.6,"extra":1,"ei":6}},{"type":"Feature","geometry":{"type":"Point","coordinates":[10.048705,56.308765]},"properties":{"lines":"6","color":"#0059a9","mode":"bus","arr":["6"],"angle":80.5,"extra":1,"ei":7}},{"type":"Feature","geometry":{"type":"Point","coordinates":[10.047964,56.309742]},"properties":{"lines":"6","color":"#0059a9","mode":"bus","arr":["6"],"angle":-17.3}},{"type":"Feature","geometry":{"type":"Point","coordinates":[10.041052,56.297129]},"properties":{"lines":"6, 115","color":"#0059a9","mode":"bus","arr":["6","115"],"angle":-75.6}},{"type":"Feature","geometry":{"type":"Point","coordinates":[10.046909,56.309929]},"properties":{"lines":"6, 115","color":"#0059a9","mode":"bus","arr":["6","115"],"angle":72.5}},{"type":"Feature","geometry":{"type":"Point","coordinates":[10.046963,56.30842]},"properties":{"lines":"6, 115","color":"#0059a9","mode":"bus","arr":["6","115"],"angle":-83.3,"extra":1,"ei":0}},{"type":"Feature","geometry":{"type":"Point","coordinates":[10.046476,56.306551]},"properties":{"lines":"6, 115","color":"#0059a9","mode":"bus","arr":["6","115"],"angle":-81.7,"extra":1,"ei":1}},{"type":"Feature","geometry":{"type":"Point","coordinates":[10.046029,56.304679]},"properties":{"lines":"6, 115","color":"#0059a9","mode":"bus","arr":["6","115"],"angle":-82.7,"extra":1,"ei":2}},{"type":"Feature","geometry":{"type":"Point","coordinates":[10.045122,56.30287]},"properties":{"lines":"6, 115","color":"#0059a9","mode":"bus","arr":["6","115"],"angle":-66.7,"extra":1,"ei":3}},{"type":"Feature","geometry":{"type":"Point","coordinates":[10.043667,56.301166]},"properties":{"lines":"6, 115","color":"#0059a9","mode":"bus","arr":["6","115"],"angle":-64,"extra":1,"ei":4}},{"type":"Feature","geometry":{"type":"Point","coordinates":[10.042218,56.299461]},"properties":{"lines":"6, 115","color":"#0059a9","mode":"bus","arr":["6","115"],"angle":-67.8,"extra":1,"ei":5}},{"type":"Feature","geometry":{"type":"Point","coordinates":[10.040453,56.295819]},"properties":{"lines":"6, 115","color":"#0059a9","mode":"bus","arr":["6","115"],"angle":-75.8,"extra":1,"ei":6}},{"type":"Feature","geometry":{"type":"Point","coordinates":[10.039623,56.293988]},"properties":{"lines":"6, 115","color":"#0059a9","mode":"bus","arr":["6","115"],"angle":-75.8,"extra":1,"ei":7}},{"type":"Feature","geometry":{"type":"Point","coordinates":[10.038791,56.292158]},"properties":{"lines":"6, 115","color":"#0059a9","mode":"bus","arr":["6","115"],"angle":-76.5,"extra":1,"ei":8}},{"type":"Feature","geometry":{"type":"Point","coordinates":[10.038076,56.290315]},"properties":{"lines":"6, 115","color":"#0059a9","mode":"bus","arr":["6","115"],"angle":-83.7,"extra":1,"ei":9}},{"type":"Feature","geometry":{"type":"Point","coordinates":[10.038138,56.288431]},"properties":{"lines":"6, 115","color":"#0059a9","mode":"bus","arr":["6","115"],"angle":81.7,"extra":1,"ei":10}},{"type":"Feature","geometry":{"type":"Point","coordinates":[10.038779,56.286577]},"properties":{"lines":"6, 115","color":"#0059a9","mode":"bus","arr":["6","115"],"angle":78.5,"extra":1,"ei":11}},{"type":"Feature","geometry":{"type":"Point","coordinates":[10.03945,56.284726]},"properties":{"lines":"6, 115","color":"#0059a9","mode":"bus","arr":["6","115"],"angle":78.5,"extra":1,"ei":12}},{"type":"Feature","geometry":{"type":"Point","coordinates":[10.046817,56.309926]},"properties":{"lines":"6","color":"#0059a9","mode":"bus","arr":["6"],"angle":85.3,"side":-1,"mi":1}},{"type":"Feature","geometry":{"type":"Point","coordinates":[10.043776,56.315662]},"properties":{"lines":"115","color":"#0059a9","mode":"bus","arr":["115"],"angle":79.8,"mi":2}},{"type":"Feature","geometry":{"type":"Point","coordinates":[10.040326,56.282343]},"properties":{"lines":"115","color":"#0059a9","mode":"bus","arr":["115"],"angle":78.4}},{"type":"Feature","geometry":{"type":"Point","coordinates":[10.042328,56.321685]},"properties":{"lines":"115","color":"#0059a9","mode":"bus","arr":["115"],"angle":-88.9,"side":-1,"mi":1}},{"type":"Feature","geometry":{"type":"Point","coordinates":[10.039837,56.283676]},"properties":{"lines":"115","color":"#0059a9","mode":"bus","arr":["115"],"angle":78.4,"extra":1,"ei":0}},{"type":"Feature","geometry":{"type":"Point","coordinates":[10.046256,56.31107]},"properties":{"lines":"115","color":"#0059a9","mode":"bus","arr":["115"],"angle":68,"extra":1,"ei":0}},{"type":"Feature","geometry":{"type":"Point","coordinates":[10.044948,56.312811]},"properties":{"lines":"115","color":"#0059a9","mode":"bus","arr":["115"],"angle":69.7,"extra":1,"ei":1}},{"type":"Feature","geometry":{"type":"Point","coordinates":[10.042896,56.318353]},"properties":{"lines":"115","color":"#0059a9","mode":"bus","arr":["115"],"angle":79.5,"extra":1,"ei":2}},{"type":"Feature","geometry":{"type":"Point","coordinates":[10.042301,56.320212]},"properties":{"lines":"115","color":"#0059a9","mode":"bus","arr":["115"],"angle":80.8,"extra":1,"ei":3}},{"type":"Feature","geometry":{"type":"Point","coordinates":[10.029579,56.290498]},"properties":{"lines":"6","color":"#0059a9","mode":"bus","arr":["6"],"angle":43.7,"mi":1}},{"type":"Feature","geometry":{"type":"Point","coordinates":[10.020138,56.29591]},"properties":{"lines":"6","color":"#0059a9","mode":"bus","arr":["6"],"angle":48.9,"extra":1,"ei":0}},{"type":"Feature","geometry":{"type":"Point","coordinates":[10.02224,56.294446]},"properties":{"lines":"6","color":"#0059a9","mode":"bus","arr":["6"],"angle":44.1,"extra":1,"ei":1}},{"type":"Feature","geometry":{"type":"Point","coordinates":[10.024665,56.293133]},"properties":{"lines":"6","color":"#0059a9","mode":"bus","arr":["6"],"angle":44.1,"extra":1,"ei":2}},{"type":"Feature","geometry":{"type":"Point","coordinates":[10.027098,56.291824]},"properties":{"lines":"6","color":"#0059a9","mode":"bus","arr":["6"],"angle":43.7,"extra":1,"ei":3}},{"type":"Feature","geometry":{"type":"Point","coordinates":[10.031733,56.289101]},"properties":{"lines":"6","color":"#0059a9","mode":"bus","arr":["6"],"angle":61,"extra":1,"ei":4}},{"type":"Feature","geometry":{"type":"Point","coordinates":[10.033371,56.28745]},"properties":{"lines":"6","color":"#0059a9","mode":"bus","arr":["6"],"angle":61,"extra":1,"ei":5}},{"type":"Feature","geometry":{"type":"Point","coordinates":[10.035009,56.285798]},"properties":{"lines":"6","color":"#0059a9","mode":"bus","arr":["6"],"angle":61,"extra":1,"ei":6}},{"type":"Feature","geometry":{"type":"Point","coordinates":[10.037773,56.284871]},"properties":{"lines":"6","color":"#0059a9","mode":"bus","arr":["6"],"angle":18.9,"extra":1,"ei":7}},{"type":"Feature","geometry":{"type":"Point","coordinates":[9.970841,56.293977]},"properties":{"lines":"6","color":"#0059a9","mode":"bus","arr":["6"],"angle":83.6,"mi":1}},{"type":"Feature","geometry":{"type":"Point","coordinates":[10.046072,56.275858]},"properties":{"lines":"6","color":"#0059a9","mode":"bus","arr":["6"],"angle":44.8,"mi":5}},{"type":"Feature","geometry":{"type":"Point","coordinates":[10.049844,56.273307]},"properties":{"lines":"6","color":"#0059a9","mode":"bus","arr":["6"],"angle":61.8,"extra":1,"ei":0}},{"type":"Feature","geometry":{"type":"Point","coordinates":[10.047903,56.274846]},"properties":{"lines":"6","color":"#0059a9","mode":"bus","arr":["6"],"angle":46.9,"extra":1,"ei":1}},{"type":"Feature","geometry":{"type":"Point","coordinates":[10.043091,56.277495]},"properties":{"lines":"6","color":"#0059a9","mode":"bus","arr":["6"],"angle":46,"extra":1,"ei":2}},{"type":"Feature","geometry":{"type":"Point","coordinates":[10.041603,56.279161]},"properties":{"lines":"6","color":"#0059a9","mode":"bus","arr":["6"],"angle":70.2,"extra":1,"ei":3}},{"type":"Feature","geometry":{"type":"Point","coordinates":[10.054409,56.272915]},"properties":{"lines":"6","color":"#0059a9","mode":"bus","arr":["6"],"angle":11.3,"mi":3}},{"type":"Feature","geometry":{"type":"Point","coordinates":[10.057073,56.272811]},"properties":{"lines":"6","color":"#0059a9","mode":"bus","arr":["6"],"angle":-22.4,"extra":1,"ei":0}},{"type":"Feature","geometry":{"type":"Point","coordinates":[10.051116,56.272459]},"properties":{"lines":"6","color":"#0059a9","mode":"bus","arr":["6"],"angle":-1.8,"extra":1,"ei":1}},{"type":"Feature","geometry":{"type":"Point","coordinates":[10.061236,56.263465]},"properties":{"lines":"6, 7, 8, 115, 200","color":"#0059a9","mode":"bus","arr":["6","7","8","115","200"],"angle":21.4,"mi":1}},{"type":"Feature","geometry":{"type":"Point","coordinates":[10.066879,56.262302]},"properties":{"lines":"6, 7, 8, 115, 200","color":"#0059a9","mode":"bus","arr":["6","7","8","115","200"],"angle":32.8}},{"type":"Feature","geometry":{"type":"Point","coordinates":[10.070759,56.257345]},"properties":{"lines":"6, 7, 8, 115, 200","color":"#0059a9","mode":"bus","arr":["6","7","8","115","200"],"angle":84.8,"mi":2}},{"type":"Feature","geometry":{"type":"Point","coordinates":[10.063346,56.263072]},"properties":{"lines":"6, 7, 8, 115, 200","color":"#0059a9","mode":"bus","arr":["6","7","8","115","200"],"angle":18.2,"extra":1,"ei":0}},{"type":"Feature","geometry":{"type":"Point","coordinates":[10.068977,56.261167]},"properties":{"lines":"6, 7, 8, 115, 200","color":"#0059a9","mode":"bus","arr":["6","7","8","115","200"],"angle":54.4,"extra":1,"ei":1}},{"type":"Feature","geometry":{"type":"Point","coordinates":[10.070545,56.258623]},"properties":{"lines":"6, 7, 8, 115, 200","color":"#0059a9","mode":"bus","arr":["6","7","8","115","200"],"angle":84.6,"extra":1,"ei":0}},{"type":"Feature","geometry":{"type":"Point","coordinates":[10.070066,56.259926]},"properties":{"lines":"6, 7, 8, 200","color":"#0059a9","mode":"bus","arr":["6","7","8","200"],"angle":71.3,"side":-1}},{"type":"Feature","geometry":{"type":"Point","coordinates":[10.070659,56.254194]},"properties":{"lines":"6, 7, 115, 200","color":"#0059a9","mode":"bus","arr":["6","7","115","200"],"angle":-54.1}},{"type":"Feature","geometry":{"type":"Point","coordinates":[10.068707,56.253584]},"properties":{"lines":"6, 7, 200","color":"#0059a9","mode":"bus","arr":["6","7","200"],"angle":-18.1,"mi":1}},{"type":"Feature","geometry":{"type":"Point","coordinates":[10.072292,56.24707]},"properties":{"lines":"6, 7, 200","color":"#0059a9","mode":"bus","arr":["6","7","200"],"angle":56.7}},{"type":"Feature","geometry":{"type":"Point","coordinates":[10.068738,56.252564]},"properties":{"lines":"6, 7, 200","color":"#0059a9","mode":"bus","arr":["6","7","200"],"angle":72.6,"extra":1,"ei":0}},{"type":"Feature","geometry":{"type":"Point","coordinates":[10.069757,56.250763]},"properties":{"lines":"6, 7, 200","color":"#0059a9","mode":"bus","arr":["6","7","200"],"angle":72.4,"extra":1,"ei":1}},{"type":"Feature","geometry":{"type":"Point","coordinates":[10.070799,56.248968]},"properties":{"lines":"6, 7, 200","color":"#0059a9","mode":"bus","arr":["6","7","200"],"angle":72.2,"extra":1,"ei":2,"side":-1}},{"type":"Feature","geometry":{"type":"Point","coordinates":[10.074308,56.245816]},"properties":{"lines":"6, 7, 200","color":"#0059a9","mode":"bus","arr":["6","7","200"],"angle":43.5,"extra":1,"ei":3}},{"type":"Feature","geometry":{"type":"Point","coordinates":[10.076763,56.24452]},"properties":{"lines":"6, 7, 200","color":"#0059a9","mode":"bus","arr":["6","7","200"],"angle":43.4,"extra":1,"ei":4}},{"type":"Feature","geometry":{"type":"Point","coordinates":[10.079216,56.243224]},"properties":{"lines":"6, 7, 200","color":"#0059a9","mode":"bus","arr":["6","7","200"],"angle":42.5,"extra":1,"ei":5}},{"type":"Feature","geometry":{"type":"Point","coordinates":[10.085669,56.239065]},"properties":{"lines":"7, 200","color":"#0059a9","mode":"bus","arr":["7","200"],"angle":41.7}},{"type":"Feature","geometry":{"type":"Point","coordinates":[10.08154,56.241054]},"properties":{"lines":"6, 7, 200","color":"#0059a9","mode":"bus","arr":["6","7","200"],"angle":52.5,"mi":2}},{"type":"Feature","geometry":{"type":"Point","coordinates":[10.080944,56.242297]},"properties":{"lines":"6, 7, 200","color":"#0059a9","mode":"bus","arr":["6","7","200"],"angle":-59.2,"extra":1,"ei":0}},{"type":"Feature","geometry":{"type":"Point","coordinates":[10.083039,56.239751]},"properties":{"lines":"6, 7","color":"#0059a9","mode":"bus","arr":["6","7"],"angle":-62.7,"mi":1}},{"type":"Feature","geometry":{"type":"Point","coordinates":[10.083443,56.238841]},"properties":{"lines":"6, 7","color":"#0059a9","mode":"bus","arr":["6","7"],"angle":-75}},{"type":"Feature","geometry":{"type":"Point","coordinates":[10.084001,56.237792]},"properties":{"lines":"6, 7","color":"#0059a9","mode":"bus","arr":["6","7"],"angle":24.8,"mi":2}},{"type":"Feature","geometry":{"type":"Point","coordinates":[10.084352,56.236082]},"properties":{"lines":"6, 7, 8","color":"#0059a9","mode":"bus","arr":["6","7","8"],"angle":-71.8}},{"type":"Feature","geometry":{"type":"Point","coordinates":[10.059491,56.261803]},"properties":{"lines":"6, 7","color":"#0059a9","mode":"bus","arr":["6","7"],"angle":89.5}},{"type":"Feature","geometry":{"type":"Point","coordinates":[10.05947,56.261]},"properties":{"lines":"6, 7","color":"#0059a9","mode":"bus","arr":["6","7"],"angle":-59,"mi":1}},{"type":"Feature","geometry":{"type":"Point","coordinates":[10.060989,56.2624]},"properties":{"lines":"7","color":"#0059a9","mode":"bus","arr":["7"],"angle":-59.6,"mi":6}},{"type":"Feature","geometry":{"type":"Point","coordinates":[10.058388,56.260762]},"properties":{"lines":"6, 7","color":"#0059a9","mode":"bus","arr":["6","7"],"angle":43.5,"mi":2}},{"type":"Feature","geometry":{"type":"Point","coordinates":[10.060275,56.264357]},"properties":{"lines":"6","color":"#0059a9","mode":"bus","arr":["6"],"angle":-63.6,"mi":2}},{"type":"Feature","geometry":{"type":"Point","coordinates":[10.058069,56.26217]},"properties":{"lines":"6","color":"#0059a9","mode":"bus","arr":["6"],"angle":-74.6,"extra":1,"ei":0}},{"type":"Feature","geometry":{"type":"Point","coordinates":[10.061231,56.265443]},"properties":{"lines":"6","color":"#0059a9","mode":"bus","arr":["6"],"angle":-69.2,"extra":1,"ei":1}},{"type":"Feature","geometry":{"type":"Point","coordinates":[10.0623,56.267234]},"properties":{"lines":"6","color":"#0059a9","mode":"bus","arr":["6"],"angle":-71.3,"extra":1,"ei":2}},{"type":"Feature","geometry":{"type":"Point","coordinates":[10.063862,56.269097]},"properties":{"lines":"6","color":"#0059a9","mode":"bus","arr":["6"],"angle":-62}},{"type":"Feature","geometry":{"type":"Point","coordinates":[10.074947,56.275938]},"properties":{"lines":"6","color":"#0059a9","mode":"bus","arr":["6"],"angle":-1.4,"mi":2}},{"type":"Feature","geometry":{"type":"Point","coordinates":[10.077528,56.275269]},"properties":{"lines":"6","color":"#0059a9","mode":"bus","arr":["6"],"angle":79.2,"mi":3}},{"type":"Feature","geometry":{"type":"Point","coordinates":[10.064842,56.270143]},"properties":{"lines":"6","color":"#0059a9","mode":"bus","arr":["6"],"angle":-61.2,"extra":1,"ei":0}},{"type":"Feature","geometry":{"type":"Point","coordinates":[10.071926,56.277271]},"properties":{"lines":"6, 200","color":"#0059a9","mode":"bus","arr":["6","200"],"angle":69.6,"mi":1}},{"type":"Feature","geometry":{"type":"Point","coordinates":[10.072348,56.27595]},"properties":{"lines":"6, 200","color":"#0059a9","mode":"bus","arr":["6","200"],"angle":82,"extra":1,"ei":0}},{"type":"Feature","geometry":{"type":"Point","coordinates":[10.078189,56.274294]},"properties":{"lines":"6","color":"#0059a9","mode":"bus","arr":["6"],"angle":57,"mi":5}},{"type":"Feature","geometry":{"type":"Point","coordinates":[10.088457,56.271577]},"properties":{"lines":"6, 8","color":"#0059a9","mode":"bus","arr":["6","8"],"angle":59.6,"mi":2}},{"type":"Feature","geometry":{"type":"Point","coordinates":[10.080677,56.273701]},"properties":{"lines":"6, 8","color":"#0059a9","mode":"bus","arr":["6","8"],"angle":-10.9,"extra":1,"ei":0}},{"type":"Feature","geometry":{"type":"Point","coordinates":[10.084009,56.274002]},"properties":{"lines":"6, 8","color":"#0059a9","mode":"bus","arr":["6","8"],"angle":-9.2,"extra":1,"ei":1}},{"type":"Feature","geometry":{"type":"Point","coordinates":[10.08671,56.273244]},"properties":{"lines":"6, 8","color":"#0059a9","mode":"bus","arr":["6","8"],"angle":59.6,"extra":1,"ei":2}},{"type":"Feature","geometry":{"type":"Point","coordinates":[10.090536,56.270178]},"properties":{"lines":"6, 8","color":"#0059a9","mode":"bus","arr":["6","8"],"angle":39.9,"extra":1,"ei":3}},{"type":"Feature","geometry":{"type":"Point","coordinates":[10.093575,56.269489]},"properties":{"lines":"6, 8","color":"#0059a9","mode":"bus","arr":["6","8"],"angle":5.6,"extra":1,"ei":4}},{"type":"Feature","geometry":{"type":"Point","coordinates":[10.096902,56.269577]},"properties":{"lines":"6, 8","color":"#0059a9","mode":"bus","arr":["6","8"],"angle":7.2,"extra":1,"ei":5}},{"type":"Feature","geometry":{"type":"Point","coordinates":[10.097366,56.268501]},"properties":{"lines":"6, 8","color":"#0059a9","mode":"bus","arr":["6","8"],"angle":-54,"mi":3}},{"type":"Feature","geometry":{"type":"Point","coordinates":[10.088083,56.266207]},"properties":{"lines":"6, 8","color":"#0059a9","mode":"bus","arr":["6","8"],"angle":-19.6}},{"type":"Feature","geometry":{"type":"Point","coordinates":[10.075316,56.261285]},"properties":{"lines":"6, 8","color":"#0059a9","mode":"bus","arr":["6","8"],"angle":-33.6,"mi":4}},{"type":"Feature","geometry":{"type":"Point","coordinates":[10.095314,56.267591]},"properties":{"lines":"6, 8","color":"#0059a9","mode":"bus","arr":["6","8"],"angle":6.5,"extra":1,"ei":0}},{"type":"Feature","geometry":{"type":"Point","coordinates":[10.0921,56.267308]},"properties":{"lines":"6, 8","color":"#0059a9","mode":"bus","arr":["6","8"],"angle":-30,"extra":1,"ei":1}},{"type":"Feature","geometry":{"type":"Point","coordinates":[10.086061,56.265654]},"properties":{"lines":"6, 8","color":"#0059a9","mode":"bus","arr":["6","8"],"angle":-29.1,"extra":1,"ei":2}},{"type":"Feature","geometry":{"type":"Point","coordinates":[10.083205,56.264649]},"properties":{"lines":"6, 8","color":"#0059a9","mode":"bus","arr":["6","8"],"angle":-33.3,"extra":1,"ei":3}},{"type":"Feature","geometry":{"type":"Point","coordinates":[10.080326,56.263664]},"properties":{"lines":"6, 8","color":"#0059a9","mode":"bus","arr":["6","8"],"angle":-27.3,"extra":1,"ei":4}},{"type":"Feature","geometry":{"type":"Point","coordinates":[10.078334,56.262796]},"properties":{"lines":"6, 8","color":"#0059a9","mode":"bus","arr":["6","8"],"angle":-45.2,"extra":1,"ei":0}},{"type":"Feature","geometry":{"type":"Point","coordinates":[10.073022,56.260499]},"properties":{"lines":"6, 8","color":"#0059a9","mode":"bus","arr":["6","8"],"angle":-28.7,"extra":1,"ei":1}},{"type":"Feature","geometry":{"type":"Point","coordinates":[10.062446,56.26437]},"properties":{"lines":"6","color":"#0059a9","mode":"bus","arr":["6"],"angle":-68.6,"mi":4}},{"type":"Feature","geometry":{"type":"Point","coordinates":[10.062601,56.265482]},"properties":{"lines":"6","color":"#0059a9","mode":"bus","arr":["6"],"angle":22.5,"mi":1}},{"type":"Feature","geometry":{"type":"Point","coordinates":[10.072657,56.282804]},"properties":{"lines":"6","color":"#0059a9","mode":"bus","arr":["6"],"angle":-37.5}},{"type":"Feature","geometry":{"type":"Point","coordinates":[10.067727,56.278946]},"properties":{"lines":"6, 200","color":"#0059a9","mode":"bus","arr":["6","200"],"angle":6.7}},{"type":"Feature","geometry":{"type":"Point","coordinates":[10.078322,56.268429]},"properties":{"lines":"6, 8","color":"#0059a9","mode":"bus","arr":["6","8"],"angle":-79.8,"mi":1}},{"type":"Feature","geometry":{"type":"Point","coordinates":[10.07908,56.272668]},"properties":{"lines":"6, 8","color":"#0059a9","mode":"bus","arr":["6","8"],"angle":-84.9,"extra":1,"ei":0}},{"type":"Feature","geometry":{"type":"Point","coordinates":[10.078978,56.270782]},"properties":{"lines":"6, 8","color":"#0059a9","mode":"bus","arr":["6","8"],"angle":-85.7,"extra":1,"ei":1}},{"type":"Feature","geometry":{"type":"Point","coordinates":[10.077881,56.267057]},"properties":{"lines":"6, 8","color":"#0059a9","mode":"bus","arr":["6","8"],"angle":-79.8,"extra":1,"ei":2}},{"type":"Feature","geometry":{"type":"Point","coordinates":[10.077936,56.265189]},"properties":{"lines":"6, 8","color":"#0059a9","mode":"bus","arr":["6","8"],"angle":74.6,"extra":1,"ei":3}},{"type":"Feature","geometry":{"type":"Point","coordinates":[10.07955,56.263546]},"properties":{"lines":"6, 8","color":"#0059a9","mode":"bus","arr":["6","8"],"angle":58.9,"extra":1,"ei":4,"side":-1}},{"type":"Feature","geometry":{"type":"Point","coordinates":[10.169411,56.193695]},"properties":{"lines":"6A","color":"#0059a9","mode":"bus","arr":["6A"],"angle":63.6,"mi":4}},{"type":"Feature","geometry":{"type":"Point","coordinates":[10.176827,56.189579]},"properties":{"lines":"6A","color":"#0059a9","mode":"bus","arr":["6A"],"angle":68.2,"mi":1}},{"type":"Feature","geometry":{"type":"Point","coordinates":[10.214526,56.109144]},"properties":{"lines":"18","color":"#0059a9","mode":"bus","arr":["18"],"angle":-44.6,"side":-1,"mi":1}},{"type":"Feature","geometry":{"type":"Point","coordinates":[10.209435,56.107581]},"properties":{"lines":"6A","color":"#0059a9","mode":"bus","arr":["6A"],"angle":-8.3,"mi":1}},{"type":"Feature","geometry":{"type":"Point","coordinates":[10.212683,56.108413]},"properties":{"lines":"6A","color":"#0059a9","mode":"bus","arr":["6A"],"angle":-35.8}},{"type":"Feature","geometry":{"type":"Point","coordinates":[10.207005,56.105391]},"properties":{"lines":"6A, 16, 100, 103, 302","color":"#0059a9","mode":"bus","arr":["6A","16","100","103","302"],"angle":-80.8}},{"type":"Feature","geometry":{"type":"Point","coordinates":[10.207157,56.103039]},"properties":{"lines":"6A, 16, 100, 103, 302","color":"#0059a9","mode":"bus","arr":["6A","16","100","103","302"],"angle":80.4,"mi":1}},{"type":"Feature","geometry":{"type":"Point","coordinates":[10.20737,56.10658]},"properties":{"lines":"6A, 16, 100, 103, 302","color":"#0059a9","mode":"bus","arr":["6A","16","100","103","302"],"angle":-80.3,"extra":1,"ei":0}},{"type":"Feature","geometry":{"type":"Point","coordinates":[10.200332,56.104193]},"properties":{"lines":"6A, 40","color":"#0059a9","mode":"bus","arr":["6A","40"],"angle":34.2,"mi":2}},{"type":"Feature","geometry":{"type":"Point","coordinates":[10.191716,56.107052]},"properties":{"lines":"6A, 40","color":"#0059a9","mode":"bus","arr":["6A","40"],"angle":23.3,"mi":1}},{"type":"Feature","geometry":{"type":"Point","coordinates":[10.189269,56.10764]},"properties":{"lines":"6A, 40","color":"#0059a9","mode":"bus","arr":["6A","40"],"angle":22.6}},{"type":"Feature","geometry":{"type":"Point","coordinates":[10.176951,56.109005]},"properties":{"lines":"6A, 40","color":"#0059a9","mode":"bus","arr":["6A","40"],"angle":-8.4,"mi":3}},{"type":"Feature","geometry":{"type":"Point","coordinates":[10.205799,56.102521]},"properties":{"lines":"6A, 40","color":"#0059a9","mode":"bus","arr":["6A","40"],"angle":9.3,"extra":1,"ei":0}},{"type":"Feature","geometry":{"type":"Point","coordinates":[10.202754,56.103314]},"properties":{"lines":"6A, 40","color":"#0059a9","mode":"bus","arr":["6A","40"],"angle":30.7,"extra":1,"ei":1}},{"type":"Feature","geometry":{"type":"Point","coordinates":[10.197146,56.105415]},"properties":{"lines":"6A, 40","color":"#0059a9","mode":"bus","arr":["6A","40"],"angle":32.7,"extra":1,"ei":2}},{"type":"Feature","geometry":{"type":"Point","coordinates":[10.19423,56.106364]},"properties":{"lines":"6A, 40","color":"#0059a9","mode":"bus","arr":["6A","40"],"angle":27.6,"extra":1,"ei":3}},{"type":"Feature","geometry":{"type":"Point","coordinates":[10.183187,56.108867]},"properties":{"lines":"6A, 13, 40","color":"#0059a9","mode":"bus","arr":["6A","13","40"],"angle":13.3}},{"type":"Feature","geometry":{"type":"Point","coordinates":[10.186056,56.10835]},"properties":{"lines":"6A, 13, 40","color":"#0059a9","mode":"bus","arr":["6A","13","40"],"angle":20.4,"extra":1,"ei":0}},{"type":"Feature","geometry":{"type":"Point","coordinates":[10.179491,56.109109]},"properties":{"lines":"6A, 13, 40","color":"#0059a9","mode":"bus","arr":["6A","13","40"],"angle":0.1,"extra":1,"ei":1}},{"type":"Feature","geometry":{"type":"Point","coordinates":[10.159394,56.111227]},"properties":{"lines":"6A","color":"#0059a9","mode":"bus","arr":["6A"],"angle":37.1,"mi":2}},{"type":"Feature","geometry":{"type":"Point","coordinates":[10.16408,56.109457]},"properties":{"lines":"6A","color":"#0059a9","mode":"bus","arr":["6A"],"angle":26,"mi":5}},{"type":"Feature","geometry":{"type":"Point","coordinates":[10.16633,56.108956]},"properties":{"lines":"6A","color":"#0059a9","mode":"bus","arr":["6A"],"angle":18,"extra":1,"ei":0}},{"type":"Feature","geometry":{"type":"Point","coordinates":[10.151093,56.115255]},"properties":{"lines":"6A","color":"#0059a9","mode":"bus","arr":["6A"],"angle":52.5,"extra":1,"ei":0}},{"type":"Feature","geometry":{"type":"Point","coordinates":[10.153507,56.113943]},"properties":{"lines":"6A","color":"#0059a9","mode":"bus","arr":["6A"],"angle":39.2,"extra":1,"ei":1}},{"type":"Feature","geometry":{"type":"Point","coordinates":[10.156119,56.112747]},"properties":{"lines":"6A","color":"#0059a9","mode":"bus","arr":["6A"],"angle":38.4,"extra":1,"ei":2}},{"type":"Feature","geometry":{"type":"Point","coordinates":[10.150863,56.117029]},"properties":{"lines":"6A","color":"#0059a9","mode":"bus","arr":["6A"],"angle":-65.6,"extra":1,"ei":0,"side":-1}},{"type":"Feature","geometry":{"type":"Point","coordinates":[10.159013,56.120852]},"properties":{"lines":"6A","color":"#0059a9","mode":"bus","arr":["6A"],"angle":-61.2}},{"type":"Feature","geometry":{"type":"Point","coordinates":[10.153659,56.118428]},"properties":{"lines":"6A","color":"#0059a9","mode":"bus","arr":["6A"],"angle":-17.9,"mi":1}},{"type":"Feature","geometry":{"type":"Point","coordinates":[10.151777,56.117838]},"properties":{"lines":"6A","color":"#0059a9","mode":"bus","arr":["6A"],"angle":-41.3,"extra":1,"ei":0}},{"type":"Feature","geometry":{"type":"Point","coordinates":[10.157745,56.11987]},"properties":{"lines":"6A","color":"#0059a9","mode":"bus","arr":["6A"],"angle":-44.3,"extra":1,"ei":0}},{"type":"Feature","geometry":{"type":"Point","coordinates":[10.162201,56.128488]},"properties":{"lines":"6A","color":"#0059a9","mode":"bus","arr":["6A"],"angle":-69.9,"mi":3}},{"type":"Feature","geometry":{"type":"Point","coordinates":[10.160376,56.129687]},"properties":{"lines":"6A, 11, 42","color":"#0059a9","mode":"bus","arr":["6A","11","42"],"angle":50.9,"side":-1}},{"type":"Feature","geometry":{"type":"Point","coordinates":[10.154865,56.13865]},"properties":{"lines":"6A","color":"#0059a9","mode":"bus","arr":["6A"],"angle":77.9,"side":-1}},{"type":"Feature","geometry":{"type":"Point","coordinates":[10.161879,56.128725]},"properties":{"lines":"6A","color":"#0059a9","mode":"bus","arr":["6A"],"angle":48.4,"side":-1,"mi":4}},{"type":"Feature","geometry":{"type":"Point","coordinates":[10.158869,56.130946]},"properties":{"lines":"6A","color":"#0059a9","mode":"bus","arr":["6A"],"angle":52.1,"extra":1,"ei":0}},{"type":"Feature","geometry":{"type":"Point","coordinates":[10.157395,56.132615]},"properties":{"lines":"6A","color":"#0059a9","mode":"bus","arr":["6A"],"angle":77.6,"extra":1,"ei":1}},{"type":"Feature","geometry":{"type":"Point","coordinates":[10.156696,56.134462]},"properties":{"lines":"6A","color":"#0059a9","mode":"bus","arr":["6A"],"angle":80,"extra":1,"ei":2}},{"type":"Feature","geometry":{"type":"Point","coordinates":[10.156002,56.13631]},"properties":{"lines":"6A","color":"#0059a9","mode":"bus","arr":["6A"],"angle":77.5,"extra":1,"ei":3}},{"type":"Feature","geometry":{"type":"Point","coordinates":[10.154519,56.139994]},"properties":{"lines":"6A","color":"#0059a9","mode":"bus","arr":["6A"],"angle":77.8,"extra":1,"ei":4}},{"type":"Feature","geometry":{"type":"Point","coordinates":[10.153824,56.141842]},"properties":{"lines":"6A","color":"#0059a9","mode":"bus","arr":["6A"],"angle":78.8,"extra":1,"ei":5}},{"type":"Feature","geometry":{"type":"Point","coordinates":[10.153116,56.143688]},"properties":{"lines":"6A","color":"#0059a9","mode":"bus","arr":["6A"],"angle":76.9,"extra":1,"ei":6}},{"type":"Feature","geometry":{"type":"Point","coordinates":[10.15242,56.145536]},"properties":{"lines":"6A","color":"#0059a9","mode":"bus","arr":["6A"],"angle":78.4,"extra":1,"ei":7}},{"type":"Feature","geometry":{"type":"Point","coordinates":[10.147209,56.149725]},"properties":{"lines":"6A, 12","color":"#0059a9","mode":"bus","arr":["6A","12"],"angle":49}},{"type":"Feature","geometry":{"type":"Point","coordinates":[10.151264,56.147371]},"properties":{"lines":"6A, 12","color":"#0059a9","mode":"bus","arr":["6A","12"],"angle":54.6,"extra":1,"ei":0}},{"type":"Feature","geometry":{"type":"Point","coordinates":[10.148938,56.148737]},"properties":{"lines":"6A, 12","color":"#0059a9","mode":"bus","arr":["6A","12"],"angle":44.9,"extra":1,"ei":1}},{"type":"Feature","geometry":{"type":"Point","coordinates":[10.145104,56.151799]},"properties":{"lines":"6A, 12","color":"#0059a9","mode":"bus","arr":["6A","12"],"angle":65.2,"extra":1,"ei":2}},{"type":"Feature","geometry":{"type":"Point","coordinates":[10.145149,56.163434]},"properties":{"lines":"6A","color":"#0059a9","mode":"bus","arr":["6A"],"angle":-63.3}},{"type":"Feature","geometry":{"type":"Point","coordinates":[10.14354,56.154541]},"properties":{"lines":"6A","color":"#0059a9","mode":"bus","arr":["6A"],"angle":81.6,"extra":1,"ei":0}},{"type":"Feature","geometry":{"type":"Point","coordinates":[10.1433,56.156424]},"properties":{"lines":"6A","color":"#0059a9","mode":"bus","arr":["6A"],"angle":88.4,"extra":1,"ei":1}},{"type":"Feature","geometry":{"type":"Point","coordinates":[10.143282,56.158312]},"properties":{"lines":"6A","color":"#0059a9","mode":"bus","arr":["6A"],"angle":-88.5,"extra":1,"ei":2,"side":-1}},{"type":"Feature","geometry":{"type":"Point","coordinates":[10.143506,56.160195]},"properties":{"lines":"6A","color":"#0059a9","mode":"bus","arr":["6A"],"angle":-81.1,"extra":1,"ei":3,"side":-1}},{"type":"Feature","geometry":{"type":"Point","coordinates":[10.144323,56.162025]},"properties":{"lines":"6A","color":"#0059a9","mode":"bus","arr":["6A"],"angle":-70.9,"extra":1,"ei":4,"side":-1}},{"type":"Feature","geometry":{"type":"Point","coordinates":[10.147606,56.165301]},"properties":{"lines":"6A","color":"#0059a9","mode":"bus","arr":["6A"],"angle":-50,"extra":1,"ei":5,"side":-1}},{"type":"Feature","geometry":{"type":"Point","coordinates":[10.149815,56.166728]},"properties":{"lines":"6A","color":"#0059a9","mode":"bus","arr":["6A"],"angle":-49,"extra":1,"ei":6,"side":-1}},{"type":"Feature","geometry":{"type":"Point","coordinates":[10.152031,56.168153]},"properties":{"lines":"6A","color":"#0059a9","mode":"bus","arr":["6A"],"angle":-49.2,"extra":1,"ei":7,"side":-1}},{"type":"Feature","geometry":{"type":"Point","coordinates":[10.154247,56.169578]},"properties":{"lines":"6A","color":"#0059a9","mode":"bus","arr":["6A"],"angle":-48.6,"extra":1,"ei":8,"side":-1}},{"type":"Feature","geometry":{"type":"Point","coordinates":[10.156501,56.170983]},"properties":{"lines":"6A","color":"#0059a9","mode":"bus","arr":["6A"],"angle":-47.8,"extra":1,"ei":9,"side":-1}},{"type":"Feature","geometry":{"type":"Point","coordinates":[10.184056,56.178395]},"properties":{"lines":"6A","color":"#0059a9","mode":"bus","arr":["6A"],"angle":-34.9,"side":-1,"mi":6}},{"type":"Feature","geometry":{"type":"Point","coordinates":[10.160878,56.172915]},"properties":{"lines":"6A","color":"#0059a9","mode":"bus","arr":["6A"],"angle":-24}},{"type":"Feature","geometry":{"type":"Point","coordinates":[10.157694,56.171662]},"properties":{"lines":"6A","color":"#0059a9","mode":"bus","arr":["6A"],"angle":-41.6,"extra":1,"ei":0,"side":-1}},{"type":"Feature","geometry":{"type":"Point","coordinates":[10.163637,56.173392]},"properties":{"lines":"6A","color":"#0059a9","mode":"bus","arr":["6A"],"angle":-18.6,"extra":1,"ei":1,"side":-1}},{"type":"Feature","geometry":{"type":"Point","coordinates":[10.180649,56.177077]},"properties":{"lines":"6A","color":"#0059a9","mode":"bus","arr":["6A"],"angle":-33.3,"extra":1,"ei":0,"side":-1}},{"type":"Feature","geometry":{"type":"Point","coordinates":[10.186233,56.179198]},"properties":{"lines":"6A","color":"#0059a9","mode":"bus","arr":["6A"],"angle":-31.8,"extra":1,"ei":1,"side":-1}},{"type":"Feature","geometry":{"type":"Point","coordinates":[10.190505,56.182475]},"properties":{"lines":"6A","color":"#0059a9","mode":"bus","arr":["6A"],"angle":-32.3,"mi":5}},{"type":"Feature","geometry":{"type":"Point","coordinates":[10.188097,56.180928]},"properties":{"lines":"6A","color":"#0059a9","mode":"bus","arr":["6A"],"angle":59.8,"extra":1,"ei":0}},{"type":"Feature","geometry":{"type":"Point","coordinates":[10.190857,56.18366]},"properties":{"lines":"6A","color":"#0059a9","mode":"bus","arr":["6A"],"angle":69.5,"extra":1,"ei":1}},{"type":"Feature","geometry":{"type":"Point","coordinates":[10.189678,56.185429]},"properties":{"lines":"6A","color":"#0059a9","mode":"bus","arr":["6A"],"angle":69.9,"extra":1,"ei":2}},{"type":"Feature","geometry":{"type":"Point","coordinates":[10.186152,56.18911]},"properties":{"lines":"6A","color":"#0059a9","mode":"bus","arr":["6A"],"angle":36.1,"side":-1,"mi":2}},{"type":"Feature","geometry":{"type":"Point","coordinates":[10.188888,56.186656]},"properties":{"lines":"6A","color":"#0059a9","mode":"bus","arr":["6A"],"angle":66.7,"extra":1,"ei":0}},{"type":"Feature","geometry":{"type":"Point","coordinates":[10.181792,56.190029]},"properties":{"lines":"6A","color":"#0059a9","mode":"bus","arr":["6A"],"angle":13.1,"extra":1,"ei":1}},{"type":"Feature","geometry":{"type":"Point","coordinates":[10.184169,56.189559]},"properties":{"lines":"6A","color":"#0059a9","mode":"bus","arr":["6A"],"angle":13,"extra":1,"ei":0,"side":-1}},{"type":"Feature","geometry":{"type":"Point","coordinates":[10.178932,56.189879]},"properties":{"lines":"6A, 45","color":"#0059a9","mode":"bus","arr":["6A","45"],"angle":-60}},{"type":"Feature","geometry":{"type":"Point","coordinates":[10.177561,56.18937]},"properties":{"lines":"6A","color":"#0059a9","mode":"bus","arr":["6A"],"angle":-10.5}},{"type":"Feature","geometry":{"type":"Point","coordinates":[10.170682,56.19403]},"properties":{"lines":"6A","color":"#0059a9","mode":"bus","arr":["6A"],"angle":70.3,"mi":3}},{"type":"Feature","geometry":{"type":"Point","coordinates":[10.055333,56.254313]},"properties":{"lines":"7","color":"#0059a9","mode":"bus","arr":["7"],"angle":-87.7,"mi":4}},{"type":"Feature","geometry":{"type":"Point","coordinates":[10.053836,56.248781]},"properties":{"lines":"7","color":"#0059a9","mode":"bus","arr":["7"],"angle":-82.9,"extra":1,"ei":0}},{"type":"Feature","geometry":{"type":"Point","coordinates":[10.055468,56.250375]},"properties":{"lines":"7","color":"#0059a9","mode":"bus","arr":["7"],"angle":-63.8,"extra":1,"ei":1}},{"type":"Feature","geometry":{"type":"Point","coordinates":[10.055512,56.252216]},"properties":{"lines":"7","color":"#0059a9","mode":"bus","arr":["7"],"angle":84.5,"extra":1,"ei":2}},{"type":"Feature","geometry":{"type":"Point","coordinates":[10.055649,56.255979]},"properties":{"lines":"7","color":"#0059a9","mode":"bus","arr":["7"],"angle":-80,"extra":1,"ei":3}},{"type":"Feature","geometry":{"type":"Point","coordinates":[10.056506,56.2578]},"properties":{"lines":"7","color":"#0059a9","mode":"bus","arr":["7"],"angle":-71.9,"extra":1,"ei":4}},{"type":"Feature","geometry":{"type":"Point","coordinates":[10.0574,56.259619]},"properties":{"lines":"7","color":"#0059a9","mode":"bus","arr":["7"],"angle":-81.8,"extra":1,"ei":5}},{"type":"Feature","geometry":{"type":"Point","coordinates":[10.06033,56.248966]},"properties":{"lines":"7","color":"#0059a9","mode":"bus","arr":["7"],"angle":-11,"mi":3}},{"type":"Feature","geometry":{"type":"Point","coordinates":[10.042817,56.247424]},"properties":{"lines":"7","color":"#0059a9","mode":"bus","arr":["7"],"angle":3.2,"mi":1}},{"type":"Feature","geometry":{"type":"Point","coordinates":[10.032988,56.249372]},"properties":{"lines":"7","color":"#0059a9","mode":"bus","arr":["7"],"angle":19.2}},{"type":"Feature","geometry":{"type":"Point","coordinates":[10.030852,56.249772]},"properties":{"lines":"7","color":"#0059a9","mode":"bus","arr":["7"],"angle":20.9,"extra":1,"ei":0}},{"type":"Feature","geometry":{"type":"Point","coordinates":[10.069137,56.249017]},"properties":{"lines":"7","color":"#0059a9","mode":"bus","arr":["7"],"angle":21.3,"extra":1,"ei":0}},{"type":"Feature","geometry":{"type":"Point","coordinates":[10.066276,56.249977]},"properties":{"lines":"7","color":"#0059a9","mode":"bus","arr":["7"],"angle":-0.5,"extra":1,"ei":1}},{"type":"Feature","geometry":{"type":"Point","coordinates":[10.063106,56.249355]},"properties":{"lines":"7","color":"#0059a9","mode":"bus","arr":["7"],"angle":-15.7,"extra":1,"ei":2}},{"type":"Feature","geometry":{"type":"Point","coordinates":[10.056533,56.248508]},"properties":{"lines":"7","color":"#0059a9","mode":"bus","arr":["7"],"angle":-18.5,"extra":1,"ei":3}},{"type":"Feature","geometry":{"type":"Point","coordinates":[10.053419,56.247784]},"properties":{"lines":"7","color":"#0059a9","mode":"bus","arr":["7"],"angle":-19.3,"extra":1,"ei":4}},{"type":"Feature","geometry":{"type":"Point","coordinates":[10.050115,56.247449]},"properties":{"lines":"7","color":"#0059a9","mode":"bus","arr":["7"],"angle":-2.9,"extra":1,"ei":5}},{"type":"Feature","geometry":{"type":"Point","coordinates":[10.046813,56.247373]},"properties":{"lines":"7","color":"#0059a9","mode":"bus","arr":["7"],"angle":-2,"extra":1,"ei":0}},{"type":"Feature","geometry":{"type":"Point","coordinates":[10.040067,56.247414]},"properties":{"lines":"7","color":"#0059a9","mode":"bus","arr":["7"],"angle":-1,"extra":1,"ei":1}},{"type":"Feature","geometry":{"type":"Point","coordinates":[10.036955,56.248165]},"properties":{"lines":"7","color":"#0059a9","mode":"bus","arr":["7"],"angle":28.8,"extra":1,"ei":0}},{"type":"Feature","geometry":{"type":"Point","coordinates":[9.991272,56.250547]},"properties":{"lines":"7","color":"#0059a9","mode":"bus","arr":["7"],"angle":26.6}},{"type":"Feature","geometry":{"type":"Point","coordinates":[10.023399,56.251829]},"properties":{"lines":"7","color":"#0059a9","mode":"bus","arr":["7"],"angle":0.1,"mi":2}},{"type":"Feature","geometry":{"type":"Point","coordinates":[10.027863,56.250633]},"properties":{"lines":"7","color":"#0059a9","mode":"bus","arr":["7"],"angle":32.8,"extra":1,"ei":0}},{"type":"Feature","geometry":{"type":"Point","coordinates":[10.018346,56.251684]},"properties":{"lines":"7","color":"#0059a9","mode":"bus","arr":["7"],"angle":6.2,"extra":1,"ei":1}},{"type":"Feature","geometry":{"type":"Point","coordinates":[9.968956,56.254257]},"properties":{"lines":"7","color":"#0059a9","mode":"bus","arr":["7"],"angle":6.4,"extra":1,"ei":0}},{"type":"Feature","geometry":{"type":"Point","coordinates":[9.97231,56.254048]},"properties":{"lines":"7","color":"#0059a9","mode":"bus","arr":["7"],"angle":6.3,"extra":1,"ei":1}},{"type":"Feature","geometry":{"type":"Point","coordinates":[9.975665,56.253839]},"properties":{"lines":"7","color":"#0059a9","mode":"bus","arr":["7"],"angle":6.4,"extra":1,"ei":2}},{"type":"Feature","geometry":{"type":"Point","coordinates":[9.978944,56.253416]},"properties":{"lines":"7","color":"#0059a9","mode":"bus","arr":["7"],"angle":16.6,"extra":1,"ei":3}},{"type":"Feature","geometry":{"type":"Point","coordinates":[9.982178,56.252876]},"properties":{"lines":"7","color":"#0059a9","mode":"bus","arr":["7"],"angle":16.7,"extra":1,"ei":4}},{"type":"Feature","geometry":{"type":"Point","coordinates":[9.985335,56.252223]},"properties":{"lines":"7","color":"#0059a9","mode":"bus","arr":["7"],"angle":26.8,"extra":1,"ei":5}},{"type":"Feature","geometry":{"type":"Point","coordinates":[9.988346,56.25137]},"properties":{"lines":"7","color":"#0059a9","mode":"bus","arr":["7"],"angle":26.8,"extra":1,"ei":6}},{"type":"Feature","geometry":{"type":"Point","coordinates":[9.994509,56.249873]},"properties":{"lines":"7","color":"#0059a9","mode":"bus","arr":["7"],"angle":6.6,"extra":1,"ei":7}},{"type":"Feature","geometry":{"type":"Point","coordinates":[9.997881,56.249883]},"properties":{"lines":"7","color":"#0059a9","mode":"bus","arr":["7"],"angle":-1.2,"extra":1,"ei":8}},{"type":"Feature","geometry":{"type":"Point","coordinates":[10.001256,56.249925]},"properties":{"lines":"7","color":"#0059a9","mode":"bus","arr":["7"],"angle":-1.5,"extra":1,"ei":9}},{"type":"Feature","geometry":{"type":"Point","coordinates":[10.00463,56.249966]},"properties":{"lines":"7","color":"#0059a9","mode":"bus","arr":["7"],"angle":-1.2,"extra":1,"ei":10}},{"type":"Feature","geometry":{"type":"Point","coordinates":[10.008005,56.250005]},"properties":{"lines":"7","color":"#0059a9","mode":"bus","arr":["7"],"angle":-1.2,"extra":1,"ei":11}},{"type":"Feature","geometry":{"type":"Point","coordinates":[10.011301,56.250369]},"properties":{"lines":"7","color":"#0059a9","mode":"bus","arr":["7"],"angle":-15.4,"extra":1,"ei":12}},{"type":"Feature","geometry":{"type":"Point","coordinates":[10.01455,56.250879]},"properties":{"lines":"7","color":"#0059a9","mode":"bus","arr":["7"],"angle":-22.2,"extra":1,"ei":13}},{"type":"Feature","geometry":{"type":"Point","coordinates":[9.960818,56.256097]},"properties":{"lines":"7, 9","color":"#0059a9","mode":"bus","arr":["7","9"],"angle":24.6}},{"type":"Feature","geometry":{"type":"Point","coordinates":[9.96578,56.254845]},"properties":{"lines":"7, 9","color":"#0059a9","mode":"bus","arr":["7","9"],"angle":23.9,"extra":1,"ei":0}},{"type":"Feature","geometry":{"type":"Point","coordinates":[9.956559,56.257185]},"properties":{"lines":"7, 9","color":"#0059a9","mode":"bus","arr":["7","9"],"angle":24.3,"extra":1,"ei":1}},{"type":"Feature","geometry":{"type":"Point","coordinates":[9.932004,56.261358]},"properties":{"lines":"9","color":"#0059a9","mode":"bus","arr":["9"],"angle":4.6}},{"type":"Feature","geometry":{"type":"Point","coordinates":[9.952777,56.258124]},"properties":{"lines":"9","color":"#0059a9","mode":"bus","arr":["9"],"angle":21.7,"extra":1,"ei":0}},{"type":"Feature","geometry":{"type":"Point","coordinates":[9.949565,56.258701]},"properties":{"lines":"9","color":"#0059a9","mode":"bus","arr":["9"],"angle":17.1,"extra":1,"ei":1}},{"type":"Feature","geometry":{"type":"Point","coordinates":[9.946326,56.259233]},"properties":{"lines":"9","color":"#0059a9","mode":"bus","arr":["9"],"angle":16,"extra":1,"ei":2}},{"type":"Feature","geometry":{"type":"Point","coordinates":[9.943075,56.25974]},"properties":{"lines":"9","color":"#0059a9","mode":"bus","arr":["9"],"angle":15.5,"extra":1,"ei":3}},{"type":"Feature","geometry":{"type":"Point","coordinates":[9.939823,56.260246]},"properties":{"lines":"9","color":"#0059a9","mode":"bus","arr":["9"],"angle":15.5,"extra":1,"ei":4}},{"type":"Feature","geometry":{"type":"Point","coordinates":[9.936569,56.260748]},"properties":{"lines":"9","color":"#0059a9","mode":"bus","arr":["9"],"angle":15.4,"extra":1,"ei":5}},{"type":"Feature","geometry":{"type":"Point","coordinates":[9.926587,56.261197]},"properties":{"lines":"9","color":"#0059a9","mode":"bus","arr":["9"],"angle":-3.7,"extra":1,"ei":6}},{"type":"Feature","geometry":{"type":"Point","coordinates":[9.923219,56.261076]},"properties":{"lines":"9","color":"#0059a9","mode":"bus","arr":["9"],"angle":-3.7,"extra":1,"ei":7}},{"type":"Feature","geometry":{"type":"Point","coordinates":[9.919851,56.260955]},"properties":{"lines":"9","color":"#0059a9","mode":"bus","arr":["9"],"angle":-3.7,"extra":1,"ei":8}},{"type":"Feature","geometry":{"type":"Point","coordinates":[9.91648,56.260861]},"properties":{"lines":"9","color":"#0059a9","mode":"bus","arr":["9"],"angle":-1.3,"extra":1,"ei":9}},{"type":"Feature","geometry":{"type":"Point","coordinates":[9.913287,56.261351]},"properties":{"lines":"9","color":"#0059a9","mode":"bus","arr":["9"],"angle":34.9,"extra":1,"ei":10}},{"type":"Feature","geometry":{"type":"Point","coordinates":[9.911398,56.26287]},"properties":{"lines":"9","color":"#0059a9","mode":"bus","arr":["9"],"angle":75.2,"extra":1,"ei":11}},{"type":"Feature","geometry":{"type":"Point","coordinates":[9.976933,56.262859]},"properties":{"lines":"7","color":"#0059a9","mode":"bus","arr":["7"],"angle":-26.7}},{"type":"Feature","geometry":{"type":"Point","coordinates":[9.955739,56.258242]},"properties":{"lines":"7","color":"#0059a9","mode":"bus","arr":["7"],"angle":-29.1,"extra":1,"ei":0}},{"type":"Feature","geometry":{"type":"Point","coordinates":[9.95869,56.25916]},"properties":{"lines":"7","color":"#0059a9","mode":"bus","arr":["7"],"angle":-28.9,"extra":1,"ei":1}},{"type":"Feature","geometry":{"type":"Point","coordinates":[9.961661,56.260056]},"properties":{"lines":"7","color":"#0059a9","mode":"bus","arr":["7"],"angle":-33.1,"extra":1,"ei":2}},{"type":"Feature","geometry":{"type":"Point","coordinates":[9.964232,56.261278]},"properties":{"lines":"7","color":"#0059a9","mode":"bus","arr":["7"],"angle":-40.2,"extra":1,"ei":3}},{"type":"Feature","geometry":{"type":"Point","coordinates":[9.967147,56.262044]},"properties":{"lines":"7","color":"#0059a9","mode":"bus","arr":["7"],"angle":-1.1,"extra":1,"ei":4}},{"type":"Feature","geometry":{"type":"Point","coordinates":[9.970521,56.262081]},"properties":{"lines":"7","color":"#0059a9","mode":"bus","arr":["7"],"angle":-1.2,"extra":1,"ei":5}},{"type":"Feature","geometry":{"type":"Point","coordinates":[9.973896,56.262114]},"properties":{"lines":"7","color":"#0059a9","mode":"bus","arr":["7"],"angle":-5.1,"extra":1,"ei":6}},{"type":"Feature","geometry":{"type":"Point","coordinates":[9.98013,56.263518]},"properties":{"lines":"7","color":"#0059a9","mode":"bus","arr":["7"],"angle":-17.8,"extra":1,"ei":7}},{"type":"Feature","geometry":{"type":"Point","coordinates":[9.983358,56.264069]},"properties":{"lines":"7","color":"#0059a9","mode":"bus","arr":["7"],"angle":-16.6,"extra":1,"ei":8}},{"type":"Feature","geometry":{"type":"Point","coordinates":[9.986335,56.264891]},"properties":{"lines":"7","color":"#0059a9","mode":"bus","arr":["7"],"angle":-38.3,"extra":1,"ei":9}},{"type":"Feature","geometry":{"type":"Point","coordinates":[9.988993,56.266054]},"properties":{"lines":"7","color":"#0059a9","mode":"bus","arr":["7"],"angle":-23.1,"extra":1,"ei":10}},{"type":"Feature","geometry":{"type":"Point","coordinates":[9.992334,56.265935]},"properties":{"lines":"7","color":"#0059a9","mode":"bus","arr":["7"],"angle":18.5,"extra":1,"ei":11}},{"type":"Feature","geometry":{"type":"Point","coordinates":[9.995254,56.265033]},"properties":{"lines":"7","color":"#0059a9","mode":"bus","arr":["7"],"angle":15.1,"extra":1,"ei":12}},{"type":"Feature","geometry":{"type":"Point","coordinates":[9.998529,56.265206]},"properties":{"lines":"7","color":"#0059a9","mode":"bus","arr":["7"],"angle":-28.2,"extra":1,"ei":13}},{"type":"Feature","geometry":{"type":"Point","coordinates":[10.009888,56.258846]},"properties":{"lines":"7","color":"#0059a9","mode":"bus","arr":["7"],"angle":51.8}},{"type":"Feature","geometry":{"type":"Point","coordinates":[10.000943,56.264851]},"properties":{"lines":"7","color":"#0059a9","mode":"bus","arr":["7"],"angle":56.8,"extra":1,"ei":0}},{"type":"Feature","geometry":{"type":"Point","coordinates":[10.002849,56.263303]},"properties":{"lines":"7","color":"#0059a9","mode":"bus","arr":["7"],"angle":46.1,"extra":1,"ei":1}},{"type":"Feature","geometry":{"type":"Point","coordinates":[10.005215,56.261956]},"properties":{"lines":"7","color":"#0059a9","mode":"bus","arr":["7"],"angle":45.5,"extra":1,"ei":2}},{"type":"Feature","geometry":{"type":"Point","coordinates":[10.00748,56.260559]},"properties":{"lines":"7","color":"#0059a9","mode":"bus","arr":["7"],"angle":51.6,"extra":1,"ei":3}},{"type":"Feature","geometry":{"type":"Point","coordinates":[10.011653,56.25759]},"properties":{"lines":"7","color":"#0059a9","mode":"bus","arr":["7"],"angle":51.8,"extra":1,"ei":4}},{"type":"Feature","geometry":{"type":"Point","coordinates":[10.01374,56.256106]},"properties":{"lines":"7","color":"#0059a9","mode":"bus","arr":["7"],"angle":51.8,"extra":1,"ei":5}},{"type":"Feature","geometry":{"type":"Point","coordinates":[10.015827,56.254621]},"properties":{"lines":"7","color":"#0059a9","mode":"bus","arr":["7"],"angle":51.8,"extra":1,"ei":6}},{"type":"Feature","geometry":{"type":"Point","coordinates":[10.01791,56.253136]},"properties":{"lines":"7","color":"#0059a9","mode":"bus","arr":["7"],"angle":53.3,"extra":1,"ei":7}},{"type":"Feature","geometry":{"type":"Point","coordinates":[10.071074,56.248699]},"properties":{"lines":"7","color":"#0059a9","mode":"bus","arr":["7"],"angle":70,"mi":2}},{"type":"Feature","geometry":{"type":"Point","coordinates":[10.071156,56.248679]},"properties":{"lines":"7, 200","color":"#0059a9","mode":"bus","arr":["7","200"],"angle":76}},{"type":"Feature","geometry":{"type":"Point","coordinates":[10.071963,56.247395]},"properties":{"lines":"7, 200","color":"#0059a9","mode":"bus","arr":["7","200"],"angle":65.4,"extra":1,"ei":0}},{"type":"Feature","geometry":{"type":"Point","coordinates":[10.078159,56.243841]},"properties":{"lines":"7","color":"#0059a9","mode":"bus","arr":["7"],"angle":43.6,"mi":5}},{"type":"Feature","geometry":{"type":"Point","coordinates":[10.071646,56.249051]},"properties":{"lines":"7","color":"#0059a9","mode":"bus","arr":["7"],"angle":-21.9,"mi":1}},{"type":"Feature","geometry":{"type":"Point","coordinates":[10.070937,56.251445]},"properties":{"lines":"7","color":"#0059a9","mode":"bus","arr":["7"],"angle":72.5}},{"type":"Feature","geometry":{"type":"Point","coordinates":[10.070156,56.252839]},"properties":{"lines":"7","color":"#0059a9","mode":"bus","arr":["7"],"angle":72.6,"extra":1,"ei":0}},{"type":"Feature","geometry":{"type":"Point","coordinates":[10.072212,56.249241]},"properties":{"lines":"7","color":"#0059a9","mode":"bus","arr":["7"],"angle":71.1,"extra":1,"ei":1}},{"type":"Feature","geometry":{"type":"Point","coordinates":[10.087804,56.237882]},"properties":{"lines":"8","color":"#0059a9","mode":"bus","arr":["8"],"angle":-32.7}},{"type":"Feature","geometry":{"type":"Point","coordinates":[10.086024,56.237417]},"properties":{"lines":"7, 8","color":"#0059a9","mode":"bus","arr":["7","8"],"angle":-7.1}},{"type":"Feature","geometry":{"type":"Point","coordinates":[10.088242,56.236502]},"properties":{"lines":"7, 8, 200","color":"#0059a9","mode":"bus","arr":["7","8","200"],"angle":63.8}},{"type":"Feature","geometry":{"type":"Point","coordinates":[10.091772,56.235525]},"properties":{"lines":"8, 200","color":"#0059a9","mode":"bus","arr":["8","200"],"angle":16.4}},{"type":"Feature","geometry":{"type":"Point","coordinates":[10.101651,56.268639]},"properties":{"lines":"8","color":"#0059a9","mode":"bus","arr":["8"],"angle":16.9,"mi":2}},{"type":"Feature","geometry":{"type":"Point","coordinates":[10.114467,56.257828]},"properties":{"lines":"8","color":"#0059a9","mode":"bus","arr":["8"],"angle":-87.7}},{"type":"Feature","geometry":{"type":"Point","coordinates":[10.118691,56.246696]},"properties":{"lines":"8","color":"#0059a9","mode":"bus","arr":["8"],"angle":62.6,"extra":1,"ei":0}},{"type":"Feature","geometry":{"type":"Point","coordinates":[10.116568,56.24816]},"properties":{"lines":"8","color":"#0059a9","mode":"bus","arr":["8"],"angle":49.3,"extra":1,"ei":1}},{"type":"Feature","geometry":{"type":"Point","coordinates":[10.114181,56.249462]},"properties":{"lines":"8","color":"#0059a9","mode":"bus","arr":["8"],"angle":66.5,"extra":1,"ei":2}},{"type":"Feature","geometry":{"type":"Point","coordinates":[10.114031,56.251309]},"properties":{"lines":"8","color":"#0059a9","mode":"bus","arr":["8"],"angle":-74.9,"extra":1,"ei":3}},{"type":"Feature","geometry":{"type":"Point","coordinates":[10.11556,56.252981]},"properties":{"lines":"8","color":"#0059a9","mode":"bus","arr":["8"],"angle":-65.2,"extra":1,"ei":4}},{"type":"Feature","geometry":{"type":"Point","coordinates":[10.115268,56.254818]},"properties":{"lines":"8","color":"#0059a9","mode":"bus","arr":["8"],"angle":69.3,"extra":1,"ei":5}},{"type":"Feature","geometry":{"type":"Point","coordinates":[10.114427,56.256631]},"properties":{"lines":"8","color":"#0059a9","mode":"bus","arr":["8"],"angle":85.7,"extra":1,"ei":6}},{"type":"Feature","geometry":{"type":"Point","coordinates":[10.112469,56.260014]},"properties":{"lines":"8","color":"#0059a9","mode":"bus","arr":["8"],"angle":50.5,"extra":1,"ei":7}},{"type":"Feature","geometry":{"type":"Point","coordinates":[10.110322,56.261471]},"properties":{"lines":"8","color":"#0059a9","mode":"bus","arr":["8"],"angle":50.6,"extra":1,"ei":8}},{"type":"Feature","geometry":{"type":"Point","coordinates":[10.108194,56.262937]},"properties":{"lines":"8","color":"#0059a9","mode":"bus","arr":["8"],"angle":50.9,"extra":1,"ei":9}},{"type":"Feature","geometry":{"type":"Point","coordinates":[10.106067,56.264403]},"properties":{"lines":"8","color":"#0059a9","mode":"bus","arr":["8"],"angle":50.9,"extra":1,"ei":10}},{"type":"Feature","geometry":{"type":"Point","coordinates":[10.103939,56.265869]},"properties":{"lines":"8","color":"#0059a9","mode":"bus","arr":["8"],"angle":50.9,"extra":1,"ei":11}},{"type":"Feature","geometry":{"type":"Point","coordinates":[10.101794,56.267327]},"properties":{"lines":"8","color":"#0059a9","mode":"bus","arr":["8"],"angle":50.2,"extra":1,"ei":12}},{"type":"Feature","geometry":{"type":"Point","coordinates":[10.113493,56.24463]},"properties":{"lines":"8","color":"#0059a9","mode":"bus","arr":["8"],"angle":-38.7,"mi":1}},{"type":"Feature","geometry":{"type":"Point","coordinates":[10.117703,56.246146]},"properties":{"lines":"8","color":"#0059a9","mode":"bus","arr":["8"],"angle":14.1,"extra":1,"ei":0}},{"type":"Feature","geometry":{"type":"Point","coordinates":[10.109617,56.242928]},"properties":{"lines":"8","color":"#0059a9","mode":"bus","arr":["8"],"angle":-31.5,"extra":1,"ei":1}},{"type":"Feature","geometry":{"type":"Point","coordinates":[10.107421,56.237127]},"properties":{"lines":"8","color":"#0059a9","mode":"bus","arr":["8"],"angle":-82.1}},{"type":"Feature","geometry":{"type":"Point","coordinates":[10.107796,56.241498]},"properties":{"lines":"8","color":"#0059a9","mode":"bus","arr":["8"],"angle":-87.6,"extra":1,"ei":0}},{"type":"Feature","geometry":{"type":"Point","coordinates":[10.107653,56.239611]},"properties":{"lines":"8","color":"#0059a9","mode":"bus","arr":["8"],"angle":-87.6,"extra":1,"ei":1}},{"type":"Feature","geometry":{"type":"Point","coordinates":[10.106521,56.235951]},"properties":{"lines":"8","color":"#0059a9","mode":"bus","arr":["8"],"angle":-60.8,"extra":1,"ei":2}},{"type":"Feature","geometry":{"type":"Point","coordinates":[10.104896,56.234295]},"properties":{"lines":"8","color":"#0059a9","mode":"bus","arr":["8"],"angle":-60.9,"extra":1,"ei":3}},{"type":"Feature","geometry":{"type":"Point","coordinates":[10.103214,56.232661]},"properties":{"lines":"8","color":"#0059a9","mode":"bus","arr":["8"],"angle":-56.2,"extra":1,"ei":4}},{"type":"Feature","geometry":{"type":"Point","coordinates":[10.098362,56.233794]},"properties":{"lines":"8, 200","color":"#0059a9","mode":"bus","arr":["8","200"],"angle":28.9,"mi":1}},{"type":"Feature","geometry":{"type":"Point","coordinates":[10.101424,56.232818]},"properties":{"lines":"8, 200","color":"#0059a9","mode":"bus","arr":["8","200"],"angle":32.5,"extra":1,"ei":0}},{"type":"Feature","geometry":{"type":"Point","coordinates":[10.095574,56.234697]},"properties":{"lines":"8, 200","color":"#0059a9","mode":"bus","arr":["8","200"],"angle":35.8,"extra":1,"ei":1}},{"type":"Feature","geometry":{"type":"Point","coordinates":[10.087372,56.238928]},"properties":{"lines":"8","color":"#0059a9","mode":"bus","arr":["8"],"angle":42.9,"mi":1}},{"type":"Feature","geometry":{"type":"Point","coordinates":[10.088872,56.238108]},"properties":{"lines":"8","color":"#0059a9","mode":"bus","arr":["8"],"angle":43.6,"extra":1,"ei":0,"side":-1}},{"type":"Feature","geometry":{"type":"Point","coordinates":[10.096727,56.252518]},"properties":{"lines":"8","color":"#0059a9","mode":"bus","arr":["8"],"angle":14.6}},{"type":"Feature","geometry":{"type":"Point","coordinates":[10.085358,56.241228]},"properties":{"lines":"8","color":"#0059a9","mode":"bus","arr":["8"],"angle":-68.9,"extra":1,"ei":0}},{"type":"Feature","geometry":{"type":"Point","coordinates":[10.086578,56.242988]},"properties":{"lines":"8","color":"#0059a9","mode":"bus","arr":["8"],"angle":-68.7,"extra":1,"ei":1}},{"type":"Feature","geometry":{"type":"Point","coordinates":[10.087792,56.244751]},"properties":{"lines":"8","color":"#0059a9","mode":"bus","arr":["8"],"angle":-69.1,"extra":1,"ei":2}},{"type":"Feature","geometry":{"type":"Point","coordinates":[10.088995,56.246515]},"properties":{"lines":"8","color":"#0059a9","mode":"bus","arr":["8"],"angle":-69.1,"extra":1,"ei":3}},{"type":"Feature","geometry":{"type":"Point","coordinates":[10.090198,56.24828]},"properties":{"lines":"8","color":"#0059a9","mode":"bus","arr":["8"],"angle":-69.1,"extra":1,"ei":4}},{"type":"Feature","geometry":{"type":"Point","coordinates":[10.091415,56.250041]},"properties":{"lines":"8","color":"#0059a9","mode":"bus","arr":["8"],"angle":-68.8,"extra":1,"ei":5}},{"type":"Feature","geometry":{"type":"Point","coordinates":[10.092564,56.251816]},"properties":{"lines":"8","color":"#0059a9","mode":"bus","arr":["8"],"angle":-74.4,"extra":1,"ei":6}},{"type":"Feature","geometry":{"type":"Point","coordinates":[10.094125,56.252948]},"properties":{"lines":"8","color":"#0059a9","mode":"bus","arr":["8"],"angle":14.3,"extra":1,"ei":7}},{"type":"Feature","geometry":{"type":"Point","coordinates":[10.098358,56.254251]},"properties":{"lines":"8","color":"#0059a9","mode":"bus","arr":["8"],"angle":85.8,"extra":1,"ei":8}},{"type":"Feature","geometry":{"type":"Point","coordinates":[10.098124,56.256116]},"properties":{"lines":"8","color":"#0059a9","mode":"bus","arr":["8"],"angle":-88.3,"extra":1,"ei":9}},{"type":"Feature","geometry":{"type":"Point","coordinates":[10.097935,56.258001]},"properties":{"lines":"8","color":"#0059a9","mode":"bus","arr":["8"],"angle":86.5,"extra":1,"ei":10}},{"type":"Feature","geometry":{"type":"Point","coordinates":[10.097787,56.259887]},"properties":{"lines":"8","color":"#0059a9","mode":"bus","arr":["8"],"angle":87.5,"extra":1,"ei":11}},{"type":"Feature","geometry":{"type":"Point","coordinates":[10.097644,56.261774]},"properties":{"lines":"8","color":"#0059a9","mode":"bus","arr":["8"],"angle":87.6,"extra":1,"ei":12}},{"type":"Feature","geometry":{"type":"Point","coordinates":[10.097502,56.263661]},"properties":{"lines":"8","color":"#0059a9","mode":"bus","arr":["8"],"angle":87.6,"extra":1,"ei":13}},{"type":"Feature","geometry":{"type":"Point","coordinates":[10.09735,56.265548]},"properties":{"lines":"8","color":"#0059a9","mode":"bus","arr":["8"],"angle":87.4,"extra":1,"ei":14}},{"type":"Feature","geometry":{"type":"Point","coordinates":[10.097145,56.267431]},"properties":{"lines":"8","color":"#0059a9","mode":"bus","arr":["8"],"angle":73.4,"extra":1,"ei":15}},{"type":"Feature","geometry":{"type":"Point","coordinates":[10.117026,56.270154]},"properties":{"lines":"8","color":"#0059a9","mode":"bus","arr":["8"],"angle":-0.9,"mi":1}},{"type":"Feature","geometry":{"type":"Point","coordinates":[10.106309,56.26913]},"properties":{"lines":"8","color":"#0059a9","mode":"bus","arr":["8"],"angle":-23.7,"extra":1,"ei":0}},{"type":"Feature","geometry":{"type":"Point","coordinates":[10.109406,56.269878]},"properties":{"lines":"8","color":"#0059a9","mode":"bus","arr":["8"],"angle":-14.1,"extra":1,"ei":1}},{"type":"Feature","geometry":{"type":"Point","coordinates":[10.112756,56.270064]},"properties":{"lines":"8","color":"#0059a9","mode":"bus","arr":["8"],"angle":-8,"extra":1,"ei":2}},{"type":"Feature","geometry":{"type":"Point","coordinates":[10.119499,56.270168]},"properties":{"lines":"8","color":"#0059a9","mode":"bus","arr":["8"],"angle":0.1,"extra":1,"ei":3}},{"type":"Feature","geometry":{"type":"Point","coordinates":[10.122874,56.270186]},"properties":{"lines":"8","color":"#0059a9","mode":"bus","arr":["8"],"angle":-0.8,"extra":1,"ei":4}},{"type":"Feature","geometry":{"type":"Point","coordinates":[10.126233,56.270349]},"properties":{"lines":"8","color":"#0059a9","mode":"bus","arr":["8"],"angle":-6.4,"extra":1,"ei":5}},{"type":"Feature","geometry":{"type":"Point","coordinates":[10.12958,56.270594]},"properties":{"lines":"8","color":"#0059a9","mode":"bus","arr":["8"],"angle":-7.6,"extra":1,"ei":6}},{"type":"Feature","geometry":{"type":"Point","coordinates":[10.130034,56.277892]},"properties":{"lines":"8","color":"#0059a9","mode":"bus","arr":["8"],"angle":85.8}},{"type":"Feature","geometry":{"type":"Point","coordinates":[10.130062,56.271506]},"properties":{"lines":"8","color":"#0059a9","mode":"bus","arr":["8"],"angle":-67.7,"extra":1,"ei":0}},{"type":"Feature","geometry":{"type":"Point","coordinates":[10.131205,56.273278]},"properties":{"lines":"8","color":"#0059a9","mode":"bus","arr":["8"],"angle":-81.1,"extra":1,"ei":1}},{"type":"Feature","geometry":{"type":"Point","coordinates":[10.130959,56.275146]},"properties":{"lines":"8","color":"#0059a9","mode":"bus","arr":["8"],"angle":74.8,"extra":1,"ei":2}},{"type":"Feature","geometry":{"type":"Point","coordinates":[10.127195,56.279998]},"properties":{"lines":"8","color":"#0059a9","mode":"bus","arr":["8"],"angle":28.2,"extra":1,"ei":3}},{"type":"Feature","geometry":{"type":"Point","coordinates":[10.124178,56.280835]},"properties":{"lines":"8","color":"#0059a9","mode":"bus","arr":["8"],"angle":18,"extra":1,"ei":4}},{"type":"Feature","geometry":{"type":"Point","coordinates":[10.120955,56.281396]},"properties":{"lines":"8","color":"#0059a9","mode":"bus","arr":["8"],"angle":16.3,"extra":1,"ei":5}},{"type":"Feature","geometry":{"type":"Point","coordinates":[10.111691,56.275144]},"properties":{"lines":"8","color":"#0059a9","mode":"bus","arr":["8"],"angle":-53.8}},{"type":"Feature","geometry":{"type":"Point","coordinates":[10.118987,56.280722]},"properties":{"lines":"8","color":"#0059a9","mode":"bus","arr":["8"],"angle":-75.1,"extra":1,"ei":0}},{"type":"Feature","geometry":{"type":"Point","coordinates":[10.118084,56.278903]},"properties":{"lines":"8","color":"#0059a9","mode":"bus","arr":["8"],"angle":-68,"extra":1,"ei":1}},{"type":"Feature","geometry":{"type":"Point","coordinates":[10.115949,56.277454]},"properties":{"lines":"8","color":"#0059a9","mode":"bus","arr":["8"],"angle":-44,"extra":1,"ei":2}},{"type":"Feature","geometry":{"type":"Point","coordinates":[10.113278,56.276305]},"properties":{"lines":"8","color":"#0059a9","mode":"bus","arr":["8"],"angle":-43.2,"extra":1,"ei":3}},{"type":"Feature","geometry":{"type":"Point","coordinates":[10.109262,56.273271]},"properties":{"lines":"8","color":"#0059a9","mode":"bus","arr":["8"],"angle":-54,"extra":1,"ei":4}},{"type":"Feature","geometry":{"type":"Point","coordinates":[10.107283,56.271741]},"properties":{"lines":"8","color":"#0059a9","mode":"bus","arr":["8"],"angle":-54.3,"extra":1,"ei":5}},{"type":"Feature","geometry":{"type":"Point","coordinates":[10.105312,56.270208]},"properties":{"lines":"8","color":"#0059a9","mode":"bus","arr":["8"],"angle":-54.2,"extra":1,"ei":6}},{"type":"Feature","geometry":{"type":"Point","coordinates":[10.103477,56.268636]},"properties":{"lines":"8","color":"#0059a9","mode":"bus","arr":["8"],"angle":-69,"extra":1,"ei":7}},{"type":"Feature","geometry":{"type":"Point","coordinates":[9.948303,56.228667]},"properties":{"lines":"9, 114","color":"#0059a9","mode":"bus","arr":["9","114"],"angle":17.9}},{"type":"Feature","geometry":{"type":"Point","coordinates":[9.863802,56.234281]},"properties":{"lines":"9, 114","color":"#0059a9","mode":"bus","arr":["9","114"],"angle":1.5,"mi":1}},{"type":"Feature","geometry":{"type":"Point","coordinates":[10.019778,56.211289]},"properties":{"lines":"9, 114","color":"#0059a9","mode":"bus","arr":["9","114"],"angle":20.6,"extra":1,"ei":0}},{"type":"Feature","geometry":{"type":"Point","coordinates":[10.016618,56.211953]},"properties":{"lines":"9, 114","color":"#0059a9","mode":"bus","arr":["9","114"],"angle":20.6,"extra":1,"ei":1}},{"type":"Feature","geometry":{"type":"Point","coordinates":[10.013458,56.212617]},"properties":{"lines":"9, 114","color":"#0059a9","mode":"bus","arr":["9","114"],"angle":20.5,"extra":1,"ei":2}},{"type":"Feature","geometry":{"type":"Point","coordinates":[10.010282,56.213256]},"properties":{"lines":"9, 114","color":"#0059a9","mode":"bus","arr":["9","114"],"angle":19.3,"extra":1,"ei":3}},{"type":"Feature","geometry":{"type":"Point","coordinates":[10.007076,56.213845]},"properties":{"lines":"9, 114","color":"#0059a9","mode":"bus","arr":["9","114"],"angle":17.9,"extra":1,"ei":4}},{"type":"Feature","geometry":{"type":"Point","coordinates":[10.003826,56.214345]},"properties":{"lines":"9, 114","color":"#0059a9","mode":"bus","arr":["9","114"],"angle":7.8,"extra":1,"ei":5}},{"type":"Feature","geometry":{"type":"Point","coordinates":[10.000457,56.214417]},"properties":{"lines":"9, 114","color":"#0059a9","mode":"bus","arr":["9","114"],"angle":4.3,"extra":1,"ei":6}},{"type":"Feature","geometry":{"type":"Point","coordinates":[9.997143,56.21476]},"properties":{"lines":"9, 114","color":"#0059a9","mode":"bus","arr":["9","114"],"angle":14.2,"extra":1,"ei":7}},{"type":"Feature","geometry":{"type":"Point","coordinates":[9.993952,56.215364]},"properties":{"lines":"9, 114","color":"#0059a9","mode":"bus","arr":["9","114"],"angle":26.8,"extra":1,"ei":8}},{"type":"Feature","geometry":{"type":"Point","coordinates":[9.991233,56.216469]},"properties":{"lines":"9, 114","color":"#0059a9","mode":"bus","arr":["9","114"],"angle":42.5,"extra":1,"ei":9}},{"type":"Feature","geometry":{"type":"Point","coordinates":[9.988742,56.217744]},"properties":{"lines":"9, 114","color":"#0059a9","mode":"bus","arr":["9","114"],"angle":42.4,"extra":1,"ei":10}},{"type":"Feature","geometry":{"type":"Point","coordinates":[9.986255,56.219021]},"properties":{"lines":"9, 114","color":"#0059a9","mode":"bus","arr":["9","114"],"angle":41.7,"extra":1,"ei":11}},{"type":"Feature","geometry":{"type":"Point","coordinates":[9.98341,56.220009]},"properties":{"lines":"9, 114","color":"#0059a9","mode":"bus","arr":["9","114"],"angle":22.7,"extra":1,"ei":12}},{"type":"Feature","geometry":{"type":"Point","coordinates":[9.980098,56.220263]},"properties":{"lines":"9, 114","color":"#0059a9","mode":"bus","arr":["9","114"],"angle":4.1,"extra":1,"ei":13}},{"type":"Feature","geometry":{"type":"Point","coordinates":[9.976864,56.220771]},"properties":{"lines":"9, 114","color":"#0059a9","mode":"bus","arr":["9","114"],"angle":10.7,"extra":1,"ei":14}},{"type":"Feature","geometry":{"type":"Point","coordinates":[9.973791,56.221489]},"properties":{"lines":"9, 114","color":"#0059a9","mode":"bus","arr":["9","114"],"angle":32.8,"extra":1,"ei":15}},{"type":"Feature","geometry":{"type":"Point","coordinates":[9.97095,56.222508]},"properties":{"lines":"9, 114","color":"#0059a9","mode":"bus","arr":["9","114"],"angle":32.6,"extra":1,"ei":16}},{"type":"Feature","geometry":{"type":"Point","coordinates":[9.968109,56.223527]},"properties":{"lines":"9, 114","color":"#0059a9","mode":"bus","arr":["9","114"],"angle":31.8,"extra":1,"ei":17}},{"type":"Feature","geometry":{"type":"Point","coordinates":[9.965135,56.224419]},"properties":{"lines":"9, 114","color":"#0059a9","mode":"bus","arr":["9","114"],"angle":26,"extra":1,"ei":18}},{"type":"Feature","geometry":{"type":"Point","coordinates":[9.962084,56.225226]},"properties":{"lines":"9, 114","color":"#0059a9","mode":"bus","arr":["9","114"],"angle":25.1,"extra":1,"ei":19}},{"type":"Feature","geometry":{"type":"Point","coordinates":[9.95902,56.226018]},"properties":{"lines":"9, 114","color":"#0059a9","mode":"bus","arr":["9","114"],"angle":25.9,"extra":1,"ei":20}},{"type":"Feature","geometry":{"type":"Point","coordinates":[9.955985,56.226844]},"properties":{"lines":"9, 114","color":"#0059a9","mode":"bus","arr":["9","114"],"angle":24.8,"extra":1,"ei":21}},{"type":"Feature","geometry":{"type":"Point","coordinates":[9.952924,56.22764]},"properties":{"lines":"9, 114","color":"#0059a9","mode":"bus","arr":["9","114"],"angle":25.1,"extra":1,"ei":22}},{"type":"Feature","geometry":{"type":"Point","coordinates":[9.943416,56.229572]},"properties":{"lines":"9, 114","color":"#0059a9","mode":"bus","arr":["9","114"],"angle":22.2,"extra":1,"ei":23}},{"type":"Feature","geometry":{"type":"Point","coordinates":[9.940334,56.230341]},"properties":{"lines":"9, 114","color":"#0059a9","mode":"bus","arr":["9","114"],"angle":25.6,"extra":1,"ei":24}},{"type":"Feature","geometry":{"type":"Point","coordinates":[9.937289,56.231156]},"properties":{"lines":"9, 114","color":"#0059a9","mode":"bus","arr":["9","114"],"angle":25.6,"extra":1,"ei":25}},{"type":"Feature","geometry":{"type":"Point","coordinates":[9.934236,56.23196]},"properties":{"lines":"9, 114","color":"#0059a9","mode":"bus","arr":["9","114"],"angle":24.1,"extra":1,"ei":26}},{"type":"Feature","geometry":{"type":"Point","coordinates":[9.931135,56.232705]},"properties":{"lines":"9, 114","color":"#0059a9","mode":"bus","arr":["9","114"],"angle":21.3,"extra":1,"ei":27}},{"type":"Feature","geometry":{"type":"Point","coordinates":[9.927947,56.233325]},"properties":{"lines":"9, 114","color":"#0059a9","mode":"bus","arr":["9","114"],"angle":16.2,"extra":1,"ei":28}},{"type":"Feature","geometry":{"type":"Point","coordinates":[9.924694,56.233828]},"properties":{"lines":"9, 114","color":"#0059a9","mode":"bus","arr":["9","114"],"angle":13.8,"extra":1,"ei":29}},{"type":"Feature","geometry":{"type":"Point","coordinates":[9.921392,56.234216]},"properties":{"lines":"9, 114","color":"#0059a9","mode":"bus","arr":["9","114"],"angle":10.1,"extra":1,"ei":30}},{"type":"Feature","geometry":{"type":"Point","coordinates":[9.918054,56.234495]},"properties":{"lines":"9, 114","color":"#0059a9","mode":"bus","arr":["9","114"],"angle":8.2,"extra":1,"ei":31}},{"type":"Feature","geometry":{"type":"Point","coordinates":[9.914714,56.234766]},"properties":{"lines":"9, 114","color":"#0059a9","mode":"bus","arr":["9","114"],"angle":8.3,"extra":1,"ei":32}},{"type":"Feature","geometry":{"type":"Point","coordinates":[9.911375,56.235042]},"properties":{"lines":"9, 114","color":"#0059a9","mode":"bus","arr":["9","114"],"angle":8.5,"extra":1,"ei":33}},{"type":"Feature","geometry":{"type":"Point","coordinates":[9.908031,56.235299]},"properties":{"lines":"9, 114","color":"#0059a9","mode":"bus","arr":["9","114"],"angle":6.6,"extra":1,"ei":34}},{"type":"Feature","geometry":{"type":"Point","coordinates":[9.904667,56.235439]},"properties":{"lines":"9, 114","color":"#0059a9","mode":"bus","arr":["9","114"],"angle":1.2,"extra":1,"ei":35}},{"type":"Feature","geometry":{"type":"Point","coordinates":[9.901294,56.235391]},"properties":{"lines":"9, 114","color":"#0059a9","mode":"bus","arr":["9","114"],"angle":-2.9,"extra":1,"ei":36}},{"type":"Feature","geometry":{"type":"Point","coordinates":[9.897922,56.235316]},"properties":{"lines":"9, 114","color":"#0059a9","mode":"bus","arr":["9","114"],"angle":0,"extra":1,"ei":37}},{"type":"Feature","geometry":{"type":"Point","coordinates":[9.894551,56.235396]},"properties":{"lines":"9, 114","color":"#0059a9","mode":"bus","arr":["9","114"],"angle":4.3,"extra":1,"ei":38}},{"type":"Feature","geometry":{"type":"Point","coordinates":[9.891186,56.235542]},"properties":{"lines":"9, 114","color":"#0059a9","mode":"bus","arr":["9","114"],"angle":5,"extra":1,"ei":39}},{"type":"Feature","geometry":{"type":"Point","coordinates":[9.887866,56.235863]},"properties":{"lines":"9, 114","color":"#0059a9","mode":"bus","arr":["9","114"],"angle":2.1,"extra":1,"ei":40}},{"type":"Feature","geometry":{"type":"Point","coordinates":[9.884535,56.235581]},"properties":{"lines":"9, 114","color":"#0059a9","mode":"bus","arr":["9","114"],"angle":-10.3,"extra":1,"ei":41}},{"type":"Feature","geometry":{"type":"Point","coordinates":[9.881216,56.235238]},"properties":{"lines":"9, 114","color":"#0059a9","mode":"bus","arr":["9","114"],"angle":-10.6,"extra":1,"ei":42}},{"type":"Feature","geometry":{"type":"Point","coordinates":[9.8779,56.234886]},"properties":{"lines":"9, 114","color":"#0059a9","mode":"bus","arr":["9","114"],"angle":-10.4,"extra":1,"ei":43}},{"type":"Feature","geometry":{"type":"Point","coordinates":[9.87458,56.234544]},"properties":{"lines":"9, 114","color":"#0059a9","mode":"bus","arr":["9","114"],"angle":-10.4,"extra":1,"ei":44}},{"type":"Feature","geometry":{"type":"Point","coordinates":[9.871223,56.234383]},"properties":{"lines":"9, 114","color":"#0059a9","mode":"bus","arr":["9","114"],"angle":-1.1,"extra":1,"ei":45}},{"type":"Feature","geometry":{"type":"Point","coordinates":[9.868623,56.234356]},"properties":{"lines":"9, 114","color":"#0059a9","mode":"bus","arr":["9","114"],"angle":-0.5,"extra":1,"ei":0}},{"type":"Feature","geometry":{"type":"Point","coordinates":[9.860702,56.234468]},"properties":{"lines":"9, 114","color":"#0059a9","mode":"bus","arr":["9","114"],"angle":10.5,"extra":1,"ei":1}},{"type":"Feature","geometry":{"type":"Point","coordinates":[9.857385,56.234817]},"properties":{"lines":"9, 114","color":"#0059a9","mode":"bus","arr":["9","114"],"angle":8.4,"extra":1,"ei":2}},{"type":"Feature","geometry":{"type":"Point","coordinates":[10.025925,56.218695]},"properties":{"lines":"9","color":"#0059a9","mode":"bus","arr":["9"],"angle":-69.4}},{"type":"Feature","geometry":{"type":"Point","coordinates":[10.021846,56.211384]},"properties":{"lines":"9","color":"#0059a9","mode":"bus","arr":["9"],"angle":-57.4,"mi":3}},{"type":"Feature","geometry":{"type":"Point","coordinates":[10.024402,56.216427]},"properties":{"lines":"9","color":"#0059a9","mode":"bus","arr":["9"],"angle":-69.4,"extra":1,"ei":0}},{"type":"Feature","geometry":{"type":"Point","coordinates":[10.026775,56.219963]},"properties":{"lines":"9","color":"#0059a9","mode":"bus","arr":["9"],"angle":-69.4,"extra":1,"ei":1}},{"type":"Feature","geometry":{"type":"Point","coordinates":[10.027939,56.221736]},"properties":{"lines":"9","color":"#0059a9","mode":"bus","arr":["9"],"angle":-70.2,"extra":1,"ei":2}},{"type":"Feature","geometry":{"type":"Point","coordinates":[10.024141,56.213404]},"properties":{"lines":"9, 14","color":"#0059a9","mode":"bus","arr":["9","14"],"angle":-61.4}},{"type":"Feature","geometry":{"type":"Point","coordinates":[10.023384,56.212081]},"properties":{"lines":"9, 14","color":"#0059a9","mode":"bus","arr":["9","14"],"angle":-77.7,"extra":1,"ei":0}},{"type":"Feature","geometry":{"type":"Point","coordinates":[10.024656,56.215531]},"properties":{"lines":"9, 14","color":"#0059a9","mode":"bus","arr":["9","14"],"angle":-2.2,"mi":1}},{"type":"Feature","geometry":{"type":"Point","coordinates":[10.030974,56.215831]},"properties":{"lines":"14","color":"#0059a9","mode":"bus","arr":["14"],"angle":-5.2}},{"type":"Feature","geometry":{"type":"Point","coordinates":[10.027115,56.215639]},"properties":{"lines":"14","color":"#0059a9","mode":"bus","arr":["14"],"angle":-5,"extra":1,"ei":0}},{"type":"Feature","geometry":{"type":"Point","coordinates":[10.033843,56.215893]},"properties":{"lines":"14","color":"#0059a9","mode":"bus","arr":["14"],"angle":3.8,"extra":1,"ei":1}},{"type":"Feature","geometry":{"type":"Point","coordinates":[10.028721,56.222907]},"properties":{"lines":"9","color":"#0059a9","mode":"bus","arr":["9"],"angle":-69.5,"mi":1}},{"type":"Feature","geometry":{"type":"Point","coordinates":[10.018863,56.225686]},"properties":{"lines":"9","color":"#0059a9","mode":"bus","arr":["9"],"angle":53.5,"mi":2}},{"type":"Feature","geometry":{"type":"Point","coordinates":[10.027753,56.224014]},"properties":{"lines":"9","color":"#0059a9","mode":"bus","arr":["9"],"angle":-0.6,"extra":1,"ei":0}},{"type":"Feature","geometry":{"type":"Point","coordinates":[10.024398,56.223852]},"properties":{"lines":"9","color":"#0059a9","mode":"bus","arr":["9"],"angle":-7.8,"extra":1,"ei":1}},{"type":"Feature","geometry":{"type":"Point","coordinates":[10.021241,56.224335]},"properties":{"lines":"9","color":"#0059a9","mode":"bus","arr":["9"],"angle":29.7,"extra":1,"ei":2}},{"type":"Feature","geometry":{"type":"Point","coordinates":[10.01685,56.227162]},"properties":{"lines":"9","color":"#0059a9","mode":"bus","arr":["9"],"angle":51.7,"extra":1,"ei":3}},{"type":"Feature","geometry":{"type":"Point","coordinates":[10.014437,56.228452]},"properties":{"lines":"9","color":"#0059a9","mode":"bus","arr":["9"],"angle":32.5,"extra":1,"ei":4}},{"type":"Feature","geometry":{"type":"Point","coordinates":[10.012329,56.229876]},"properties":{"lines":"9","color":"#0059a9","mode":"bus","arr":["9"],"angle":58,"extra":1,"ei":5}},{"type":"Feature","geometry":{"type":"Point","coordinates":[10.002887,56.235005]},"properties":{"lines":"9","color":"#0059a9","mode":"bus","arr":["9"],"angle":21.2}},{"type":"Feature","geometry":{"type":"Point","coordinates":[9.991681,56.237431]},"properties":{"lines":"9","color":"#0059a9","mode":"bus","arr":["9"],"angle":21.2,"extra":1,"ei":0}},{"type":"Feature","geometry":{"type":"Point","coordinates":[9.994829,56.23675]},"properties":{"lines":"9","color":"#0059a9","mode":"bus","arr":["9"],"angle":21.2,"extra":1,"ei":1}},{"type":"Feature","geometry":{"type":"Point","coordinates":[9.997976,56.236068]},"properties":{"lines":"9","color":"#0059a9","mode":"bus","arr":["9"],"angle":21.2,"extra":1,"ei":2}},{"type":"Feature","geometry":{"type":"Point","coordinates":[10.007082,56.233879]},"properties":{"lines":"9","color":"#0059a9","mode":"bus","arr":["9"],"angle":87.1,"extra":1,"ei":3}},{"type":"Feature","geometry":{"type":"Point","coordinates":[10.006715,56.23201]},"properties":{"lines":"9","color":"#0059a9","mode":"bus","arr":["9"],"angle":80.3,"extra":1,"ei":4}},{"type":"Feature","geometry":{"type":"Point","coordinates":[10.009574,56.231312]},"properties":{"lines":"9","color":"#0059a9","mode":"bus","arr":["9"],"angle":16.7,"extra":1,"ei":5}},{"type":"Feature","geometry":{"type":"Point","coordinates":[9.975946,56.238892]},"properties":{"lines":"9","color":"#0059a9","mode":"bus","arr":["9"],"angle":15.1}},{"type":"Feature","geometry":{"type":"Point","coordinates":[9.963658,56.240844]},"properties":{"lines":"9","color":"#0059a9","mode":"bus","arr":["9"],"angle":20.7,"extra":1,"ei":0}},{"type":"Feature","geometry":{"type":"Point","coordinates":[9.966558,56.239989]},"properties":{"lines":"9","color":"#0059a9","mode":"bus","arr":["9"],"angle":31.7,"extra":1,"ei":1}},{"type":"Feature","geometry":{"type":"Point","coordinates":[9.969876,56.239704]},"properties":{"lines":"9","color":"#0059a9","mode":"bus","arr":["9"],"angle":10,"extra":1,"ei":2}},{"type":"Feature","geometry":{"type":"Point","coordinates":[9.973172,56.239336]},"properties":{"lines":"9","color":"#0059a9","mode":"bus","arr":["9"],"angle":21.3,"extra":1,"ei":3}},{"type":"Feature","geometry":{"type":"Point","coordinates":[9.979675,56.238326]},"properties":{"lines":"9","color":"#0059a9","mode":"bus","arr":["9"],"angle":15.2,"extra":1,"ei":4}},{"type":"Feature","geometry":{"type":"Point","coordinates":[9.98293,56.237826]},"properties":{"lines":"9","color":"#0059a9","mode":"bus","arr":["9"],"angle":15.4,"extra":1,"ei":5}},{"type":"Feature","geometry":{"type":"Point","coordinates":[9.986184,56.237325]},"properties":{"lines":"9","color":"#0059a9","mode":"bus","arr":["9"],"angle":12,"extra":1,"ei":6}},{"type":"Feature","geometry":{"type":"Point","coordinates":[9.989466,56.23767]},"properties":{"lines":"9","color":"#0059a9","mode":"bus","arr":["9"],"angle":-14.3,"extra":1,"ei":7}},{"type":"Feature","geometry":{"type":"Point","coordinates":[9.977871,56.234829]},"properties":{"lines":"9","color":"#0059a9","mode":"bus","arr":["9"],"angle":-47.8,"mi":1}},{"type":"Feature","geometry":{"type":"Point","coordinates":[9.979728,56.237343]},"properties":{"lines":"9","color":"#0059a9","mode":"bus","arr":["9"],"angle":-79.3,"extra":1,"ei":0}},{"type":"Feature","geometry":{"type":"Point","coordinates":[9.973352,56.234485]},"properties":{"lines":"9","color":"#0059a9","mode":"bus","arr":["9"],"angle":14,"extra":1,"ei":1}},{"type":"Feature","geometry":{"type":"Point","coordinates":[9.976081,56.228128]},"properties":{"lines":"9","color":"#0059a9","mode":"bus","arr":["9"],"angle":73.4,"mi":3}},{"type":"Feature","geometry":{"type":"Point","coordinates":[9.977298,56.221674]},"properties":{"lines":"9","color":"#0059a9","mode":"bus","arr":["9"],"angle":87.9,"extra":1,"ei":0}},{"type":"Feature","geometry":{"type":"Point","coordinates":[9.977153,56.22356]},"properties":{"lines":"9","color":"#0059a9","mode":"bus","arr":["9"],"angle":88.5,"extra":1,"ei":1}},{"type":"Feature","geometry":{"type":"Point","coordinates":[9.977001,56.225445]},"properties":{"lines":"9","color":"#0059a9","mode":"bus","arr":["9"],"angle":81.3,"extra":1,"ei":2}},{"type":"Feature","geometry":{"type":"Point","coordinates":[9.973366,56.230629]},"properties":{"lines":"9","color":"#0059a9","mode":"bus","arr":["9"],"angle":57,"extra":1,"ei":3}},{"type":"Feature","geometry":{"type":"Point","coordinates":[9.971794,56.232282]},"properties":{"lines":"9","color":"#0059a9","mode":"bus","arr":["9"],"angle":76.8,"extra":1,"ei":4}},{"type":"Feature","geometry":{"type":"Point","coordinates":[9.9711,56.23413]},"properties":{"lines":"9","color":"#0059a9","mode":"bus","arr":["9"],"angle":78.3,"extra":1,"ei":5}},{"type":"Feature","geometry":{"type":"Point","coordinates":[9.866528,56.234924]},"properties":{"lines":"9","color":"#0059a9","mode":"bus","arr":["9"],"angle":44.9,"mi":2}},{"type":"Feature","geometry":{"type":"Point","coordinates":[9.869175,56.238128]},"properties":{"lines":"9","color":"#0059a9","mode":"bus","arr":["9"],"angle":-55.6}},{"type":"Feature","geometry":{"type":"Point","coordinates":[9.866609,56.236085]},"properties":{"lines":"9","color":"#0059a9","mode":"bus","arr":["9"],"angle":-54.3,"extra":1,"ei":0}},{"type":"Feature","geometry":{"type":"Point","coordinates":[9.870403,56.239207]},"properties":{"lines":"9","color":"#0059a9","mode":"bus","arr":["9"],"angle":-59.4,"extra":1,"ei":1}},{"type":"Feature","geometry":{"type":"Point","coordinates":[9.872055,56.240853]},"properties":{"lines":"9","color":"#0059a9","mode":"bus","arr":["9"],"angle":-61.9,"extra":1,"ei":2}},{"type":"Feature","geometry":{"type":"Point","coordinates":[9.868537,56.242312]},"properties":{"lines":"9","color":"#0059a9","mode":"bus","arr":["9"],"angle":26.7,"mi":1}},{"type":"Feature","geometry":{"type":"Point","coordinates":[9.861703,56.244027]},"properties":{"lines":"9","color":"#0059a9","mode":"bus","arr":["9"],"angle":40.8,"mi":3}},{"type":"Feature","geometry":{"type":"Point","coordinates":[9.870796,56.241538]},"properties":{"lines":"9","color":"#0059a9","mode":"bus","arr":["9"],"angle":29.9,"extra":1,"ei":0}},{"type":"Feature","geometry":{"type":"Point","coordinates":[9.864681,56.243081]},"properties":{"lines":"9","color":"#0059a9","mode":"bus","arr":["9"],"angle":23.2,"extra":1,"ei":1}},{"type":"Feature","geometry":{"type":"Point","coordinates":[9.860264,56.244961]},"properties":{"lines":"9","color":"#0059a9","mode":"bus","arr":["9"],"angle":56.4,"extra":1,"ei":0}},{"type":"Feature","geometry":{"type":"Point","coordinates":[9.85869,56.248454]},"properties":{"lines":"9, 114","color":"#0059a9","mode":"bus","arr":["9","114"],"angle":-89.8}},{"type":"Feature","geometry":{"type":"Point","coordinates":[9.85562,56.23807]},"properties":{"lines":"9, 114","color":"#0059a9","mode":"bus","arr":["9","114"],"angle":-85.1}},{"type":"Feature","geometry":{"type":"Point","coordinates":[9.861561,56.254771]},"properties":{"lines":"9, 114","color":"#0059a9","mode":"bus","arr":["9","114"],"angle":-89.5,"extra":1,"ei":0}},{"type":"Feature","geometry":{"type":"Point","coordinates":[9.860895,56.252925]},"properties":{"lines":"9, 114","color":"#0059a9","mode":"bus","arr":["9","114"],"angle":-76.6,"extra":1,"ei":1}},{"type":"Feature","geometry":{"type":"Point","coordinates":[9.859918,56.25112]},"properties":{"lines":"9, 114","color":"#0059a9","mode":"bus","arr":["9","114"],"angle":-69.3,"extra":1,"ei":2}},{"type":"Feature","geometry":{"type":"Point","coordinates":[9.859593,56.245627]},"properties":{"lines":"9, 114","color":"#0059a9","mode":"bus","arr":["9","114"],"angle":65.5,"extra":1,"ei":3}},{"type":"Feature","geometry":{"type":"Point","coordinates":[9.858701,56.243937]},"properties":{"lines":"9, 114","color":"#0059a9","mode":"bus","arr":["9","114"],"angle":-71.3,"extra":1,"ei":4}},{"type":"Feature","geometry":{"type":"Point","coordinates":[9.857351,56.242206]},"properties":{"lines":"9, 114","color":"#0059a9","mode":"bus","arr":["9","114"],"angle":-65.2,"extra":1,"ei":5}},{"type":"Feature","geometry":{"type":"Point","coordinates":[9.856059,56.240266]},"properties":{"lines":"9, 114","color":"#0059a9","mode":"bus","arr":["9","114"],"angle":-76.7,"extra":1,"ei":0}},{"type":"Feature","geometry":{"type":"Point","coordinates":[9.855379,56.236511]},"properties":{"lines":"9, 114","color":"#0059a9","mode":"bus","arr":["9","114"],"angle":-85.3,"extra":1,"ei":1}},{"type":"Feature","geometry":{"type":"Point","coordinates":[9.862309,56.256513]},"properties":{"lines":"9, 114, 314","color":"#0059a9","mode":"bus","arr":["9","114","314"],"angle":-81.6}},{"type":"Feature","geometry":{"type":"Point","coordinates":[9.966964,56.245507]},"properties":{"lines":"9","color":"#0059a9","mode":"bus","arr":["9"],"angle":-53.8,"mi":2}},{"type":"Feature","geometry":{"type":"Point","coordinates":[9.962105,56.241724]},"properties":{"lines":"9","color":"#0059a9","mode":"bus","arr":["9"],"angle":-74,"extra":1,"ei":0}},{"type":"Feature","geometry":{"type":"Point","coordinates":[9.964054,56.24326]},"properties":{"lines":"9","color":"#0059a9","mode":"bus","arr":["9"],"angle":-53.2,"extra":1,"ei":1}},{"type":"Feature","geometry":{"type":"Point","coordinates":[9.970033,56.247832]},"properties":{"lines":"9","color":"#0059a9","mode":"bus","arr":["9"],"angle":-53.7,"extra":1,"ei":2}},{"type":"Feature","geometry":{"type":"Point","coordinates":[9.972031,56.249354]},"properties":{"lines":"9","color":"#0059a9","mode":"bus","arr":["9"],"angle":-51.6,"extra":1,"ei":3}},{"type":"Feature","geometry":{"type":"Point","coordinates":[9.96998,56.252149]},"properties":{"lines":"9","color":"#0059a9","mode":"bus","arr":["9"],"angle":55.5,"mi":4}},{"type":"Feature","geometry":{"type":"Point","coordinates":[9.97193,56.250703]},"properties":{"lines":"9","color":"#0059a9","mode":"bus","arr":["9"],"angle":50.2,"extra":1,"ei":0}},{"type":"Feature","geometry":{"type":"Point","coordinates":[9.967993,56.253768]},"properties":{"lines":"9","color":"#0059a9","mode":"bus","arr":["9"],"angle":55.5,"extra":1,"ei":1}},{"type":"Feature","geometry":{"type":"Point","coordinates":[9.893827,56.261803]},"properties":{"lines":"9, 314","color":"#0059a9","mode":"bus","arr":["9","314"],"angle":-8.7}},{"type":"Feature","geometry":{"type":"Point","coordinates":[9.909557,56.263244]},"properties":{"lines":"9, 314","color":"#0059a9","mode":"bus","arr":["9","314"],"angle":-9.3,"extra":1,"ei":0}},{"type":"Feature","geometry":{"type":"Point","coordinates":[9.906226,56.26294]},"properties":{"lines":"9, 314","color":"#0059a9","mode":"bus","arr":["9","314"],"angle":-9.3,"extra":1,"ei":1}},{"type":"Feature","geometry":{"type":"Point","coordinates":[9.902895,56.262637]},"properties":{"lines":"9, 314","color":"#0059a9","mode":"bus","arr":["9","314"],"angle":-9.3,"extra":1,"ei":2}},{"type":"Feature","geometry":{"type":"Point","coordinates":[9.899563,56.262333]},"properties":{"lines":"9, 314","color":"#0059a9","mode":"bus","arr":["9","314"],"angle":-9.3,"extra":1,"ei":3}},{"type":"Feature","geometry":{"type":"Point","coordinates":[9.896232,56.262028]},"properties":{"lines":"9, 314","color":"#0059a9","mode":"bus","arr":["9","314"],"angle":-9.6,"extra":1,"ei":4}},{"type":"Feature","geometry":{"type":"Point","coordinates":[9.889568,56.261426]},"properties":{"lines":"9, 314","color":"#0059a9","mode":"bus","arr":["9","314"],"angle":-9.7,"extra":1,"ei":5}},{"type":"Feature","geometry":{"type":"Point","coordinates":[9.886268,56.261039]},"properties":{"lines":"9, 314","color":"#0059a9","mode":"bus","arr":["9","314"],"angle":-16.5,"extra":1,"ei":6}},{"type":"Feature","geometry":{"type":"Point","coordinates":[9.883101,56.260388]},"properties":{"lines":"9, 314","color":"#0059a9","mode":"bus","arr":["9","314"],"angle":-18.1,"extra":1,"ei":7}},{"type":"Feature","geometry":{"type":"Point","coordinates":[9.879783,56.260087]},"properties":{"lines":"9, 314","color":"#0059a9","mode":"bus","arr":["9","314"],"angle":-1.2,"extra":1,"ei":8}},{"type":"Feature","geometry":{"type":"Point","coordinates":[9.873442,56.259788]},"properties":{"lines":"9, 314","color":"#0059a9","mode":"bus","arr":["9","314"],"angle":-21,"mi":2}},{"type":"Feature","geometry":{"type":"Point","coordinates":[9.866352,56.258284]},"properties":{"lines":"9, 314","color":"#0059a9","mode":"bus","arr":["9","314"],"angle":-18.5}},{"type":"Feature","geometry":{"type":"Point","coordinates":[9.862411,56.257478]},"properties":{"lines":"9, 314","color":"#0059a9","mode":"bus","arr":["9","314"],"angle":-68,"mi":1}},{"type":"Feature","geometry":{"type":"Point","coordinates":[10.189972,56.143758]},"properties":{"lines":"11, 42","color":"#0059a9","mode":"bus","arr":["11","42"],"angle":56.7}},{"type":"Feature","geometry":{"type":"Point","coordinates":[10.159415,56.130427]},"properties":{"lines":"11, 42","color":"#0059a9","mode":"bus","arr":["11","42"],"angle":35.2,"mi":3}},{"type":"Feature","geometry":{"type":"Point","coordinates":[10.073702,56.128047]},"properties":{"lines":"11","color":"#0059a9","mode":"bus","arr":["11"],"angle":-13.4}},{"type":"Feature","geometry":{"type":"Point","coordinates":[10.098134,56.129526]},"properties":{"lines":"11","color":"#0059a9","mode":"bus","arr":["11"],"angle":9.8,"extra":1,"ei":0}},{"type":"Feature","geometry":{"type":"Point","coordinates":[10.09477,56.129634]},"properties":{"lines":"11","color":"#0059a9","mode":"bus","arr":["11"],"angle":0.4,"extra":1,"ei":1}},{"type":"Feature","geometry":{"type":"Point","coordinates":[10.091394,56.129646]},"properties":{"lines":"11","color":"#0059a9","mode":"bus","arr":["11"],"angle":0.4,"extra":1,"ei":2}},{"type":"Feature","geometry":{"type":"Point","coordinates":[10.088019,56.129659]},"properties":{"lines":"11","color":"#0059a9","mode":"bus","arr":["11"],"angle":0.4,"extra":1,"ei":3}},{"type":"Feature","geometry":{"type":"Point","coordinates":[10.084647,56.129621]},"properties":{"lines":"11","color":"#0059a9","mode":"bus","arr":["11"],"angle":-7.2,"extra":1,"ei":4}},{"type":"Feature","geometry":{"type":"Point","coordinates":[10.081377,56.129161]},"properties":{"lines":"11","color":"#0059a9","mode":"bus","arr":["11"],"angle":-15.6,"extra":1,"ei":5}},{"type":"Feature","geometry":{"type":"Point","coordinates":[10.07813,56.128647]},"properties":{"lines":"11","color":"#0059a9","mode":"bus","arr":["11"],"angle":-14.4,"extra":1,"ei":6}},{"type":"Feature","geometry":{"type":"Point","coordinates":[10.071567,56.127762]},"properties":{"lines":"11","color":"#0059a9","mode":"bus","arr":["11"],"angle":-14.8,"extra":1,"ei":7}},{"type":"Feature","geometry":{"type":"Point","coordinates":[10.068424,56.12708]},"properties":{"lines":"11","color":"#0059a9","mode":"bus","arr":["11"],"angle":-22.9,"extra":1,"ei":8}},{"type":"Feature","geometry":{"type":"Point","coordinates":[10.065314,56.126346]},"properties":{"lines":"11","color":"#0059a9","mode":"bus","arr":["11"],"angle":-23,"extra":1,"ei":9}},{"type":"Feature","geometry":{"type":"Point","coordinates":[10.0622,56.125617]},"properties":{"lines":"11","color":"#0059a9","mode":"bus","arr":["11"],"angle":-22.1,"extra":1,"ei":10}},{"type":"Feature","geometry":{"type":"Point","coordinates":[10.059092,56.124882]},"properties":{"lines":"11","color":"#0059a9","mode":"bus","arr":["11"],"angle":-24.3,"extra":1,"ei":11}},{"type":"Feature","geometry":{"type":"Point","coordinates":[10.055968,56.124168]},"properties":{"lines":"11","color":"#0059a9","mode":"bus","arr":["11"],"angle":-21.4,"extra":1,"ei":12}},{"type":"Feature","geometry":{"type":"Point","coordinates":[10.052829,56.123473]},"properties":{"lines":"11","color":"#0059a9","mode":"bus","arr":["11"],"angle":-21.5,"extra":1,"ei":13}},{"type":"Feature","geometry":{"type":"Point","coordinates":[10.049583,56.12297]},"properties":{"lines":"11","color":"#0059a9","mode":"bus","arr":["11"],"angle":-18.2,"extra":1,"ei":14}},{"type":"Feature","geometry":{"type":"Point","coordinates":[10.041281,56.123441]},"properties":{"lines":"11","color":"#0059a9","mode":"bus","arr":["11"],"angle":-1.3}},{"type":"Feature","geometry":{"type":"Point","coordinates":[10.033608,56.122564]},"properties":{"lines":"11","color":"#0059a9","mode":"bus","arr":["11"],"angle":18,"mi":1}},{"type":"Feature","geometry":{"type":"Point","coordinates":[10.047405,56.123125]},"properties":{"lines":"11","color":"#0059a9","mode":"bus","arr":["11"],"angle":6.1,"extra":1,"ei":0}},{"type":"Feature","geometry":{"type":"Point","coordinates":[10.044048,56.123323]},"properties":{"lines":"11","color":"#0059a9","mode":"bus","arr":["11"],"angle":6,"extra":1,"ei":1}},{"type":"Feature","geometry":{"type":"Point","coordinates":[10.037352,56.123132]},"properties":{"lines":"11","color":"#0059a9","mode":"bus","arr":["11"],"angle":-13.2,"extra":1,"ei":2}},{"type":"Feature","geometry":{"type":"Point","coordinates":[10.140241,56.128266]},"properties":{"lines":"11, 42","color":"#0059a9","mode":"bus","arr":["11","42"],"angle":-53}},{"type":"Feature","geometry":{"type":"Point","coordinates":[10.109408,56.128807]},"properties":{"lines":"11, 42","color":"#0059a9","mode":"bus","arr":["11","42"],"angle":2.9,"mi":1}},{"type":"Feature","geometry":{"type":"Point","coordinates":[10.101594,56.129186]},"properties":{"lines":"11, 42","color":"#0059a9","mode":"bus","arr":["11","42"],"angle":9.8,"mi":2}},{"type":"Feature","geometry":{"type":"Point","coordinates":[10.157256,56.130268]},"properties":{"lines":"11, 42","color":"#0059a9","mode":"bus","arr":["11","42"],"angle":-12.8,"extra":1,"ei":0}},{"type":"Feature","geometry":{"type":"Point","coordinates":[10.153968,56.129843]},"properties":{"lines":"11, 42","color":"#0059a9","mode":"bus","arr":["11","42"],"angle":-13.1,"extra":1,"ei":1}},{"type":"Feature","geometry":{"type":"Point","coordinates":[10.150688,56.129397]},"properties":{"lines":"11, 42","color":"#0059a9","mode":"bus","arr":["11","42"],"angle":-14.1,"extra":1,"ei":2}},{"type":"Feature","geometry":{"type":"Point","coordinates":[10.147394,56.128987]},"properties":{"lines":"11, 42","color":"#0059a9","mode":"bus","arr":["11","42"],"angle":-10,"extra":1,"ei":3}},{"type":"Feature","geometry":{"type":"Point","coordinates":[10.144063,56.128685]},"properties":{"lines":"11, 42","color":"#0059a9","mode":"bus","arr":["11","42"],"angle":-8.5,"extra":1,"ei":4}},{"type":"Feature","geometry":{"type":"Point","coordinates":[10.139054,56.126872]},"properties":{"lines":"11, 42","color":"#0059a9","mode":"bus","arr":["11","42"],"angle":-52.8,"extra":1,"ei":5}},{"type":"Feature","geometry":{"type":"Point","coordinates":[10.136536,56.125779]},"properties":{"lines":"11, 42","color":"#0059a9","mode":"bus","arr":["11","42"],"angle":19,"extra":1,"ei":6}},{"type":"Feature","geometry":{"type":"Point","coordinates":[10.133965,56.127]},"properties":{"lines":"11, 42","color":"#0059a9","mode":"bus","arr":["11","42"],"angle":41.9,"extra":1,"ei":7}},{"type":"Feature","geometry":{"type":"Point","coordinates":[10.131458,56.128263]},"properties":{"lines":"11, 42","color":"#0059a9","mode":"bus","arr":["11","42"],"angle":35.7,"extra":1,"ei":8}},{"type":"Feature","geometry":{"type":"Point","coordinates":[10.128237,56.128566]},"properties":{"lines":"11, 42","color":"#0059a9","mode":"bus","arr":["11","42"],"angle":-9.6,"extra":1,"ei":9}},{"type":"Feature","geometry":{"type":"Point","coordinates":[10.113847,56.128661]},"properties":{"lines":"11, 42","color":"#0059a9","mode":"bus","arr":["11","42"],"angle":3.5,"extra":1,"ei":0}},{"type":"Feature","geometry":{"type":"Point","coordinates":[10.107107,56.128877]},"properties":{"lines":"11, 42","color":"#0059a9","mode":"bus","arr":["11","42"],"angle":3.3,"extra":1,"ei":1}},{"type":"Feature","geometry":{"type":"Point","coordinates":[10.103739,56.128992]},"properties":{"lines":"11, 42","color":"#0059a9","mode":"bus","arr":["11","42"],"angle":6.4,"extra":1,"ei":2}},{"type":"Feature","geometry":{"type":"Point","coordinates":[10.116296,56.13254]},"properties":{"lines":"11, 42","color":"#0059a9","mode":"bus","arr":["11","42"],"angle":86.1}},{"type":"Feature","geometry":{"type":"Point","coordinates":[10.116577,56.135454]},"properties":{"lines":"11, 42","color":"#0059a9","mode":"bus","arr":["11","42"],"angle":-63.1,"extra":1,"ei":0}},{"type":"Feature","geometry":{"type":"Point","coordinates":[10.11596,56.129857]},"properties":{"lines":"11, 42","color":"#0059a9","mode":"bus","arr":["11","42"],"angle":-78.5,"extra":1,"ei":1}},{"type":"Feature","geometry":{"type":"Point","coordinates":[10.124278,56.133498]},"properties":{"lines":"11, 42","color":"#0059a9","mode":"bus","arr":["11","42"],"angle":65.3,"mi":3}},{"type":"Feature","geometry":{"type":"Point","coordinates":[10.118902,56.135795]},"properties":{"lines":"11, 42","color":"#0059a9","mode":"bus","arr":["11","42"],"angle":29.4,"extra":1,"ei":0}},{"type":"Feature","geometry":{"type":"Point","coordinates":[10.121832,56.134858]},"properties":{"lines":"11, 42","color":"#0059a9","mode":"bus","arr":["11","42"],"angle":30.2,"extra":1,"ei":1}},{"type":"Feature","geometry":{"type":"Point","coordinates":[10.124996,56.131748]},"properties":{"lines":"11, 42","color":"#0059a9","mode":"bus","arr":["11","42"],"angle":79.9,"extra":1,"ei":2}},{"type":"Feature","geometry":{"type":"Point","coordinates":[10.125453,56.12988]},"properties":{"lines":"11, 42","color":"#0059a9","mode":"bus","arr":["11","42"],"angle":-86.6,"extra":1,"ei":3}},{"type":"Feature","geometry":{"type":"Point","coordinates":[10.161936,56.128775]},"properties":{"lines":"11, 42","color":"#0059a9","mode":"bus","arr":["11","42"],"angle":33.3,"side":-1,"mi":1}},{"type":"Feature","geometry":{"type":"Point","coordinates":[10.163051,56.128469]},"properties":{"lines":"11, 42","color":"#0059a9","mode":"bus","arr":["11","42"],"angle":30.6}},{"type":"Feature","geometry":{"type":"Point","coordinates":[10.165815,56.129907]},"properties":{"lines":"11, 42","color":"#0059a9","mode":"bus","arr":["11","42"],"angle":38.2,"mi":2}},{"type":"Feature","geometry":{"type":"Point","coordinates":[10.168348,56.12988]},"properties":{"lines":"11, 42","color":"#0059a9","mode":"bus","arr":["11","42"],"angle":-9.9,"mi":4}},{"type":"Feature","geometry":{"type":"Point","coordinates":[10.172276,56.130212]},"properties":{"lines":"11, 42","color":"#0059a9","mode":"bus","arr":["11","42"],"angle":-8.4,"extra":1,"ei":0}},{"type":"Feature","geometry":{"type":"Point","coordinates":[10.165719,56.129398]},"properties":{"lines":"11, 42","color":"#0059a9","mode":"bus","arr":["11","42"],"angle":-27.4,"extra":1,"ei":1}},{"type":"Feature","geometry":{"type":"Point","coordinates":[10.181577,56.131444]},"properties":{"lines":"11, 13, 42","color":"#0059a9","mode":"bus","arr":["11","13","42"],"angle":-15.8}},{"type":"Feature","geometry":{"type":"Point","coordinates":[10.175605,56.13052]},"properties":{"lines":"11, 13, 42","color":"#0059a9","mode":"bus","arr":["11","13","42"],"angle":-12.9,"extra":1,"ei":0}},{"type":"Feature","geometry":{"type":"Point","coordinates":[10.178863,56.131013]},"properties":{"lines":"11, 13, 42","color":"#0059a9","mode":"bus","arr":["11","13","42"],"angle":-15.9,"extra":1,"ei":1}},{"type":"Feature","geometry":{"type":"Point","coordinates":[10.185357,56.132044]},"properties":{"lines":"11, 13, 42","color":"#0059a9","mode":"bus","arr":["11","13","42"],"angle":-15.8,"extra":1,"ei":2}},{"type":"Feature","geometry":{"type":"Point","coordinates":[10.188606,56.132556]},"properties":{"lines":"11, 13, 42","color":"#0059a9","mode":"bus","arr":["11","13","42"],"angle":-15.6,"extra":1,"ei":3}},{"type":"Feature","geometry":{"type":"Point","coordinates":[10.189957,56.134463]},"properties":{"lines":"11, 13, 16, 18, 42","color":"#0059a9","mode":"bus","arr":["11","13","16","18","42"],"angle":81.5}},{"type":"Feature","geometry":{"type":"Point","coordinates":[10.190101,56.138088]},"properties":{"lines":"11, 13, 16, 42","color":"#0059a9","mode":"bus","arr":["11","13","16","42"],"angle":-85.6}},{"type":"Feature","geometry":{"type":"Point","coordinates":[10.190544,56.141383]},"properties":{"lines":"11, 13, 42","color":"#0059a9","mode":"bus","arr":["11","13","42"],"angle":-84.8}},{"type":"Feature","geometry":{"type":"Point","coordinates":[10.190316,56.140074]},"properties":{"lines":"11, 13, 42","color":"#0059a9","mode":"bus","arr":["11","13","42"],"angle":-81.7,"extra":1,"ei":0}},{"type":"Feature","geometry":{"type":"Point","coordinates":[10.087232,56.152855]},"properties":{"lines":"11, 12, 113","color":"#0059a9","mode":"bus","arr":["11","12","113"],"angle":-6.7}},{"type":"Feature","geometry":{"type":"Point","coordinates":[10.096851,56.153495]},"properties":{"lines":"11, 12, 113","color":"#0059a9","mode":"bus","arr":["11","12","113"],"angle":-9,"extra":1,"ei":0}},{"type":"Feature","geometry":{"type":"Point","coordinates":[10.0935,56.153269]},"properties":{"lines":"11, 12, 113","color":"#0059a9","mode":"bus","arr":["11","12","113"],"angle":-6.6,"extra":1,"ei":1}},{"type":"Feature","geometry":{"type":"Point","coordinates":[10.090148,56.153048]},"properties":{"lines":"11, 12, 113","color":"#0059a9","mode":"bus","arr":["11","12","113"],"angle":-6.7,"extra":1,"ei":2}},{"type":"Feature","geometry":{"type":"Point","coordinates":[10.083445,56.152602]},"properties":{"lines":"11, 12, 113","color":"#0059a9","mode":"bus","arr":["11","12","113"],"angle":-6.7,"extra":1,"ei":3}},{"type":"Feature","geometry":{"type":"Point","coordinates":[10.080092,56.152386]},"properties":{"lines":"11, 12, 113","color":"#0059a9","mode":"bus","arr":["11","12","113"],"angle":-6.6,"extra":1,"ei":4}},{"type":"Feature","geometry":{"type":"Point","coordinates":[10.076732,56.152253]},"properties":{"lines":"11, 12, 113","color":"#0059a9","mode":"bus","arr":["11","12","113"],"angle":6.3,"extra":1,"ei":5}},{"type":"Feature","geometry":{"type":"Point","coordinates":[10.035779,56.153242]},"properties":{"lines":"11, 113","color":"#0059a9","mode":"bus","arr":["11","113"],"angle":-12.3}},{"type":"Feature","geometry":{"type":"Point","coordinates":[10.125653,56.152459]},"properties":{"lines":"11, 113","color":"#0059a9","mode":"bus","arr":["11","113"],"angle":1.9,"mi":2}},{"type":"Feature","geometry":{"type":"Point","coordinates":[10.067739,56.152179]},"properties":{"lines":"11, 113","color":"#0059a9","mode":"bus","arr":["11","113"],"angle":10.8,"side":-1,"mi":1}},{"type":"Feature","geometry":{"type":"Point","coordinates":[10.104916,56.153993]},"properties":{"lines":"11, 113","color":"#0059a9","mode":"bus","arr":["11","113"],"angle":8.7,"mi":1}},{"type":"Feature","geometry":{"type":"Point","coordinates":[10.05494,56.15284]},"properties":{"lines":"11, 113","color":"#0059a9","mode":"bus","arr":["11","113"],"angle":-86.4}},{"type":"Feature","geometry":{"type":"Point","coordinates":[10.111328,56.153216]},"properties":{"lines":"11, 113","color":"#0059a9","mode":"bus","arr":["11","113"],"angle":-85.4,"side":-1}},{"type":"Feature","geometry":{"type":"Point","coordinates":[10.1347,56.152995]},"properties":{"lines":"11, 113","color":"#0059a9","mode":"bus","arr":["11","113"],"angle":-7.8,"extra":1,"ei":0}},{"type":"Feature","geometry":{"type":"Point","coordinates":[10.10009,56.154013]},"properties":{"lines":"11, 113","color":"#0059a9","mode":"bus","arr":["11","113"],"angle":-12.9,"extra":1,"ei":0}},{"type":"Feature","geometry":{"type":"Point","coordinates":[10.073329,56.151981]},"properties":{"lines":"11, 113","color":"#0059a9","mode":"bus","arr":["11","113"],"angle":-8.5,"extra":1,"ei":0}},{"type":"Feature","geometry":{"type":"Point","coordinates":[10.069966,56.152011]},"properties":{"lines":"11, 113","color":"#0059a9","mode":"bus","arr":["11","113"],"angle":8.7,"extra":1,"ei":1}},{"type":"Feature","geometry":{"type":"Point","coordinates":[10.018379,56.152212]},"properties":{"lines":"11, 113","color":"#0059a9","mode":"bus","arr":["11","113"],"angle":-3.5,"extra":1,"ei":0}},{"type":"Feature","geometry":{"type":"Point","coordinates":[10.021748,56.152328]},"properties":{"lines":"11, 113","color":"#0059a9","mode":"bus","arr":["11","113"],"angle":-3.5,"extra":1,"ei":1}},{"type":"Feature","geometry":{"type":"Point","coordinates":[10.025117,56.152444]},"properties":{"lines":"11, 113","color":"#0059a9","mode":"bus","arr":["11","113"],"angle":-3.5,"extra":1,"ei":2}},{"type":"Feature","geometry":{"type":"Point","coordinates":[10.028486,56.152561]},"properties":{"lines":"11, 113","color":"#0059a9","mode":"bus","arr":["11","113"],"angle":-3.6,"extra":1,"ei":3}},{"type":"Feature","geometry":{"type":"Point","coordinates":[10.03184,56.152748]},"properties":{"lines":"11, 113","color":"#0059a9","mode":"bus","arr":["11","113"],"angle":-11.8,"extra":1,"ei":4}},{"type":"Feature","geometry":{"type":"Point","coordinates":[10.038463,56.153445]},"properties":{"lines":"11, 113","color":"#0059a9","mode":"bus","arr":["11","113"],"angle":-0.6,"extra":1,"ei":5}},{"type":"Feature","geometry":{"type":"Point","coordinates":[10.041833,56.15334]},"properties":{"lines":"11, 113","color":"#0059a9","mode":"bus","arr":["11","113"],"angle":3.9,"extra":1,"ei":6}},{"type":"Feature","geometry":{"type":"Point","coordinates":[10.045201,56.153213]},"properties":{"lines":"11, 113","color":"#0059a9","mode":"bus","arr":["11","113"],"angle":3.8,"extra":1,"ei":7}},{"type":"Feature","geometry":{"type":"Point","coordinates":[10.048568,56.153086]},"properties":{"lines":"11, 113","color":"#0059a9","mode":"bus","arr":["11","113"],"angle":4,"extra":1,"ei":8}},{"type":"Feature","geometry":{"type":"Point","coordinates":[10.051936,56.152956]},"properties":{"lines":"11, 113","color":"#0059a9","mode":"bus","arr":["11","113"],"angle":4,"extra":1,"ei":9}},{"type":"Feature","geometry":{"type":"Point","coordinates":[10.06334,56.152516]},"properties":{"lines":"11, 113","color":"#0059a9","mode":"bus","arr":["11","113"],"angle":4,"extra":1,"ei":0}},{"type":"Feature","geometry":{"type":"Point","coordinates":[10.131325,56.15275]},"properties":{"lines":"11, 113","color":"#0059a9","mode":"bus","arr":["11","113"],"angle":-6.7,"extra":1,"ei":0}},{"type":"Feature","geometry":{"type":"Point","coordinates":[10.127976,56.152515]},"properties":{"lines":"11, 113","color":"#0059a9","mode":"bus","arr":["11","113"],"angle":-7.1,"extra":1,"ei":1}},{"type":"Feature","geometry":{"type":"Point","coordinates":[10.121246,56.152666]},"properties":{"lines":"11, 113","color":"#0059a9","mode":"bus","arr":["11","113"],"angle":5.1,"extra":1,"ei":2}},{"type":"Feature","geometry":{"type":"Point","coordinates":[10.117882,56.152805]},"properties":{"lines":"11, 113","color":"#0059a9","mode":"bus","arr":["11","113"],"angle":-2.7,"extra":1,"ei":3}},{"type":"Feature","geometry":{"type":"Point","coordinates":[10.058747,56.152731]},"properties":{"lines":"11, 113","color":"#0059a9","mode":"bus","arr":["11","113"],"angle":4.1,"extra":1,"ei":0}},{"type":"Feature","geometry":{"type":"Point","coordinates":[10.012201,56.151995]},"properties":{"lines":"11, 113","color":"#0059a9","mode":"bus","arr":["11","113"],"angle":-3.7}},{"type":"Feature","geometry":{"type":"Point","coordinates":[10.007699,56.151837]},"properties":{"lines":"11, 113","color":"#0059a9","mode":"bus","arr":["11","113"],"angle":-87.2,"mi":1}},{"type":"Feature","geometry":{"type":"Point","coordinates":[10.015011,56.152095]},"properties":{"lines":"11, 113","color":"#0059a9","mode":"bus","arr":["11","113"],"angle":-3.6,"extra":1,"ei":0}},{"type":"Feature","geometry":{"type":"Point","coordinates":[10.005923,56.151777]},"properties":{"lines":"11, 113, 116U","color":"#0059a9","mode":"bus","arr":["11","113","116U"],"angle":-4.8}},{"type":"Feature","geometry":{"type":"Point","coordinates":[10.000578,56.147246]},"properties":{"lines":"11","color":"#0059a9","mode":"bus","arr":["11"],"angle":-65.2,"mi":6}},{"type":"Feature","geometry":{"type":"Point","coordinates":[10.004459,56.150913]},"properties":{"lines":"11","color":"#0059a9","mode":"bus","arr":["11"],"angle":-58.9,"extra":1,"ei":0}},{"type":"Feature","geometry":{"type":"Point","coordinates":[10.002721,56.149294]},"properties":{"lines":"11","color":"#0059a9","mode":"bus","arr":["11"],"angle":-58.9,"extra":1,"ei":1}},{"type":"Feature","geometry":{"type":"Point","coordinates":[10.000088,56.145882]},"properties":{"lines":"11","color":"#0059a9","mode":"bus","arr":["11"],"angle":-86.6,"extra":1,"ei":2}},{"type":"Feature","geometry":{"type":"Point","coordinates":[10.000443,56.144013]},"properties":{"lines":"11","color":"#0059a9","mode":"bus","arr":["11"],"angle":79.8,"extra":1,"ei":3}},{"type":"Feature","geometry":{"type":"Point","coordinates":[10.000732,56.142147]},"properties":{"lines":"11","color":"#0059a9","mode":"bus","arr":["11"],"angle":-81.2,"extra":1,"ei":4}},{"type":"Feature","geometry":{"type":"Point","coordinates":[9.998021,56.141]},"properties":{"lines":"11","color":"#0059a9","mode":"bus","arr":["11"],"angle":-19.2,"mi":1}},{"type":"Feature","geometry":{"type":"Point","coordinates":[9.995694,56.138628]},"properties":{"lines":"11","color":"#0059a9","mode":"bus","arr":["11"],"angle":76.4,"mi":3}},{"type":"Feature","geometry":{"type":"Point","coordinates":[9.992429,56.140708]},"properties":{"lines":"11","color":"#0059a9","mode":"bus","arr":["11"],"angle":-89.9}},{"type":"Feature","geometry":{"type":"Point","coordinates":[9.993963,56.136809]},"properties":{"lines":"11","color":"#0059a9","mode":"bus","arr":["11"],"angle":21,"mi":5}},{"type":"Feature","geometry":{"type":"Point","coordinates":[9.992613,56.137904]},"properties":{"lines":"11","color":"#0059a9","mode":"bus","arr":["11"],"angle":75.7,"extra":1,"ei":0}},{"type":"Feature","geometry":{"type":"Point","coordinates":[9.991352,56.142597]},"properties":{"lines":"11","color":"#0059a9","mode":"bus","arr":["11"],"angle":30.4,"extra":1,"ei":0}},{"type":"Feature","geometry":{"type":"Point","coordinates":[9.989146,56.143222]},"properties":{"lines":"11","color":"#0059a9","mode":"bus","arr":["11"],"angle":25.4,"mi":2}},{"type":"Feature","geometry":{"type":"Point","coordinates":[9.987382,56.144649]},"properties":{"lines":"11","color":"#0059a9","mode":"bus","arr":["11"],"angle":83.4,"mi":4}},{"type":"Feature","geometry":{"type":"Point","coordinates":[10.214246,56.300747]},"properties":{"lines":"12, 16","color":"#0059a9","mode":"bus","arr":["12","16"],"angle":-10.1}},{"type":"Feature","geometry":{"type":"Point","coordinates":[10.218109,56.291446]},"properties":{"lines":"12, 16","color":"#0059a9","mode":"bus","arr":["12","16"],"angle":-89.8}},{"type":"Feature","geometry":{"type":"Point","coordinates":[10.214516,56.299879]},"properties":{"lines":"12, 16","color":"#0059a9","mode":"bus","arr":["12","16"],"angle":50,"extra":1,"ei":0}},{"type":"Feature","geometry":{"type":"Point","coordinates":[10.216278,56.298299]},"properties":{"lines":"12, 16","color":"#0059a9","mode":"bus","arr":["12","16"],"angle":73.3,"extra":1,"ei":1}},{"type":"Feature","geometry":{"type":"Point","coordinates":[10.217119,56.296471]},"properties":{"lines":"12, 16","color":"#0059a9","mode":"bus","arr":["12","16"],"angle":78.9,"extra":1,"ei":2}},{"type":"Feature","geometry":{"type":"Point","coordinates":[10.217695,56.29461]},"properties":{"lines":"12, 16","color":"#0059a9","mode":"bus","arr":["12","16"],"angle":80.6,"extra":1,"ei":3}},{"type":"Feature","geometry":{"type":"Point","coordinates":[10.218117,56.292738]},"properties":{"lines":"12, 16","color":"#0059a9","mode":"bus","arr":["12","16"],"angle":88.9,"extra":1,"ei":4}},{"type":"Feature","geometry":{"type":"Point","coordinates":[10.218039,56.288962]},"properties":{"lines":"12, 16","color":"#0059a9","mode":"bus","arr":["12","16"],"angle":-88.5,"extra":1,"ei":5}},{"type":"Feature","geometry":{"type":"Point","coordinates":[10.217962,56.287074]},"properties":{"lines":"12, 16","color":"#0059a9","mode":"bus","arr":["12","16"],"angle":-87.8,"extra":1,"ei":6}},{"type":"Feature","geometry":{"type":"Point","coordinates":[10.217419,56.285215]},"properties":{"lines":"12, 16","color":"#0059a9","mode":"bus","arr":["12","16"],"angle":-79.7,"extra":1,"ei":7}},{"type":"Feature","geometry":{"type":"Point","coordinates":[10.216327,56.283435]},"properties":{"lines":"12, 16","color":"#0059a9","mode":"bus","arr":["12","16"],"angle":-70.1,"extra":1,"ei":8}},{"type":"Feature","geometry":{"type":"Point","coordinates":[10.237289,56.274977]},"properties":{"lines":"12","color":"#0059a9","mode":"bus","arr":["12"],"angle":53.3}},{"type":"Feature","geometry":{"type":"Point","coordinates":[10.218772,56.281672]},"properties":{"lines":"12","color":"#0059a9","mode":"bus","arr":["12"],"angle":26.9,"extra":1,"ei":0}},{"type":"Feature","geometry":{"type":"Point","coordinates":[10.221441,56.280529]},"properties":{"lines":"12","color":"#0059a9","mode":"bus","arr":["12"],"angle":28.7,"extra":1,"ei":1}},{"type":"Feature","geometry":{"type":"Point","coordinates":[10.224568,56.279822]},"properties":{"lines":"12","color":"#0059a9","mode":"bus","arr":["12"],"angle":21.1,"extra":1,"ei":2}},{"type":"Feature","geometry":{"type":"Point","coordinates":[10.227717,56.279141]},"properties":{"lines":"12","color":"#0059a9","mode":"bus","arr":["12"],"angle":21.1,"extra":1,"ei":3}},{"type":"Feature","geometry":{"type":"Point","coordinates":[10.230844,56.278432]},"properties":{"lines":"12","color":"#0059a9","mode":"bus","arr":["12"],"angle":27.4,"extra":1,"ei":4}},{"type":"Feature","geometry":{"type":"Point","coordinates":[10.233416,56.277227]},"properties":{"lines":"12","color":"#0059a9","mode":"bus","arr":["12"],"angle":45.2,"extra":1,"ei":5}},{"type":"Feature","geometry":{"type":"Point","coordinates":[10.235797,56.275887]},"properties":{"lines":"12","color":"#0059a9","mode":"bus","arr":["12"],"angle":45.2,"extra":1,"ei":6}},{"type":"Feature","geometry":{"type":"Point","coordinates":[10.239265,56.272698]},"properties":{"lines":"12","color":"#0059a9","mode":"bus","arr":["12"],"angle":66.9,"extra":1,"ei":7}},{"type":"Feature","geometry":{"type":"Point","coordinates":[10.240683,56.270987]},"properties":{"lines":"12","color":"#0059a9","mode":"bus","arr":["12"],"angle":56.9,"extra":1,"ei":8}},{"type":"Feature","geometry":{"type":"Point","coordinates":[10.242855,56.269545]},"properties":{"lines":"12","color":"#0059a9","mode":"bus","arr":["12"],"angle":48.4,"extra":1,"ei":9}},{"type":"Feature","geometry":{"type":"Point","coordinates":[10.245237,56.268212]},"properties":{"lines":"12","color":"#0059a9","mode":"bus","arr":["12"],"angle":39.6,"extra":1,"ei":10}},{"type":"Feature","geometry":{"type":"Point","coordinates":[10.247836,56.267008]},"properties":{"lines":"12","color":"#0059a9","mode":"bus","arr":["12"],"angle":39.6,"extra":1,"ei":11}},{"type":"Feature","geometry":{"type":"Point","coordinates":[10.250246,56.265695]},"properties":{"lines":"12","color":"#0059a9","mode":"bus","arr":["12"],"angle":54.3,"extra":1,"ei":12}},{"type":"Feature","geometry":{"type":"Point","coordinates":[10.255176,56.263681]},"properties":{"lines":"12","color":"#0059a9","mode":"bus","arr":["12"],"angle":-13.3,"mi":2}},{"type":"Feature","geometry":{"type":"Point","coordinates":[10.25733,56.264201]},"properties":{"lines":"12","color":"#0059a9","mode":"bus","arr":["12"],"angle":-32.7,"extra":1,"ei":0}},{"type":"Feature","geometry":{"type":"Point","coordinates":[10.261775,56.265165]},"properties":{"lines":"12","color":"#0059a9","mode":"bus","arr":["12"],"angle":5.6}},{"type":"Feature","geometry":{"type":"Point","coordinates":[10.265701,56.265256]},"properties":{"lines":"12","color":"#0059a9","mode":"bus","arr":["12"],"angle":32.1,"mi":1}},{"type":"Feature","geometry":{"type":"Point","coordinates":[10.266025,56.259269]},"properties":{"lines":"12","color":"#0059a9","mode":"bus","arr":["12"],"angle":-74,"mi":3}},{"type":"Feature","geometry":{"type":"Point","coordinates":[10.267335,56.264051]},"properties":{"lines":"12","color":"#0059a9","mode":"bus","arr":["12"],"angle":64.5,"extra":1,"ei":0}},{"type":"Feature","geometry":{"type":"Point","coordinates":[10.267347,56.262235]},"properties":{"lines":"12","color":"#0059a9","mode":"bus","arr":["12"],"angle":-65.8,"extra":1,"ei":1}},{"type":"Feature","geometry":{"type":"Point","coordinates":[10.26657,56.260409]},"properties":{"lines":"12","color":"#0059a9","mode":"bus","arr":["12"],"angle":-75.7,"extra":1,"ei":2}},{"type":"Feature","geometry":{"type":"Point","coordinates":[10.265239,56.256723]},"properties":{"lines":"12","color":"#0059a9","mode":"bus","arr":["12"],"angle":-78.9,"extra":1,"ei":3}},{"type":"Feature","geometry":{"type":"Point","coordinates":[10.264767,56.254858]},"properties":{"lines":"12","color":"#0059a9","mode":"bus","arr":["12"],"angle":-87.6,"extra":1,"ei":4}},{"type":"Feature","geometry":{"type":"Point","coordinates":[10.264503,56.253295]},"properties":{"lines":"12, 46","color":"#0059a9","mode":"bus","arr":["12","46"],"angle":-23.7,"mi":1}},{"type":"Feature","geometry":{"type":"Point","coordinates":[10.264704,56.252182]},"properties":{"lines":"12, 46","color":"#0059a9","mode":"bus","arr":["12","46"],"angle":79.8}},{"type":"Feature","geometry":{"type":"Point","coordinates":[10.267705,56.248326]},"properties":{"lines":"12, 32, 46","color":"#0059a9","mode":"bus","arr":["12","32","46"],"angle":85.2,"mi":3}},{"type":"Feature","geometry":{"type":"Point","coordinates":[10.266185,56.250621]},"properties":{"lines":"12, 32, 46","color":"#0059a9","mode":"bus","arr":["12","32","46"],"angle":24.9,"extra":1,"ei":0}},{"type":"Feature","geometry":{"type":"Point","coordinates":[10.267407,56.247115]},"properties":{"lines":"12, 32, 46","color":"#0059a9","mode":"bus","arr":["12","32","46"],"angle":-89.7,"extra":1,"ei":1}},{"type":"Feature","geometry":{"type":"Point","coordinates":[10.268895,56.245452]},"properties":{"lines":"12, 32, 46","color":"#0059a9","mode":"bus","arr":["12","32","46"],"angle":65,"extra":1,"ei":2}},{"type":"Feature","geometry":{"type":"Point","coordinates":[10.265324,56.243589]},"properties":{"lines":"12, 32, 46","color":"#0059a9","mode":"bus","arr":["12","32","46"],"angle":-45.5}},{"type":"Feature","geometry":{"type":"Point","coordinates":[10.267736,56.244607]},"properties":{"lines":"12, 32, 46","color":"#0059a9","mode":"bus","arr":["12","32","46"],"angle":-30.4,"extra":1,"ei":0}},{"type":"Feature","geometry":{"type":"Point","coordinates":[10.262249,56.242547]},"properties":{"lines":"12, 32, 46","color":"#0059a9","mode":"bus","arr":["12","32","46"],"angle":-9.7,"extra":1,"ei":1}},{"type":"Feature","geometry":{"type":"Point","coordinates":[10.267743,56.220866]},"properties":{"lines":"12, 32, 46","color":"#0059a9","mode":"bus","arr":["12","32","46"],"angle":-89.6}},{"type":"Feature","geometry":{"type":"Point","coordinates":[10.263714,56.237618]},"properties":{"lines":"12, 32, 46","color":"#0059a9","mode":"bus","arr":["12","32","46"],"angle":77.9,"mi":1}},{"type":"Feature","geometry":{"type":"Point","coordinates":[10.265746,56.232748]},"properties":{"lines":"12, 32, 46","color":"#0059a9","mode":"bus","arr":["12","32","46"],"angle":-2.4,"mi":2}},{"type":"Feature","geometry":{"type":"Point","coordinates":[10.261653,56.241529]},"properties":{"lines":"12, 32, 46","color":"#0059a9","mode":"bus","arr":["12","32","46"],"angle":73.6,"extra":1,"ei":0}},{"type":"Feature","geometry":{"type":"Point","coordinates":[10.262707,56.239735]},"properties":{"lines":"12, 32, 46","color":"#0059a9","mode":"bus","arr":["12","32","46"],"angle":71.4,"extra":1,"ei":1}},{"type":"Feature","geometry":{"type":"Point","coordinates":[10.26428,56.236066]},"properties":{"lines":"12, 32, 46","color":"#0059a9","mode":"bus","arr":["12","32","46"],"angle":73.6,"extra":1,"ei":2}},{"type":"Feature","geometry":{"type":"Point","coordinates":[10.265405,56.234289]},"properties":{"lines":"12, 32, 46","color":"#0059a9","mode":"bus","arr":["12","32","46"],"angle":77.8,"extra":1,"ei":3}},{"type":"Feature","geometry":{"type":"Point","coordinates":[10.26954,56.211061]},"properties":{"lines":"12, 32, 46","color":"#0059a9","mode":"bus","arr":["12","32","46"],"angle":85.7,"extra":1,"ei":0}},{"type":"Feature","geometry":{"type":"Point","coordinates":[10.268896,56.212904]},"properties":{"lines":"12, 32, 46","color":"#0059a9","mode":"bus","arr":["12","32","46"],"angle":66.6,"extra":1,"ei":1}},{"type":"Feature","geometry":{"type":"Point","coordinates":[10.267133,56.214511]},"properties":{"lines":"12, 32, 46","color":"#0059a9","mode":"bus","arr":["12","32","46"],"angle":55.8,"extra":1,"ei":2}},{"type":"Feature","geometry":{"type":"Point","coordinates":[10.266235,56.21629]},"properties":{"lines":"12, 32, 46","color":"#0059a9","mode":"bus","arr":["12","32","46"],"angle":85.4,"extra":1,"ei":3}},{"type":"Feature","geometry":{"type":"Point","coordinates":[10.266707,56.21814]},"properties":{"lines":"12, 32, 46","color":"#0059a9","mode":"bus","arr":["12","32","46"],"angle":-81,"extra":1,"ei":4}},{"type":"Feature","geometry":{"type":"Point","coordinates":[10.267778,56.223725]},"properties":{"lines":"12, 32, 46","color":"#0059a9","mode":"bus","arr":["12","32","46"],"angle":-89.6,"extra":1,"ei":5}},{"type":"Feature","geometry":{"type":"Point","coordinates":[10.26763,56.225611]},"properties":{"lines":"12, 32, 46","color":"#0059a9","mode":"bus","arr":["12","32","46"],"angle":87.1,"extra":1,"ei":6}},{"type":"Feature","geometry":{"type":"Point","coordinates":[10.267427,56.227495]},"properties":{"lines":"12, 32, 46","color":"#0059a9","mode":"bus","arr":["12","32","46"],"angle":82.9,"extra":1,"ei":7}},{"type":"Feature","geometry":{"type":"Point","coordinates":[10.266892,56.229358]},"properties":{"lines":"12, 32, 46","color":"#0059a9","mode":"bus","arr":["12","32","46"],"angle":74.5,"extra":1,"ei":8}},{"type":"Feature","geometry":{"type":"Point","coordinates":[10.265934,56.231164]},"properties":{"lines":"12, 32, 46","color":"#0059a9","mode":"bus","arr":["12","32","46"],"angle":82.6,"extra":1,"ei":9}},{"type":"Feature","geometry":{"type":"Point","coordinates":[10.270113,56.209095]},"properties":{"lines":"12, 46","color":"#0059a9","mode":"bus","arr":["12","46"],"angle":66.8,"mi":1}},{"type":"Feature","geometry":{"type":"Point","coordinates":[10.271245,56.207679]},"properties":{"lines":"12, 17, 46","color":"#0059a9","mode":"bus","arr":["12","17","46"],"angle":75.4}},{"type":"Feature","geometry":{"type":"Point","coordinates":[10.269599,56.205057]},"properties":{"lines":"12, 46","color":"#0059a9","mode":"bus","arr":["12","46"],"angle":-70.6}},{"type":"Feature","geometry":{"type":"Point","coordinates":[10.270608,56.206467]},"properties":{"lines":"12, 46","color":"#0059a9","mode":"bus","arr":["12","46"],"angle":-68.2,"extra":1,"ei":0}},{"type":"Feature","geometry":{"type":"Point","coordinates":[10.268709,56.202857]},"properties":{"lines":"12, 46","color":"#0059a9","mode":"bus","arr":["12","46"],"angle":-83.5,"extra":1,"ei":1}},{"type":"Feature","geometry":{"type":"Point","coordinates":[10.263906,56.201834]},"properties":{"lines":"12, 46","color":"#0059a9","mode":"bus","arr":["12","46"],"angle":-17,"mi":2}},{"type":"Feature","geometry":{"type":"Point","coordinates":[10.26709,56.202375]},"properties":{"lines":"12, 46","color":"#0059a9","mode":"bus","arr":["12","46"],"angle":-17.1,"extra":1,"ei":0}},{"type":"Feature","geometry":{"type":"Point","coordinates":[10.260634,56.201272]},"properties":{"lines":"12, 46","color":"#0059a9","mode":"bus","arr":["12","46"],"angle":-18.9,"extra":1,"ei":1}},{"type":"Feature","geometry":{"type":"Point","coordinates":[10.252765,56.197788]},"properties":{"lines":"12, 17, 46","color":"#0059a9","mode":"bus","arr":["12","17","46"],"angle":-42.2,"mi":1}},{"type":"Feature","geometry":{"type":"Point","coordinates":[10.246438,56.194582]},"properties":{"lines":"12, 17, 46","color":"#0059a9","mode":"bus","arr":["12","17","46"],"angle":28.4}},{"type":"Feature","geometry":{"type":"Point","coordinates":[10.257828,56.200353]},"properties":{"lines":"12, 17, 46","color":"#0059a9","mode":"bus","arr":["12","17","46"],"angle":-41.6,"extra":1,"ei":0}},{"type":"Feature","geometry":{"type":"Point","coordinates":[10.255323,56.199088]},"properties":{"lines":"12, 17, 46","color":"#0059a9","mode":"bus","arr":["12","17","46"],"angle":-42.3,"extra":1,"ei":1}},{"type":"Feature","geometry":{"type":"Point","coordinates":[10.250321,56.196551]},"properties":{"lines":"12, 17, 46","color":"#0059a9","mode":"bus","arr":["12","17","46"],"angle":-42.5,"extra":1,"ei":2}},{"type":"Feature","geometry":{"type":"Point","coordinates":[10.24216,56.192406]},"properties":{"lines":"12","color":"#0059a9","mode":"bus","arr":["12"],"angle":-42.8,"mi":2}},{"type":"Feature","geometry":{"type":"Point","coordinates":[10.238661,56.189764]},"properties":{"lines":"12","color":"#0059a9","mode":"bus","arr":["12"],"angle":-64.3}},{"type":"Feature","geometry":{"type":"Point","coordinates":[10.244625,56.193659]},"properties":{"lines":"12","color":"#0059a9","mode":"bus","arr":["12"],"angle":-42,"extra":1,"ei":0}},{"type":"Feature","geometry":{"type":"Point","coordinates":[10.239945,56.190968]},"properties":{"lines":"12","color":"#0059a9","mode":"bus","arr":["12"],"angle":-59.6,"extra":1,"ei":1}},{"type":"Feature","geometry":{"type":"Point","coordinates":[10.072609,56.155]},"properties":{"lines":"12","color":"#0059a9","mode":"bus","arr":["12"],"angle":62.3,"mi":2}},{"type":"Feature","geometry":{"type":"Point","coordinates":[10.059149,56.162717]},"properties":{"lines":"12","color":"#0059a9","mode":"bus","arr":["12"],"angle":86.4,"side":-1,"mi":4}},{"type":"Feature","geometry":{"type":"Point","coordinates":[10.237753,56.186623]},"properties":{"lines":"12","color":"#0059a9","mode":"bus","arr":["12"],"angle":-81.7,"mi":1}},{"type":"Feature","geometry":{"type":"Point","coordinates":[10.238232,56.188576]},"properties":{"lines":"12","color":"#0059a9","mode":"bus","arr":["12"],"angle":-81.7,"extra":1,"ei":0}},{"type":"Feature","geometry":{"type":"Point","coordinates":[10.236769,56.184914]},"properties":{"lines":"12","color":"#0059a9","mode":"bus","arr":["12"],"angle":-66.2,"extra":1,"ei":1}},{"type":"Feature","geometry":{"type":"Point","coordinates":[10.230944,56.18432]},"properties":{"lines":"12","color":"#0059a9","mode":"bus","arr":["12"],"angle":19.1,"mi":3}},{"type":"Feature","geometry":{"type":"Point","coordinates":[10.227737,56.184947]},"properties":{"lines":"12","color":"#0059a9","mode":"bus","arr":["12"],"angle":23.2,"extra":1,"ei":0}},{"type":"Feature","geometry":{"type":"Point","coordinates":[10.234218,56.183981]},"properties":{"lines":"12","color":"#0059a9","mode":"bus","arr":["12"],"angle":4,"extra":1,"ei":1}},{"type":"Feature","geometry":{"type":"Point","coordinates":[10.222209,56.185463]},"properties":{"lines":"12, 17, 46","color":"#0059a9","mode":"bus","arr":["12","17","46"],"angle":7.1}},{"type":"Feature","geometry":{"type":"Point","coordinates":[10.219754,56.185632]},"properties":{"lines":"12, 17, 46","color":"#0059a9","mode":"bus","arr":["12","17","46"],"angle":6.8,"extra":1,"ei":0}},{"type":"Feature","geometry":{"type":"Point","coordinates":[10.218343,56.177553]},"properties":{"lines":"12, 100, 123, 925X","color":"#0059a9","mode":"bus","arr":["12","100","123","925X"],"angle":-65.8,"side":-1}},{"type":"Feature","geometry":{"type":"Point","coordinates":[10.206511,56.16863]},"properties":{"lines":"12, 16, 18, 100, 123, 200","color":"#0059a9","mode":"bus","arr":["12","16","18","100","123","200"],"angle":69.4,"side":-1}},{"type":"Feature","geometry":{"type":"Point","coordinates":[10.205114,56.170657]},"properties":{"lines":"12, 16, 18, 100, 123, 200","color":"#0059a9","mode":"bus","arr":["12","16","18","100","123","200"],"angle":66.5,"extra":1,"ei":0,"side":-1}},{"type":"Feature","geometry":{"type":"Point","coordinates":[10.207468,56.167119]},"properties":{"lines":"12, 16, 18, 100, 123, 200","color":"#0059a9","mode":"bus","arr":["12","16","18","100","123","200"],"angle":70.4,"extra":1,"ei":1,"side":-1}},{"type":"Feature","geometry":{"type":"Point","coordinates":[10.212293,56.160792]},"properties":{"lines":"12, 15, 123","color":"#0059a9","mode":"bus","arr":["12","15","123"],"angle":45,"side":-1,"mi":2}},{"type":"Feature","geometry":{"type":"Point","coordinates":[10.212078,56.153222]},"properties":{"lines":"12, 15, 123","color":"#0059a9","mode":"bus","arr":["12","15","123"],"angle":-50.3}},{"type":"Feature","geometry":{"type":"Point","coordinates":[10.211192,56.152457]},"properties":{"lines":"12, 15, 123","color":"#0059a9","mode":"bus","arr":["12","15","123"],"angle":-65.3,"mi":1}},{"type":"Feature","geometry":{"type":"Point","coordinates":[10.210358,56.15209]},"properties":{"lines":"12, 15, 31, 123","color":"#0059a9","mode":"bus","arr":["12","15","31","123"],"angle":13.4}},{"type":"Feature","geometry":{"type":"Point","coordinates":[10.208933,56.152319]},"properties":{"lines":"12, 15, 31, 103, 113, 114, 118, 123, 302, 925X","color":"#0059a9","mode":"bus","arr":["12","15","31","103","113","114","118","123","302","925X"],"angle":22.4}},{"type":"Feature","geometry":{"type":"Point","coordinates":[10.208219,56.152245]},"properties":{"lines":"12, 15, 31, 103, 113, 114, 118, 123, 302, 925X","color":"#0059a9","mode":"bus","arr":["12","15","31","103","113","114","118","123","302","925X"],"angle":-72.2,"mi":1}},{"type":"Feature","geometry":{"type":"Point","coordinates":[10.207921,56.151748]},"properties":{"lines":"12, 15, 103, 113, 114, 118, 123, 302, 925X","color":"#0059a9","mode":"bus","arr":["12","15","103","113","114","118","123","302","925X"],"angle":-70.1}},{"type":"Feature","geometry":{"type":"Point","coordinates":[10.206675,56.150921]},"properties":{"lines":"12, 15, 103, 302, 925X","color":"#0059a9","mode":"bus","arr":["12","15","103","302","925X"],"angle":-21.9}},{"type":"Feature","geometry":{"type":"Point","coordinates":[10.204249,56.150684]},"properties":{"lines":"12, 15","color":"#0059a9","mode":"bus","arr":["12","15"],"angle":-14.5}},{"type":"Feature","geometry":{"type":"Point","coordinates":[10.203232,56.153187]},"properties":{"lines":"12, 14, 15, 40, 41, 42, 43, 45, 46, 113, 114, 118, 925X","color":"#0059a9","mode":"bus","arr":["12","14","15","40","41","42","43","45","46","113","114","118","925X"],"angle":10.8}},{"type":"Feature","geometry":{"type":"Point","coordinates":[10.193382,56.154562]},"properties":{"lines":"12","color":"#0059a9","mode":"bus","arr":["12"],"angle":-52.4,"mi":6}},{"type":"Feature","geometry":{"type":"Point","coordinates":[10.190645,56.152858]},"properties":{"lines":"12","color":"#0059a9","mode":"bus","arr":["12"],"angle":19.8,"mi":5}},{"type":"Feature","geometry":{"type":"Point","coordinates":[10.194843,56.155622]},"properties":{"lines":"12","color":"#0059a9","mode":"bus","arr":["12"],"angle":-52.7,"extra":1,"ei":0}},{"type":"Feature","geometry":{"type":"Point","coordinates":[10.17774,56.152491]},"properties":{"lines":"12","color":"#0059a9","mode":"bus","arr":["12"],"angle":-31.8,"side":-1}},{"type":"Feature","geometry":{"type":"Point","coordinates":[10.153306,56.146688]},"properties":{"lines":"12","color":"#0059a9","mode":"bus","arr":["12"],"angle":-15.1,"mi":4}},{"type":"Feature","geometry":{"type":"Point","coordinates":[10.15915,56.148106]},"properties":{"lines":"12","color":"#0059a9","mode":"bus","arr":["12"],"angle":-32,"mi":3}},{"type":"Feature","geometry":{"type":"Point","coordinates":[10.164277,56.149803]},"properties":{"lines":"12","color":"#0059a9","mode":"bus","arr":["12"],"angle":-23.3,"mi":1}},{"type":"Feature","geometry":{"type":"Point","coordinates":[10.161954,56.149093]},"properties":{"lines":"12","color":"#0059a9","mode":"bus","arr":["12"],"angle":-32.3,"mi":2}},{"type":"Feature","geometry":{"type":"Point","coordinates":[10.187911,56.15253]},"properties":{"lines":"12","color":"#0059a9","mode":"bus","arr":["12"],"angle":18,"extra":1,"ei":0}},{"type":"Feature","geometry":{"type":"Point","coordinates":[10.184667,56.153046]},"properties":{"lines":"12","color":"#0059a9","mode":"bus","arr":["12"],"angle":15.9,"extra":1,"ei":1}},{"type":"Feature","geometry":{"type":"Point","coordinates":[10.181389,56.153491]},"properties":{"lines":"12","color":"#0059a9","mode":"bus","arr":["12"],"angle":5.6,"extra":1,"ei":2}},{"type":"Feature","geometry":{"type":"Point","coordinates":[10.175461,56.151735]},"properties":{"lines":"12","color":"#0059a9","mode":"bus","arr":["12"],"angle":-22.3,"extra":1,"ei":0}},{"type":"Feature","geometry":{"type":"Point","coordinates":[10.172237,56.151178]},"properties":{"lines":"12","color":"#0059a9","mode":"bus","arr":["12"],"angle":-16.8,"extra":1,"ei":1}},{"type":"Feature","geometry":{"type":"Point","coordinates":[10.169004,56.150636]},"properties":{"lines":"12","color":"#0059a9","mode":"bus","arr":["12"],"angle":-16.7,"extra":1,"ei":2}},{"type":"Feature","geometry":{"type":"Point","coordinates":[10.155751,56.147064]},"properties":{"lines":"12","color":"#0059a9","mode":"bus","arr":["12"],"angle":85.9,"extra":1,"ei":0}},{"type":"Feature","geometry":{"type":"Point","coordinates":[10.134384,56.151798]},"properties":{"lines":"12","color":"#0059a9","mode":"bus","arr":["12"],"angle":72.7,"mi":3}},{"type":"Feature","geometry":{"type":"Point","coordinates":[10.135153,56.150425]},"properties":{"lines":"12","color":"#0059a9","mode":"bus","arr":["12"],"angle":72.5,"extra":1,"ei":0}},{"type":"Feature","geometry":{"type":"Point","coordinates":[10.136516,56.152936]},"properties":{"lines":"12","color":"#0059a9","mode":"bus","arr":["12"],"angle":-85.5,"extra":1,"ei":1,"side":-1}},{"type":"Feature","geometry":{"type":"Point","coordinates":[10.130497,56.148962]},"properties":{"lines":"12","color":"#0059a9","mode":"bus","arr":["12"],"angle":10.9,"mi":2}},{"type":"Feature","geometry":{"type":"Point","coordinates":[10.13407,56.149277]},"properties":{"lines":"12","color":"#0059a9","mode":"bus","arr":["12"],"angle":-15.8,"extra":1,"ei":0}},{"type":"Feature","geometry":{"type":"Point","coordinates":[10.1278,56.149767]},"properties":{"lines":"12","color":"#0059a9","mode":"bus","arr":["12"],"angle":33.6,"extra":1,"ei":1}},{"type":"Feature","geometry":{"type":"Point","coordinates":[10.119718,56.150246]},"properties":{"lines":"12","color":"#0059a9","mode":"bus","arr":["12"],"angle":5.3}},{"type":"Feature","geometry":{"type":"Point","coordinates":[10.124821,56.149531]},"properties":{"lines":"12","color":"#0059a9","mode":"bus","arr":["12"],"angle":-29.2,"extra":1,"ei":0}},{"type":"Feature","geometry":{"type":"Point","coordinates":[10.115258,56.151039]},"properties":{"lines":"12","color":"#0059a9","mode":"bus","arr":["12"],"angle":12.5,"extra":1,"ei":1}},{"type":"Feature","geometry":{"type":"Point","coordinates":[10.112983,56.151931]},"properties":{"lines":"12","color":"#0059a9","mode":"bus","arr":["12"],"angle":-87.3,"mi":1}},{"type":"Feature","geometry":{"type":"Point","coordinates":[10.105689,56.153397]},"properties":{"lines":"12","color":"#0059a9","mode":"bus","arr":["12"],"angle":1.9,"mi":4}},{"type":"Feature","geometry":{"type":"Point","coordinates":[10.111531,56.153014]},"properties":{"lines":"12","color":"#0059a9","mode":"bus","arr":["12"],"angle":24.3,"extra":1,"ei":0,"side":-1}},{"type":"Feature","geometry":{"type":"Point","coordinates":[10.108217,56.153314]},"properties":{"lines":"12","color":"#0059a9","mode":"bus","arr":["12"],"angle":5,"extra":1,"ei":1}},{"type":"Feature","geometry":{"type":"Point","coordinates":[10.101548,56.15315]},"properties":{"lines":"12","color":"#0059a9","mode":"bus","arr":["12"],"angle":10.5,"extra":1,"ei":2}},{"type":"Feature","geometry":{"type":"Point","coordinates":[10.098478,56.153738]},"properties":{"lines":"12","color":"#0059a9","mode":"bus","arr":["12"],"angle":54.9,"extra":1,"ei":3}},{"type":"Feature","geometry":{"type":"Point","coordinates":[10.072526,56.154489]},"properties":{"lines":"12","color":"#0059a9","mode":"bus","arr":["12"],"angle":54,"side":-1,"mi":3}},{"type":"Feature","geometry":{"type":"Point","coordinates":[10.071056,56.155622]},"properties":{"lines":"12","color":"#0059a9","mode":"bus","arr":["12"],"angle":54,"extra":1,"ei":0}},{"type":"Feature","geometry":{"type":"Point","coordinates":[10.066905,56.160097]},"properties":{"lines":"12","color":"#0059a9","mode":"bus","arr":["12"],"angle":-1.6}},{"type":"Feature","geometry":{"type":"Point","coordinates":[10.069805,56.158546]},"properties":{"lines":"12","color":"#0059a9","mode":"bus","arr":["12"],"angle":80.6,"extra":1,"ei":0}},{"type":"Feature","geometry":{"type":"Point","coordinates":[10.062084,56.160013]},"properties":{"lines":"12","color":"#0059a9","mode":"bus","arr":["12"],"angle":-1.7,"extra":1,"ei":1}},{"type":"Feature","geometry":{"type":"Point","coordinates":[10.059755,56.161418]},"properties":{"lines":"12","color":"#0059a9","mode":"bus","arr":["12"],"angle":86,"mi":1}},{"type":"Feature","geometry":{"type":"Point","coordinates":[10.05991,56.160108]},"properties":{"lines":"12","color":"#0059a9","mode":"bus","arr":["12"],"angle":87.5,"extra":1,"ei":0,"side":-1}},{"type":"Feature","geometry":{"type":"Point","coordinates":[10.204223,56.150582]},"properties":{"lines":"12, 15, 103, 302, 925X","color":"#0059a9","mode":"bus","arr":["12","15","103","302","925X"],"angle":-14.7,"side":-1,"mi":1}},{"type":"Feature","geometry":{"type":"Point","coordinates":[10.208407,56.151935]},"properties":{"lines":"12, 15, 31","color":"#0059a9","mode":"bus","arr":["12","15","31"],"angle":-6.4,"side":-1}},{"type":"Feature","geometry":{"type":"Point","coordinates":[10.209236,56.152125]},"properties":{"lines":"12, 15","color":"#0059a9","mode":"bus","arr":["12","15"],"angle":14.3,"mi":1}},{"type":"Feature","geometry":{"type":"Point","coordinates":[10.210313,56.152018]},"properties":{"lines":"12, 15, 31, 123, 925X","color":"#0059a9","mode":"bus","arr":["12","15","31","123","925X"],"angle":21.2,"side":-1}},{"type":"Feature","geometry":{"type":"Point","coordinates":[10.211481,56.15258]},"properties":{"lines":"12, 15, 123, 925X","color":"#0059a9","mode":"bus","arr":["12","15","123","925X"],"angle":-63.3,"side":-1,"mi":1}},{"type":"Feature","geometry":{"type":"Point","coordinates":[10.212401,56.153336]},"properties":{"lines":"12, 15, 123, 925X","color":"#0059a9","mode":"bus","arr":["12","15","123","925X"],"angle":-53.8,"side":-1}},{"type":"Feature","geometry":{"type":"Point","coordinates":[10.212463,56.160907]},"properties":{"lines":"12, 15, 123, 925X","color":"#0059a9","mode":"bus","arr":["12","15","123","925X"],"angle":45.7,"mi":2}},{"type":"Feature","geometry":{"type":"Point","coordinates":[10.206774,56.168615]},"properties":{"lines":"12, 16, 18, 100, 123, 200, 925X","color":"#0059a9","mode":"bus","arr":["12","16","18","100","123","200","925X"],"angle":69.4}},{"type":"Feature","geometry":{"type":"Point","coordinates":[10.208172,56.166534]},"properties":{"lines":"12, 16, 18, 100, 123, 200, 925X","color":"#0059a9","mode":"bus","arr":["12","16","18","100","123","200","925X"],"angle":69.5,"extra":1,"ei":0}},{"type":"Feature","geometry":{"type":"Point","coordinates":[10.205798,56.17007]},"properties":{"lines":"12, 16, 18, 100, 123, 200, 925X","color":"#0059a9","mode":"bus","arr":["12","16","18","100","123","200","925X"],"angle":69.7,"extra":1,"ei":1}},{"type":"Feature","geometry":{"type":"Point","coordinates":[10.17274,56.102197]},"properties":{"lines":"13","color":"#0059a9","mode":"bus","arr":["13"],"angle":-11.2,"mi":4}},{"type":"Feature","geometry":{"type":"Point","coordinates":[10.172089,56.171955]},"properties":{"lines":"13","color":"#0059a9","mode":"bus","arr":["13"],"angle":-84.8}},{"type":"Feature","geometry":{"type":"Point","coordinates":[10.175319,56.105627]},"properties":{"lines":"13","color":"#0059a9","mode":"bus","arr":["13"],"angle":87.7,"mi":1}},{"type":"Feature","geometry":{"type":"Point","coordinates":[10.178783,56.108169]},"properties":{"lines":"13","color":"#0059a9","mode":"bus","arr":["13"],"angle":82.1,"extra":1,"ei":0}},{"type":"Feature","geometry":{"type":"Point","coordinates":[10.176172,56.107362]},"properties":{"lines":"13","color":"#0059a9","mode":"bus","arr":["13"],"angle":-12.3,"extra":1,"ei":1}},{"type":"Feature","geometry":{"type":"Point","coordinates":[10.176594,56.104181]},"properties":{"lines":"13","color":"#0059a9","mode":"bus","arr":["13"],"angle":-86.2,"extra":1,"ei":2}},{"type":"Feature","geometry":{"type":"Point","coordinates":[10.174559,56.102735]},"properties":{"lines":"13","color":"#0059a9","mode":"bus","arr":["13"],"angle":-59.4,"extra":1,"ei":3}},{"type":"Feature","geometry":{"type":"Point","coordinates":[10.187858,56.108344]},"properties":{"lines":"13","color":"#0059a9","mode":"bus","arr":["13"],"angle":22.5,"mi":2}},{"type":"Feature","geometry":{"type":"Point","coordinates":[10.18899,56.111225]},"properties":{"lines":"13, 16","color":"#0059a9","mode":"bus","arr":["13","16"],"angle":-80.7}},{"type":"Feature","geometry":{"type":"Point","coordinates":[10.188557,56.109616]},"properties":{"lines":"13, 16","color":"#0059a9","mode":"bus","arr":["13","16"],"angle":-75,"extra":1,"ei":0}},{"type":"Feature","geometry":{"type":"Point","coordinates":[10.189992,56.113296]},"properties":{"lines":"13, 16","color":"#0059a9","mode":"bus","arr":["13","16"],"angle":-79.4,"extra":1,"ei":1}},{"type":"Feature","geometry":{"type":"Point","coordinates":[10.182124,56.114489]},"properties":{"lines":"13","color":"#0059a9","mode":"bus","arr":["13"],"angle":8.9}},{"type":"Feature","geometry":{"type":"Point","coordinates":[10.188299,56.113959]},"properties":{"lines":"13","color":"#0059a9","mode":"bus","arr":["13"],"angle":8.7,"extra":1,"ei":0}},{"type":"Feature","geometry":{"type":"Point","coordinates":[10.184963,56.114247]},"properties":{"lines":"13","color":"#0059a9","mode":"bus","arr":["13"],"angle":8.8,"extra":1,"ei":1}},{"type":"Feature","geometry":{"type":"Point","coordinates":[10.178286,56.114802]},"properties":{"lines":"13","color":"#0059a9","mode":"bus","arr":["13"],"angle":7.5,"extra":1,"ei":2}},{"type":"Feature","geometry":{"type":"Point","coordinates":[10.174938,56.11504]},"properties":{"lines":"13","color":"#0059a9","mode":"bus","arr":["13"],"angle":7.4,"extra":1,"ei":3}},{"type":"Feature","geometry":{"type":"Point","coordinates":[10.171596,56.120909]},"properties":{"lines":"13","color":"#0059a9","mode":"bus","arr":["13"],"angle":-80.3,"mi":3}},{"type":"Feature","geometry":{"type":"Point","coordinates":[10.172367,56.117946]},"properties":{"lines":"13","color":"#0059a9","mode":"bus","arr":["13"],"angle":73.4,"extra":1,"ei":0}},{"type":"Feature","geometry":{"type":"Point","coordinates":[10.172092,56.123539]},"properties":{"lines":"13","color":"#0059a9","mode":"bus","arr":["13"],"angle":88.8,"extra":1,"ei":1}},{"type":"Feature","geometry":{"type":"Point","coordinates":[10.172628,56.127485]},"properties":{"lines":"13","color":"#0059a9","mode":"bus","arr":["13"],"angle":-75.7,"mi":5}},{"type":"Feature","geometry":{"type":"Point","coordinates":[10.171729,56.125533]},"properties":{"lines":"13","color":"#0059a9","mode":"bus","arr":["13"],"angle":-76,"extra":1,"ei":0}},{"type":"Feature","geometry":{"type":"Point","coordinates":[10.173418,56.129189]},"properties":{"lines":"13","color":"#0059a9","mode":"bus","arr":["13"],"angle":-75.8,"extra":1,"ei":1}},{"type":"Feature","geometry":{"type":"Point","coordinates":[10.192532,56.143164]},"properties":{"lines":"13","color":"#0059a9","mode":"bus","arr":["13"],"angle":-8.4,"mi":2}},{"type":"Feature","geometry":{"type":"Point","coordinates":[10.193965,56.143786]},"properties":{"lines":"13","color":"#0059a9","mode":"bus","arr":["13"],"angle":82.8}},{"type":"Feature","geometry":{"type":"Point","coordinates":[10.193748,56.144442]},"properties":{"lines":"13","color":"#0059a9","mode":"bus","arr":["13"],"angle":83.7,"mi":1}},{"type":"Feature","geometry":{"type":"Point","coordinates":[10.197341,56.144582]},"properties":{"lines":"13","color":"#0059a9","mode":"bus","arr":["13"],"angle":-8.3,"extra":1,"ei":0}},{"type":"Feature","geometry":{"type":"Point","coordinates":[10.201641,56.145257]},"properties":{"lines":"13","color":"#0059a9","mode":"bus","arr":["13"],"angle":-8.4,"mi":3}},{"type":"Feature","geometry":{"type":"Point","coordinates":[10.20395,56.145454]},"properties":{"lines":"13","color":"#0059a9","mode":"bus","arr":["13"],"angle":-7.9,"extra":1,"ei":0,"side":-1}},{"type":"Feature","geometry":{"type":"Point","coordinates":[10.203803,56.146586]},"properties":{"lines":"13, 16, 17, 18, 100, 103, 302","color":"#0059a9","mode":"bus","arr":["13","16","17","18","100","103","302"],"angle":-7.5,"mi":1}},{"type":"Feature","geometry":{"type":"Point","coordinates":[10.203454,56.148323]},"properties":{"lines":"13, 16, 17, 18, 100, 103, 302","color":"#0059a9","mode":"bus","arr":["13","16","17","18","100","103","302"],"angle":83.1}},{"type":"Feature","geometry":{"type":"Point","coordinates":[10.203096,56.150076]},"properties":{"lines":"13, 16, 17, 18, 100, 103, 302","color":"#0059a9","mode":"bus","arr":["13","16","17","18","100","103","302"],"angle":-23.7,"mi":2}},{"type":"Feature","geometry":{"type":"Point","coordinates":[10.176272,56.167189]},"properties":{"lines":"13","color":"#0059a9","mode":"bus","arr":["13"],"angle":16.6,"mi":1}},{"type":"Feature","geometry":{"type":"Point","coordinates":[10.172287,56.171133]},"properties":{"lines":"13","color":"#0059a9","mode":"bus","arr":["13"],"angle":-89,"extra":1,"ei":0}},{"type":"Feature","geometry":{"type":"Point","coordinates":[10.172295,56.169246]},"properties":{"lines":"13","color":"#0059a9","mode":"bus","arr":["13"],"angle":82.3,"extra":1,"ei":1}},{"type":"Feature","geometry":{"type":"Point","coordinates":[10.172981,56.167402]},"properties":{"lines":"13","color":"#0059a9","mode":"bus","arr":["13"],"angle":57.9,"extra":1,"ei":2}},{"type":"Feature","geometry":{"type":"Point","coordinates":[10.179363,56.166595]},"properties":{"lines":"13","color":"#0059a9","mode":"bus","arr":["13"],"angle":17.8,"extra":1,"ei":3}},{"type":"Feature","geometry":{"type":"Point","coordinates":[10.182562,56.165994]},"properties":{"lines":"13","color":"#0059a9","mode":"bus","arr":["13"],"angle":19,"extra":1,"ei":4}},{"type":"Feature","geometry":{"type":"Point","coordinates":[10.185826,56.165517]},"properties":{"lines":"13","color":"#0059a9","mode":"bus","arr":["13"],"angle":13.5,"extra":1,"ei":5}},{"type":"Feature","geometry":{"type":"Point","coordinates":[10.03725,56.211721]},"properties":{"lines":"14","color":"#0059a9","mode":"bus","arr":["14"],"angle":75.6,"mi":2}},{"type":"Feature","geometry":{"type":"Point","coordinates":[10.036024,56.214824]},"properties":{"lines":"14","color":"#0059a9","mode":"bus","arr":["14"],"angle":-82.2,"extra":1,"ei":0}},{"type":"Feature","geometry":{"type":"Point","coordinates":[10.036972,56.213075]},"properties":{"lines":"14","color":"#0059a9","mode":"bus","arr":["14"],"angle":79.6,"extra":1,"ei":1}},{"type":"Feature","geometry":{"type":"Point","coordinates":[10.037912,56.209388]},"properties":{"lines":"14","color":"#0059a9","mode":"bus","arr":["14"],"angle":-81.2,"extra":1,"ei":2}},{"type":"Feature","geometry":{"type":"Point","coordinates":[10.151457,56.173664]},"properties":{"lines":"14, 114","color":"#0059a9","mode":"bus","arr":["14","114"],"angle":41.7}},{"type":"Feature","geometry":{"type":"Point","coordinates":[10.043228,56.205752]},"properties":{"lines":"14, 114","color":"#0059a9","mode":"bus","arr":["14","114"],"angle":27.3}},{"type":"Feature","geometry":{"type":"Point","coordinates":[10.038116,56.207261]},"properties":{"lines":"14, 114","color":"#0059a9","mode":"bus","arr":["14","114"],"angle":28.6,"extra":1,"ei":0}},{"type":"Feature","geometry":{"type":"Point","coordinates":[10.041091,56.206369]},"properties":{"lines":"14, 114","color":"#0059a9","mode":"bus","arr":["14","114"],"angle":27.3,"extra":1,"ei":1}},{"type":"Feature","geometry":{"type":"Point","coordinates":[10.047086,56.204633]},"properties":{"lines":"14, 114","color":"#0059a9","mode":"bus","arr":["14","114"],"angle":27.6,"extra":1,"ei":2}},{"type":"Feature","geometry":{"type":"Point","coordinates":[10.138233,56.177313]},"properties":{"lines":"14, 114","color":"#0059a9","mode":"bus","arr":["14","114"],"angle":22.6,"extra":1,"ei":0,"side":-1}},{"type":"Feature","geometry":{"type":"Point","coordinates":[10.141354,56.176594]},"properties":{"lines":"14, 114","color":"#0059a9","mode":"bus","arr":["14","114"],"angle":22.4,"extra":1,"ei":1,"side":-1}},{"type":"Feature","geometry":{"type":"Point","coordinates":[10.144475,56.175874]},"properties":{"lines":"14, 114","color":"#0059a9","mode":"bus","arr":["14","114"],"angle":22.3,"extra":1,"ei":2,"side":-1}},{"type":"Feature","geometry":{"type":"Point","coordinates":[10.147563,56.175116]},"properties":{"lines":"14, 114","color":"#0059a9","mode":"bus","arr":["14","114"],"angle":28.2,"extra":1,"ei":3,"side":-1}},{"type":"Feature","geometry":{"type":"Point","coordinates":[10.155415,56.171566]},"properties":{"lines":"14, 114","color":"#0059a9","mode":"bus","arr":["14","114"],"angle":46.7,"extra":1,"ei":4,"side":-1}},{"type":"Feature","geometry":{"type":"Point","coordinates":[10.158039,56.17039]},"properties":{"lines":"14, 114","color":"#0059a9","mode":"bus","arr":["14","114"],"angle":31.5,"extra":1,"ei":5}},{"type":"Feature","geometry":{"type":"Point","coordinates":[10.16254,56.16811]},"properties":{"lines":"14, 114","color":"#0059a9","mode":"bus","arr":["14","114"],"angle":59.4,"extra":1,"ei":0}},{"type":"Feature","geometry":{"type":"Point","coordinates":[10.16031,56.169508]},"properties":{"lines":"14, 114","color":"#0059a9","mode":"bus","arr":["14","114"],"angle":36.6,"extra":1,"ei":1}},{"type":"Feature","geometry":{"type":"Point","coordinates":[10.06966,56.196149]},"properties":{"lines":"14, 114","color":"#0059a9","mode":"bus","arr":["14","114"],"angle":35.3}},{"type":"Feature","geometry":{"type":"Point","coordinates":[10.051106,56.203475]},"properties":{"lines":"14, 114","color":"#0059a9","mode":"bus","arr":["14","114"],"angle":26.9,"extra":1,"ei":0}},{"type":"Feature","geometry":{"type":"Point","coordinates":[10.054013,56.202517]},"properties":{"lines":"14, 114","color":"#0059a9","mode":"bus","arr":["14","114"],"angle":33.3,"extra":1,"ei":1}},{"type":"Feature","geometry":{"type":"Point","coordinates":[10.056752,56.201415]},"properties":{"lines":"14, 114","color":"#0059a9","mode":"bus","arr":["14","114"],"angle":36.5,"extra":1,"ei":2}},{"type":"Feature","geometry":{"type":"Point","coordinates":[10.059475,56.200299]},"properties":{"lines":"14, 114","color":"#0059a9","mode":"bus","arr":["14","114"],"angle":36.3,"extra":1,"ei":3}},{"type":"Feature","geometry":{"type":"Point","coordinates":[10.062192,56.199178]},"properties":{"lines":"14, 114","color":"#0059a9","mode":"bus","arr":["14","114"],"angle":36.2,"extra":1,"ei":4}},{"type":"Feature","geometry":{"type":"Point","coordinates":[10.064915,56.198062]},"properties":{"lines":"14, 114","color":"#0059a9","mode":"bus","arr":["14","114"],"angle":36.2,"extra":1,"ei":5}},{"type":"Feature","geometry":{"type":"Point","coordinates":[10.067621,56.196933]},"properties":{"lines":"14, 114","color":"#0059a9","mode":"bus","arr":["14","114"],"angle":36.8,"extra":1,"ei":6}},{"type":"Feature","geometry":{"type":"Point","coordinates":[10.073054,56.194704]},"properties":{"lines":"14, 114","color":"#0059a9","mode":"bus","arr":["14","114"],"angle":36.5,"extra":1,"ei":7}},{"type":"Feature","geometry":{"type":"Point","coordinates":[10.075765,56.193579]},"properties":{"lines":"14, 114","color":"#0059a9","mode":"bus","arr":["14","114"],"angle":36.6,"extra":1,"ei":8}},{"type":"Feature","geometry":{"type":"Point","coordinates":[10.07848,56.192456]},"properties":{"lines":"14, 114","color":"#0059a9","mode":"bus","arr":["14","114"],"angle":36.4,"extra":1,"ei":9}},{"type":"Feature","geometry":{"type":"Point","coordinates":[10.081197,56.191336]},"properties":{"lines":"14, 114","color":"#0059a9","mode":"bus","arr":["14","114"],"angle":36.5,"extra":1,"ei":10}},{"type":"Feature","geometry":{"type":"Point","coordinates":[10.083908,56.190211]},"properties":{"lines":"14, 114","color":"#0059a9","mode":"bus","arr":["14","114"],"angle":36.7,"extra":1,"ei":11}},{"type":"Feature","geometry":{"type":"Point","coordinates":[10.086628,56.189093]},"properties":{"lines":"14, 114","color":"#0059a9","mode":"bus","arr":["14","114"],"angle":36.2,"extra":1,"ei":12}},{"type":"Feature","geometry":{"type":"Point","coordinates":[10.097821,56.19203]},"properties":{"lines":"14","color":"#0059a9","mode":"bus","arr":["14"],"angle":-30.2}},{"type":"Feature","geometry":{"type":"Point","coordinates":[10.090438,56.188693]},"properties":{"lines":"14","color":"#0059a9","mode":"bus","arr":["14"],"angle":-38.9,"extra":1,"ei":0}},{"type":"Feature","geometry":{"type":"Point","coordinates":[10.093089,56.189862]},"properties":{"lines":"14","color":"#0059a9","mode":"bus","arr":["14"],"angle":-37.8,"extra":1,"ei":1}},{"type":"Feature","geometry":{"type":"Point","coordinates":[10.095696,56.191059]},"properties":{"lines":"14","color":"#0059a9","mode":"bus","arr":["14"],"angle":-44.6,"extra":1,"ei":2}},{"type":"Feature","geometry":{"type":"Point","coordinates":[10.101497,56.192898]},"properties":{"lines":"14","color":"#0059a9","mode":"bus","arr":["14"],"angle":-20.7,"extra":1,"ei":3}},{"type":"Feature","geometry":{"type":"Point","coordinates":[10.104654,56.193566]},"properties":{"lines":"14","color":"#0059a9","mode":"bus","arr":["14"],"angle":-20.9,"extra":1,"ei":4}},{"type":"Feature","geometry":{"type":"Point","coordinates":[10.107815,56.194229]},"properties":{"lines":"14","color":"#0059a9","mode":"bus","arr":["14"],"angle":-19.5,"extra":1,"ei":5}},{"type":"Feature","geometry":{"type":"Point","coordinates":[10.115967,56.189676]},"properties":{"lines":"14, 116U","color":"#0059a9","mode":"bus","arr":["14","116U"],"angle":33.9}},{"type":"Feature","geometry":{"type":"Point","coordinates":[10.121918,56.186112]},"properties":{"lines":"14, 35","color":"#0059a9","mode":"bus","arr":["14","35"],"angle":58.8}},{"type":"Feature","geometry":{"type":"Point","coordinates":[10.119988,56.187823]},"properties":{"lines":"14, 35","color":"#0059a9","mode":"bus","arr":["14","35"],"angle":52.6,"mi":3}},{"type":"Feature","geometry":{"type":"Point","coordinates":[10.123396,56.183599]},"properties":{"lines":"14, 35","color":"#0059a9","mode":"bus","arr":["14","35"],"angle":-82.2,"mi":2}},{"type":"Feature","geometry":{"type":"Point","coordinates":[10.123183,56.18495]},"properties":{"lines":"14, 35","color":"#0059a9","mode":"bus","arr":["14","35"],"angle":64.1,"mi":1}},{"type":"Feature","geometry":{"type":"Point","coordinates":[10.132452,56.185257]},"properties":{"lines":"14","color":"#0059a9","mode":"bus","arr":["14"],"angle":22.4}},{"type":"Feature","geometry":{"type":"Point","coordinates":[10.136388,56.181167]},"properties":{"lines":"14","color":"#0059a9","mode":"bus","arr":["14"],"angle":-76.9,"extra":1,"ei":0}},{"type":"Feature","geometry":{"type":"Point","coordinates":[10.137504,56.182949]},"properties":{"lines":"14","color":"#0059a9","mode":"bus","arr":["14"],"angle":-69.9,"extra":1,"ei":1}},{"type":"Feature","geometry":{"type":"Point","coordinates":[10.136643,56.184285]},"properties":{"lines":"14","color":"#0059a9","mode":"bus","arr":["14"],"angle":17.4,"extra":1,"ei":2}},{"type":"Feature","geometry":{"type":"Point","coordinates":[10.130411,56.185733]},"properties":{"lines":"14","color":"#0059a9","mode":"bus","arr":["14"],"angle":21.8,"extra":1,"ei":3}},{"type":"Feature","geometry":{"type":"Point","coordinates":[10.129194,56.184668]},"properties":{"lines":"14","color":"#0059a9","mode":"bus","arr":["14"],"angle":-82.1,"extra":1,"ei":4}},{"type":"Feature","geometry":{"type":"Point","coordinates":[10.127341,56.183173]},"properties":{"lines":"14","color":"#0059a9","mode":"bus","arr":["14"],"angle":-28.6,"extra":1,"ei":5}},{"type":"Feature","geometry":{"type":"Point","coordinates":[10.124044,56.182881]},"properties":{"lines":"14","color":"#0059a9","mode":"bus","arr":["14"],"angle":1.6,"extra":1,"ei":6}},{"type":"Feature","geometry":{"type":"Point","coordinates":[10.136598,56.178957]},"properties":{"lines":"14","color":"#0059a9","mode":"bus","arr":["14"],"angle":82.2,"mi":1}},{"type":"Feature","geometry":{"type":"Point","coordinates":[10.142157,56.121586]},"properties":{"lines":"14","color":"#0059a9","mode":"bus","arr":["14"],"angle":-46.6,"mi":6}},{"type":"Feature","geometry":{"type":"Point","coordinates":[10.150568,56.123747]},"properties":{"lines":"14","color":"#0059a9","mode":"bus","arr":["14"],"angle":28.6,"extra":1,"ei":0}},{"type":"Feature","geometry":{"type":"Point","coordinates":[10.134973,56.121712]},"properties":{"lines":"14","color":"#0059a9","mode":"bus","arr":["14"],"angle":20.9,"extra":1,"ei":0}},{"type":"Feature","geometry":{"type":"Point","coordinates":[10.137583,56.12054]},"properties":{"lines":"14","color":"#0059a9","mode":"bus","arr":["14"],"angle":44.3,"extra":1,"ei":1}},{"type":"Feature","geometry":{"type":"Point","coordinates":[10.140355,56.120349]},"properties":{"lines":"14","color":"#0059a9","mode":"bus","arr":["14"],"angle":-49.4,"extra":1,"ei":2}},{"type":"Feature","geometry":{"type":"Point","coordinates":[10.145461,56.122704]},"properties":{"lines":"14","color":"#0059a9","mode":"bus","arr":["14"],"angle":-23.5,"extra":1,"ei":3}},{"type":"Feature","geometry":{"type":"Point","coordinates":[10.133355,56.120573]},"properties":{"lines":"14","color":"#0059a9","mode":"bus","arr":["14"],"angle":-85.8,"mi":3}},{"type":"Feature","geometry":{"type":"Point","coordinates":[10.13305,56.123479]},"properties":{"lines":"14","color":"#0059a9","mode":"bus","arr":["14"],"angle":-66.9,"side":-1}},{"type":"Feature","geometry":{"type":"Point","coordinates":[10.128013,56.11978]},"properties":{"lines":"14","color":"#0059a9","mode":"bus","arr":["14"],"angle":17.1,"mi":5}},{"type":"Feature","geometry":{"type":"Point","coordinates":[10.126563,56.121154]},"properties":{"lines":"14","color":"#0059a9","mode":"bus","arr":["14"],"angle":-78.7,"extra":1,"ei":0}},{"type":"Feature","geometry":{"type":"Point","coordinates":[10.131512,56.119453]},"properties":{"lines":"14","color":"#0059a9","mode":"bus","arr":["14"],"angle":3.6,"extra":1,"ei":1}},{"type":"Feature","geometry":{"type":"Point","coordinates":[10.128381,56.123175]},"properties":{"lines":"14","color":"#0059a9","mode":"bus","arr":["14"],"angle":-30.2,"mi":4}},{"type":"Feature","geometry":{"type":"Point","coordinates":[10.130172,56.123824]},"properties":{"lines":"14","color":"#0059a9","mode":"bus","arr":["14"],"angle":-41.5,"extra":1,"ei":0}},{"type":"Feature","geometry":{"type":"Point","coordinates":[10.13173,56.123629]},"properties":{"lines":"14","color":"#0059a9","mode":"bus","arr":["14"],"angle":37.6,"mi":2}},{"type":"Feature","geometry":{"type":"Point","coordinates":[10.132797,56.123607]},"properties":{"lines":"14","color":"#0059a9","mode":"bus","arr":["14"],"angle":-42.1,"mi":1}},{"type":"Feature","geometry":{"type":"Point","coordinates":[10.023144,56.213665]},"properties":{"lines":"14","color":"#0059a9","mode":"bus","arr":["14"],"angle":-77.1,"mi":1}},{"type":"Feature","geometry":{"type":"Point","coordinates":[10.184843,56.20614]},"properties":{"lines":"15","color":"#0059a9","mode":"bus","arr":["15"],"angle":-14.9,"mi":2}},{"type":"Feature","geometry":{"type":"Point","coordinates":[10.182727,56.205826]},"properties":{"lines":"15","color":"#0059a9","mode":"bus","arr":["15"],"angle":-14.9,"extra":1,"ei":0}},{"type":"Feature","geometry":{"type":"Point","coordinates":[10.183001,56.202838]},"properties":{"lines":"15","color":"#0059a9","mode":"bus","arr":["15"],"angle":66.3,"mi":1}},{"type":"Feature","geometry":{"type":"Point","coordinates":[10.184263,56.201232]},"properties":{"lines":"15","color":"#0059a9","mode":"bus","arr":["15"],"angle":66.3,"extra":1,"ei":0}},{"type":"Feature","geometry":{"type":"Point","coordinates":[10.18154,56.204688]},"properties":{"lines":"15","color":"#0059a9","mode":"bus","arr":["15"],"angle":66,"extra":1,"ei":1}},{"type":"Feature","geometry":{"type":"Point","coordinates":[10.188834,56.200577]},"properties":{"lines":"15","color":"#0059a9","mode":"bus","arr":["15"],"angle":-5.7}},{"type":"Feature","geometry":{"type":"Point","coordinates":[10.191134,56.200702]},"properties":{"lines":"15","color":"#0059a9","mode":"bus","arr":["15"],"angle":-5.6,"extra":1,"ei":0}},{"type":"Feature","geometry":{"type":"Point","coordinates":[10.195708,56.194767]},"properties":{"lines":"15","color":"#0059a9","mode":"bus","arr":["15"],"angle":72.9,"mi":3}},{"type":"Feature","geometry":{"type":"Point","coordinates":[10.199627,56.189919]},"properties":{"lines":"15","color":"#0059a9","mode":"bus","arr":["15"],"angle":60.5,"extra":1,"ei":0}},{"type":"Feature","geometry":{"type":"Point","coordinates":[10.198092,56.191601]},"properties":{"lines":"15","color":"#0059a9","mode":"bus","arr":["15"],"angle":63.3,"extra":1,"ei":1}},{"type":"Feature","geometry":{"type":"Point","coordinates":[10.196631,56.193303]},"properties":{"lines":"15","color":"#0059a9","mode":"bus","arr":["15"],"angle":67.9,"extra":1,"ei":2}},{"type":"Feature","geometry":{"type":"Point","coordinates":[10.194769,56.196926]},"properties":{"lines":"15","color":"#0059a9","mode":"bus","arr":["15"],"angle":78,"extra":1,"ei":3}},{"type":"Feature","geometry":{"type":"Point","coordinates":[10.194218,56.198789]},"properties":{"lines":"15","color":"#0059a9","mode":"bus","arr":["15"],"angle":79.6,"extra":1,"ei":4}},{"type":"Feature","geometry":{"type":"Point","coordinates":[10.192954,56.200531]},"properties":{"lines":"15","color":"#0059a9","mode":"bus","arr":["15"],"angle":72.1,"extra":1,"ei":5}},{"type":"Feature","geometry":{"type":"Point","coordinates":[10.198695,56.188373]},"properties":{"lines":"15, 16","color":"#0059a9","mode":"bus","arr":["15","16"],"angle":-36}},{"type":"Feature","geometry":{"type":"Point","coordinates":[10.199979,56.1861]},"properties":{"lines":"15, 16","color":"#0059a9","mode":"bus","arr":["15","16"],"angle":45.3,"mi":1}},{"type":"Feature","geometry":{"type":"Point","coordinates":[10.198149,56.187019]},"properties":{"lines":"15, 16","color":"#0059a9","mode":"bus","arr":["15","16"],"angle":39,"extra":1,"ei":0}},{"type":"Feature","geometry":{"type":"Point","coordinates":[10.205792,56.183445]},"properties":{"lines":"15","color":"#0059a9","mode":"bus","arr":["15"],"angle":15.2,"side":-1,"mi":4}},{"type":"Feature","geometry":{"type":"Point","coordinates":[10.208104,56.1831]},"properties":{"lines":"15","color":"#0059a9","mode":"bus","arr":["15"],"angle":14.6,"extra":1,"ei":0,"side":-1}},{"type":"Feature","geometry":{"type":"Point","coordinates":[10.209633,56.179379]},"properties":{"lines":"15","color":"#0059a9","mode":"bus","arr":["15"],"angle":79,"mi":1}},{"type":"Feature","geometry":{"type":"Point","coordinates":[10.21056,56.176432]},"properties":{"lines":"15","color":"#0059a9","mode":"bus","arr":["15"],"angle":85.5,"extra":1,"ei":0}},{"type":"Feature","geometry":{"type":"Point","coordinates":[10.208725,56.182003]},"properties":{"lines":"15","color":"#0059a9","mode":"bus","arr":["15"],"angle":79.1,"extra":1,"ei":1}},{"type":"Feature","geometry":{"type":"Point","coordinates":[10.210993,56.17269]},"properties":{"lines":"15","color":"#0059a9","mode":"bus","arr":["15"],"angle":76.3}},{"type":"Feature","geometry":{"type":"Point","coordinates":[10.210271,56.174566]},"properties":{"lines":"15","color":"#0059a9","mode":"bus","arr":["15"],"angle":81.9,"extra":1,"ei":0}},{"type":"Feature","geometry":{"type":"Point","coordinates":[10.211723,56.170877]},"properties":{"lines":"15","color":"#0059a9","mode":"bus","arr":["15"],"angle":77.9,"extra":1,"ei":1}},{"type":"Feature","geometry":{"type":"Point","coordinates":[10.211147,56.169029]},"properties":{"lines":"15","color":"#0059a9","mode":"bus","arr":["15"],"angle":-57.3,"mi":2}},{"type":"Feature","geometry":{"type":"Point","coordinates":[10.211168,56.166771]},"properties":{"lines":"15","color":"#0059a9","mode":"bus","arr":["15"],"angle":64.9,"mi":3}},{"type":"Feature","geometry":{"type":"Point","coordinates":[10.211944,56.165585]},"properties":{"lines":"15","color":"#0059a9","mode":"bus","arr":["15"],"angle":-87.6,"extra":1,"ei":0}},{"type":"Feature","geometry":{"type":"Point","coordinates":[10.164496,56.158588]},"properties":{"lines":"15","color":"#0059a9","mode":"bus","arr":["15"],"angle":77.6,"mi":3}},{"type":"Feature","geometry":{"type":"Point","coordinates":[10.163514,56.161091]},"properties":{"lines":"15","color":"#0059a9","mode":"bus","arr":["15"],"angle":77.9,"extra":1,"ei":0}},{"type":"Feature","geometry":{"type":"Point","coordinates":[10.164937,56.157399]},"properties":{"lines":"15","color":"#0059a9","mode":"bus","arr":["15"],"angle":78.6,"extra":1,"ei":1}},{"type":"Feature","geometry":{"type":"Point","coordinates":[10.16561,56.155549]},"properties":{"lines":"15","color":"#0059a9","mode":"bus","arr":["15"],"angle":78,"extra":1,"ei":2}},{"type":"Feature","geometry":{"type":"Point","coordinates":[10.15744,56.161088]},"properties":{"lines":"15","color":"#0059a9","mode":"bus","arr":["15"],"angle":-16.2,"mi":2}},{"type":"Feature","geometry":{"type":"Point","coordinates":[10.161652,56.161767]},"properties":{"lines":"15","color":"#0059a9","mode":"bus","arr":["15"],"angle":-16.2,"extra":1,"ei":0}},{"type":"Feature","geometry":{"type":"Point","coordinates":[10.155166,56.16072]},"properties":{"lines":"15","color":"#0059a9","mode":"bus","arr":["15"],"angle":-15.9,"extra":1,"ei":1}},{"type":"Feature","geometry":{"type":"Point","coordinates":[10.151956,56.160139]},"properties":{"lines":"15","color":"#0059a9","mode":"bus","arr":["15"],"angle":-21.5,"extra":1,"ei":2}},{"type":"Feature","geometry":{"type":"Point","coordinates":[10.147517,56.159053]},"properties":{"lines":"15","color":"#0059a9","mode":"bus","arr":["15"],"angle":-24.9}},{"type":"Feature","geometry":{"type":"Point","coordinates":[10.150105,56.159693]},"properties":{"lines":"15","color":"#0059a9","mode":"bus","arr":["15"],"angle":-23.6,"extra":1,"ei":0}},{"type":"Feature","geometry":{"type":"Point","coordinates":[10.143858,56.158271]},"properties":{"lines":"15","color":"#0059a9","mode":"bus","arr":["15"],"angle":-15.3,"extra":1,"ei":1}},{"type":"Feature","geometry":{"type":"Point","coordinates":[10.142177,56.158106]},"properties":{"lines":"15","color":"#0059a9","mode":"bus","arr":["15"],"angle":-10.5,"mi":1}},{"type":"Feature","geometry":{"type":"Point","coordinates":[10.140586,56.160542]},"properties":{"lines":"15, 35","color":"#0059a9","mode":"bus","arr":["15","35"],"angle":81.4}},{"type":"Feature","geometry":{"type":"Point","coordinates":[10.141015,56.158944]},"properties":{"lines":"15, 35","color":"#0059a9","mode":"bus","arr":["15","35"],"angle":81.5,"extra":1,"ei":0}},{"type":"Feature","geometry":{"type":"Point","coordinates":[10.140888,56.162363]},"properties":{"lines":"15, 35","color":"#0059a9","mode":"bus","arr":["15","35"],"angle":83.2,"extra":1,"ei":1}},{"type":"Feature","geometry":{"type":"Point","coordinates":[10.130676,56.160907]},"properties":{"lines":"15","color":"#0059a9","mode":"bus","arr":["15"],"angle":-46.5,"mi":4}},{"type":"Feature","geometry":{"type":"Point","coordinates":[10.124307,56.156092]},"properties":{"lines":"15, 35","color":"#0059a9","mode":"bus","arr":["15","35"],"angle":-62.1,"mi":6}},{"type":"Feature","geometry":{"type":"Point","coordinates":[10.119042,56.154013]},"properties":{"lines":"15, 35","color":"#0059a9","mode":"bus","arr":["15","35"],"angle":-11,"extra":1,"ei":0}},{"type":"Feature","geometry":{"type":"Point","coordinates":[10.122139,56.15472]},"properties":{"lines":"15, 35","color":"#0059a9","mode":"bus","arr":["15","35"],"angle":-35.7,"extra":1,"ei":1}},{"type":"Feature","geometry":{"type":"Point","coordinates":[10.125739,56.157845]},"properties":{"lines":"15, 35","color":"#0059a9","mode":"bus","arr":["15","35"],"angle":-62.2,"extra":1,"ei":2}},{"type":"Feature","geometry":{"type":"Point","coordinates":[10.127888,56.159291]},"properties":{"lines":"15, 35","color":"#0059a9","mode":"bus","arr":["15","35"],"angle":-46.1,"extra":1,"ei":3}},{"type":"Feature","geometry":{"type":"Point","coordinates":[10.109022,56.154521]},"properties":{"lines":"15, 35","color":"#0059a9","mode":"bus","arr":["15","35"],"angle":9.6,"mi":3}},{"type":"Feature","geometry":{"type":"Point","coordinates":[10.102629,56.155164]},"properties":{"lines":"15, 35","color":"#0059a9","mode":"bus","arr":["15","35"],"angle":10.6,"extra":1,"ei":0}},{"type":"Feature","geometry":{"type":"Point","coordinates":[10.105937,56.15479]},"properties":{"lines":"15, 35","color":"#0059a9","mode":"bus","arr":["15","35"],"angle":12,"extra":1,"ei":1}},{"type":"Feature","geometry":{"type":"Point","coordinates":[10.112609,56.154219]},"properties":{"lines":"15, 35","color":"#0059a9","mode":"bus","arr":["15","35"],"angle":8.4,"extra":1,"ei":2}},{"type":"Feature","geometry":{"type":"Point","coordinates":[10.115944,56.15393]},"properties":{"lines":"15, 35","color":"#0059a9","mode":"bus","arr":["15","35"],"angle":9.4,"extra":1,"ei":3}},{"type":"Feature","geometry":{"type":"Point","coordinates":[10.100757,56.155746]},"properties":{"lines":"15, 35","color":"#0059a9","mode":"bus","arr":["15","35"],"angle":79.5,"mi":1}},{"type":"Feature","geometry":{"type":"Point","coordinates":[10.1021,56.160401]},"properties":{"lines":"15, 35","color":"#0059a9","mode":"bus","arr":["15","35"],"angle":-67.7}},{"type":"Feature","geometry":{"type":"Point","coordinates":[10.100315,56.157252]},"properties":{"lines":"15, 35","color":"#0059a9","mode":"bus","arr":["15","35"],"angle":84.2,"extra":1,"ei":0}},{"type":"Feature","geometry":{"type":"Point","coordinates":[10.100786,56.159083]},"properties":{"lines":"15, 35","color":"#0059a9","mode":"bus","arr":["15","35"],"angle":-61.3,"extra":1,"ei":1}},{"type":"Feature","geometry":{"type":"Point","coordinates":[10.101958,56.162602]},"properties":{"lines":"15, 35","color":"#0059a9","mode":"bus","arr":["15","35"],"angle":69,"extra":1,"ei":2}},{"type":"Feature","geometry":{"type":"Point","coordinates":[10.100764,56.164368]},"properties":{"lines":"15, 35","color":"#0059a9","mode":"bus","arr":["15","35"],"angle":76.8,"extra":1,"ei":3}},{"type":"Feature","geometry":{"type":"Point","coordinates":[10.094477,56.161731]},"properties":{"lines":"15, 35","color":"#0059a9","mode":"bus","arr":["15","35"],"angle":-88.4,"mi":2}},{"type":"Feature","geometry":{"type":"Point","coordinates":[10.093164,56.160109]},"properties":{"lines":"15, 35","color":"#0059a9","mode":"bus","arr":["15","35"],"angle":-28.5,"extra":1,"ei":0}},{"type":"Feature","geometry":{"type":"Point","coordinates":[10.094846,56.163485]},"properties":{"lines":"15, 35","color":"#0059a9","mode":"bus","arr":["15","35"],"angle":-89.8,"extra":1,"ei":1}},{"type":"Feature","geometry":{"type":"Point","coordinates":[10.092188,56.159534]},"properties":{"lines":"15, 35","color":"#0059a9","mode":"bus","arr":["15","35"],"angle":-34.3,"side":-1,"mi":4}},{"type":"Feature","geometry":{"type":"Point","coordinates":[10.213996,56.273672]},"properties":{"lines":"16","color":"#0059a9","mode":"bus","arr":["16"],"angle":-77.5}},{"type":"Feature","geometry":{"type":"Point","coordinates":[10.216699,56.281163]},"properties":{"lines":"16","color":"#0059a9","mode":"bus","arr":["16"],"angle":-68.9,"extra":1,"ei":0}},{"type":"Feature","geometry":{"type":"Point","coordinates":[10.215968,56.279321]},"properties":{"lines":"16","color":"#0059a9","mode":"bus","arr":["16"],"angle":-79,"extra":1,"ei":1}},{"type":"Feature","geometry":{"type":"Point","coordinates":[10.215323,56.277467]},"properties":{"lines":"16","color":"#0059a9","mode":"bus","arr":["16"],"angle":-78.9,"extra":1,"ei":2}},{"type":"Feature","geometry":{"type":"Point","coordinates":[10.214675,56.275614]},"properties":{"lines":"16","color":"#0059a9","mode":"bus","arr":["16"],"angle":-78.9,"extra":1,"ei":3}},{"type":"Feature","geometry":{"type":"Point","coordinates":[10.212626,56.272056]},"properties":{"lines":"16","color":"#0059a9","mode":"bus","arr":["16"],"angle":-60.3,"extra":1,"ei":4}},{"type":"Feature","geometry":{"type":"Point","coordinates":[10.211134,56.27037]},"properties":{"lines":"16","color":"#0059a9","mode":"bus","arr":["16"],"angle":-73.5,"extra":1,"ei":5}},{"type":"Feature","geometry":{"type":"Point","coordinates":[10.210086,56.268584]},"properties":{"lines":"16","color":"#0059a9","mode":"bus","arr":["16"],"angle":-46,"extra":1,"ei":6}},{"type":"Feature","geometry":{"type":"Point","coordinates":[10.206942,56.268147]},"properties":{"lines":"16","color":"#0059a9","mode":"bus","arr":["16"],"angle":-57.7,"extra":1,"ei":7}},{"type":"Feature","geometry":{"type":"Point","coordinates":[10.205325,56.258058]},"properties":{"lines":"16","color":"#0059a9","mode":"bus","arr":["16"],"angle":-86.9}},{"type":"Feature","geometry":{"type":"Point","coordinates":[10.206953,56.266139]},"properties":{"lines":"16","color":"#0059a9","mode":"bus","arr":["16"],"angle":70.6,"extra":1,"ei":0}},{"type":"Feature","geometry":{"type":"Point","coordinates":[10.20754,56.264292]},"properties":{"lines":"16","color":"#0059a9","mode":"bus","arr":["16"],"angle":86.5,"extra":1,"ei":1}},{"type":"Feature","geometry":{"type":"Point","coordinates":[10.207401,56.262413]},"properties":{"lines":"16","color":"#0059a9","mode":"bus","arr":["16"],"angle":-72.3,"extra":1,"ei":2}},{"type":"Feature","geometry":{"type":"Point","coordinates":[10.206202,56.260648]},"properties":{"lines":"16","color":"#0059a9","mode":"bus","arr":["16"],"angle":-69.9,"extra":1,"ei":3}},{"type":"Feature","geometry":{"type":"Point","coordinates":[10.205612,56.255075]},"properties":{"lines":"16","color":"#0059a9","mode":"bus","arr":["16"],"angle":80.3,"extra":1,"ei":4}},{"type":"Feature","geometry":{"type":"Point","coordinates":[10.205596,56.253202]},"properties":{"lines":"16","color":"#0059a9","mode":"bus","arr":["16"],"angle":-83.5,"extra":1,"ei":5}},{"type":"Feature","geometry":{"type":"Point","coordinates":[10.205968,56.251388]},"properties":{"lines":"16","color":"#0059a9","mode":"bus","arr":["16"],"angle":62.5,"extra":1,"ei":6}},{"type":"Feature","geometry":{"type":"Point","coordinates":[10.206907,56.249593]},"properties":{"lines":"16","color":"#0059a9","mode":"bus","arr":["16"],"angle":81.4,"extra":1,"ei":7}},{"type":"Feature","geometry":{"type":"Point","coordinates":[10.202,56.245868]},"properties":{"lines":"16","color":"#0059a9","mode":"bus","arr":["16"],"angle":-65.4,"mi":4}},{"type":"Feature","geometry":{"type":"Point","coordinates":[10.206737,56.248166]},"properties":{"lines":"16","color":"#0059a9","mode":"bus","arr":["16"],"angle":-36.9,"extra":1,"ei":0}},{"type":"Feature","geometry":{"type":"Point","coordinates":[10.203916,56.247129]},"properties":{"lines":"16","color":"#0059a9","mode":"bus","arr":["16"],"angle":-33.3,"extra":1,"ei":1}},{"type":"Feature","geometry":{"type":"Point","coordinates":[10.200678,56.243946]},"properties":{"lines":"16","color":"#0059a9","mode":"bus","arr":["16"],"angle":-74.2,"extra":1,"ei":2}},{"type":"Feature","geometry":{"type":"Point","coordinates":[10.199349,56.242229]},"properties":{"lines":"16","color":"#0059a9","mode":"bus","arr":["16"],"angle":-75.1,"extra":1,"ei":3}},{"type":"Feature","geometry":{"type":"Point","coordinates":[10.204203,56.237218]},"properties":{"lines":"16","color":"#0059a9","mode":"bus","arr":["16"],"angle":57.8,"mi":2}},{"type":"Feature","geometry":{"type":"Point","coordinates":[10.2001,56.240956]},"properties":{"lines":"16","color":"#0059a9","mode":"bus","arr":["16"],"angle":60.4,"extra":1,"ei":0}},{"type":"Feature","geometry":{"type":"Point","coordinates":[10.201842,56.239339]},"properties":{"lines":"16","color":"#0059a9","mode":"bus","arr":["16"],"angle":58.1,"extra":1,"ei":1}},{"type":"Feature","geometry":{"type":"Point","coordinates":[10.205408,56.236132]},"properties":{"lines":"16","color":"#0059a9","mode":"bus","arr":["16"],"angle":58.1,"extra":1,"ei":2}},{"type":"Feature","geometry":{"type":"Point","coordinates":[10.207191,56.234528]},"properties":{"lines":"16","color":"#0059a9","mode":"bus","arr":["16"],"angle":58.1,"extra":1,"ei":3}},{"type":"Feature","geometry":{"type":"Point","coordinates":[10.208983,56.232928]},"properties":{"lines":"16","color":"#0059a9","mode":"bus","arr":["16"],"angle":54.9,"extra":1,"ei":4}},{"type":"Feature","geometry":{"type":"Point","coordinates":[10.212942,56.234982]},"properties":{"lines":"16","color":"#0059a9","mode":"bus","arr":["16"],"angle":-40.6}},{"type":"Feature","geometry":{"type":"Point","coordinates":[10.210412,56.233416]},"properties":{"lines":"16","color":"#0059a9","mode":"bus","arr":["16"],"angle":-48.4,"extra":1,"ei":0}},{"type":"Feature","geometry":{"type":"Point","coordinates":[10.215481,56.235833]},"properties":{"lines":"16","color":"#0059a9","mode":"bus","arr":["16"],"angle":-26.7,"extra":1,"ei":1}},{"type":"Feature","geometry":{"type":"Point","coordinates":[10.220103,56.235242]},"properties":{"lines":"16","color":"#0059a9","mode":"bus","arr":["16"],"angle":43.1,"mi":1}},{"type":"Feature","geometry":{"type":"Point","coordinates":[10.226062,56.234125]},"properties":{"lines":"16","color":"#0059a9","mode":"bus","arr":["16"],"angle":0.1,"mi":3}},{"type":"Feature","geometry":{"type":"Point","coordinates":[10.223704,56.234123]},"properties":{"lines":"16","color":"#0059a9","mode":"bus","arr":["16"],"angle":-3,"extra":1,"ei":0}},{"type":"Feature","geometry":{"type":"Point","coordinates":[10.232424,56.236373]},"properties":{"lines":"16, 18, 45","color":"#0059a9","mode":"bus","arr":["16","18","45"],"angle":-46.8}},{"type":"Feature","geometry":{"type":"Point","coordinates":[10.231189,56.234929]},"properties":{"lines":"16, 18, 45","color":"#0059a9","mode":"bus","arr":["16","18","45"],"angle":-65.2,"extra":1,"ei":0}},{"type":"Feature","geometry":{"type":"Point","coordinates":[10.235884,56.237275]},"properties":{"lines":"16, 18, 45","color":"#0059a9","mode":"bus","arr":["16","18","45"],"angle":-19.4,"extra":1,"ei":1}},{"type":"Feature","geometry":{"type":"Point","coordinates":[10.238252,56.234627]},"properties":{"lines":"16, 32, 45","color":"#0059a9","mode":"bus","arr":["16","32","45"],"angle":71.3}},{"type":"Feature","geometry":{"type":"Point","coordinates":[10.237093,56.23651]},"properties":{"lines":"16, 32, 45","color":"#0059a9","mode":"bus","arr":["16","32","45"],"angle":71,"extra":1,"ei":0}},{"type":"Feature","geometry":{"type":"Point","coordinates":[10.238177,56.232892]},"properties":{"lines":"16, 32, 45","color":"#0059a9","mode":"bus","arr":["16","32","45"],"angle":-67.3,"extra":1,"ei":1}},{"type":"Feature","geometry":{"type":"Point","coordinates":[10.237137,56.227857]},"properties":{"lines":"16, 45","color":"#0059a9","mode":"bus","arr":["16","45"],"angle":87.6}},{"type":"Feature","geometry":{"type":"Point","coordinates":[10.237027,56.230906]},"properties":{"lines":"16, 45","color":"#0059a9","mode":"bus","arr":["16","45"],"angle":-80.9,"extra":1,"ei":0}},{"type":"Feature","geometry":{"type":"Point","coordinates":[10.236975,56.229026]},"properties":{"lines":"16, 45","color":"#0059a9","mode":"bus","arr":["16","45"],"angle":85.3,"extra":1,"ei":1}},{"type":"Feature","geometry":{"type":"Point","coordinates":[10.236468,56.225296]},"properties":{"lines":"16, 45","color":"#0059a9","mode":"bus","arr":["16","45"],"angle":-65.5,"extra":1,"ei":2}},{"type":"Feature","geometry":{"type":"Point","coordinates":[10.233685,56.216986]},"properties":{"lines":"16, 18, 45","color":"#0059a9","mode":"bus","arr":["16","18","45"],"angle":83.5}},{"type":"Feature","geometry":{"type":"Point","coordinates":[10.234714,56.211997]},"properties":{"lines":"16, 18, 45","color":"#0059a9","mode":"bus","arr":["16","18","45"],"angle":83.5,"extra":1,"ei":0}},{"type":"Feature","geometry":{"type":"Point","coordinates":[10.234348,56.213874]},"properties":{"lines":"16, 18, 45","color":"#0059a9","mode":"bus","arr":["16","18","45"],"angle":83.9,"extra":1,"ei":1}},{"type":"Feature","geometry":{"type":"Point","coordinates":[10.23398,56.215751]},"properties":{"lines":"16, 18, 45","color":"#0059a9","mode":"bus","arr":["16","18","45"],"angle":83,"extra":1,"ei":2}},{"type":"Feature","geometry":{"type":"Point","coordinates":[10.23384,56.219505]},"properties":{"lines":"16, 18, 45","color":"#0059a9","mode":"bus","arr":["16","18","45"],"angle":-78.4,"extra":1,"ei":3}},{"type":"Feature","geometry":{"type":"Point","coordinates":[10.234943,56.221283]},"properties":{"lines":"16, 18, 45","color":"#0059a9","mode":"bus","arr":["16","18","45"],"angle":-65.1,"extra":1,"ei":4}},{"type":"Feature","geometry":{"type":"Point","coordinates":[10.236238,56.205052]},"properties":{"lines":"16, 18","color":"#0059a9","mode":"bus","arr":["16","18"],"angle":82.3}},{"type":"Feature","geometry":{"type":"Point","coordinates":[10.234795,56.211353]},"properties":{"lines":"16, 18","color":"#0059a9","mode":"bus","arr":["16","18"],"angle":-89.8,"mi":1}},{"type":"Feature","geometry":{"type":"Point","coordinates":[10.23737,56.200274]},"properties":{"lines":"16, 18","color":"#0059a9","mode":"bus","arr":["16","18"],"angle":85,"extra":1,"ei":0}},{"type":"Feature","geometry":{"type":"Point","coordinates":[10.23694,56.202147]},"properties":{"lines":"16, 18","color":"#0059a9","mode":"bus","arr":["16","18"],"angle":82.5,"extra":1,"ei":1}},{"type":"Feature","geometry":{"type":"Point","coordinates":[10.235571,56.20776]},"properties":{"lines":"16, 18","color":"#0059a9","mode":"bus","arr":["16","18"],"angle":82.7,"extra":1,"ei":2}},{"type":"Feature","geometry":{"type":"Point","coordinates":[10.235201,56.209637]},"properties":{"lines":"16, 18","color":"#0059a9","mode":"bus","arr":["16","18"],"angle":83.5,"extra":1,"ei":3}},{"type":"Feature","geometry":{"type":"Point","coordinates":[10.228738,56.197749]},"properties":{"lines":"16, 18, 100, 123, 925X","color":"#0059a9","mode":"bus","arr":["16","18","100","123","925X"],"angle":-14.6}},{"type":"Feature","geometry":{"type":"Point","coordinates":[10.235898,56.199126]},"properties":{"lines":"16, 18, 100, 123, 925X","color":"#0059a9","mode":"bus","arr":["16","18","100","123","925X"],"angle":-22.8,"extra":1,"ei":0}},{"type":"Feature","geometry":{"type":"Point","coordinates":[10.232769,56.198422]},"properties":{"lines":"16, 18, 100, 123, 925X","color":"#0059a9","mode":"bus","arr":["16","18","100","123","925X"],"angle":-19.4,"extra":1,"ei":1}},{"type":"Feature","geometry":{"type":"Point","coordinates":[10.226278,56.197392]},"properties":{"lines":"16, 18, 100, 123, 925X","color":"#0059a9","mode":"bus","arr":["16","18","100","123","925X"],"angle":-14.6,"extra":1,"ei":2}},{"type":"Feature","geometry":{"type":"Point","coordinates":[10.22304,56.196866]},"properties":{"lines":"16, 18, 100, 123, 925X","color":"#0059a9","mode":"bus","arr":["16","18","100","123","925X"],"angle":-23.7,"extra":1,"ei":3}},{"type":"Feature","geometry":{"type":"Point","coordinates":[10.202964,56.190133]},"properties":{"lines":"16","color":"#0059a9","mode":"bus","arr":["16"],"angle":47.9,"mi":1}},{"type":"Feature","geometry":{"type":"Point","coordinates":[10.21655,56.196827]},"properties":{"lines":"16","color":"#0059a9","mode":"bus","arr":["16"],"angle":14.5}},{"type":"Feature","geometry":{"type":"Point","coordinates":[10.208131,56.195314]},"properties":{"lines":"16","color":"#0059a9","mode":"bus","arr":["16"],"angle":-52.8,"extra":1,"ei":0}},{"type":"Feature","geometry":{"type":"Point","coordinates":[10.206237,56.193752]},"properties":{"lines":"16","color":"#0059a9","mode":"bus","arr":["16"],"angle":-58.6,"extra":1,"ei":1}},{"type":"Feature","geometry":{"type":"Point","coordinates":[10.20464,56.19209]},"properties":{"lines":"16","color":"#0059a9","mode":"bus","arr":["16"],"angle":-64.3,"extra":1,"ei":2}},{"type":"Feature","geometry":{"type":"Point","coordinates":[10.211842,56.197059]},"properties":{"lines":"16, 45","color":"#0059a9","mode":"bus","arr":["16","45"],"angle":-12.2}},{"type":"Feature","geometry":{"type":"Point","coordinates":[10.20175,56.189624]},"properties":{"lines":"16","color":"#0059a9","mode":"bus","arr":["16"],"angle":-36.6}},{"type":"Feature","geometry":{"type":"Point","coordinates":[10.200545,56.183194]},"properties":{"lines":"16, 18","color":"#0059a9","mode":"bus","arr":["16","18"],"angle":-24.2,"side":-1}},{"type":"Feature","geometry":{"type":"Point","coordinates":[10.19854,56.182859]},"properties":{"lines":"16, 18","color":"#0059a9","mode":"bus","arr":["16","18"],"angle":-20.6,"extra":1,"ei":0}},{"type":"Feature","geometry":{"type":"Point","coordinates":[10.200871,56.177146]},"properties":{"lines":"16, 18, 118, 200","color":"#0059a9","mode":"bus","arr":["16","18","118","200"],"angle":68.6,"side":-1}},{"type":"Feature","geometry":{"type":"Point","coordinates":[10.197722,56.181673]},"properties":{"lines":"16, 18, 118, 200","color":"#0059a9","mode":"bus","arr":["16","18","118","200"],"angle":68,"extra":1,"ei":0,"side":-1}},{"type":"Feature","geometry":{"type":"Point","coordinates":[10.198999,56.179925]},"properties":{"lines":"16, 18, 118, 200","color":"#0059a9","mode":"bus","arr":["16","18","118","200"],"angle":67.3,"extra":1,"ei":1,"side":-1}},{"type":"Feature","geometry":{"type":"Point","coordinates":[10.202522,56.174616]},"properties":{"lines":"16, 18, 118, 200","color":"#0059a9","mode":"bus","arr":["16","18","118","200"],"angle":71,"extra":1,"ei":2,"side":-1}},{"type":"Feature","geometry":{"type":"Point","coordinates":[10.203725,56.172852]},"properties":{"lines":"16, 18, 118, 200","color":"#0059a9","mode":"bus","arr":["16","18","118","200"],"angle":70.5,"extra":1,"ei":3,"side":-1}},{"type":"Feature","geometry":{"type":"Point","coordinates":[10.204235,56.145367]},"properties":{"lines":"16, 17, 18, 100, 103, 302","color":"#0059a9","mode":"bus","arr":["16","17","18","100","103","302"],"angle":49.4,"side":-1,"mi":1}},{"type":"Feature","geometry":{"type":"Point","coordinates":[10.204284,56.143565]},"properties":{"lines":"16, 17, 18, 100, 103, 302","color":"#0059a9","mode":"bus","arr":["16","17","18","100","103","302"],"angle":-84.2}},{"type":"Feature","geometry":{"type":"Point","coordinates":[10.19628,56.140502]},"properties":{"lines":"16, 18","color":"#0059a9","mode":"bus","arr":["16","18"],"angle":-10.6}},{"type":"Feature","geometry":{"type":"Point","coordinates":[10.193068,56.140169]},"properties":{"lines":"16","color":"#0059a9","mode":"bus","arr":["16"],"angle":-10.5}},{"type":"Feature","geometry":{"type":"Point","coordinates":[10.190867,56.13994]},"properties":{"lines":"16","color":"#0059a9","mode":"bus","arr":["16"],"angle":-10.6,"extra":1,"ei":0}},{"type":"Feature","geometry":{"type":"Point","coordinates":[10.186037,56.128508]},"properties":{"lines":"16, 18","color":"#0059a9","mode":"bus","arr":["16","18"],"angle":-63.3}},{"type":"Feature","geometry":{"type":"Point","coordinates":[10.188959,56.131743]},"properties":{"lines":"16, 18","color":"#0059a9","mode":"bus","arr":["16","18"],"angle":-63.1,"mi":1}},{"type":"Feature","geometry":{"type":"Point","coordinates":[10.187711,56.130283]},"properties":{"lines":"16, 18","color":"#0059a9","mode":"bus","arr":["16","18"],"angle":-47.7,"extra":1,"ei":0}},{"type":"Feature","geometry":{"type":"Point","coordinates":[10.190205,56.120576]},"properties":{"lines":"16, 18","color":"#0059a9","mode":"bus","arr":["16","18"],"angle":43.3,"mi":2}},{"type":"Feature","geometry":{"type":"Point","coordinates":[10.19113,56.11784]},"properties":{"lines":"16","color":"#0059a9","mode":"bus","arr":["16"],"angle":87.2,"mi":4}},{"type":"Feature","geometry":{"type":"Point","coordinates":[10.190319,56.114831]},"properties":{"lines":"16","color":"#0059a9","mode":"bus","arr":["16"],"angle":-84,"mi":1}},{"type":"Feature","geometry":{"type":"Point","coordinates":[10.192579,56.107188]},"properties":{"lines":"16","color":"#0059a9","mode":"bus","arr":["16"],"angle":29.1}},{"type":"Feature","geometry":{"type":"Point","coordinates":[10.200133,56.105451]},"properties":{"lines":"16","color":"#0059a9","mode":"bus","arr":["16"],"angle":19.9,"mi":3}},{"type":"Feature","geometry":{"type":"Point","coordinates":[10.189496,56.108218]},"properties":{"lines":"16","color":"#0059a9","mode":"bus","arr":["16"],"angle":31.3,"extra":1,"ei":0}},{"type":"Feature","geometry":{"type":"Point","coordinates":[10.195377,56.106367]},"properties":{"lines":"16","color":"#0059a9","mode":"bus","arr":["16"],"angle":25.3,"extra":1,"ei":1}},{"type":"Feature","geometry":{"type":"Point","coordinates":[10.20322,56.107783]},"properties":{"lines":"16","color":"#0059a9","mode":"bus","arr":["16"],"angle":-28.4,"mi":2}},{"type":"Feature","geometry":{"type":"Point","coordinates":[10.202507,56.106308]},"properties":{"lines":"16","color":"#0059a9","mode":"bus","arr":["16"],"angle":-83.5,"extra":1,"ei":0}},{"type":"Feature","geometry":{"type":"Point","coordinates":[10.207158,56.107555]},"properties":{"lines":"16","color":"#0059a9","mode":"bus","arr":["16"],"angle":9.3,"extra":1,"ei":1}},{"type":"Feature","geometry":{"type":"Point","coordinates":[10.209454,56.098098]},"properties":{"lines":"16, 40, 100, 103, 302","color":"#0059a9","mode":"bus","arr":["16","40","100","103","302"],"angle":82.6}},{"type":"Feature","geometry":{"type":"Point","coordinates":[10.207836,56.101637]},"properties":{"lines":"16, 40, 100, 103, 302","color":"#0059a9","mode":"bus","arr":["16","40","100","103","302"],"angle":73.9,"extra":1,"ei":0}},{"type":"Feature","geometry":{"type":"Point","coordinates":[10.209479,56.094444]},"properties":{"lines":"16, 40, 100, 103, 302","color":"#0059a9","mode":"bus","arr":["16","40","100","103","302"],"angle":-88.3,"extra":1,"ei":0}},{"type":"Feature","geometry":{"type":"Point","coordinates":[10.209574,56.096332]},"properties":{"lines":"16, 40, 100, 103, 302","color":"#0059a9","mode":"bus","arr":["16","40","100","103","302"],"angle":89.6,"extra":1,"ei":0}},{"type":"Feature","geometry":{"type":"Point","coordinates":[10.2086,56.100047]},"properties":{"lines":"16, 40, 100, 103, 302","color":"#0059a9","mode":"bus","arr":["16","40","100","103","302"],"angle":74.8,"extra":1,"ei":1}},{"type":"Feature","geometry":{"type":"Point","coordinates":[10.185634,56.085722]},"properties":{"lines":"16, 40","color":"#0059a9","mode":"bus","arr":["16","40"],"angle":-50.9}},{"type":"Feature","geometry":{"type":"Point","coordinates":[10.163125,56.070292]},"properties":{"lines":"16, 40","color":"#0059a9","mode":"bus","arr":["16","40"],"angle":-74.2,"mi":1}},{"type":"Feature","geometry":{"type":"Point","coordinates":[10.167148,56.074935]},"properties":{"lines":"16, 40","color":"#0059a9","mode":"bus","arr":["16","40"],"angle":-63.7,"extra":1,"ei":0}},{"type":"Feature","geometry":{"type":"Point","coordinates":[10.168896,56.076542]},"properties":{"lines":"16, 40","color":"#0059a9","mode":"bus","arr":["16","40"],"angle":-63.4,"extra":1,"ei":1}},{"type":"Feature","geometry":{"type":"Point","coordinates":[10.170693,56.078126]},"properties":{"lines":"16, 40","color":"#0059a9","mode":"bus","arr":["16","40"],"angle":-46,"extra":1,"ei":2}},{"type":"Feature","geometry":{"type":"Point","coordinates":[10.173068,56.079467]},"properties":{"lines":"16, 40","color":"#0059a9","mode":"bus","arr":["16","40"],"angle":-45.3,"extra":1,"ei":3}},{"type":"Feature","geometry":{"type":"Point","coordinates":[10.175444,56.080809]},"properties":{"lines":"16, 40","color":"#0059a9","mode":"bus","arr":["16","40"],"angle":-45.3,"extra":1,"ei":4}},{"type":"Feature","geometry":{"type":"Point","coordinates":[10.178056,56.081993]},"properties":{"lines":"16, 40","color":"#0059a9","mode":"bus","arr":["16","40"],"angle":-30.2,"extra":1,"ei":5}},{"type":"Feature","geometry":{"type":"Point","coordinates":[10.180981,56.082932]},"properties":{"lines":"16, 40","color":"#0059a9","mode":"bus","arr":["16","40"],"angle":-35.6,"extra":1,"ei":6}},{"type":"Feature","geometry":{"type":"Point","coordinates":[10.183436,56.084219]},"properties":{"lines":"16, 40","color":"#0059a9","mode":"bus","arr":["16","40"],"angle":-50.2,"extra":1,"ei":7}},{"type":"Feature","geometry":{"type":"Point","coordinates":[10.187705,56.087145]},"properties":{"lines":"16, 40","color":"#0059a9","mode":"bus","arr":["16","40"],"angle":-50.9,"extra":1,"ei":8}},{"type":"Feature","geometry":{"type":"Point","coordinates":[10.189836,56.08861]},"properties":{"lines":"16, 40","color":"#0059a9","mode":"bus","arr":["16","40"],"angle":-50.9,"extra":1,"ei":9}},{"type":"Feature","geometry":{"type":"Point","coordinates":[10.192309,56.089852]},"properties":{"lines":"16, 40","color":"#0059a9","mode":"bus","arr":["16","40"],"angle":-21.6,"extra":1,"ei":10}},{"type":"Feature","geometry":{"type":"Point","coordinates":[10.195554,56.090339]},"properties":{"lines":"16, 40","color":"#0059a9","mode":"bus","arr":["16","40"],"angle":-27.1,"extra":1,"ei":11}},{"type":"Feature","geometry":{"type":"Point","coordinates":[10.19841,56.091337]},"properties":{"lines":"16, 40","color":"#0059a9","mode":"bus","arr":["16","40"],"angle":-23.6,"extra":1,"ei":12}},{"type":"Feature","geometry":{"type":"Point","coordinates":[10.201573,56.09199]},"properties":{"lines":"16, 40","color":"#0059a9","mode":"bus","arr":["16","40"],"angle":-23.2,"extra":1,"ei":13}},{"type":"Feature","geometry":{"type":"Point","coordinates":[10.204669,56.092743]},"properties":{"lines":"16, 40","color":"#0059a9","mode":"bus","arr":["16","40"],"angle":-23.6,"extra":1,"ei":14}},{"type":"Feature","geometry":{"type":"Point","coordinates":[10.207797,56.093443]},"properties":{"lines":"16, 40","color":"#0059a9","mode":"bus","arr":["16","40"],"angle":-11.9,"extra":1,"ei":15}},{"type":"Feature","geometry":{"type":"Point","coordinates":[10.165171,56.072193]},"properties":{"lines":"16, 40","color":"#0059a9","mode":"bus","arr":["16","40"],"angle":4.6,"extra":1,"ei":0}},{"type":"Feature","geometry":{"type":"Point","coordinates":[10.162679,56.069022]},"properties":{"lines":"16, 40","color":"#0059a9","mode":"bus","arr":["16","40"],"angle":-80.6,"extra":1,"ei":1}},{"type":"Feature","geometry":{"type":"Point","coordinates":[10.161395,56.067316]},"properties":{"lines":"16, 40","color":"#0059a9","mode":"bus","arr":["16","40"],"angle":-58,"extra":1,"ei":2}},{"type":"Feature","geometry":{"type":"Point","coordinates":[10.166514,56.073098]},"properties":{"lines":"16, 40","color":"#0059a9","mode":"bus","arr":["16","40"],"angle":83.1,"mi":4}},{"type":"Feature","geometry":{"type":"Point","coordinates":[10.158503,56.064243]},"properties":{"lines":"16, 40","color":"#0059a9","mode":"bus","arr":["16","40"],"angle":-47.4}},{"type":"Feature","geometry":{"type":"Point","coordinates":[10.160671,56.066226]},"properties":{"lines":"16, 40","color":"#0059a9","mode":"bus","arr":["16","40"],"angle":-62.4,"extra":1,"ei":0}},{"type":"Feature","geometry":{"type":"Point","coordinates":[10.156917,56.06321]},"properties":{"lines":"16, 40","color":"#0059a9","mode":"bus","arr":["16","40"],"angle":-58.2,"extra":1,"ei":1}},{"type":"Feature","geometry":{"type":"Point","coordinates":[10.155539,56.061489]},"properties":{"lines":"16, 40","color":"#0059a9","mode":"bus","arr":["16","40"],"angle":-66.9,"extra":1,"ei":2}},{"type":"Feature","geometry":{"type":"Point","coordinates":[10.160506,56.059964]},"properties":{"lines":"16, 40","color":"#0059a9","mode":"bus","arr":["16","40"],"angle":17.4,"mi":2}},{"type":"Feature","geometry":{"type":"Point","coordinates":[10.157216,56.06096]},"properties":{"lines":"16, 40","color":"#0059a9","mode":"bus","arr":["16","40"],"angle":20.2,"extra":1,"ei":0}},{"type":"Feature","geometry":{"type":"Point","coordinates":[10.162912,56.059058]},"properties":{"lines":"16, 40","color":"#0059a9","mode":"bus","arr":["16","40"],"angle":43.8,"extra":1,"ei":1}},{"type":"Feature","geometry":{"type":"Point","coordinates":[10.164633,56.058201]},"properties":{"lines":"16, 40","color":"#0059a9","mode":"bus","arr":["16","40"],"angle":28.1,"side":-1,"mi":3}},{"type":"Feature","geometry":{"type":"Point","coordinates":[10.235573,56.224562]},"properties":{"lines":"16","color":"#0059a9","mode":"bus","arr":["16"],"angle":-60.2,"side":-1}},{"type":"Feature","geometry":{"type":"Point","coordinates":[10.337844,56.257815]},"properties":{"lines":"17","color":"#0059a9","mode":"bus","arr":["17"],"angle":-8.4}},{"type":"Feature","geometry":{"type":"Point","coordinates":[10.341151,56.258066]},"properties":{"lines":"17","color":"#0059a9","mode":"bus","arr":["17"],"angle":-7.6,"mi":1}},{"type":"Feature","geometry":{"type":"Point","coordinates":[10.331703,56.254327]},"properties":{"lines":"17","color":"#0059a9","mode":"bus","arr":["17"],"angle":-40.3,"mi":2}},{"type":"Feature","geometry":{"type":"Point","coordinates":[10.321905,56.251699]},"properties":{"lines":"17","color":"#0059a9","mode":"bus","arr":["17"],"angle":-18.7,"extra":1,"ei":0}},{"type":"Feature","geometry":{"type":"Point","coordinates":[10.325101,56.252306]},"properties":{"lines":"17","color":"#0059a9","mode":"bus","arr":["17"],"angle":-19.7,"extra":1,"ei":1}},{"type":"Feature","geometry":{"type":"Point","coordinates":[10.328155,56.253102]},"properties":{"lines":"17","color":"#0059a9","mode":"bus","arr":["17"],"angle":-28.8,"extra":1,"ei":2}},{"type":"Feature","geometry":{"type":"Point","coordinates":[10.333488,56.255361]},"properties":{"lines":"17","color":"#0059a9","mode":"bus","arr":["17"],"angle":-53.1,"extra":1,"ei":3}},{"type":"Feature","geometry":{"type":"Point","coordinates":[10.334975,56.257052]},"properties":{"lines":"17","color":"#0059a9","mode":"bus","arr":["17"],"angle":-64.8,"extra":1,"ei":4}},{"type":"Feature","geometry":{"type":"Point","coordinates":[10.335087,56.258817]},"properties":{"lines":"17","color":"#0059a9","mode":"bus","arr":["17"],"angle":73.7,"extra":1,"ei":5}},{"type":"Feature","geometry":{"type":"Point","coordinates":[10.333615,56.246376]},"properties":{"lines":"17","color":"#0059a9","mode":"bus","arr":["17"],"angle":41.6,"mi":5}},{"type":"Feature","geometry":{"type":"Point","coordinates":[10.319565,56.250623]},"properties":{"lines":"17","color":"#0059a9","mode":"bus","arr":["17"],"angle":-61.8,"extra":1,"ei":0}},{"type":"Feature","geometry":{"type":"Point","coordinates":[10.322085,56.249731]},"properties":{"lines":"17","color":"#0059a9","mode":"bus","arr":["17"],"angle":35.2,"extra":1,"ei":1}},{"type":"Feature","geometry":{"type":"Point","coordinates":[10.325382,56.249534]},"properties":{"lines":"17","color":"#0059a9","mode":"bus","arr":["17"],"angle":4.6,"extra":1,"ei":2}},{"type":"Feature","geometry":{"type":"Point","coordinates":[10.328452,56.248928]},"properties":{"lines":"17","color":"#0059a9","mode":"bus","arr":["17"],"angle":41.5,"extra":1,"ei":3}},{"type":"Feature","geometry":{"type":"Point","coordinates":[10.330982,56.247678]},"properties":{"lines":"17","color":"#0059a9","mode":"bus","arr":["17"],"angle":41.5,"extra":1,"ei":4}},{"type":"Feature","geometry":{"type":"Point","coordinates":[10.334614,56.244763]},"properties":{"lines":"17","color":"#0059a9","mode":"bus","arr":["17"],"angle":-88.6,"extra":1,"ei":5}},{"type":"Feature","geometry":{"type":"Point","coordinates":[10.334153,56.242908]},"properties":{"lines":"17","color":"#0059a9","mode":"bus","arr":["17"],"angle":-69.3,"extra":1,"ei":6}},{"type":"Feature","geometry":{"type":"Point","coordinates":[10.332934,56.241147]},"properties":{"lines":"17","color":"#0059a9","mode":"bus","arr":["17"],"angle":-69,"extra":1,"ei":7}},{"type":"Feature","geometry":{"type":"Point","coordinates":[10.331729,56.239383]},"properties":{"lines":"17","color":"#0059a9","mode":"bus","arr":["17"],"angle":-68.9,"extra":1,"ei":8}},{"type":"Feature","geometry":{"type":"Point","coordinates":[10.33052,56.23762]},"properties":{"lines":"17","color":"#0059a9","mode":"bus","arr":["17"],"angle":-69.1,"extra":1,"ei":9}},{"type":"Feature","geometry":{"type":"Point","coordinates":[10.32882,56.233886]},"properties":{"lines":"17","color":"#0059a9","mode":"bus","arr":["17"],"angle":-60.4,"mi":14}},{"type":"Feature","geometry":{"type":"Point","coordinates":[10.329677,56.235648]},"properties":{"lines":"17","color":"#0059a9","mode":"bus","arr":["17"],"angle":-84.4,"extra":1,"ei":0}},{"type":"Feature","geometry":{"type":"Point","coordinates":[10.327073,56.232223]},"properties":{"lines":"17","color":"#0059a9","mode":"bus","arr":["17"],"angle":-59.4,"extra":1,"ei":1}},{"type":"Feature","geometry":{"type":"Point","coordinates":[10.320509,56.230314]},"properties":{"lines":"17","color":"#0059a9","mode":"bus","arr":["17"],"angle":-6.2,"mi":11}},{"type":"Feature","geometry":{"type":"Point","coordinates":[10.325196,56.230774]},"properties":{"lines":"17","color":"#0059a9","mode":"bus","arr":["17"],"angle":-33.4,"extra":1,"ei":0}},{"type":"Feature","geometry":{"type":"Point","coordinates":[10.315317,56.229698]},"properties":{"lines":"17","color":"#0059a9","mode":"bus","arr":["17"],"angle":-16.9,"extra":1,"ei":1}},{"type":"Feature","geometry":{"type":"Point","coordinates":[10.313171,56.231552]},"properties":{"lines":"17","color":"#0059a9","mode":"bus","arr":["17"],"angle":85.2,"mi":10}},{"type":"Feature","geometry":{"type":"Point","coordinates":[10.313701,56.23041]},"properties":{"lines":"17","color":"#0059a9","mode":"bus","arr":["17"],"angle":72.6,"extra":1,"ei":0}},{"type":"Feature","geometry":{"type":"Point","coordinates":[10.302498,56.233778]},"properties":{"lines":"17","color":"#0059a9","mode":"bus","arr":["17"],"angle":11.7,"mi":8}},{"type":"Feature","geometry":{"type":"Point","coordinates":[10.31113,56.233519]},"properties":{"lines":"17","color":"#0059a9","mode":"bus","arr":["17"],"angle":-5.6,"extra":1,"ei":0}},{"type":"Feature","geometry":{"type":"Point","coordinates":[10.30776,56.233443]},"properties":{"lines":"17","color":"#0059a9","mode":"bus","arr":["17"],"angle":1,"extra":1,"ei":1}},{"type":"Feature","geometry":{"type":"Point","coordinates":[10.298488,56.233459]},"properties":{"lines":"17","color":"#0059a9","mode":"bus","arr":["17"],"angle":-70.4,"extra":1,"ei":2}},{"type":"Feature","geometry":{"type":"Point","coordinates":[10.297469,56.231664]},"properties":{"lines":"17","color":"#0059a9","mode":"bus","arr":["17"],"angle":-85,"extra":1,"ei":3}},{"type":"Feature","geometry":{"type":"Point","coordinates":[10.302052,56.22941]},"properties":{"lines":"17","color":"#0059a9","mode":"bus","arr":["17"],"angle":26.5,"mi":6}},{"type":"Feature","geometry":{"type":"Point","coordinates":[10.299207,56.23021]},"properties":{"lines":"17","color":"#0059a9","mode":"bus","arr":["17"],"angle":21.7,"extra":1,"ei":0}},{"type":"Feature","geometry":{"type":"Point","coordinates":[10.305032,56.228329]},"properties":{"lines":"17","color":"#0059a9","mode":"bus","arr":["17"],"angle":39.7,"extra":1,"ei":1}},{"type":"Feature","geometry":{"type":"Point","coordinates":[10.303411,56.225386]},"properties":{"lines":"17","color":"#0059a9","mode":"bus","arr":["17"],"angle":-56.6,"mi":4}},{"type":"Feature","geometry":{"type":"Point","coordinates":[10.293862,56.218014]},"properties":{"lines":"17","color":"#0059a9","mode":"bus","arr":["17"],"angle":-52.6,"mi":3}},{"type":"Feature","geometry":{"type":"Point","coordinates":[10.296158,56.219689]},"properties":{"lines":"17","color":"#0059a9","mode":"bus","arr":["17"],"angle":-52.5,"mi":2}},{"type":"Feature","geometry":{"type":"Point","coordinates":[10.29931,56.22199]},"properties":{"lines":"17","color":"#0059a9","mode":"bus","arr":["17"],"angle":-52.8,"mi":1}},{"type":"Feature","geometry":{"type":"Point","coordinates":[10.297809,56.22089]},"properties":{"lines":"17","color":"#0059a9","mode":"bus","arr":["17"],"angle":-52.3}},{"type":"Feature","geometry":{"type":"Point","coordinates":[10.305649,56.227]},"properties":{"lines":"17","color":"#0059a9","mode":"bus","arr":["17"],"angle":-48.8,"extra":1,"ei":0}},{"type":"Feature","geometry":{"type":"Point","coordinates":[10.301712,56.223941]},"properties":{"lines":"17","color":"#0059a9","mode":"bus","arr":["17"],"angle":-56.6,"extra":1,"ei":1}},{"type":"Feature","geometry":{"type":"Point","coordinates":[10.275111,56.206136]},"properties":{"lines":"17","color":"#0059a9","mode":"bus","arr":["17"],"angle":15.8,"mi":13}},{"type":"Feature","geometry":{"type":"Point","coordinates":[10.290924,56.215382]},"properties":{"lines":"17","color":"#0059a9","mode":"bus","arr":["17"],"angle":-63.8,"mi":5}},{"type":"Feature","geometry":{"type":"Point","coordinates":[10.282368,56.20742]},"properties":{"lines":"17","color":"#0059a9","mode":"bus","arr":["17"],"angle":-63.4,"mi":12}},{"type":"Feature","geometry":{"type":"Point","coordinates":[10.28704,56.211941]},"properties":{"lines":"17","color":"#0059a9","mode":"bus","arr":["17"],"angle":-49.7,"mi":7}},{"type":"Feature","geometry":{"type":"Point","coordinates":[10.28489,56.210237]},"properties":{"lines":"17","color":"#0059a9","mode":"bus","arr":["17"],"angle":-58.7,"mi":9}},{"type":"Feature","geometry":{"type":"Point","coordinates":[10.291948,56.216509]},"properties":{"lines":"17","color":"#0059a9","mode":"bus","arr":["17"],"angle":-60.5,"extra":1,"ei":0}},{"type":"Feature","geometry":{"type":"Point","coordinates":[10.272366,56.206668]},"properties":{"lines":"17","color":"#0059a9","mode":"bus","arr":["17"],"angle":40.9,"extra":1,"ei":0}},{"type":"Feature","geometry":{"type":"Point","coordinates":[10.278861,56.205855]},"properties":{"lines":"17","color":"#0059a9","mode":"bus","arr":["17"],"angle":-10.7,"extra":1,"ei":1}},{"type":"Feature","geometry":{"type":"Point","coordinates":[10.263021,56.205941]},"properties":{"lines":"17, 100, 123, 925X","color":"#0059a9","mode":"bus","arr":["17","100","123","925X"],"angle":-26.3}},{"type":"Feature","geometry":{"type":"Point","coordinates":[10.269369,56.207701]},"properties":{"lines":"17, 100, 123, 925X","color":"#0059a9","mode":"bus","arr":["17","100","123","925X"],"angle":-26.4,"extra":1,"ei":0}},{"type":"Feature","geometry":{"type":"Point","coordinates":[10.266344,56.206864]},"properties":{"lines":"17, 100, 123, 925X","color":"#0059a9","mode":"bus","arr":["17","100","123","925X"],"angle":-26.3,"extra":1,"ei":1}},{"type":"Feature","geometry":{"type":"Point","coordinates":[10.260297,56.205185]},"properties":{"lines":"17, 100, 123, 925X","color":"#0059a9","mode":"bus","arr":["17","100","123","925X"],"angle":-26.4,"extra":1,"ei":2}},{"type":"Feature","geometry":{"type":"Point","coordinates":[10.257272,56.204347]},"properties":{"lines":"17, 100, 123, 925X","color":"#0059a9","mode":"bus","arr":["17","100","123","925X"],"angle":-26.2,"extra":1,"ei":3}},{"type":"Feature","geometry":{"type":"Point","coordinates":[10.25679,56.202356]},"properties":{"lines":"17","color":"#0059a9","mode":"bus","arr":["17"],"angle":55.3}},{"type":"Feature","geometry":{"type":"Point","coordinates":[10.258263,56.201398]},"properties":{"lines":"17","color":"#0059a9","mode":"bus","arr":["17"],"angle":39.1,"extra":1,"ei":0}},{"type":"Feature","geometry":{"type":"Point","coordinates":[10.242859,56.194802]},"properties":{"lines":"17, 46","color":"#0059a9","mode":"bus","arr":["17","46"],"angle":12.2,"mi":4}},{"type":"Feature","geometry":{"type":"Point","coordinates":[10.232507,56.193103]},"properties":{"lines":"17, 46","color":"#0059a9","mode":"bus","arr":["17","46"],"angle":-32.4}},{"type":"Feature","geometry":{"type":"Point","coordinates":[10.229872,56.192202]},"properties":{"lines":"17, 46","color":"#0059a9","mode":"bus","arr":["17","46"],"angle":-31.8,"mi":2}},{"type":"Feature","geometry":{"type":"Point","coordinates":[10.236281,56.194428]},"properties":{"lines":"17, 46","color":"#0059a9","mode":"bus","arr":["17","46"],"angle":-25.7,"mi":1}},{"type":"Feature","geometry":{"type":"Point","coordinates":[10.23893,56.194876]},"properties":{"lines":"17, 46","color":"#0059a9","mode":"bus","arr":["17","46"],"angle":-5.9,"mi":3}},{"type":"Feature","geometry":{"type":"Point","coordinates":[10.227826,56.188575]},"properties":{"lines":"17, 46","color":"#0059a9","mode":"bus","arr":["17","46"],"angle":-80.8,"mi":5}},{"type":"Feature","geometry":{"type":"Point","coordinates":[10.2272,56.186426]},"properties":{"lines":"17, 46","color":"#0059a9","mode":"bus","arr":["17","46"],"angle":-79.8,"extra":1,"ei":0}},{"type":"Feature","geometry":{"type":"Point","coordinates":[10.228277,56.190155]},"properties":{"lines":"17, 46","color":"#0059a9","mode":"bus","arr":["17","46"],"angle":-80.9,"extra":1,"ei":1}},{"type":"Feature","geometry":{"type":"Point","coordinates":[10.218962,56.168774]},"properties":{"lines":"17","color":"#0059a9","mode":"bus","arr":["17"],"angle":-29.9}},{"type":"Feature","geometry":{"type":"Point","coordinates":[10.219889,56.176653]},"properties":{"lines":"17","color":"#0059a9","mode":"bus","arr":["17"],"angle":60.1,"extra":1,"ei":0}},{"type":"Feature","geometry":{"type":"Point","coordinates":[10.221505,56.174999]},"properties":{"lines":"17","color":"#0059a9","mode":"bus","arr":["17"],"angle":74.6,"extra":1,"ei":1}},{"type":"Feature","geometry":{"type":"Point","coordinates":[10.220985,56.173156]},"properties":{"lines":"17","color":"#0059a9","mode":"bus","arr":["17"],"angle":-75.4,"extra":1,"ei":2}},{"type":"Feature","geometry":{"type":"Point","coordinates":[10.220128,56.171329]},"properties":{"lines":"17","color":"#0059a9","mode":"bus","arr":["17"],"angle":-75.1,"extra":1,"ei":3}},{"type":"Feature","geometry":{"type":"Point","coordinates":[10.218127,56.16594]},"properties":{"lines":"17, 46","color":"#0059a9","mode":"bus","arr":["17","46"],"angle":77.7}},{"type":"Feature","geometry":{"type":"Point","coordinates":[10.218318,56.167388]},"properties":{"lines":"17, 46","color":"#0059a9","mode":"bus","arr":["17","46"],"angle":-77.2,"mi":1}},{"type":"Feature","geometry":{"type":"Point","coordinates":[10.217215,56.164586]},"properties":{"lines":"17, 46","color":"#0059a9","mode":"bus","arr":["17","46"],"angle":-65.6,"extra":1,"ei":0}},{"type":"Feature","geometry":{"type":"Point","coordinates":[10.206008,56.142174]},"properties":{"lines":"17, 100, 103, 302","color":"#0059a9","mode":"bus","arr":["17","100","103","302"],"angle":-36}},{"type":"Feature","geometry":{"type":"Point","coordinates":[10.207123,56.140555]},"properties":{"lines":"17, 31, 100, 103, 302","color":"#0059a9","mode":"bus","arr":["17","31","100","103","302"],"angle":-83.6,"mi":2}},{"type":"Feature","geometry":{"type":"Point","coordinates":[10.2075,56.137097]},"properties":{"lines":"17, 31, 100, 103, 302","color":"#0059a9","mode":"bus","arr":["17","31","100","103","302"],"angle":71.7}},{"type":"Feature","geometry":{"type":"Point","coordinates":[10.209407,56.134785]},"properties":{"lines":"17, 31, 100, 103, 302","color":"#0059a9","mode":"bus","arr":["17","31","100","103","302"],"angle":-26,"mi":1}},{"type":"Feature","geometry":{"type":"Point","coordinates":[10.207402,56.14173]},"properties":{"lines":"17, 31, 100, 103, 302","color":"#0059a9","mode":"bus","arr":["17","31","100","103","302"],"angle":-83.5,"extra":1,"ei":0}},{"type":"Feature","geometry":{"type":"Point","coordinates":[10.198351,56.127422]},"properties":{"lines":"17","color":"#0059a9","mode":"bus","arr":["17"],"angle":-48.4}},{"type":"Feature","geometry":{"type":"Point","coordinates":[10.206175,56.132446]},"properties":{"lines":"17","color":"#0059a9","mode":"bus","arr":["17"],"angle":-50,"mi":3}},{"type":"Feature","geometry":{"type":"Point","coordinates":[10.208005,56.134273]},"properties":{"lines":"17","color":"#0059a9","mode":"bus","arr":["17"],"angle":-51.5,"extra":1,"ei":0}},{"type":"Feature","geometry":{"type":"Point","coordinates":[10.204208,56.131193]},"properties":{"lines":"17","color":"#0059a9","mode":"bus","arr":["17"],"angle":-48.5,"extra":1,"ei":1}},{"type":"Feature","geometry":{"type":"Point","coordinates":[10.201162,56.129198]},"properties":{"lines":"17","color":"#0059a9","mode":"bus","arr":["17"],"angle":-49.1,"extra":1,"ei":0}},{"type":"Feature","geometry":{"type":"Point","coordinates":[10.196686,56.126371]},"properties":{"lines":"17","color":"#0059a9","mode":"bus","arr":["17"],"angle":-48.5,"extra":1,"ei":1}},{"type":"Feature","geometry":{"type":"Point","coordinates":[10.194458,56.124953]},"properties":{"lines":"17","color":"#0059a9","mode":"bus","arr":["17"],"angle":-50.4,"extra":1,"ei":2}},{"type":"Feature","geometry":{"type":"Point","coordinates":[10.16723,56.116019]},"properties":{"lines":"17","color":"#0059a9","mode":"bus","arr":["17"],"angle":-18.4,"mi":2}},{"type":"Feature","geometry":{"type":"Point","coordinates":[10.190944,56.12259]},"properties":{"lines":"17","color":"#0059a9","mode":"bus","arr":["17"],"angle":-39.6,"mi":2}},{"type":"Feature","geometry":{"type":"Point","coordinates":[10.193381,56.123736]},"properties":{"lines":"17","color":"#0059a9","mode":"bus","arr":["17"],"angle":18.7,"mi":1}},{"type":"Feature","geometry":{"type":"Point","coordinates":[10.171418,56.116784]},"properties":{"lines":"17","color":"#0059a9","mode":"bus","arr":["17"],"angle":-18.1,"extra":1,"ei":0}},{"type":"Feature","geometry":{"type":"Point","coordinates":[10.16496,56.115703]},"properties":{"lines":"17","color":"#0059a9","mode":"bus","arr":["17"],"angle":-6.5,"extra":1,"ei":1}},{"type":"Feature","geometry":{"type":"Point","coordinates":[10.161596,56.115563]},"properties":{"lines":"17","color":"#0059a9","mode":"bus","arr":["17"],"angle":10,"extra":1,"ei":2}},{"type":"Feature","geometry":{"type":"Point","coordinates":[10.157338,56.112763]},"properties":{"lines":"17","color":"#0059a9","mode":"bus","arr":["17"],"angle":-55.5,"mi":1}},{"type":"Feature","geometry":{"type":"Point","coordinates":[10.159475,56.114384]},"properties":{"lines":"17","color":"#0059a9","mode":"bus","arr":["17"],"angle":-52}},{"type":"Feature","geometry":{"type":"Point","coordinates":[10.151407,56.108705]},"properties":{"lines":"17","color":"#0059a9","mode":"bus","arr":["17"],"angle":-50.6,"extra":1,"ei":0}},{"type":"Feature","geometry":{"type":"Point","coordinates":[10.1535,56.110187]},"properties":{"lines":"17","color":"#0059a9","mode":"bus","arr":["17"],"angle":-51.8,"extra":1,"ei":1}},{"type":"Feature","geometry":{"type":"Point","coordinates":[10.155589,56.11167]},"properties":{"lines":"17","color":"#0059a9","mode":"bus","arr":["17"],"angle":-52.3,"extra":1,"ei":2}},{"type":"Feature","geometry":{"type":"Point","coordinates":[10.135497,56.094064]},"properties":{"lines":"17, 41","color":"#0059a9","mode":"bus","arr":["17","41"],"angle":-65.5}},{"type":"Feature","geometry":{"type":"Point","coordinates":[10.12391,56.08563]},"properties":{"lines":"17","color":"#0059a9","mode":"bus","arr":["17"],"angle":-46.1}},{"type":"Feature","geometry":{"type":"Point","coordinates":[10.13356,56.092104]},"properties":{"lines":"17","color":"#0059a9","mode":"bus","arr":["17"],"angle":-52.7,"extra":1,"ei":0}},{"type":"Feature","geometry":{"type":"Point","coordinates":[10.13158,56.090575]},"properties":{"lines":"17","color":"#0059a9","mode":"bus","arr":["17"],"angle":-54.3,"extra":1,"ei":1}},{"type":"Feature","geometry":{"type":"Point","coordinates":[10.129544,56.089069]},"properties":{"lines":"17","color":"#0059a9","mode":"bus","arr":["17"],"angle":-51.1,"extra":1,"ei":2}},{"type":"Feature","geometry":{"type":"Point","coordinates":[10.127338,56.08764]},"properties":{"lines":"17","color":"#0059a9","mode":"bus","arr":["17"],"angle":-47.6,"extra":1,"ei":3}},{"type":"Feature","geometry":{"type":"Point","coordinates":[10.120328,56.083552]},"properties":{"lines":"17","color":"#0059a9","mode":"bus","arr":["17"],"angle":-46.1,"extra":1,"ei":4}},{"type":"Feature","geometry":{"type":"Point","coordinates":[10.117985,56.082192]},"properties":{"lines":"17","color":"#0059a9","mode":"bus","arr":["17"],"angle":-46,"extra":1,"ei":5}},{"type":"Feature","geometry":{"type":"Point","coordinates":[10.115648,56.08083]},"properties":{"lines":"17","color":"#0059a9","mode":"bus","arr":["17"],"angle":-47.8,"extra":1,"ei":6}},{"type":"Feature","geometry":{"type":"Point","coordinates":[10.113402,56.07942]},"properties":{"lines":"17","color":"#0059a9","mode":"bus","arr":["17"],"angle":-48.5,"extra":1,"ei":7}},{"type":"Feature","geometry":{"type":"Point","coordinates":[10.108179,56.073221]},"properties":{"lines":"17, 41","color":"#0059a9","mode":"bus","arr":["17","41"],"angle":-45.6}},{"type":"Feature","geometry":{"type":"Point","coordinates":[10.09989,56.068491]},"properties":{"lines":"17, 41","color":"#0059a9","mode":"bus","arr":["17","41"],"angle":-45.6,"extra":1,"ei":0}},{"type":"Feature","geometry":{"type":"Point","coordinates":[10.102253,56.06984]},"properties":{"lines":"17, 41","color":"#0059a9","mode":"bus","arr":["17","41"],"angle":-45.6,"extra":1,"ei":1}},{"type":"Feature","geometry":{"type":"Point","coordinates":[10.104616,56.071188]},"properties":{"lines":"17, 41","color":"#0059a9","mode":"bus","arr":["17","41"],"angle":-45.6,"extra":1,"ei":2}},{"type":"Feature","geometry":{"type":"Point","coordinates":[10.111711,56.075231]},"properties":{"lines":"17, 41","color":"#0059a9","mode":"bus","arr":["17","41"],"angle":-45.6,"extra":1,"ei":3}},{"type":"Feature","geometry":{"type":"Point","coordinates":[10.114077,56.076578]},"properties":{"lines":"17, 41","color":"#0059a9","mode":"bus","arr":["17","41"],"angle":-45.4,"extra":1,"ei":4}},{"type":"Feature","geometry":{"type":"Point","coordinates":[10.1138,56.07805]},"properties":{"lines":"17, 41","color":"#0059a9","mode":"bus","arr":["17","41"],"angle":44.2,"extra":1,"ei":5}},{"type":"Feature","geometry":{"type":"Point","coordinates":[10.088479,56.057456]},"properties":{"lines":"17, 41","color":"#0059a9","mode":"bus","arr":["17","41"],"angle":-63.4}},{"type":"Feature","geometry":{"type":"Point","coordinates":[10.097532,56.06714]},"properties":{"lines":"17, 41","color":"#0059a9","mode":"bus","arr":["17","41"],"angle":-47.7,"extra":1,"ei":0}},{"type":"Feature","geometry":{"type":"Point","coordinates":[10.095797,56.065531]},"properties":{"lines":"17, 41","color":"#0059a9","mode":"bus","arr":["17","41"],"angle":-63,"extra":1,"ei":1}},{"type":"Feature","geometry":{"type":"Point","coordinates":[10.09427,56.063847]},"properties":{"lines":"17, 41","color":"#0059a9","mode":"bus","arr":["17","41"],"angle":-63.1,"extra":1,"ei":2}},{"type":"Feature","geometry":{"type":"Point","coordinates":[10.092743,56.062163]},"properties":{"lines":"17, 41","color":"#0059a9","mode":"bus","arr":["17","41"],"angle":-63,"extra":1,"ei":3}},{"type":"Feature","geometry":{"type":"Point","coordinates":[10.091217,56.060478]},"properties":{"lines":"17, 41","color":"#0059a9","mode":"bus","arr":["17","41"],"angle":-63.3,"extra":1,"ei":4}},{"type":"Feature","geometry":{"type":"Point","coordinates":[10.089693,56.058793]},"properties":{"lines":"17, 41","color":"#0059a9","mode":"bus","arr":["17","41"],"angle":-63.1,"extra":1,"ei":5}},{"type":"Feature","geometry":{"type":"Point","coordinates":[10.087002,56.055339]},"properties":{"lines":"17, 41","color":"#0059a9","mode":"bus","arr":["17","41"],"angle":-72.2,"extra":1,"ei":6}},{"type":"Feature","geometry":{"type":"Point","coordinates":[10.085951,56.053544]},"properties":{"lines":"17, 41","color":"#0059a9","mode":"bus","arr":["17","41"],"angle":-71.7,"extra":1,"ei":7}},{"type":"Feature","geometry":{"type":"Point","coordinates":[10.084179,56.052184]},"properties":{"lines":"17, 41","color":"#0059a9","mode":"bus","arr":["17","41"],"angle":-65.9,"extra":1,"ei":8,"side":-1}},{"type":"Feature","geometry":{"type":"Point","coordinates":[10.083175,56.050381]},"properties":{"lines":"17, 41","color":"#0059a9","mode":"bus","arr":["17","41"],"angle":-73,"extra":1,"ei":9,"side":-1}},{"type":"Feature","geometry":{"type":"Point","coordinates":[10.082313,56.048556]},"properties":{"lines":"17, 41","color":"#0059a9","mode":"bus","arr":["17","41"],"angle":-76.8,"extra":1,"ei":10,"side":-1}},{"type":"Feature","geometry":{"type":"Point","coordinates":[10.081654,56.046704]},"properties":{"lines":"17, 41","color":"#0059a9","mode":"bus","arr":["17","41"],"angle":-79.2,"extra":1,"ei":11,"side":-1}},{"type":"Feature","geometry":{"type":"Point","coordinates":[10.082471,56.049462]},"properties":{"lines":"17","color":"#0059a9","mode":"bus","arr":["17"],"angle":-75.4,"mi":1}},{"type":"Feature","geometry":{"type":"Point","coordinates":[10.083607,56.051593]},"properties":{"lines":"17","color":"#0059a9","mode":"bus","arr":["17"],"angle":-72.3,"extra":1,"ei":0}},{"type":"Feature","geometry":{"type":"Point","coordinates":[10.08184,56.04795]},"properties":{"lines":"17","color":"#0059a9","mode":"bus","arr":["17"],"angle":-78.3,"extra":1,"ei":1}},{"type":"Feature","geometry":{"type":"Point","coordinates":[10.082371,56.045708]},"properties":{"lines":"17","color":"#0059a9","mode":"bus","arr":["17"],"angle":-64}},{"type":"Feature","geometry":{"type":"Point","coordinates":[10.082489,56.046018]},"properties":{"lines":"17, 41","color":"#0059a9","mode":"bus","arr":["17","41"],"angle":74.4,"mi":4}},{"type":"Feature","geometry":{"type":"Point","coordinates":[10.088874,56.044739]},"properties":{"lines":"17","color":"#0059a9","mode":"bus","arr":["17"],"angle":8.2,"side":-1,"mi":2}},{"type":"Feature","geometry":{"type":"Point","coordinates":[10.086653,56.044946]},"properties":{"lines":"17, 41","color":"#0059a9","mode":"bus","arr":["17","41"],"angle":8.3,"mi":2}},{"type":"Feature","geometry":{"type":"Point","coordinates":[10.089381,56.044723]},"properties":{"lines":"17, 41","color":"#0059a9","mode":"bus","arr":["17","41"],"angle":10.9,"extra":1,"ei":0}},{"type":"Feature","geometry":{"type":"Point","coordinates":[10.082718,56.045293]},"properties":{"lines":"17, 41","color":"#0059a9","mode":"bus","arr":["17","41"],"angle":23.9,"extra":1,"ei":1}},{"type":"Feature","geometry":{"type":"Point","coordinates":[10.090773,56.044016]},"properties":{"lines":"17, 41","color":"#0059a9","mode":"bus","arr":["17","41"],"angle":-68.2,"mi":1}},{"type":"Feature","geometry":{"type":"Point","coordinates":[10.090069,56.042059]},"properties":{"lines":"17, 41","color":"#0059a9","mode":"bus","arr":["17","41"],"angle":87.4}},{"type":"Feature","geometry":{"type":"Point","coordinates":[10.090504,56.040667]},"properties":{"lines":"17, 41","color":"#0059a9","mode":"bus","arr":["17","41"],"angle":80.4,"extra":1,"ei":0}},{"type":"Feature","geometry":{"type":"Point","coordinates":[10.091811,56.039052]},"properties":{"lines":"17, 41","color":"#0059a9","mode":"bus","arr":["17","41"],"angle":-11.6,"mi":3}},{"type":"Feature","geometry":{"type":"Point","coordinates":[10.096828,56.037354]},"properties":{"lines":"17, 41","color":"#0059a9","mode":"bus","arr":["17","41"],"angle":-83,"mi":5}},{"type":"Feature","geometry":{"type":"Point","coordinates":[10.124141,56.085579]},"properties":{"lines":"17, 41","color":"#0059a9","mode":"bus","arr":["17","41"],"angle":-46.1,"side":-1}},{"type":"Feature","geometry":{"type":"Point","coordinates":[10.11372,56.079422]},"properties":{"lines":"17, 41","color":"#0059a9","mode":"bus","arr":["17","41"],"angle":-48.4,"extra":1,"ei":0,"side":-1}},{"type":"Feature","geometry":{"type":"Point","coordinates":[10.11601,56.080809]},"properties":{"lines":"17, 41","color":"#0059a9","mode":"bus","arr":["17","41"],"angle":-47.4,"extra":1,"ei":1,"side":-1}},{"type":"Feature","geometry":{"type":"Point","coordinates":[10.118302,56.082195]},"properties":{"lines":"17, 41","color":"#0059a9","mode":"bus","arr":["17","41"],"angle":-46.1,"extra":1,"ei":2,"side":-1}},{"type":"Feature","geometry":{"type":"Point","coordinates":[10.120645,56.083555]},"properties":{"lines":"17, 41","color":"#0059a9","mode":"bus","arr":["17","41"],"angle":-45.9,"extra":1,"ei":3,"side":-1}},{"type":"Feature","geometry":{"type":"Point","coordinates":[10.127652,56.087644]},"properties":{"lines":"17, 41","color":"#0059a9","mode":"bus","arr":["17","41"],"angle":-47.7,"extra":1,"ei":4,"side":-1}},{"type":"Feature","geometry":{"type":"Point","coordinates":[10.129845,56.089079]},"properties":{"lines":"17, 41","color":"#0059a9","mode":"bus","arr":["17","41"],"angle":-51.4,"extra":1,"ei":5,"side":-1}},{"type":"Feature","geometry":{"type":"Point","coordinates":[10.13187,56.09059]},"properties":{"lines":"17, 41","color":"#0059a9","mode":"bus","arr":["17","41"],"angle":-54.2,"extra":1,"ei":6,"side":-1}},{"type":"Feature","geometry":{"type":"Point","coordinates":[10.13386,56.092115]},"properties":{"lines":"17, 41","color":"#0059a9","mode":"bus","arr":["17","41"],"angle":-51.9,"extra":1,"ei":7,"side":-1}},{"type":"Feature","geometry":{"type":"Point","coordinates":[10.206478,56.1393]},"properties":{"lines":"17, 100, 103, 302","color":"#0059a9","mode":"bus","arr":["17","100","103","302"],"angle":59.1,"mi":1}},{"type":"Feature","geometry":{"type":"Point","coordinates":[10.33833,56.26027]},"properties":{"lines":"17","color":"#0059a9","mode":"bus","arr":["17"],"angle":1.4,"mi":4}},{"type":"Feature","geometry":{"type":"Point","coordinates":[10.341665,56.259222]},"properties":{"lines":"17","color":"#0059a9","mode":"bus","arr":["17"],"angle":82.9,"mi":3}},{"type":"Feature","geometry":{"type":"Point","coordinates":[10.244657,56.243111]},"properties":{"lines":"18, 45","color":"#0059a9","mode":"bus","arr":["18","45"],"angle":62.9}},{"type":"Feature","geometry":{"type":"Point","coordinates":[10.250018,56.240469]},"properties":{"lines":"18, 45","color":"#0059a9","mode":"bus","arr":["18","45"],"angle":81.2,"mi":1}},{"type":"Feature","geometry":{"type":"Point","coordinates":[10.241837,56.243493]},"properties":{"lines":"18, 45","color":"#0059a9","mode":"bus","arr":["18","45"],"angle":26.5,"extra":1,"ei":0}},{"type":"Feature","geometry":{"type":"Point","coordinates":[10.247001,56.241699]},"properties":{"lines":"18, 45","color":"#0059a9","mode":"bus","arr":["18","45"],"angle":17.5,"extra":1,"ei":1}},{"type":"Feature","geometry":{"type":"Point","coordinates":[10.247799,56.241597]},"properties":{"lines":"18","color":"#0059a9","mode":"bus","arr":["18"],"angle":18}},{"type":"Feature","geometry":{"type":"Point","coordinates":[10.240142,56.247114]},"properties":{"lines":"18, 45","color":"#0059a9","mode":"bus","arr":["18","45"],"angle":-16.6,"mi":2}},{"type":"Feature","geometry":{"type":"Point","coordinates":[10.241741,56.245256]},"properties":{"lines":"18, 45","color":"#0059a9","mode":"bus","arr":["18","45"],"angle":-89.4,"extra":1,"ei":0}},{"type":"Feature","geometry":{"type":"Point","coordinates":[10.235116,56.246359]},"properties":{"lines":"18, 45","color":"#0059a9","mode":"bus","arr":["18","45"],"angle":-13.7,"extra":1,"ei":1}},{"type":"Feature","geometry":{"type":"Point","coordinates":[10.234554,56.241722]},"properties":{"lines":"18, 32, 45","color":"#0059a9","mode":"bus","arr":["18","32","45"],"angle":84.8}},{"type":"Feature","geometry":{"type":"Point","coordinates":[10.235985,56.238294]},"properties":{"lines":"18, 32, 45","color":"#0059a9","mode":"bus","arr":["18","32","45"],"angle":70.1,"extra":1,"ei":0}},{"type":"Feature","geometry":{"type":"Point","coordinates":[10.235026,56.240103]},"properties":{"lines":"18, 32, 45","color":"#0059a9","mode":"bus","arr":["18","32","45"],"angle":77.9,"extra":1,"ei":1}},{"type":"Feature","geometry":{"type":"Point","coordinates":[10.234272,56.243851]},"properties":{"lines":"18, 32, 45","color":"#0059a9","mode":"bus","arr":["18","32","45"],"angle":85.6,"extra":1,"ei":2}},{"type":"Feature","geometry":{"type":"Point","coordinates":[10.233899,56.245727]},"properties":{"lines":"18, 32, 45","color":"#0059a9","mode":"bus","arr":["18","32","45"],"angle":80,"extra":1,"ei":3}},{"type":"Feature","geometry":{"type":"Point","coordinates":[10.231349,56.228692]},"properties":{"lines":"18, 45","color":"#0059a9","mode":"bus","arr":["18","45"],"angle":85.2}},{"type":"Feature","geometry":{"type":"Point","coordinates":[10.230684,56.233358]},"properties":{"lines":"18, 45","color":"#0059a9","mode":"bus","arr":["18","45"],"angle":73.4,"extra":1,"ei":0}},{"type":"Feature","geometry":{"type":"Point","coordinates":[10.231566,56.231541]},"properties":{"lines":"18, 45","color":"#0059a9","mode":"bus","arr":["18","45"],"angle":89.6,"extra":1,"ei":1}},{"type":"Feature","geometry":{"type":"Point","coordinates":[10.231915,56.225899]},"properties":{"lines":"18, 45","color":"#0059a9","mode":"bus","arr":["18","45"],"angle":83.7,"extra":1,"ei":2}},{"type":"Feature","geometry":{"type":"Point","coordinates":[10.23302,56.224333]},"properties":{"lines":"18, 45","color":"#0059a9","mode":"bus","arr":["18","45"],"angle":0.2,"extra":1,"ei":3}},{"type":"Feature","geometry":{"type":"Point","coordinates":[10.210738,56.18652]},"properties":{"lines":"18","color":"#0059a9","mode":"bus","arr":["18"],"angle":-30.8}},{"type":"Feature","geometry":{"type":"Point","coordinates":[10.216853,56.188554]},"properties":{"lines":"18","color":"#0059a9","mode":"bus","arr":["18"],"angle":-30.6,"extra":1,"ei":0}},{"type":"Feature","geometry":{"type":"Point","coordinates":[10.21395,56.18759]},"properties":{"lines":"18","color":"#0059a9","mode":"bus","arr":["18"],"angle":-30.7,"extra":1,"ei":1}},{"type":"Feature","geometry":{"type":"Point","coordinates":[10.208137,56.18567]},"properties":{"lines":"18","color":"#0059a9","mode":"bus","arr":["18"],"angle":-29.7,"extra":1,"ei":2}},{"type":"Feature","geometry":{"type":"Point","coordinates":[10.205215,56.184725]},"properties":{"lines":"18","color":"#0059a9","mode":"bus","arr":["18"],"angle":-30.5,"extra":1,"ei":3}},{"type":"Feature","geometry":{"type":"Point","coordinates":[10.195273,56.140345]},"properties":{"lines":"18","color":"#0059a9","mode":"bus","arr":["18"],"angle":-16.2,"side":-1,"mi":1}},{"type":"Feature","geometry":{"type":"Point","coordinates":[10.195089,56.138758]},"properties":{"lines":"18","color":"#0059a9","mode":"bus","arr":["18"],"angle":82.8}},{"type":"Feature","geometry":{"type":"Point","coordinates":[10.195394,56.137409]},"properties":{"lines":"18","color":"#0059a9","mode":"bus","arr":["18"],"angle":78.3,"extra":1,"ei":0}},{"type":"Feature","geometry":{"type":"Point","coordinates":[10.192683,56.136849]},"properties":{"lines":"18","color":"#0059a9","mode":"bus","arr":["18"],"angle":-17.7,"mi":2}},{"type":"Feature","geometry":{"type":"Point","coordinates":[10.19473,56.137214]},"properties":{"lines":"18","color":"#0059a9","mode":"bus","arr":["18"],"angle":-13.8,"extra":1,"ei":0}},{"type":"Feature","geometry":{"type":"Point","coordinates":[10.198902,56.117281]},"properties":{"lines":"18","color":"#0059a9","mode":"bus","arr":["18"],"angle":14.8}},{"type":"Feature","geometry":{"type":"Point","coordinates":[10.193135,56.119055]},"properties":{"lines":"18","color":"#0059a9","mode":"bus","arr":["18"],"angle":42.9,"extra":1,"ei":0}},{"type":"Feature","geometry":{"type":"Point","coordinates":[10.195795,56.117913]},"properties":{"lines":"18","color":"#0059a9","mode":"bus","arr":["18"],"angle":23.1,"extra":1,"ei":1}},{"type":"Feature","geometry":{"type":"Point","coordinates":[10.202281,56.116912]},"properties":{"lines":"18","color":"#0059a9","mode":"bus","arr":["18"],"angle":10.2,"extra":1,"ei":2}},{"type":"Feature","geometry":{"type":"Point","coordinates":[10.205602,56.116574]},"properties":{"lines":"18","color":"#0059a9","mode":"bus","arr":["18"],"angle":10.3,"extra":1,"ei":3}},{"type":"Feature","geometry":{"type":"Point","coordinates":[10.217171,56.114915]},"properties":{"lines":"18","color":"#0059a9","mode":"bus","arr":["18"],"angle":-1.1,"mi":2}},{"type":"Feature","geometry":{"type":"Point","coordinates":[10.208795,56.116572]},"properties":{"lines":"18","color":"#0059a9","mode":"bus","arr":["18"],"angle":-3,"extra":1,"ei":0}},{"type":"Feature","geometry":{"type":"Point","coordinates":[10.211842,56.115838]},"properties":{"lines":"18","color":"#0059a9","mode":"bus","arr":["18"],"angle":30.7,"extra":1,"ei":1}},{"type":"Feature","geometry":{"type":"Point","coordinates":[10.214834,56.114982]},"properties":{"lines":"18","color":"#0059a9","mode":"bus","arr":["18"],"angle":13.5,"extra":1,"ei":2}},{"type":"Feature","geometry":{"type":"Point","coordinates":[10.221184,56.11411]},"properties":{"lines":"18","color":"#0059a9","mode":"bus","arr":["18"],"angle":45.3,"extra":1,"ei":3}},{"type":"Feature","geometry":{"type":"Point","coordinates":[10.22194,56.112352]},"properties":{"lines":"18","color":"#0059a9","mode":"bus","arr":["18"],"angle":74.2,"extra":1,"ei":4}},{"type":"Feature","geometry":{"type":"Point","coordinates":[10.219594,56.109793]},"properties":{"lines":"18","color":"#0059a9","mode":"bus","arr":["18"],"angle":-17.8}},{"type":"Feature","geometry":{"type":"Point","coordinates":[10.216745,56.109497]},"properties":{"lines":"18","color":"#0059a9","mode":"bus","arr":["18"],"angle":-4.7,"extra":1,"ei":0}},{"type":"Feature","geometry":{"type":"Point","coordinates":[10.223042,56.110681]},"properties":{"lines":"18","color":"#0059a9","mode":"bus","arr":["18"],"angle":-41.3,"extra":1,"ei":1}},{"type":"Feature","geometry":{"type":"Point","coordinates":[10.216966,56.097786]},"properties":{"lines":"18","color":"#0059a9","mode":"bus","arr":["18"],"angle":63}},{"type":"Feature","geometry":{"type":"Point","coordinates":[10.221005,56.086266]},"properties":{"lines":"18","color":"#0059a9","mode":"bus","arr":["18"],"angle":-22.2,"mi":1}},{"type":"Feature","geometry":{"type":"Point","coordinates":[10.214901,56.10813]},"properties":{"lines":"18","color":"#0059a9","mode":"bus","arr":["18"],"angle":48,"extra":1,"ei":0}},{"type":"Feature","geometry":{"type":"Point","coordinates":[10.216591,56.10663]},"properties":{"lines":"18","color":"#0059a9","mode":"bus","arr":["18"],"angle":-75.4,"extra":1,"ei":1}},{"type":"Feature","geometry":{"type":"Point","coordinates":[10.215863,56.104859]},"properties":{"lines":"18","color":"#0059a9","mode":"bus","arr":["18"],"angle":73.9,"extra":1,"ei":2}},{"type":"Feature","geometry":{"type":"Point","coordinates":[10.216465,56.103017]},"properties":{"lines":"18","color":"#0059a9","mode":"bus","arr":["18"],"angle":-86,"extra":1,"ei":3}},{"type":"Feature","geometry":{"type":"Point","coordinates":[10.21563,56.101192]},"properties":{"lines":"18","color":"#0059a9","mode":"bus","arr":["18"],"angle":-75.7,"extra":1,"ei":4}},{"type":"Feature","geometry":{"type":"Point","coordinates":[10.215583,56.099323]},"properties":{"lines":"18","color":"#0059a9","mode":"bus","arr":["18"],"angle":76.2,"extra":1,"ei":5}},{"type":"Feature","geometry":{"type":"Point","coordinates":[10.21829,56.09589]},"properties":{"lines":"18","color":"#0059a9","mode":"bus","arr":["18"],"angle":62.1,"extra":1,"ei":6}},{"type":"Feature","geometry":{"type":"Point","coordinates":[10.219522,56.094153]},"properties":{"lines":"18","color":"#0059a9","mode":"bus","arr":["18"],"angle":-89.7,"extra":1,"ei":7}},{"type":"Feature","geometry":{"type":"Point","coordinates":[10.219008,56.092288]},"properties":{"lines":"18","color":"#0059a9","mode":"bus","arr":["18"],"angle":-82.1,"extra":1,"ei":8}},{"type":"Feature","geometry":{"type":"Point","coordinates":[10.218739,56.090413]},"properties":{"lines":"18","color":"#0059a9","mode":"bus","arr":["18"],"angle":84.8,"extra":1,"ei":9}},{"type":"Feature","geometry":{"type":"Point","coordinates":[10.219043,56.088532]},"properties":{"lines":"18","color":"#0059a9","mode":"bus","arr":["18"],"angle":83.5,"extra":1,"ei":10}},{"type":"Feature","geometry":{"type":"Point","coordinates":[10.221592,56.085962]},"properties":{"lines":"18","color":"#0059a9","mode":"bus","arr":["18"],"angle":-22.2}},{"type":"Feature","geometry":{"type":"Point","coordinates":[9.918938,56.027177]},"properties":{"lines":"21","color":"#0059a9","mode":"bus","arr":["21"],"angle":-7.3,"mi":5}},{"type":"Feature","geometry":{"type":"Point","coordinates":[9.911131,56.026742]},"properties":{"lines":"21","color":"#0059a9","mode":"bus","arr":["21"],"angle":-4.4,"extra":1,"ei":0}},{"type":"Feature","geometry":{"type":"Point","coordinates":[9.914494,56.0269]},"properties":{"lines":"21","color":"#0059a9","mode":"bus","arr":["21"],"angle":-5.2,"extra":1,"ei":1}},{"type":"Feature","geometry":{"type":"Point","coordinates":[9.921199,56.027266]},"properties":{"lines":"21","color":"#0059a9","mode":"bus","arr":["21"],"angle":14.4,"extra":1,"ei":2}},{"type":"Feature","geometry":{"type":"Point","coordinates":[9.923942,56.026181]},"properties":{"lines":"21","color":"#0059a9","mode":"bus","arr":["21"],"angle":41.4,"extra":1,"ei":3}},{"type":"Feature","geometry":{"type":"Point","coordinates":[9.925938,56.025254]},"properties":{"lines":"21","color":"#0059a9","mode":"bus","arr":["21"],"angle":3.9,"extra":1,"ei":4}},{"type":"Feature","geometry":{"type":"Point","coordinates":[9.903163,56.025364]},"properties":{"lines":"21","color":"#0059a9","mode":"bus","arr":["21"],"angle":-30.1}},{"type":"Feature","geometry":{"type":"Point","coordinates":[9.907767,56.026589]},"properties":{"lines":"21","color":"#0059a9","mode":"bus","arr":["21"],"angle":-7,"extra":1,"ei":0}},{"type":"Feature","geometry":{"type":"Point","coordinates":[9.89885,56.023965]},"properties":{"lines":"21","color":"#0059a9","mode":"bus","arr":["21"],"angle":-30.2,"extra":1,"ei":1}},{"type":"Feature","geometry":{"type":"Point","coordinates":[9.892196,56.026188]},"properties":{"lines":"21, 26S","color":"#0059a9","mode":"bus","arr":["21","26S"],"angle":16.7}},{"type":"Feature","geometry":{"type":"Point","coordinates":[9.897157,56.024387]},"properties":{"lines":"21, 26S","color":"#0059a9","mode":"bus","arr":["21","26S"],"angle":-89.1,"extra":1,"ei":0}},{"type":"Feature","geometry":{"type":"Point","coordinates":[9.89514,56.025684]},"properties":{"lines":"21, 26S","color":"#0059a9","mode":"bus","arr":["21","26S"],"angle":18,"extra":1,"ei":1}},{"type":"Feature","geometry":{"type":"Point","coordinates":[9.8891,56.02725]},"properties":{"lines":"21, 26S","color":"#0059a9","mode":"bus","arr":["21","26S"],"angle":45.9,"extra":1,"ei":2}},{"type":"Feature","geometry":{"type":"Point","coordinates":[9.888015,56.028957]},"properties":{"lines":"21, 26S","color":"#0059a9","mode":"bus","arr":["21","26S"],"angle":79.4,"extra":1,"ei":3}},{"type":"Feature","geometry":{"type":"Point","coordinates":[9.897086,56.032315]},"properties":{"lines":"21, 26S","color":"#0059a9","mode":"bus","arr":["21","26S"],"angle":-33.8,"mi":1}},{"type":"Feature","geometry":{"type":"Point","coordinates":[9.910095,56.037695]},"properties":{"lines":"21, 26S","color":"#0059a9","mode":"bus","arr":["21","26S"],"angle":-35.7}},{"type":"Feature","geometry":{"type":"Point","coordinates":[9.889222,56.029901]},"properties":{"lines":"21, 26S","color":"#0059a9","mode":"bus","arr":["21","26S"],"angle":-24.9,"extra":1,"ei":0}},{"type":"Feature","geometry":{"type":"Point","coordinates":[9.892207,56.030782]},"properties":{"lines":"21, 26S","color":"#0059a9","mode":"bus","arr":["21","26S"],"angle":-28.6,"extra":1,"ei":1}},{"type":"Feature","geometry":{"type":"Point","coordinates":[9.89517,56.031686]},"properties":{"lines":"21, 26S","color":"#0059a9","mode":"bus","arr":["21","26S"],"angle":-28.7,"extra":1,"ei":2}},{"type":"Feature","geometry":{"type":"Point","coordinates":[9.900654,56.033873]},"properties":{"lines":"21, 26S","color":"#0059a9","mode":"bus","arr":["21","26S"],"angle":-37.2,"extra":1,"ei":3}},{"type":"Feature","geometry":{"type":"Point","coordinates":[9.90337,56.034995]},"properties":{"lines":"21, 26S","color":"#0059a9","mode":"bus","arr":["21","26S"],"angle":-35.8,"extra":1,"ei":4}},{"type":"Feature","geometry":{"type":"Point","coordinates":[9.912411,56.038631]},"properties":{"lines":"21, 26S","color":"#0059a9","mode":"bus","arr":["21","26S"],"angle":-35.6,"extra":1,"ei":0}},{"type":"Feature","geometry":{"type":"Point","coordinates":[9.906931,56.036426]},"properties":{"lines":"21, 26S","color":"#0059a9","mode":"bus","arr":["21","26S"],"angle":-36,"extra":1,"ei":1}},{"type":"Feature","geometry":{"type":"Point","coordinates":[9.92074,56.035748]},"properties":{"lines":"21","color":"#0059a9","mode":"bus","arr":["21"],"angle":53.5,"mi":3}},{"type":"Feature","geometry":{"type":"Point","coordinates":[9.91531,56.038894]},"properties":{"lines":"21","color":"#0059a9","mode":"bus","arr":["21"],"angle":4.4,"extra":1,"ei":0}},{"type":"Feature","geometry":{"type":"Point","coordinates":[9.918136,56.038092]},"properties":{"lines":"21","color":"#0059a9","mode":"bus","arr":["21"],"angle":47.4,"extra":1,"ei":1}},{"type":"Feature","geometry":{"type":"Point","coordinates":[9.92438,56.033751]},"properties":{"lines":"21","color":"#0059a9","mode":"bus","arr":["21"],"angle":32.1,"extra":1,"ei":2}},{"type":"Feature","geometry":{"type":"Point","coordinates":[9.927351,56.032862]},"properties":{"lines":"21","color":"#0059a9","mode":"bus","arr":["21"],"angle":23.3,"extra":1,"ei":3}},{"type":"Feature","geometry":{"type":"Point","coordinates":[9.929168,56.033939]},"properties":{"lines":"21","color":"#0059a9","mode":"bus","arr":["21"],"angle":-78.5}},{"type":"Feature","geometry":{"type":"Point","coordinates":[9.930617,56.035065]},"properties":{"lines":"21","color":"#0059a9","mode":"bus","arr":["21"],"angle":27.3,"mi":1}},{"type":"Feature","geometry":{"type":"Point","coordinates":[9.93079,56.036506]},"properties":{"lines":"21","color":"#0059a9","mode":"bus","arr":["21"],"angle":75.9,"mi":2}},{"type":"Feature","geometry":{"type":"Point","coordinates":[9.930276,56.037736]},"properties":{"lines":"21","color":"#0059a9","mode":"bus","arr":["21"],"angle":69.4,"extra":1,"ei":0}},{"type":"Feature","geometry":{"type":"Point","coordinates":[9.926769,56.040214]},"properties":{"lines":"21","color":"#0059a9","mode":"bus","arr":["21"],"angle":51,"mi":4}},{"type":"Feature","geometry":{"type":"Point","coordinates":[9.928938,56.038725]},"properties":{"lines":"21","color":"#0059a9","mode":"bus","arr":["21"],"angle":49.8,"extra":1,"ei":0}},{"type":"Feature","geometry":{"type":"Point","coordinates":[9.924679,56.041655]},"properties":{"lines":"21","color":"#0059a9","mode":"bus","arr":["21"],"angle":51.6,"extra":1,"ei":1}},{"type":"Feature","geometry":{"type":"Point","coordinates":[9.924911,56.043012]},"properties":{"lines":"21, 200, 311","color":"#0059a9","mode":"bus","arr":["21","200","311"],"angle":-16.5,"side":-1}},{"type":"Feature","geometry":{"type":"Point","coordinates":[9.928096,56.043611]},"properties":{"lines":"21, 200, 309, 311, 330, 331","color":"#0059a9","mode":"bus","arr":["21","200","309","311","330","331"],"angle":-23.4,"side":-1}},{"type":"Feature","geometry":{"type":"Point","coordinates":[9.937269,56.047556]},"properties":{"lines":"21, 200, 309, 311, 330, 331","color":"#0059a9","mode":"bus","arr":["21","200","309","311","330","331"],"angle":-35.5,"mi":1}},{"type":"Feature","geometry":{"type":"Point","coordinates":[9.931345,56.044515]},"properties":{"lines":"21, 200, 309, 311, 330, 331","color":"#0059a9","mode":"bus","arr":["21","200","309","311","330","331"],"angle":-35.7,"extra":1,"ei":0,"side":-1}},{"type":"Feature","geometry":{"type":"Point","coordinates":[9.933885,56.045756]},"properties":{"lines":"21, 200, 309, 311, 330, 331","color":"#0059a9","mode":"bus","arr":["21","200","309","311","330","331"],"angle":-41.9,"extra":1,"ei":1,"side":-1}},{"type":"Feature","geometry":{"type":"Point","coordinates":[9.939229,56.048027]},"properties":{"lines":"21, 200, 309, 311, 330, 331","color":"#0059a9","mode":"bus","arr":["21","200","309","311","330","331"],"angle":-21.7,"extra":1,"ei":2,"side":-1}},{"type":"Feature","geometry":{"type":"Point","coordinates":[9.9425,56.048469]},"properties":{"lines":"21, 200, 309, 311, 330, 331","color":"#0059a9","mode":"bus","arr":["21","200","309","311","330","331"],"angle":-7.9,"extra":1,"ei":3,"side":-1}},{"type":"Feature","geometry":{"type":"Point","coordinates":[9.945847,56.048714]},"properties":{"lines":"21, 200, 309, 311, 330, 331","color":"#0059a9","mode":"bus","arr":["21","200","309","311","330","331"],"angle":-7.5,"extra":1,"ei":4,"side":-1}},{"type":"Feature","geometry":{"type":"Point","coordinates":[9.947086,56.047607]},"properties":{"lines":"21, 311, 330, 331","color":"#0059a9","mode":"bus","arr":["21","311","330","331"],"angle":79.1,"side":-1}},{"type":"Feature","geometry":{"type":"Point","coordinates":[9.953482,56.040248]},"properties":{"lines":"21, 331","color":"#0059a9","mode":"bus","arr":["21","331"],"angle":40}},{"type":"Feature","geometry":{"type":"Point","coordinates":[9.94828,56.045359]},"properties":{"lines":"21, 331","color":"#0059a9","mode":"bus","arr":["21","331"],"angle":69.3,"extra":1,"ei":0,"side":-1}},{"type":"Feature","geometry":{"type":"Point","coordinates":[9.949473,56.043594]},"properties":{"lines":"21, 331","color":"#0059a9","mode":"bus","arr":["21","331"],"angle":70.1,"extra":1,"ei":1}},{"type":"Feature","geometry":{"type":"Point","coordinates":[9.950902,56.041888]},"properties":{"lines":"21, 331","color":"#0059a9","mode":"bus","arr":["21","331"],"angle":57.4,"extra":1,"ei":2}},{"type":"Feature","geometry":{"type":"Point","coordinates":[9.95569,56.039258]},"properties":{"lines":"21, 331","color":"#0059a9","mode":"bus","arr":["21","331"],"angle":38.5,"extra":1,"ei":3}},{"type":"Feature","geometry":{"type":"Point","coordinates":[9.958244,56.038025]},"properties":{"lines":"21, 331","color":"#0059a9","mode":"bus","arr":["21","331"],"angle":44.5,"extra":1,"ei":4}},{"type":"Feature","geometry":{"type":"Point","coordinates":[9.960656,56.036706]},"properties":{"lines":"21, 331","color":"#0059a9","mode":"bus","arr":["21","331"],"angle":40.2,"extra":1,"ei":5}},{"type":"Feature","geometry":{"type":"Point","coordinates":[9.966063,56.038204]},"properties":{"lines":"21, 331","color":"#0059a9","mode":"bus","arr":["21","331"],"angle":-53.8,"mi":1}},{"type":"Feature","geometry":{"type":"Point","coordinates":[9.963856,56.036516]},"properties":{"lines":"21, 331","color":"#0059a9","mode":"bus","arr":["21","331"],"angle":-53.8,"extra":1,"ei":0}},{"type":"Feature","geometry":{"type":"Point","coordinates":[9.967914,56.039531]},"properties":{"lines":"21, 331","color":"#0059a9","mode":"bus","arr":["21","331"],"angle":-44.9,"extra":1,"ei":1}},{"type":"Feature","geometry":{"type":"Point","coordinates":[9.962035,56.046732]},"properties":{"lines":"21","color":"#0059a9","mode":"bus","arr":["21"],"angle":77.6}},{"type":"Feature","geometry":{"type":"Point","coordinates":[9.968236,56.041761]},"properties":{"lines":"21","color":"#0059a9","mode":"bus","arr":["21"],"angle":52.2,"mi":2}},{"type":"Feature","geometry":{"type":"Point","coordinates":[9.964646,56.043772]},"properties":{"lines":"21","color":"#0059a9","mode":"bus","arr":["21"],"angle":43.8,"extra":1,"ei":0}},{"type":"Feature","geometry":{"type":"Point","coordinates":[9.96272,56.045305]},"properties":{"lines":"21","color":"#0059a9","mode":"bus","arr":["21"],"angle":68.1,"extra":1,"ei":1}},{"type":"Feature","geometry":{"type":"Point","coordinates":[9.961065,56.048962]},"properties":{"lines":"21","color":"#0059a9","mode":"bus","arr":["21"],"angle":70.2,"extra":1,"ei":2}},{"type":"Feature","geometry":{"type":"Point","coordinates":[9.959774,56.050706]},"properties":{"lines":"21","color":"#0059a9","mode":"bus","arr":["21"],"angle":65.2,"extra":1,"ei":3}},{"type":"Feature","geometry":{"type":"Point","coordinates":[9.959413,56.051099]},"properties":{"lines":"21","color":"#0059a9","mode":"bus","arr":["21"],"angle":57.7,"mi":1}},{"type":"Feature","geometry":{"type":"Point","coordinates":[9.953205,56.049697]},"properties":{"lines":"21, 200, 309","color":"#0059a9","mode":"bus","arr":["21","200","309"],"angle":-23.8}},{"type":"Feature","geometry":{"type":"Point","coordinates":[9.957544,56.050896]},"properties":{"lines":"21, 200, 309","color":"#0059a9","mode":"bus","arr":["21","200","309"],"angle":-27.3,"extra":1,"ei":0}},{"type":"Feature","geometry":{"type":"Point","coordinates":[9.948092,56.049004]},"properties":{"lines":"21, 200, 309","color":"#0059a9","mode":"bus","arr":["21","200","309"],"angle":-7.8,"extra":1,"ei":1}},{"type":"Feature","geometry":{"type":"Point","coordinates":[9.92485,56.043109]},"properties":{"lines":"21, 26S, 200, 309, 311, 330, 331","color":"#0059a9","mode":"bus","arr":["21","26S","200","309","311","330","331"],"angle":-16.4}},{"type":"Feature","geometry":{"type":"Point","coordinates":[9.924619,56.043187]},"properties":{"lines":"26S, 309, 330, 331","color":"#0059a9","mode":"bus","arr":["26S","309","330","331"],"angle":-19}},{"type":"Feature","geometry":{"type":"Point","coordinates":[9.921278,56.04231]},"properties":{"lines":"26S, 200, 311","color":"#0059a9","mode":"bus","arr":["26S","200","311"],"angle":-18.7,"side":-1}},{"type":"Feature","geometry":{"type":"Point","coordinates":[9.921425,56.042424]},"properties":{"lines":"26S, 200","color":"#0059a9","mode":"bus","arr":["26S","200"],"angle":-22.1}},{"type":"Feature","geometry":{"type":"Point","coordinates":[9.918464,56.040998]},"properties":{"lines":"26S, 200","color":"#0059a9","mode":"bus","arr":["26S","200"],"angle":-29.8,"mi":1}},{"type":"Feature","geometry":{"type":"Point","coordinates":[9.914775,56.039572]},"properties":{"lines":"26S","color":"#0059a9","mode":"bus","arr":["26S"],"angle":-36.1,"mi":1}},{"type":"Feature","geometry":{"type":"Point","coordinates":[9.8924,56.021884]},"properties":{"lines":"26S","color":"#0059a9","mode":"bus","arr":["26S"],"angle":-29.9}},{"type":"Feature","geometry":{"type":"Point","coordinates":[9.887647,56.020864]},"properties":{"lines":"26S","color":"#0059a9","mode":"bus","arr":["26S"],"angle":66.4,"mi":1}},{"type":"Feature","geometry":{"type":"Point","coordinates":[9.895793,56.022978]},"properties":{"lines":"26S","color":"#0059a9","mode":"bus","arr":["26S"],"angle":-29.1,"extra":1,"ei":0}},{"type":"Feature","geometry":{"type":"Point","coordinates":[9.889949,56.021087]},"properties":{"lines":"26S","color":"#0059a9","mode":"bus","arr":["26S"],"angle":-29.8,"extra":1,"ei":1}},{"type":"Feature","geometry":{"type":"Point","coordinates":[9.922703,56.042593]},"properties":{"lines":"200, 311","color":"#0059a9","mode":"bus","arr":["200","311"],"angle":-19.6,"side":-1}},{"type":"Feature","geometry":{"type":"Point","coordinates":[9.922763,56.042664]},"properties":{"lines":"26S","color":"#0059a9","mode":"bus","arr":["26S"],"angle":-23.1,"side":-1}},{"type":"Feature","geometry":{"type":"Point","coordinates":[10.210121,56.150078]},"properties":{"lines":"31","color":"#0059a9","mode":"bus","arr":["31"],"angle":-74.6,"side":-1,"mi":2}},{"type":"Feature","geometry":{"type":"Point","coordinates":[10.208481,56.143946]},"properties":{"lines":"31","color":"#0059a9","mode":"bus","arr":["31"],"angle":-78.4}},{"type":"Feature","geometry":{"type":"Point","coordinates":[10.208822,56.146285]},"properties":{"lines":"31","color":"#0059a9","mode":"bus","arr":["31"],"angle":-85.5,"mi":1}},{"type":"Feature","geometry":{"type":"Point","coordinates":[10.213275,56.128146]},"properties":{"lines":"31","color":"#0059a9","mode":"bus","arr":["31"],"angle":85.7}},{"type":"Feature","geometry":{"type":"Point","coordinates":[10.207051,56.139367]},"properties":{"lines":"31","color":"#0059a9","mode":"bus","arr":["31"],"angle":86.6,"mi":3}},{"type":"Feature","geometry":{"type":"Point","coordinates":[10.211581,56.132456]},"properties":{"lines":"31, 100, 103, 302","color":"#0059a9","mode":"bus","arr":["31","100","103","302"],"angle":59.9}},{"type":"Feature","geometry":{"type":"Point","coordinates":[10.210125,56.13393]},"properties":{"lines":"31, 100, 103, 302","color":"#0059a9","mode":"bus","arr":["31","100","103","302"],"angle":64.2,"extra":1,"ei":0}},{"type":"Feature","geometry":{"type":"Point","coordinates":[10.212932,56.130533]},"properties":{"lines":"31, 100, 103, 302","color":"#0059a9","mode":"bus","arr":["31","100","103","302"],"angle":84.1,"extra":1,"ei":1}},{"type":"Feature","geometry":{"type":"Point","coordinates":[10.224577,56.113758]},"properties":{"lines":"31","color":"#0059a9","mode":"bus","arr":["31"],"angle":53.1}},{"type":"Feature","geometry":{"type":"Point","coordinates":[10.214306,56.12551]},"properties":{"lines":"31","color":"#0059a9","mode":"bus","arr":["31"],"angle":38,"extra":1,"ei":0}},{"type":"Feature","geometry":{"type":"Point","coordinates":[10.216691,56.124281]},"properties":{"lines":"31","color":"#0059a9","mode":"bus","arr":["31"],"angle":11.1,"extra":1,"ei":1}},{"type":"Feature","geometry":{"type":"Point","coordinates":[10.21907,56.123095]},"properties":{"lines":"31","color":"#0059a9","mode":"bus","arr":["31"],"angle":41.8,"extra":1,"ei":2}},{"type":"Feature","geometry":{"type":"Point","coordinates":[10.221687,56.121903]},"properties":{"lines":"31","color":"#0059a9","mode":"bus","arr":["31"],"angle":39.1,"extra":1,"ei":3}},{"type":"Feature","geometry":{"type":"Point","coordinates":[10.223394,56.12046]},"properties":{"lines":"31","color":"#0059a9","mode":"bus","arr":["31"],"angle":-84,"extra":1,"ei":4}},{"type":"Feature","geometry":{"type":"Point","coordinates":[10.224688,56.118901]},"properties":{"lines":"31","color":"#0059a9","mode":"bus","arr":["31"],"angle":48.6,"extra":1,"ei":5}},{"type":"Feature","geometry":{"type":"Point","coordinates":[10.226018,56.117188]},"properties":{"lines":"31","color":"#0059a9","mode":"bus","arr":["31"],"angle":81.5,"extra":1,"ei":6}},{"type":"Feature","geometry":{"type":"Point","coordinates":[10.224513,56.115595]},"properties":{"lines":"31","color":"#0059a9","mode":"bus","arr":["31"],"angle":-66.7,"extra":1,"ei":7}},{"type":"Feature","geometry":{"type":"Point","coordinates":[10.226211,56.112343]},"properties":{"lines":"31","color":"#0059a9","mode":"bus","arr":["31"],"angle":67,"extra":1,"ei":8}},{"type":"Feature","geometry":{"type":"Point","coordinates":[10.228849,56.111645]},"properties":{"lines":"31","color":"#0059a9","mode":"bus","arr":["31"],"angle":1.1,"extra":1,"ei":9}},{"type":"Feature","geometry":{"type":"Point","coordinates":[10.231665,56.110794]},"properties":{"lines":"31","color":"#0059a9","mode":"bus","arr":["31"],"angle":69.5,"extra":1,"ei":10}},{"type":"Feature","geometry":{"type":"Point","coordinates":[10.231335,56.108948]},"properties":{"lines":"31","color":"#0059a9","mode":"bus","arr":["31"],"angle":-79.6,"extra":1,"ei":11}},{"type":"Feature","geometry":{"type":"Point","coordinates":[10.232716,56.107278]},"properties":{"lines":"31","color":"#0059a9","mode":"bus","arr":["31"],"angle":61.3,"extra":1,"ei":12}},{"type":"Feature","geometry":{"type":"Point","coordinates":[10.233358,56.105444]},"properties":{"lines":"31","color":"#0059a9","mode":"bus","arr":["31"],"angle":87,"extra":1,"ei":13}},{"type":"Feature","geometry":{"type":"Point","coordinates":[10.233704,56.103582]},"properties":{"lines":"31","color":"#0059a9","mode":"bus","arr":["31"],"angle":66.6,"extra":1,"ei":14}},{"type":"Feature","geometry":{"type":"Point","coordinates":[10.235204,56.10189]},"properties":{"lines":"31","color":"#0059a9","mode":"bus","arr":["31"],"angle":63.2,"extra":1,"ei":15}},{"type":"Feature","geometry":{"type":"Point","coordinates":[10.24257,56.094008]},"properties":{"lines":"31","color":"#0059a9","mode":"bus","arr":["31"],"angle":-83.3}},{"type":"Feature","geometry":{"type":"Point","coordinates":[10.236653,56.099767]},"properties":{"lines":"31","color":"#0059a9","mode":"bus","arr":["31"],"angle":73.3,"extra":1,"ei":0}},{"type":"Feature","geometry":{"type":"Point","coordinates":[10.23803,56.098091]},"properties":{"lines":"31","color":"#0059a9","mode":"bus","arr":["31"],"angle":36.4,"extra":1,"ei":1}},{"type":"Feature","geometry":{"type":"Point","coordinates":[10.240765,56.097001]},"properties":{"lines":"31","color":"#0059a9","mode":"bus","arr":["31"],"angle":49.9,"extra":1,"ei":2}},{"type":"Feature","geometry":{"type":"Point","coordinates":[10.242369,56.095355]},"properties":{"lines":"31","color":"#0059a9","mode":"bus","arr":["31"],"angle":74.6,"extra":1,"ei":3}},{"type":"Feature","geometry":{"type":"Point","coordinates":[10.241492,56.091674]},"properties":{"lines":"31","color":"#0059a9","mode":"bus","arr":["31"],"angle":-78.5,"extra":1,"ei":4}},{"type":"Feature","geometry":{"type":"Point","coordinates":[10.24218,56.08989]},"properties":{"lines":"31","color":"#0059a9","mode":"bus","arr":["31"],"angle":54,"extra":1,"ei":5}},{"type":"Feature","geometry":{"type":"Point","coordinates":[10.244727,56.088738]},"properties":{"lines":"31","color":"#0059a9","mode":"bus","arr":["31"],"angle":11.8,"extra":1,"ei":6}},{"type":"Feature","geometry":{"type":"Point","coordinates":[10.236683,56.231909]},"properties":{"lines":"32","color":"#0059a9","mode":"bus","arr":["32"],"angle":-1.8}},{"type":"Feature","geometry":{"type":"Point","coordinates":[10.23313,56.2475]},"properties":{"lines":"32","color":"#0059a9","mode":"bus","arr":["32"],"angle":71.9,"mi":1}},{"type":"Feature","geometry":{"type":"Point","coordinates":[10.23499,56.250541]},"properties":{"lines":"32","color":"#0059a9","mode":"bus","arr":["32"],"angle":-48.5}},{"type":"Feature","geometry":{"type":"Point","coordinates":[10.233249,56.249442]},"properties":{"lines":"32","color":"#0059a9","mode":"bus","arr":["32"],"angle":-48.5,"extra":1,"ei":0}},{"type":"Feature","geometry":{"type":"Point","coordinates":[10.237441,56.252388]},"properties":{"lines":"32","color":"#0059a9","mode":"bus","arr":["32"],"angle":-42.5,"extra":1,"ei":1}},{"type":"Feature","geometry":{"type":"Point","coordinates":[10.251314,56.251819]},"properties":{"lines":"32","color":"#0059a9","mode":"bus","arr":["32"],"angle":-12.7}},{"type":"Feature","geometry":{"type":"Point","coordinates":[10.239144,56.252207]},"properties":{"lines":"32","color":"#0059a9","mode":"bus","arr":["32"],"angle":-13.4,"extra":1,"ei":0}},{"type":"Feature","geometry":{"type":"Point","coordinates":[10.242489,56.252355]},"properties":{"lines":"32","color":"#0059a9","mode":"bus","arr":["32"],"angle":7.7,"extra":1,"ei":1}},{"type":"Feature","geometry":{"type":"Point","coordinates":[10.245721,56.25182]},"properties":{"lines":"32","color":"#0059a9","mode":"bus","arr":["32"],"angle":11.8,"extra":1,"ei":2}},{"type":"Feature","geometry":{"type":"Point","coordinates":[10.249054,56.251537]},"properties":{"lines":"32","color":"#0059a9","mode":"bus","arr":["32"],"angle":7.3,"extra":1,"ei":3}},{"type":"Feature","geometry":{"type":"Point","coordinates":[10.255537,56.251247]},"properties":{"lines":"32","color":"#0059a9","mode":"bus","arr":["32"],"angle":10.2,"extra":1,"ei":4}},{"type":"Feature","geometry":{"type":"Point","coordinates":[10.258847,56.250933]},"properties":{"lines":"32","color":"#0059a9","mode":"bus","arr":["32"],"angle":18.2,"extra":1,"ei":5}},{"type":"Feature","geometry":{"type":"Point","coordinates":[10.262064,56.250392]},"properties":{"lines":"32","color":"#0059a9","mode":"bus","arr":["32"],"angle":-3.4,"extra":1,"ei":6}},{"type":"Feature","geometry":{"type":"Point","coordinates":[10.130093,56.157489]},"properties":{"lines":"35","color":"#0059a9","mode":"bus","arr":["35"],"angle":81.3,"mi":1}},{"type":"Feature","geometry":{"type":"Point","coordinates":[10.129685,56.159067]},"properties":{"lines":"35","color":"#0059a9","mode":"bus","arr":["35"],"angle":81.7,"extra":1,"ei":0}},{"type":"Feature","geometry":{"type":"Point","coordinates":[10.131291,56.155416]},"properties":{"lines":"35","color":"#0059a9","mode":"bus","arr":["35"],"angle":72.4,"extra":1,"ei":1}},{"type":"Feature","geometry":{"type":"Point","coordinates":[10.13399,56.155297]},"properties":{"lines":"35","color":"#0059a9","mode":"bus","arr":["35"],"angle":-8.9,"side":-1}},{"type":"Feature","geometry":{"type":"Point","coordinates":[10.136453,56.155515]},"properties":{"lines":"35","color":"#0059a9","mode":"bus","arr":["35"],"angle":-9.9,"extra":1,"ei":0,"side":-1}},{"type":"Feature","geometry":{"type":"Point","coordinates":[10.138525,56.157752]},"properties":{"lines":"35","color":"#0059a9","mode":"bus","arr":["35"],"angle":-8.8,"mi":2}},{"type":"Feature","geometry":{"type":"Point","coordinates":[10.140733,56.157957]},"properties":{"lines":"35","color":"#0059a9","mode":"bus","arr":["35"],"angle":-10.4,"extra":1,"ei":0}},{"type":"Feature","geometry":{"type":"Point","coordinates":[10.119328,56.171064]},"properties":{"lines":"35","color":"#0059a9","mode":"bus","arr":["35"],"angle":83.1,"mi":2}},{"type":"Feature","geometry":{"type":"Point","coordinates":[10.120816,56.178297]},"properties":{"lines":"35","color":"#0059a9","mode":"bus","arr":["35"],"angle":-69.4}},{"type":"Feature","geometry":{"type":"Point","coordinates":[10.119929,56.168068]},"properties":{"lines":"35","color":"#0059a9","mode":"bus","arr":["35"],"angle":83.2,"extra":1,"ei":0}},{"type":"Feature","geometry":{"type":"Point","coordinates":[10.119219,56.173706]},"properties":{"lines":"35","color":"#0059a9","mode":"bus","arr":["35"],"angle":-84,"extra":1,"ei":1}},{"type":"Feature","geometry":{"type":"Point","coordinates":[10.122101,56.180231]},"properties":{"lines":"35","color":"#0059a9","mode":"bus","arr":["35"],"angle":-67.3,"extra":1,"ei":0}},{"type":"Feature","geometry":{"type":"Point","coordinates":[10.119905,56.176663]},"properties":{"lines":"35","color":"#0059a9","mode":"bus","arr":["35"],"angle":-77.6,"extra":1,"ei":1}},{"type":"Feature","geometry":{"type":"Point","coordinates":[10.122851,56.181232]},"properties":{"lines":"35","color":"#0059a9","mode":"bus","arr":["35"],"angle":-1.2,"mi":1}},{"type":"Feature","geometry":{"type":"Point","coordinates":[10.123075,56.182446]},"properties":{"lines":"35","color":"#0059a9","mode":"bus","arr":["35"],"angle":-85.8,"extra":1,"ei":0}},{"type":"Feature","geometry":{"type":"Point","coordinates":[10.115521,56.186974]},"properties":{"lines":"35, 116U","color":"#0059a9","mode":"bus","arr":["35","116U"],"angle":-24.1}},{"type":"Feature","geometry":{"type":"Point","coordinates":[10.117583,56.187895]},"properties":{"lines":"35, 116U","color":"#0059a9","mode":"bus","arr":["35","116U"],"angle":-42.4,"extra":1,"ei":0}},{"type":"Feature","geometry":{"type":"Point","coordinates":[10.111971,56.186399]},"properties":{"lines":"35, 116U","color":"#0059a9","mode":"bus","arr":["35","116U"],"angle":-89.9,"extra":1,"ei":1}},{"type":"Feature","geometry":{"type":"Point","coordinates":[10.172909,56.114127]},"properties":{"lines":"40","color":"#0059a9","mode":"bus","arr":["40"],"angle":-9,"mi":2}},{"type":"Feature","geometry":{"type":"Point","coordinates":[10.170127,56.112946]},"properties":{"lines":"40","color":"#0059a9","mode":"bus","arr":["40"],"angle":-6.3}},{"type":"Feature","geometry":{"type":"Point","coordinates":[10.170968,56.113031]},"properties":{"lines":"40","color":"#0059a9","mode":"bus","arr":["40"],"angle":34.3,"mi":1}},{"type":"Feature","geometry":{"type":"Point","coordinates":[10.168351,56.110844]},"properties":{"lines":"40","color":"#0059a9","mode":"bus","arr":["40"],"angle":-82.8,"mi":3}},{"type":"Feature","geometry":{"type":"Point","coordinates":[10.168897,56.111994]},"properties":{"lines":"40","color":"#0059a9","mode":"bus","arr":["40"],"angle":-67.8,"extra":1,"ei":0}},{"type":"Feature","geometry":{"type":"Point","coordinates":[10.182851,56.191962]},"properties":{"lines":"45","color":"#0059a9","mode":"bus","arr":["45"],"angle":-24.6,"mi":2}},{"type":"Feature","geometry":{"type":"Point","coordinates":[10.180327,56.191165]},"properties":{"lines":"45","color":"#0059a9","mode":"bus","arr":["45"],"angle":-45.3,"extra":1,"ei":0}},{"type":"Feature","geometry":{"type":"Point","coordinates":[10.186347,56.192834]},"properties":{"lines":"45","color":"#0059a9","mode":"bus","arr":["45"],"angle":-24.1,"extra":1,"ei":1}},{"type":"Feature","geometry":{"type":"Point","coordinates":[10.234188,56.210924]},"properties":{"lines":"45","color":"#0059a9","mode":"bus","arr":["45"],"angle":-30.4,"mi":1}},{"type":"Feature","geometry":{"type":"Point","coordinates":[10.177471,56.189316]},"properties":{"lines":"45","color":"#0059a9","mode":"bus","arr":["45"],"angle":-14.2,"mi":3}},{"type":"Feature","geometry":{"type":"Point","coordinates":[10.195594,56.195122]},"properties":{"lines":"45","color":"#0059a9","mode":"bus","arr":["45"],"angle":-26.2}},{"type":"Feature","geometry":{"type":"Point","coordinates":[10.188823,56.193431]},"properties":{"lines":"45","color":"#0059a9","mode":"bus","arr":["45"],"angle":-23,"extra":1,"ei":0}},{"type":"Feature","geometry":{"type":"Point","coordinates":[10.191917,56.194187]},"properties":{"lines":"45","color":"#0059a9","mode":"bus","arr":["45"],"angle":-23.9,"extra":1,"ei":1}},{"type":"Feature","geometry":{"type":"Point","coordinates":[10.197971,56.195849]},"properties":{"lines":"45","color":"#0059a9","mode":"bus","arr":["45"],"angle":-32.3,"extra":1,"ei":2}},{"type":"Feature","geometry":{"type":"Point","coordinates":[10.200504,56.197084]},"properties":{"lines":"45","color":"#0059a9","mode":"bus","arr":["45"],"angle":-48,"extra":1,"ei":3}},{"type":"Feature","geometry":{"type":"Point","coordinates":[10.205802,56.197217]},"properties":{"lines":"45","color":"#0059a9","mode":"bus","arr":["45"],"angle":31.9,"mi":1}},{"type":"Feature","geometry":{"type":"Point","coordinates":[10.20369,56.197955]},"properties":{"lines":"45","color":"#0059a9","mode":"bus","arr":["45"],"angle":32.3,"extra":1,"ei":0}},{"type":"Feature","geometry":{"type":"Point","coordinates":[10.214935,56.199612]},"properties":{"lines":"45","color":"#0059a9","mode":"bus","arr":["45"],"angle":72.1,"mi":4}},{"type":"Feature","geometry":{"type":"Point","coordinates":[10.215197,56.197821]},"properties":{"lines":"45","color":"#0059a9","mode":"bus","arr":["45"],"angle":-85.4,"extra":1,"ei":0}},{"type":"Feature","geometry":{"type":"Point","coordinates":[10.213862,56.201478]},"properties":{"lines":"45","color":"#0059a9","mode":"bus","arr":["45"],"angle":72.5,"extra":1,"ei":1}},{"type":"Feature","geometry":{"type":"Point","coordinates":[10.229612,56.209459]},"properties":{"lines":"45","color":"#0059a9","mode":"bus","arr":["45"],"angle":-40}},{"type":"Feature","geometry":{"type":"Point","coordinates":[10.224632,56.208141]},"properties":{"lines":"45","color":"#0059a9","mode":"bus","arr":["45"],"angle":-45.6,"mi":2}},{"type":"Feature","geometry":{"type":"Point","coordinates":[10.226803,56.208241]},"properties":{"lines":"45","color":"#0059a9","mode":"bus","arr":["45"],"angle":-18.6,"extra":1,"ei":0}},{"type":"Feature","geometry":{"type":"Point","coordinates":[10.231782,56.210302]},"properties":{"lines":"45","color":"#0059a9","mode":"bus","arr":["45"],"angle":-28.2,"extra":1,"ei":0}},{"type":"Feature","geometry":{"type":"Point","coordinates":[10.241502,56.240582]},"properties":{"lines":"45","color":"#0059a9","mode":"bus","arr":["45"],"angle":-12.2}},{"type":"Feature","geometry":{"type":"Point","coordinates":[10.246203,56.241176]},"properties":{"lines":"45","color":"#0059a9","mode":"bus","arr":["45"],"angle":-12.5,"extra":1,"ei":0}},{"type":"Feature","geometry":{"type":"Point","coordinates":[10.236356,56.239869]},"properties":{"lines":"45","color":"#0059a9","mode":"bus","arr":["45"],"angle":-18.2,"extra":1,"ei":1}},{"type":"Feature","geometry":{"type":"Point","coordinates":[10.217259,56.16902]},"properties":{"lines":"46","color":"#0059a9","mode":"bus","arr":["46"],"angle":16.4}},{"type":"Feature","geometry":{"type":"Point","coordinates":[10.269189,56.255091]},"properties":{"lines":"46","color":"#0059a9","mode":"bus","arr":["46"],"angle":-34.8,"mi":2}},{"type":"Feature","geometry":{"type":"Point","coordinates":[10.27202,56.256182]},"properties":{"lines":"46","color":"#0059a9","mode":"bus","arr":["46"],"angle":-34.5,"extra":1,"ei":0}},{"type":"Feature","geometry":{"type":"Point","coordinates":[10.266468,56.254033]},"properties":{"lines":"46","color":"#0059a9","mode":"bus","arr":["46"],"angle":-34.8,"extra":1,"ei":1}},{"type":"Feature","geometry":{"type":"Point","coordinates":[10.273646,56.256498]},"properties":{"lines":"46","color":"#0059a9","mode":"bus","arr":["46"],"angle":58.8,"mi":1}},{"type":"Feature","geometry":{"type":"Point","coordinates":[10.273462,56.256304]},"properties":{"lines":"46","color":"#0059a9","mode":"bus","arr":["46"],"angle":63.5,"side":-1}},{"type":"Feature","geometry":{"type":"Point","coordinates":[10.134467,55.984449]},"properties":{"lines":"100","color":"#0059a9","mode":"bus","arr":["100"],"angle":-68.4}},{"type":"Feature","geometry":{"type":"Point","coordinates":[10.134158,55.982388]},"properties":{"lines":"100","color":"#0059a9","mode":"bus","arr":["100"],"angle":-88.3,"extra":1,"ei":0}},{"type":"Feature","geometry":{"type":"Point","coordinates":[10.136667,55.985539]},"properties":{"lines":"100","color":"#0059a9","mode":"bus","arr":["100"],"angle":-21.7,"extra":1,"ei":1}},{"type":"Feature","geometry":{"type":"Point","coordinates":[10.145517,55.985014]},"properties":{"lines":"100","color":"#0059a9","mode":"bus","arr":["100"],"angle":18.6,"mi":1}},{"type":"Feature","geometry":{"type":"Point","coordinates":[10.139963,55.986053]},"properties":{"lines":"100","color":"#0059a9","mode":"bus","arr":["100"],"angle":18.7,"extra":1,"ei":0}},{"type":"Feature","geometry":{"type":"Point","coordinates":[10.143162,55.98545]},"properties":{"lines":"100","color":"#0059a9","mode":"bus","arr":["100"],"angle":18.3,"extra":1,"ei":1}},{"type":"Feature","geometry":{"type":"Point","coordinates":[10.149561,55.984248]},"properties":{"lines":"100","color":"#0059a9","mode":"bus","arr":["100"],"angle":18.4,"extra":1,"ei":2}},{"type":"Feature","geometry":{"type":"Point","coordinates":[10.161457,55.995177]},"properties":{"lines":"100, 103, 1002","color":"#0059a9","mode":"bus","arr":["100","103","1002"],"angle":-56.5}},{"type":"Feature","geometry":{"type":"Point","coordinates":[10.15311,55.984574]},"properties":{"lines":"100, 103, 1002","color":"#0059a9","mode":"bus","arr":["100","103","1002"],"angle":-74.6,"extra":1,"ei":0}},{"type":"Feature","geometry":{"type":"Point","coordinates":[10.154004,55.986395]},"properties":{"lines":"100, 103, 1002","color":"#0059a9","mode":"bus","arr":["100","103","1002"],"angle":-74.7,"extra":1,"ei":1}},{"type":"Feature","geometry":{"type":"Point","coordinates":[10.154897,55.988216]},"properties":{"lines":"100, 103, 1002","color":"#0059a9","mode":"bus","arr":["100","103","1002"],"angle":-74.2,"extra":1,"ei":2}},{"type":"Feature","geometry":{"type":"Point","coordinates":[10.155806,55.990035]},"properties":{"lines":"100, 103, 1002","color":"#0059a9","mode":"bus","arr":["100","103","1002"],"angle":-72.5,"extra":1,"ei":3}},{"type":"Feature","geometry":{"type":"Point","coordinates":[10.157369,55.991698]},"properties":{"lines":"100, 103, 1002","color":"#0059a9","mode":"bus","arr":["100","103","1002"],"angle":-57.1,"extra":1,"ei":4}},{"type":"Feature","geometry":{"type":"Point","coordinates":[10.159211,55.99328]},"properties":{"lines":"100, 103, 1002","color":"#0059a9","mode":"bus","arr":["100","103","1002"],"angle":-56.5,"extra":1,"ei":5}},{"type":"Feature","geometry":{"type":"Point","coordinates":[10.162935,55.996431]},"properties":{"lines":"100, 103, 1002","color":"#0059a9","mode":"bus","arr":["100","103","1002"],"angle":-57.7,"extra":1,"ei":6}},{"type":"Feature","geometry":{"type":"Point","coordinates":[10.164663,55.998053]},"properties":{"lines":"100, 103, 1002","color":"#0059a9","mode":"bus","arr":["100","103","1002"],"angle":-61.1,"extra":1,"ei":7}},{"type":"Feature","geometry":{"type":"Point","coordinates":[10.166187,55.999738]},"properties":{"lines":"100, 103, 1002","color":"#0059a9","mode":"bus","arr":["100","103","1002"],"angle":-64.6,"extra":1,"ei":8}},{"type":"Feature","geometry":{"type":"Point","coordinates":[10.167549,56.001465]},"properties":{"lines":"100, 103, 1002","color":"#0059a9","mode":"bus","arr":["100","103","1002"],"angle":-68.7,"extra":1,"ei":9}},{"type":"Feature","geometry":{"type":"Point","coordinates":[10.168697,56.003241]},"properties":{"lines":"100, 103, 1002","color":"#0059a9","mode":"bus","arr":["100","103","1002"],"angle":-71.1,"extra":1,"ei":10}},{"type":"Feature","geometry":{"type":"Point","coordinates":[10.16979,56.005028]},"properties":{"lines":"100, 103, 1002","color":"#0059a9","mode":"bus","arr":["100","103","1002"],"angle":-71,"extra":1,"ei":11}},{"type":"Feature","geometry":{"type":"Point","coordinates":[10.174357,56.012539]},"properties":{"lines":"100, 103","color":"#0059a9","mode":"bus","arr":["100","103"],"angle":-72.2}},{"type":"Feature","geometry":{"type":"Point","coordinates":[10.171333,56.007544]},"properties":{"lines":"100, 103","color":"#0059a9","mode":"bus","arr":["100","103"],"angle":-71.1,"extra":1,"ei":0}},{"type":"Feature","geometry":{"type":"Point","coordinates":[10.172429,56.009331]},"properties":{"lines":"100, 103","color":"#0059a9","mode":"bus","arr":["100","103"],"angle":-71,"extra":1,"ei":1}},{"type":"Feature","geometry":{"type":"Point","coordinates":[10.173528,56.011116]},"properties":{"lines":"100, 103","color":"#0059a9","mode":"bus","arr":["100","103"],"angle":-71,"extra":1,"ei":2}},{"type":"Feature","geometry":{"type":"Point","coordinates":[10.175691,56.014694]},"properties":{"lines":"100, 103","color":"#0059a9","mode":"bus","arr":["100","103"],"angle":-71.1,"extra":1,"ei":3}},{"type":"Feature","geometry":{"type":"Point","coordinates":[10.176796,56.016478]},"properties":{"lines":"100, 103","color":"#0059a9","mode":"bus","arr":["100","103"],"angle":-70.9,"extra":1,"ei":4}},{"type":"Feature","geometry":{"type":"Point","coordinates":[10.177876,56.018268]},"properties":{"lines":"100, 103","color":"#0059a9","mode":"bus","arr":["100","103"],"angle":-71.5,"extra":1,"ei":5}},{"type":"Feature","geometry":{"type":"Point","coordinates":[10.18067,56.023027]},"properties":{"lines":"100, 103","color":"#0059a9","mode":"bus","arr":["100","103"],"angle":-73.8,"mi":1}},{"type":"Feature","geometry":{"type":"Point","coordinates":[10.183219,56.028111]},"properties":{"lines":"100, 103","color":"#0059a9","mode":"bus","arr":["100","103"],"angle":-78}},{"type":"Feature","geometry":{"type":"Point","coordinates":[10.178509,56.019313]},"properties":{"lines":"100, 103","color":"#0059a9","mode":"bus","arr":["100","103"],"angle":-71.3,"extra":1,"ei":0}},{"type":"Feature","geometry":{"type":"Point","coordinates":[10.179592,56.021102]},"properties":{"lines":"100, 103","color":"#0059a9","mode":"bus","arr":["100","103"],"angle":-71.3,"extra":1,"ei":1}},{"type":"Feature","geometry":{"type":"Point","coordinates":[10.181481,56.024727]},"properties":{"lines":"100, 103","color":"#0059a9","mode":"bus","arr":["100","103"],"angle":-74.7,"extra":1,"ei":2}},{"type":"Feature","geometry":{"type":"Point","coordinates":[10.182472,56.026532]},"properties":{"lines":"100, 103","color":"#0059a9","mode":"bus","arr":["100","103"],"angle":-73.1,"extra":1,"ei":3}},{"type":"Feature","geometry":{"type":"Point","coordinates":[10.189349,56.034125]},"properties":{"lines":"100, 103","color":"#0059a9","mode":"bus","arr":["100","103"],"angle":-57.8,"mi":2}},{"type":"Feature","geometry":{"type":"Point","coordinates":[10.194098,56.045416]},"properties":{"lines":"100, 103","color":"#0059a9","mode":"bus","arr":["100","103"],"angle":-86.6,"mi":1}},{"type":"Feature","geometry":{"type":"Point","coordinates":[10.184908,56.029938]},"properties":{"lines":"100, 103","color":"#0059a9","mode":"bus","arr":["100","103"],"angle":-59.4,"extra":1,"ei":0}},{"type":"Feature","geometry":{"type":"Point","coordinates":[10.1866,56.031572]},"properties":{"lines":"100, 103","color":"#0059a9","mode":"bus","arr":["100","103"],"angle":-59.8,"extra":1,"ei":1}},{"type":"Feature","geometry":{"type":"Point","coordinates":[10.19191,56.036395]},"properties":{"lines":"100, 103","color":"#0059a9","mode":"bus","arr":["100","103"],"angle":-57.6,"extra":1,"ei":2}},{"type":"Feature","geometry":{"type":"Point","coordinates":[10.19339,56.038066]},"properties":{"lines":"100, 103","color":"#0059a9","mode":"bus","arr":["100","103"],"angle":-85,"extra":1,"ei":3}},{"type":"Feature","geometry":{"type":"Point","coordinates":[10.193782,56.042073]},"properties":{"lines":"100, 103","color":"#0059a9","mode":"bus","arr":["100","103"],"angle":-87,"extra":1,"ei":0}},{"type":"Feature","geometry":{"type":"Point","coordinates":[10.193959,56.043959]},"properties":{"lines":"100, 103","color":"#0059a9","mode":"bus","arr":["100","103"],"angle":-87,"extra":1,"ei":1}},{"type":"Feature","geometry":{"type":"Point","coordinates":[10.195477,56.04755]},"properties":{"lines":"100, 103","color":"#0059a9","mode":"bus","arr":["100","103"],"angle":-58.9,"extra":1,"ei":2}},{"type":"Feature","geometry":{"type":"Point","coordinates":[10.197152,56.049188]},"properties":{"lines":"100, 103","color":"#0059a9","mode":"bus","arr":["100","103"],"angle":-64.3,"extra":1,"ei":3}},{"type":"Feature","geometry":{"type":"Point","coordinates":[10.193601,56.040216]},"properties":{"lines":"100, 103, 302","color":"#0059a9","mode":"bus","arr":["100","103","302"],"angle":-86.7}},{"type":"Feature","geometry":{"type":"Point","coordinates":[10.199552,56.052702]},"properties":{"lines":"100, 103","color":"#0059a9","mode":"bus","arr":["100","103"],"angle":-69.2}},{"type":"Feature","geometry":{"type":"Point","coordinates":[10.197819,56.050147]},"properties":{"lines":"100, 103","color":"#0059a9","mode":"bus","arr":["100","103"],"angle":-69.3,"extra":1,"ei":0}},{"type":"Feature","geometry":{"type":"Point","coordinates":[10.201499,56.055425]},"properties":{"lines":"100, 103","color":"#0059a9","mode":"bus","arr":["100","103"],"angle":-68.4,"extra":1,"ei":1}},{"type":"Feature","geometry":{"type":"Point","coordinates":[10.203062,56.057648]},"properties":{"lines":"100, 103, 302","color":"#0059a9","mode":"bus","arr":["100","103","302"],"angle":-68.7,"mi":2}},{"type":"Feature","geometry":{"type":"Point","coordinates":[10.20384,56.058754]},"properties":{"lines":"100, 103, 302","color":"#0059a9","mode":"bus","arr":["100","103","302"],"angle":-68.3,"extra":1,"ei":0}},{"type":"Feature","geometry":{"type":"Point","coordinates":[10.20072,56.059789]},"properties":{"lines":"100, 103, 302","color":"#0059a9","mode":"bus","arr":["100","103","302"],"angle":24.5}},{"type":"Feature","geometry":{"type":"Point","coordinates":[10.19719,56.060738]},"properties":{"lines":"100, 103, 302","color":"#0059a9","mode":"bus","arr":["100","103","302"],"angle":36.7,"mi":1}},{"type":"Feature","geometry":{"type":"Point","coordinates":[10.207111,56.118682]},"properties":{"lines":"100, 103, 302","color":"#0059a9","mode":"bus","arr":["100","103","302"],"angle":89.8}},{"type":"Feature","geometry":{"type":"Point","coordinates":[10.208784,56.076878]},"properties":{"lines":"100, 103, 302","color":"#0059a9","mode":"bus","arr":["100","103","302"],"angle":-76.3}},{"type":"Feature","geometry":{"type":"Point","coordinates":[10.201582,56.065911]},"properties":{"lines":"100, 103, 302","color":"#0059a9","mode":"bus","arr":["100","103","302"],"angle":-55.6,"mi":3}},{"type":"Feature","geometry":{"type":"Point","coordinates":[10.209623,56.086579]},"properties":{"lines":"100, 103, 302","color":"#0059a9","mode":"bus","arr":["100","103","302"],"angle":-89.3}},{"type":"Feature","geometry":{"type":"Point","coordinates":[10.209652,56.090855]},"properties":{"lines":"100, 103, 302","color":"#0059a9","mode":"bus","arr":["100","103","302"],"angle":87.4,"mi":1}},{"type":"Feature","geometry":{"type":"Point","coordinates":[10.212724,56.129838]},"properties":{"lines":"100, 103, 302","color":"#0059a9","mode":"bus","arr":["100","103","302"],"angle":-70.5}},{"type":"Feature","geometry":{"type":"Point","coordinates":[10.197453,56.062368]},"properties":{"lines":"100, 103, 302","color":"#0059a9","mode":"bus","arr":["100","103","302"],"angle":-59.8,"extra":1,"ei":0,"side":-1}},{"type":"Feature","geometry":{"type":"Point","coordinates":[10.209672,56.092557]},"properties":{"lines":"100, 103, 302","color":"#0059a9","mode":"bus","arr":["100","103","302"],"angle":89.8,"extra":1,"ei":0}},{"type":"Feature","geometry":{"type":"Point","coordinates":[10.207935,56.108442]},"properties":{"lines":"100, 103, 302","color":"#0059a9","mode":"bus","arr":["100","103","302"],"angle":-80.4,"extra":1,"ei":0}},{"type":"Feature","geometry":{"type":"Point","coordinates":[10.208502,56.110304]},"properties":{"lines":"100, 103, 302","color":"#0059a9","mode":"bus","arr":["100","103","302"],"angle":-80.2,"extra":1,"ei":1}},{"type":"Feature","geometry":{"type":"Point","coordinates":[10.209038,56.112168]},"properties":{"lines":"100, 103, 302","color":"#0059a9","mode":"bus","arr":["100","103","302"],"angle":-86.1,"extra":1,"ei":2}},{"type":"Feature","geometry":{"type":"Point","coordinates":[10.208338,56.113992]},"properties":{"lines":"100, 103, 302","color":"#0059a9","mode":"bus","arr":["100","103","302"],"angle":62.7,"extra":1,"ei":3}},{"type":"Feature","geometry":{"type":"Point","coordinates":[10.207149,56.115725]},"properties":{"lines":"100, 103, 302","color":"#0059a9","mode":"bus","arr":["100","103","302"],"angle":88.8,"extra":1,"ei":4}},{"type":"Feature","geometry":{"type":"Point","coordinates":[10.207199,56.121388]},"properties":{"lines":"100, 103, 302","color":"#0059a9","mode":"bus","arr":["100","103","302"],"angle":-84.2,"extra":1,"ei":5}},{"type":"Feature","geometry":{"type":"Point","coordinates":[10.207715,56.123254]},"properties":{"lines":"100, 103, 302","color":"#0059a9","mode":"bus","arr":["100","103","302"],"angle":-77.7,"extra":1,"ei":6}},{"type":"Feature","geometry":{"type":"Point","coordinates":[10.208692,56.12506]},"properties":{"lines":"100, 103, 302","color":"#0059a9","mode":"bus","arr":["100","103","302"],"angle":-71.6,"extra":1,"ei":7}},{"type":"Feature","geometry":{"type":"Point","coordinates":[10.210038,56.12679]},"properties":{"lines":"100, 103, 302","color":"#0059a9","mode":"bus","arr":["100","103","302"],"angle":-63.3,"extra":1,"ei":8}},{"type":"Feature","geometry":{"type":"Point","coordinates":[10.211567,56.128473]},"properties":{"lines":"100, 103, 302","color":"#0059a9","mode":"bus","arr":["100","103","302"],"angle":-63.2,"extra":1,"ei":9}},{"type":"Feature","geometry":{"type":"Point","coordinates":[10.209639,56.088782]},"properties":{"lines":"100, 103, 302","color":"#0059a9","mode":"bus","arr":["100","103","302"],"angle":-89.8,"extra":1,"ei":0}},{"type":"Feature","geometry":{"type":"Point","coordinates":[10.198526,56.063443]},"properties":{"lines":"100, 103, 302","color":"#0059a9","mode":"bus","arr":["100","103","302"],"angle":-54,"extra":1,"ei":0}},{"type":"Feature","geometry":{"type":"Point","coordinates":[10.204022,56.068194]},"properties":{"lines":"100, 103, 302","color":"#0059a9","mode":"bus","arr":["100","103","302"],"angle":-63.6,"extra":1,"ei":1}},{"type":"Feature","geometry":{"type":"Point","coordinates":[10.205366,56.069926]},"properties":{"lines":"100, 103, 302","color":"#0059a9","mode":"bus","arr":["100","103","302"],"angle":-69.8,"extra":1,"ei":2}},{"type":"Feature","geometry":{"type":"Point","coordinates":[10.206528,56.072056]},"properties":{"lines":"100, 103, 302","color":"#0059a9","mode":"bus","arr":["100","103","302"],"angle":-75.1,"extra":1,"ei":0,"side":-1}},{"type":"Feature","geometry":{"type":"Point","coordinates":[10.207392,56.073882]},"properties":{"lines":"100, 103, 302","color":"#0059a9","mode":"bus","arr":["100","103","302"],"angle":-74.7,"extra":1,"ei":1,"side":-1}},{"type":"Feature","geometry":{"type":"Point","coordinates":[10.208238,56.075709]},"properties":{"lines":"100, 103, 302","color":"#0059a9","mode":"bus","arr":["100","103","302"],"angle":-76.4,"extra":1,"ei":2}},{"type":"Feature","geometry":{"type":"Point","coordinates":[10.209491,56.081835]},"properties":{"lines":"100, 103, 302","color":"#0059a9","mode":"bus","arr":["100","103","302"],"angle":-89.5,"extra":1,"ei":0}},{"type":"Feature","geometry":{"type":"Point","coordinates":[10.209459,56.079946]},"properties":{"lines":"100, 103, 302","color":"#0059a9","mode":"bus","arr":["100","103","302"],"angle":-89.1,"extra":1,"ei":1}},{"type":"Feature","geometry":{"type":"Point","coordinates":[10.209213,56.078064]},"properties":{"lines":"100, 103, 302","color":"#0059a9","mode":"bus","arr":["100","103","302"],"angle":-81.8,"extra":1,"ei":2}},{"type":"Feature","geometry":{"type":"Point","coordinates":[10.209564,56.083722]},"properties":{"lines":"100, 103, 302","color":"#0059a9","mode":"bus","arr":["100","103","302"],"angle":-89.4,"extra":1,"ei":0}},{"type":"Feature","geometry":{"type":"Point","coordinates":[10.209398,56.08514]},"properties":{"lines":"100, 103, 302","color":"#0059a9","mode":"bus","arr":["100","103","302"],"angle":-89.4,"extra":1,"ei":1}},{"type":"Feature","geometry":{"type":"Point","coordinates":[10.291137,56.226618]},"properties":{"lines":"100, 123, 925X","color":"#0059a9","mode":"bus","arr":["100","123","925X"],"angle":-64.4}},{"type":"Feature","geometry":{"type":"Point","coordinates":[10.246379,56.201478]},"properties":{"lines":"100, 123, 925X","color":"#0059a9","mode":"bus","arr":["100","123","925X"],"angle":-23.3,"side":-1}},{"type":"Feature","geometry":{"type":"Point","coordinates":[10.300735,56.248697]},"properties":{"lines":"100, 123, 925X","color":"#0059a9","mode":"bus","arr":["100","123","925X"],"angle":62.9}},{"type":"Feature","geometry":{"type":"Point","coordinates":[10.239013,56.199708]},"properties":{"lines":"100, 123, 925X","color":"#0059a9","mode":"bus","arr":["100","123","925X"],"angle":-23,"extra":1,"ei":0,"side":-1}},{"type":"Feature","geometry":{"type":"Point","coordinates":[10.242114,56.200453]},"properties":{"lines":"100, 123, 925X","color":"#0059a9","mode":"bus","arr":["100","123","925X"],"angle":-23.3,"extra":1,"ei":1,"side":-1}},{"type":"Feature","geometry":{"type":"Point","coordinates":[10.248315,56.201945]},"properties":{"lines":"100, 123, 925X","color":"#0059a9","mode":"bus","arr":["100","123","925X"],"angle":-23.3,"extra":1,"ei":2,"side":-1}},{"type":"Feature","geometry":{"type":"Point","coordinates":[10.251416,56.202691]},"properties":{"lines":"100, 123, 925X","color":"#0059a9","mode":"bus","arr":["100","123","925X"],"angle":-23.3,"extra":1,"ei":3,"side":-1}},{"type":"Feature","geometry":{"type":"Point","coordinates":[10.254501,56.203458]},"properties":{"lines":"100, 123, 925X","color":"#0059a9","mode":"bus","arr":["100","123","925X"],"angle":-24.5,"extra":1,"ei":4,"side":-1}},{"type":"Feature","geometry":{"type":"Point","coordinates":[10.272465,56.208449]},"properties":{"lines":"100, 123, 925X","color":"#0059a9","mode":"bus","arr":["100","123","925X"],"angle":-31.5,"extra":1,"ei":0,"side":-1}},{"type":"Feature","geometry":{"type":"Point","coordinates":[10.275124,56.209605]},"properties":{"lines":"100, 123, 925X","color":"#0059a9","mode":"bus","arr":["100","123","925X"],"angle":-45.7,"extra":1,"ei":1,"side":-1}},{"type":"Feature","geometry":{"type":"Point","coordinates":[10.277182,56.211095]},"properties":{"lines":"100, 123, 925X","color":"#0059a9","mode":"bus","arr":["100","123","925X"],"angle":-59.3,"extra":1,"ei":2,"side":-1}},{"type":"Feature","geometry":{"type":"Point","coordinates":[10.278748,56.212768]},"properties":{"lines":"100, 123, 925X","color":"#0059a9","mode":"bus","arr":["100","123","925X"],"angle":-62.9,"extra":1,"ei":3,"side":-1}},{"type":"Feature","geometry":{"type":"Point","coordinates":[10.280281,56.21445]},"properties":{"lines":"100, 123, 925X","color":"#0059a9","mode":"bus","arr":["100","123","925X"],"angle":-62.8,"extra":1,"ei":4,"side":-1}},{"type":"Feature","geometry":{"type":"Point","coordinates":[10.281814,56.216133]},"properties":{"lines":"100, 123, 925X","color":"#0059a9","mode":"bus","arr":["100","123","925X"],"angle":-63,"extra":1,"ei":5,"side":-1}},{"type":"Feature","geometry":{"type":"Point","coordinates":[10.283351,56.217814]},"properties":{"lines":"100, 123, 925X","color":"#0059a9","mode":"bus","arr":["100","123","925X"],"angle":-62.9,"extra":1,"ei":6,"side":-1}},{"type":"Feature","geometry":{"type":"Point","coordinates":[10.284889,56.219496]},"properties":{"lines":"100, 123, 925X","color":"#0059a9","mode":"bus","arr":["100","123","925X"],"angle":-62.9,"extra":1,"ei":7,"side":-1}},{"type":"Feature","geometry":{"type":"Point","coordinates":[10.286426,56.221177]},"properties":{"lines":"100, 123, 925X","color":"#0059a9","mode":"bus","arr":["100","123","925X"],"angle":-62.9,"extra":1,"ei":8,"side":-1}},{"type":"Feature","geometry":{"type":"Point","coordinates":[10.287965,56.222858]},"properties":{"lines":"100, 123, 925X","color":"#0059a9","mode":"bus","arr":["100","123","925X"],"angle":-62.9,"extra":1,"ei":9,"side":-1}},{"type":"Feature","geometry":{"type":"Point","coordinates":[10.289505,56.224538]},"properties":{"lines":"100, 123, 925X","color":"#0059a9","mode":"bus","arr":["100","123","925X"],"angle":-62.7,"extra":1,"ei":10,"side":-1}},{"type":"Feature","geometry":{"type":"Point","coordinates":[10.292453,56.227935]},"properties":{"lines":"100, 123, 925X","color":"#0059a9","mode":"bus","arr":["100","123","925X"],"angle":-66.4,"extra":1,"ei":11,"side":-1}},{"type":"Feature","geometry":{"type":"Point","coordinates":[10.293774,56.229673]},"properties":{"lines":"100, 123, 925X","color":"#0059a9","mode":"bus","arr":["100","123","925X"],"angle":-67.2,"extra":1,"ei":12,"side":-1}},{"type":"Feature","geometry":{"type":"Point","coordinates":[10.295077,56.231415]},"properties":{"lines":"100, 123, 925X","color":"#0059a9","mode":"bus","arr":["100","123","925X"],"angle":-67.6,"extra":1,"ei":13,"side":-1}},{"type":"Feature","geometry":{"type":"Point","coordinates":[10.296338,56.233167]},"properties":{"lines":"100, 123, 925X","color":"#0059a9","mode":"bus","arr":["100","123","925X"],"angle":-70.2,"extra":1,"ei":14,"side":-1}},{"type":"Feature","geometry":{"type":"Point","coordinates":[10.29719,56.23499]},"properties":{"lines":"100, 123, 925X","color":"#0059a9","mode":"bus","arr":["100","123","925X"],"angle":-79.2,"extra":1,"ei":15,"side":-1}},{"type":"Feature","geometry":{"type":"Point","coordinates":[10.297823,56.236846]},"properties":{"lines":"100, 123, 925X","color":"#0059a9","mode":"bus","arr":["100","123","925X"],"angle":-79.2,"extra":1,"ei":16,"side":-1}},{"type":"Feature","geometry":{"type":"Point","coordinates":[10.298455,56.238701]},"properties":{"lines":"100, 123, 925X","color":"#0059a9","mode":"bus","arr":["100","123","925X"],"angle":-79.3,"extra":1,"ei":17,"side":-1}},{"type":"Feature","geometry":{"type":"Point","coordinates":[10.299081,56.240556]},"properties":{"lines":"100, 123, 925X","color":"#0059a9","mode":"bus","arr":["100","123","925X"],"angle":-79.3,"extra":1,"ei":18,"side":-1}},{"type":"Feature","geometry":{"type":"Point","coordinates":[10.299707,56.242412]},"properties":{"lines":"100, 123, 925X","color":"#0059a9","mode":"bus","arr":["100","123","925X"],"angle":-79.3,"extra":1,"ei":19,"side":-1}},{"type":"Feature","geometry":{"type":"Point","coordinates":[10.300335,56.244268]},"properties":{"lines":"100, 123, 925X","color":"#0059a9","mode":"bus","arr":["100","123","925X"],"angle":-79.2,"extra":1,"ei":20,"side":-1}},{"type":"Feature","geometry":{"type":"Point","coordinates":[10.30096,56.246124]},"properties":{"lines":"100, 123, 925X","color":"#0059a9","mode":"bus","arr":["100","123","925X"],"angle":-79.4,"extra":1,"ei":21,"side":-1}},{"type":"Feature","geometry":{"type":"Point","coordinates":[10.244349,56.2011]},"properties":{"lines":"100, 123, 925X","color":"#0059a9","mode":"bus","arr":["100","123","925X"],"angle":-24.2,"extra":1,"ei":0}},{"type":"Feature","geometry":{"type":"Point","coordinates":[10.309766,56.268146]},"properties":{"lines":"100","color":"#0059a9","mode":"bus","arr":["100"],"angle":-81.5}},{"type":"Feature","geometry":{"type":"Point","coordinates":[10.303221,56.254487]},"properties":{"lines":"100","color":"#0059a9","mode":"bus","arr":["100"],"angle":-81.5}},{"type":"Feature","geometry":{"type":"Point","coordinates":[10.32034,56.280328]},"properties":{"lines":"100","color":"#0059a9","mode":"bus","arr":["100"],"angle":-57.4}},{"type":"Feature","geometry":{"type":"Point","coordinates":[10.316577,56.277039]},"properties":{"lines":"100","color":"#0059a9","mode":"bus","arr":["100"],"angle":30.8,"mi":1}},{"type":"Feature","geometry":{"type":"Point","coordinates":[10.30139,56.247478]},"properties":{"lines":"100","color":"#0059a9","mode":"bus","arr":["100"],"angle":-76.5,"side":-1,"mi":1}},{"type":"Feature","geometry":{"type":"Point","coordinates":[10.304907,56.258905]},"properties":{"lines":"100","color":"#0059a9","mode":"bus","arr":["100"],"angle":-68.8,"extra":1,"ei":0}},{"type":"Feature","geometry":{"type":"Point","coordinates":[10.303899,56.257109]},"properties":{"lines":"100","color":"#0059a9","mode":"bus","arr":["100"],"angle":-81.7,"extra":1,"ei":1}},{"type":"Feature","geometry":{"type":"Point","coordinates":[10.302374,56.25151]},"properties":{"lines":"100","color":"#0059a9","mode":"bus","arr":["100"],"angle":-70.2,"extra":1,"ei":2}},{"type":"Feature","geometry":{"type":"Point","coordinates":[10.300121,56.250168]},"properties":{"lines":"100","color":"#0059a9","mode":"bus","arr":["100"],"angle":-63.5,"extra":1,"ei":3}},{"type":"Feature","geometry":{"type":"Point","coordinates":[10.306216,56.260853]},"properties":{"lines":"100","color":"#0059a9","mode":"bus","arr":["100"],"angle":-70.7,"extra":1,"ei":0}},{"type":"Feature","geometry":{"type":"Point","coordinates":[10.307282,56.262645]},"properties":{"lines":"100","color":"#0059a9","mode":"bus","arr":["100"],"angle":-70.2,"extra":1,"ei":1}},{"type":"Feature","geometry":{"type":"Point","coordinates":[10.308533,56.264399]},"properties":{"lines":"100","color":"#0059a9","mode":"bus","arr":["100"],"angle":-68.5,"extra":1,"ei":2}},{"type":"Feature","geometry":{"type":"Point","coordinates":[10.309274,56.266234]},"properties":{"lines":"100","color":"#0059a9","mode":"bus","arr":["100"],"angle":-81,"extra":1,"ei":3}},{"type":"Feature","geometry":{"type":"Point","coordinates":[10.310274,56.269969]},"properties":{"lines":"100","color":"#0059a9","mode":"bus","arr":["100"],"angle":-80.9,"extra":1,"ei":4}},{"type":"Feature","geometry":{"type":"Point","coordinates":[10.310772,56.271837]},"properties":{"lines":"100","color":"#0059a9","mode":"bus","arr":["100"],"angle":-73.7,"extra":1,"ei":5}},{"type":"Feature","geometry":{"type":"Point","coordinates":[10.312505,56.273451]},"properties":{"lines":"100","color":"#0059a9","mode":"bus","arr":["100"],"angle":-57.5,"extra":1,"ei":6}},{"type":"Feature","geometry":{"type":"Point","coordinates":[10.314314,56.275045]},"properties":{"lines":"100","color":"#0059a9","mode":"bus","arr":["100"],"angle":-57.7,"extra":1,"ei":7}},{"type":"Feature","geometry":{"type":"Point","coordinates":[10.323187,56.282823]},"properties":{"lines":"100","color":"#0059a9","mode":"bus","arr":["100"],"angle":-57.6,"extra":1,"ei":0}},{"type":"Feature","geometry":{"type":"Point","coordinates":[10.317734,56.278049]},"properties":{"lines":"100","color":"#0059a9","mode":"bus","arr":["100"],"angle":-57.3,"extra":1,"ei":1}},{"type":"Feature","geometry":{"type":"Point","coordinates":[10.31778,56.286281]},"properties":{"lines":"100","color":"#0059a9","mode":"bus","arr":["100"],"angle":36.3,"mi":2}},{"type":"Feature","geometry":{"type":"Point","coordinates":[10.322673,56.284217]},"properties":{"lines":"100","color":"#0059a9","mode":"bus","arr":["100"],"angle":37,"extra":1,"ei":0}},{"type":"Feature","geometry":{"type":"Point","coordinates":[10.31998,56.285356]},"properties":{"lines":"100","color":"#0059a9","mode":"bus","arr":["100"],"angle":37.1,"extra":1,"ei":1}},{"type":"Feature","geometry":{"type":"Point","coordinates":[10.314361,56.28743]},"properties":{"lines":"100","color":"#0059a9","mode":"bus","arr":["100"],"angle":23.4,"extra":1,"ei":2}},{"type":"Feature","geometry":{"type":"Point","coordinates":[10.311733,56.287784]},"properties":{"lines":"100","color":"#0059a9","mode":"bus","arr":["100"],"angle":-88.9,"extra":1,"ei":3}},{"type":"Feature","geometry":{"type":"Point","coordinates":[10.316863,56.296172]},"properties":{"lines":"100","color":"#0059a9","mode":"bus","arr":["100"],"angle":-80.2}},{"type":"Feature","geometry":{"type":"Point","coordinates":[10.317836,56.309011]},"properties":{"lines":"100","color":"#0059a9","mode":"bus","arr":["100"],"angle":-70.1,"mi":3}},{"type":"Feature","geometry":{"type":"Point","coordinates":[10.312117,56.288956]},"properties":{"lines":"100","color":"#0059a9","mode":"bus","arr":["100"],"angle":-79.3,"extra":1,"ei":0}},{"type":"Feature","geometry":{"type":"Point","coordinates":[10.313371,56.290674]},"properties":{"lines":"100","color":"#0059a9","mode":"bus","arr":["100"],"angle":-53.7,"extra":1,"ei":1}},{"type":"Feature","geometry":{"type":"Point","coordinates":[10.315247,56.292236]},"properties":{"lines":"100","color":"#0059a9","mode":"bus","arr":["100"],"angle":-70.4,"extra":1,"ei":2}},{"type":"Feature","geometry":{"type":"Point","coordinates":[10.31574,56.294101]},"properties":{"lines":"100","color":"#0059a9","mode":"bus","arr":["100"],"angle":-78.6,"extra":1,"ei":3}},{"type":"Feature","geometry":{"type":"Point","coordinates":[10.316982,56.297776]},"properties":{"lines":"100","color":"#0059a9","mode":"bus","arr":["100"],"angle":82.5,"extra":1,"ei":4}},{"type":"Feature","geometry":{"type":"Point","coordinates":[10.31647,56.299641]},"properties":{"lines":"100","color":"#0059a9","mode":"bus","arr":["100"],"angle":88.1,"extra":1,"ei":5}},{"type":"Feature","geometry":{"type":"Point","coordinates":[10.316768,56.301521]},"properties":{"lines":"100","color":"#0059a9","mode":"bus","arr":["100"],"angle":-83.8,"extra":1,"ei":6}},{"type":"Feature","geometry":{"type":"Point","coordinates":[10.316986,56.303404]},"properties":{"lines":"100","color":"#0059a9","mode":"bus","arr":["100"],"angle":-89.1,"extra":1,"ei":7}},{"type":"Feature","geometry":{"type":"Point","coordinates":[10.31937,56.311655]},"properties":{"lines":"100","color":"#0059a9","mode":"bus","arr":["100"],"angle":-73.1,"extra":1,"ei":0}},{"type":"Feature","geometry":{"type":"Point","coordinates":[10.316342,56.306272]},"properties":{"lines":"100","color":"#0059a9","mode":"bus","arr":["100"],"angle":83.5,"extra":1,"ei":1}},{"type":"Feature","geometry":{"type":"Point","coordinates":[10.318743,56.314234]},"properties":{"lines":"100","color":"#0059a9","mode":"bus","arr":["100"],"angle":-85}},{"type":"Feature","geometry":{"type":"Point","coordinates":[10.315961,56.318324]},"properties":{"lines":"100","color":"#0059a9","mode":"bus","arr":["100"],"angle":61.8,"mi":1}},{"type":"Feature","geometry":{"type":"Point","coordinates":[10.317274,56.316948]},"properties":{"lines":"100","color":"#0059a9","mode":"bus","arr":["100"],"angle":62.2,"extra":1,"ei":0}},{"type":"Feature","geometry":{"type":"Point","coordinates":[10.313089,56.319693]},"properties":{"lines":"100","color":"#0059a9","mode":"bus","arr":["100"],"angle":22.5,"extra":1,"ei":1,"side":-1}},{"type":"Feature","geometry":{"type":"Point","coordinates":[10.312797,56.32004]},"properties":{"lines":"100","color":"#0059a9","mode":"bus","arr":["100"],"angle":-66.2,"mi":2}},{"type":"Feature","geometry":{"type":"Point","coordinates":[10.208908,56.151628]},"properties":{"lines":"113, 114, 118, 123","color":"#0059a9","mode":"bus","arr":["113","114","118","123"],"angle":-19.6}},{"type":"Feature","geometry":{"type":"Point","coordinates":[10.208108,56.151468]},"properties":{"lines":"103, 113, 114, 118, 123, 302","color":"#0059a9","mode":"bus","arr":["103","113","114","118","123","302"],"angle":-6.8,"side":-1}},{"type":"Feature","geometry":{"type":"Point","coordinates":[10.206222,56.152885]},"properties":{"lines":"103, 113, 114, 118, 302","color":"#0059a9","mode":"bus","arr":["103","113","114","118","302"],"angle":12.2}},{"type":"Feature","geometry":{"type":"Point","coordinates":[10.204796,55.947564]},"properties":{"lines":"103, 1003, 1008","color":"#0059a9","mode":"bus","arr":["103","1003","1008"],"angle":60.9}},{"type":"Feature","geometry":{"type":"Point","coordinates":[10.150512,55.96716]},"properties":{"lines":"103, 1003, 1008","color":"#0059a9","mode":"bus","arr":["103","1003","1008"],"angle":19.9,"extra":1,"ei":0}},{"type":"Feature","geometry":{"type":"Point","coordinates":[10.15369,55.966523]},"properties":{"lines":"103, 1003, 1008","color":"#0059a9","mode":"bus","arr":["103","1003","1008"],"angle":18.8,"extra":1,"ei":1}},{"type":"Feature","geometry":{"type":"Point","coordinates":[10.156913,55.965965]},"properties":{"lines":"103, 1003, 1008","color":"#0059a9","mode":"bus","arr":["103","1003","1008"],"angle":15.4,"extra":1,"ei":2}},{"type":"Feature","geometry":{"type":"Point","coordinates":[10.160157,55.965443]},"properties":{"lines":"103, 1003, 1008","color":"#0059a9","mode":"bus","arr":["103","1003","1008"],"angle":16.2,"extra":1,"ei":3}},{"type":"Feature","geometry":{"type":"Point","coordinates":[10.163398,55.964917]},"properties":{"lines":"103, 1003, 1008","color":"#0059a9","mode":"bus","arr":["103","1003","1008"],"angle":16.6,"extra":1,"ei":4}},{"type":"Feature","geometry":{"type":"Point","coordinates":[10.166605,55.964328]},"properties":{"lines":"103, 1003, 1008","color":"#0059a9","mode":"bus","arr":["103","1003","1008"],"angle":20.1,"extra":1,"ei":5}},{"type":"Feature","geometry":{"type":"Point","coordinates":[10.169694,55.96357]},"properties":{"lines":"103, 1003, 1008","color":"#0059a9","mode":"bus","arr":["103","1003","1008"],"angle":25.9,"extra":1,"ei":6}},{"type":"Feature","geometry":{"type":"Point","coordinates":[10.172709,55.962721]},"properties":{"lines":"103, 1003, 1008","color":"#0059a9","mode":"bus","arr":["103","1003","1008"],"angle":27,"extra":1,"ei":7}},{"type":"Feature","geometry":{"type":"Point","coordinates":[10.17571,55.961857]},"properties":{"lines":"103, 1003, 1008","color":"#0059a9","mode":"bus","arr":["103","1003","1008"],"angle":27.4,"extra":1,"ei":8}},{"type":"Feature","geometry":{"type":"Point","coordinates":[10.178706,55.960986]},"properties":{"lines":"103, 1003, 1008","color":"#0059a9","mode":"bus","arr":["103","1003","1008"],"angle":27.5,"extra":1,"ei":9}},{"type":"Feature","geometry":{"type":"Point","coordinates":[10.181701,55.960115]},"properties":{"lines":"103, 1003, 1008","color":"#0059a9","mode":"bus","arr":["103","1003","1008"],"angle":27.5,"extra":1,"ei":10}},{"type":"Feature","geometry":{"type":"Point","coordinates":[10.184696,55.959244]},"properties":{"lines":"103, 1003, 1008","color":"#0059a9","mode":"bus","arr":["103","1003","1008"],"angle":28.5,"extra":1,"ei":11}},{"type":"Feature","geometry":{"type":"Point","coordinates":[10.187537,55.958228]},"properties":{"lines":"103, 1003, 1008","color":"#0059a9","mode":"bus","arr":["103","1003","1008"],"angle":36.3,"extra":1,"ei":12}},{"type":"Feature","geometry":{"type":"Point","coordinates":[10.1901,55.957001]},"properties":{"lines":"103, 1003, 1008","color":"#0059a9","mode":"bus","arr":["103","1003","1008"],"angle":44.2,"extra":1,"ei":13}},{"type":"Feature","geometry":{"type":"Point","coordinates":[10.192471,55.955657]},"properties":{"lines":"103, 1003, 1008","color":"#0059a9","mode":"bus","arr":["103","1003","1008"],"angle":45.4,"extra":1,"ei":14}},{"type":"Feature","geometry":{"type":"Point","coordinates":[10.194842,55.954313]},"properties":{"lines":"103, 1003, 1008","color":"#0059a9","mode":"bus","arr":["103","1003","1008"],"angle":45.4,"extra":1,"ei":15}},{"type":"Feature","geometry":{"type":"Point","coordinates":[10.197212,55.952968]},"properties":{"lines":"103, 1003, 1008","color":"#0059a9","mode":"bus","arr":["103","1003","1008"],"angle":45.4,"extra":1,"ei":16}},{"type":"Feature","geometry":{"type":"Point","coordinates":[10.19957,55.951617]},"properties":{"lines":"103, 1003, 1008","color":"#0059a9","mode":"bus","arr":["103","1003","1008"],"angle":46.2,"extra":1,"ei":17}},{"type":"Feature","geometry":{"type":"Point","coordinates":[10.201771,55.950187]},"properties":{"lines":"103, 1003, 1008","color":"#0059a9","mode":"bus","arr":["103","1003","1008"],"angle":52.4,"extra":1,"ei":18}},{"type":"Feature","geometry":{"type":"Point","coordinates":[10.203687,55.948634]},"properties":{"lines":"103, 1003, 1008","color":"#0059a9","mode":"bus","arr":["103","1003","1008"],"angle":58.2,"extra":1,"ei":19}},{"type":"Feature","geometry":{"type":"Point","coordinates":[10.206957,55.94533]},"properties":{"lines":"103, 1003, 1008","color":"#0059a9","mode":"bus","arr":["103","1003","1008"],"angle":61.6,"extra":1,"ei":20}},{"type":"Feature","geometry":{"type":"Point","coordinates":[10.208563,55.943669]},"properties":{"lines":"103, 1003, 1008","color":"#0059a9","mode":"bus","arr":["103","1003","1008"],"angle":61.6,"extra":1,"ei":21}},{"type":"Feature","geometry":{"type":"Point","coordinates":[10.210209,55.94202]},"properties":{"lines":"103, 1003, 1008","color":"#0059a9","mode":"bus","arr":["103","1003","1008"],"angle":59,"extra":1,"ei":22}},{"type":"Feature","geometry":{"type":"Point","coordinates":[10.212125,55.940466]},"properties":{"lines":"103, 1003, 1008","color":"#0059a9","mode":"bus","arr":["103","1003","1008"],"angle":53.2,"extra":1,"ei":23}},{"type":"Feature","geometry":{"type":"Point","coordinates":[10.214295,55.939022]},"properties":{"lines":"103, 1003, 1008","color":"#0059a9","mode":"bus","arr":["103","1003","1008"],"angle":45.7,"extra":1,"ei":24}},{"type":"Feature","geometry":{"type":"Point","coordinates":[10.216731,55.937716]},"properties":{"lines":"103, 1003, 1008","color":"#0059a9","mode":"bus","arr":["103","1003","1008"],"angle":40.9,"extra":1,"ei":25}},{"type":"Feature","geometry":{"type":"Point","coordinates":[10.219401,55.936562]},"properties":{"lines":"103, 1003, 1008","color":"#0059a9","mode":"bus","arr":["103","1003","1008"],"angle":36,"extra":1,"ei":26}},{"type":"Feature","geometry":{"type":"Point","coordinates":[10.22214,55.935459]},"properties":{"lines":"103, 1003, 1008","color":"#0059a9","mode":"bus","arr":["103","1003","1008"],"angle":35.6,"extra":1,"ei":27}},{"type":"Feature","geometry":{"type":"Point","coordinates":[10.224886,55.93436]},"properties":{"lines":"103, 1003, 1008","color":"#0059a9","mode":"bus","arr":["103","1003","1008"],"angle":35.6,"extra":1,"ei":28}},{"type":"Feature","geometry":{"type":"Point","coordinates":[10.227632,55.933262]},"properties":{"lines":"103, 1003, 1008","color":"#0059a9","mode":"bus","arr":["103","1003","1008"],"angle":35.6,"extra":1,"ei":29}},{"type":"Feature","geometry":{"type":"Point","coordinates":[10.230378,55.932164]},"properties":{"lines":"103, 1003, 1008","color":"#0059a9","mode":"bus","arr":["103","1003","1008"],"angle":35.6,"extra":1,"ei":30}},{"type":"Feature","geometry":{"type":"Point","coordinates":[10.233105,55.931052]},"properties":{"lines":"103, 1003, 1008","color":"#0059a9","mode":"bus","arr":["103","1003","1008"],"angle":37.7,"extra":1,"ei":31}},{"type":"Feature","geometry":{"type":"Point","coordinates":[10.235711,55.929852]},"properties":{"lines":"103, 1003, 1008","color":"#0059a9","mode":"bus","arr":["103","1003","1008"],"angle":41.3,"extra":1,"ei":32}},{"type":"Feature","geometry":{"type":"Point","coordinates":[10.238156,55.928552]},"properties":{"lines":"103, 1003, 1008","color":"#0059a9","mode":"bus","arr":["103","1003","1008"],"angle":45.2,"extra":1,"ei":33}},{"type":"Feature","geometry":{"type":"Point","coordinates":[10.240442,55.927163]},"properties":{"lines":"103, 1003, 1008","color":"#0059a9","mode":"bus","arr":["103","1003","1008"],"angle":49.9,"extra":1,"ei":34}},{"type":"Feature","geometry":{"type":"Point","coordinates":[10.242565,55.925695]},"properties":{"lines":"103, 1003, 1008","color":"#0059a9","mode":"bus","arr":["103","1003","1008"],"angle":53.3,"extra":1,"ei":35}},{"type":"Feature","geometry":{"type":"Point","coordinates":[10.244452,55.92413]},"properties":{"lines":"103, 1003, 1008","color":"#0059a9","mode":"bus","arr":["103","1003","1008"],"angle":58.7,"extra":1,"ei":36}},{"type":"Feature","geometry":{"type":"Point","coordinates":[10.246171,55.922505]},"properties":{"lines":"103, 1003, 1008","color":"#0059a9","mode":"bus","arr":["103","1003","1008"],"angle":60.5,"extra":1,"ei":37}},{"type":"Feature","geometry":{"type":"Point","coordinates":[10.247725,55.920829]},"properties":{"lines":"103, 1003, 1008","color":"#0059a9","mode":"bus","arr":["103","1003","1008"],"angle":64.8,"extra":1,"ei":38}},{"type":"Feature","geometry":{"type":"Point","coordinates":[10.250472,55.91775]},"properties":{"lines":"103, 1003","color":"#0059a9","mode":"bus","arr":["103","1003"],"angle":63.6,"mi":2}},{"type":"Feature","geometry":{"type":"Point","coordinates":[10.252451,55.915474]},"properties":{"lines":"103, 1003","color":"#0059a9","mode":"bus","arr":["103","1003"],"angle":67.3,"extra":1,"ei":0,"side":-1}},{"type":"Feature","geometry":{"type":"Point","coordinates":[10.249525,55.918885]},"properties":{"lines":"103, 1003","color":"#0059a9","mode":"bus","arr":["103","1003"],"angle":65.3,"extra":1,"ei":0}},{"type":"Feature","geometry":{"type":"Point","coordinates":[10.247998,55.920569]},"properties":{"lines":"103, 1003","color":"#0059a9","mode":"bus","arr":["103","1003"],"angle":60.5,"extra":1,"ei":1}},{"type":"Feature","geometry":{"type":"Point","coordinates":[10.254867,55.912806]},"properties":{"lines":"103, 1003","color":"#0059a9","mode":"bus","arr":["103","1003"],"angle":63.5}},{"type":"Feature","geometry":{"type":"Point","coordinates":[10.257777,55.912346]},"properties":{"lines":"103, 1003","color":"#0059a9","mode":"bus","arr":["103","1003"],"angle":-58.4,"mi":1}},{"type":"Feature","geometry":{"type":"Point","coordinates":[10.002716,56.151658]},"properties":{"lines":"113, 116U","color":"#0059a9","mode":"bus","arr":["113","116U"],"angle":-2.5,"mi":1}},{"type":"Feature","geometry":{"type":"Point","coordinates":[9.990898,56.148612]},"properties":{"lines":"113, 116U","color":"#0059a9","mode":"bus","arr":["113","116U"],"angle":-22.5}},{"type":"Feature","geometry":{"type":"Point","coordinates":[9.999145,56.151069]},"properties":{"lines":"113, 116U","color":"#0059a9","mode":"bus","arr":["113","116U"],"angle":-42.9,"extra":1,"ei":0}},{"type":"Feature","geometry":{"type":"Point","coordinates":[9.996515,56.149902]},"properties":{"lines":"113, 116U","color":"#0059a9","mode":"bus","arr":["113","116U"],"angle":-27.8,"extra":1,"ei":1}},{"type":"Feature","geometry":{"type":"Point","coordinates":[9.993472,56.149092]},"properties":{"lines":"113, 116U","color":"#0059a9","mode":"bus","arr":["113","116U"],"angle":-17.4,"extra":1,"ei":2}},{"type":"Feature","geometry":{"type":"Point","coordinates":[9.987028,56.148024]},"properties":{"lines":"113, 116U","color":"#0059a9","mode":"bus","arr":["113","116U"],"angle":-11,"extra":1,"ei":3}},{"type":"Feature","geometry":{"type":"Point","coordinates":[9.985489,56.148956]},"properties":{"lines":"113, 116U","color":"#0059a9","mode":"bus","arr":["113","116U"],"angle":86.2,"extra":1,"ei":4}},{"type":"Feature","geometry":{"type":"Point","coordinates":[9.985267,56.15084]},"properties":{"lines":"113, 116U","color":"#0059a9","mode":"bus","arr":["113","116U"],"angle":86.2,"extra":1,"ei":5}},{"type":"Feature","geometry":{"type":"Point","coordinates":[9.976209,56.150729]},"properties":{"lines":"113, 116U","color":"#0059a9","mode":"bus","arr":["113","116U"],"angle":-3.5,"mi":2}},{"type":"Feature","geometry":{"type":"Point","coordinates":[9.983559,56.150988]},"properties":{"lines":"113, 116U","color":"#0059a9","mode":"bus","arr":["113","116U"],"angle":-3.7,"extra":1,"ei":0}},{"type":"Feature","geometry":{"type":"Point","coordinates":[9.98019,56.150867]},"properties":{"lines":"113, 116U","color":"#0059a9","mode":"bus","arr":["113","116U"],"angle":-3.7,"extra":1,"ei":1}},{"type":"Feature","geometry":{"type":"Point","coordinates":[9.973453,56.150633]},"properties":{"lines":"113, 116U","color":"#0059a9","mode":"bus","arr":["113","116U"],"angle":-3.7,"extra":1,"ei":2}},{"type":"Feature","geometry":{"type":"Point","coordinates":[9.970085,56.150512]},"properties":{"lines":"113, 116U","color":"#0059a9","mode":"bus","arr":["113","116U"],"angle":-3.7,"extra":1,"ei":3}},{"type":"Feature","geometry":{"type":"Point","coordinates":[9.956992,56.150049]},"properties":{"lines":"113, 116U","color":"#0059a9","mode":"bus","arr":["113","116U"],"angle":-3.6}},{"type":"Feature","geometry":{"type":"Point","coordinates":[9.949938,56.149799]},"properties":{"lines":"113, 116U","color":"#0059a9","mode":"bus","arr":["113","116U"],"angle":-3.5,"extra":1,"ei":0}},{"type":"Feature","geometry":{"type":"Point","coordinates":[9.953307,56.149916]},"properties":{"lines":"113, 116U","color":"#0059a9","mode":"bus","arr":["113","116U"],"angle":-3.7,"extra":1,"ei":1}},{"type":"Feature","geometry":{"type":"Point","coordinates":[9.960044,56.150159]},"properties":{"lines":"113, 116U","color":"#0059a9","mode":"bus","arr":["113","116U"],"angle":-3.5,"extra":1,"ei":2}},{"type":"Feature","geometry":{"type":"Point","coordinates":[9.963412,56.150277]},"properties":{"lines":"113, 116U","color":"#0059a9","mode":"bus","arr":["113","116U"],"angle":-3.8,"extra":1,"ei":3}},{"type":"Feature","geometry":{"type":"Point","coordinates":[9.945772,56.1538]},"properties":{"lines":"113, 116U, 309","color":"#0059a9","mode":"bus","arr":["113","116U","309"],"angle":71.6,"mi":5}},{"type":"Feature","geometry":{"type":"Point","coordinates":[9.947479,56.150601]},"properties":{"lines":"113, 116U, 309","color":"#0059a9","mode":"bus","arr":["113","116U","309"],"angle":66.7,"extra":1,"ei":0}},{"type":"Feature","geometry":{"type":"Point","coordinates":[9.946565,56.152417]},"properties":{"lines":"113, 116U, 309","color":"#0059a9","mode":"bus","arr":["113","116U","309"],"angle":75,"extra":1,"ei":1}},{"type":"Feature","geometry":{"type":"Point","coordinates":[9.944541,56.156014]},"properties":{"lines":"113, 116U, 309","color":"#0059a9","mode":"bus","arr":["113","116U","309"],"angle":82.3,"extra":1,"ei":2}},{"type":"Feature","geometry":{"type":"Point","coordinates":[9.943521,56.157776]},"properties":{"lines":"113, 116U, 309","color":"#0059a9","mode":"bus","arr":["113","116U","309"],"angle":54,"extra":1,"ei":3}},{"type":"Feature","geometry":{"type":"Point","coordinates":[9.927765,56.161261]},"properties":{"lines":"113, 116U, 309","color":"#0059a9","mode":"bus","arr":["113","116U","309"],"angle":-21.5,"mi":1}},{"type":"Feature","geometry":{"type":"Point","coordinates":[9.9401,56.160227]},"properties":{"lines":"113, 116U, 309","color":"#0059a9","mode":"bus","arr":["113","116U","309"],"angle":44.8,"mi":3}},{"type":"Feature","geometry":{"type":"Point","coordinates":[9.942428,56.15859]},"properties":{"lines":"113, 116U, 309","color":"#0059a9","mode":"bus","arr":["113","116U","309"],"angle":53.1,"extra":1,"ei":0}},{"type":"Feature","geometry":{"type":"Point","coordinates":[9.937643,56.161181]},"properties":{"lines":"113, 116U, 309","color":"#0059a9","mode":"bus","arr":["113","116U","309"],"angle":24.5,"extra":1,"ei":1}},{"type":"Feature","geometry":{"type":"Point","coordinates":[9.933259,56.161631]},"properties":{"lines":"113, 116U, 309","color":"#0059a9","mode":"bus","arr":["113","116U","309"],"angle":-0.7,"extra":1,"ei":0}},{"type":"Feature","geometry":{"type":"Point","coordinates":[9.929885,56.161587]},"properties":{"lines":"113, 116U, 309","color":"#0059a9","mode":"bus","arr":["113","116U","309"],"angle":-3.5,"extra":1,"ei":1}},{"type":"Feature","geometry":{"type":"Point","coordinates":[9.923859,56.160009]},"properties":{"lines":"113, 116U, 309","color":"#0059a9","mode":"bus","arr":["113","116U","309"],"angle":-36.6,"extra":1,"ei":2}},{"type":"Feature","geometry":{"type":"Point","coordinates":[9.921386,56.158108]},"properties":{"lines":"113, 116U, 309","color":"#0059a9","mode":"bus","arr":["113","116U","309"],"angle":-87.5}},{"type":"Feature","geometry":{"type":"Point","coordinates":[9.913358,56.156804]},"properties":{"lines":"113, 116U, 309","color":"#0059a9","mode":"bus","arr":["113","116U","309"],"angle":0.7,"mi":2}},{"type":"Feature","geometry":{"type":"Point","coordinates":[9.907325,56.156905]},"properties":{"lines":"113, 116U, 309","color":"#0059a9","mode":"bus","arr":["113","116U","309"],"angle":10.8,"extra":1,"ei":0}},{"type":"Feature","geometry":{"type":"Point","coordinates":[9.910693,56.156819]},"properties":{"lines":"113, 116U, 309","color":"#0059a9","mode":"bus","arr":["113","116U","309"],"angle":0.6,"extra":1,"ei":1}},{"type":"Feature","geometry":{"type":"Point","coordinates":[9.917443,56.156778]},"properties":{"lines":"113, 116U, 309","color":"#0059a9","mode":"bus","arr":["113","116U","309"],"angle":0.7,"extra":1,"ei":2}},{"type":"Feature","geometry":{"type":"Point","coordinates":[9.920818,56.156749]},"properties":{"lines":"113, 116U, 309","color":"#0059a9","mode":"bus","arr":["113","116U","309"],"angle":0.7,"extra":1,"ei":3}},{"type":"Feature","geometry":{"type":"Point","coordinates":[9.905353,56.153869]},"properties":{"lines":"113","color":"#0059a9","mode":"bus","arr":["113"],"angle":-82.7,"mi":1}},{"type":"Feature","geometry":{"type":"Point","coordinates":[9.905322,56.156042]},"properties":{"lines":"113, 116U, 309","color":"#0059a9","mode":"bus","arr":["113","116U","309"],"angle":-83,"mi":4}},{"type":"Feature","geometry":{"type":"Point","coordinates":[9.905326,56.154706]},"properties":{"lines":"113","color":"#0059a9","mode":"bus","arr":["113"],"angle":70.4,"mi":2}},{"type":"Feature","geometry":{"type":"Point","coordinates":[9.543434,56.16412]},"properties":{"lines":"113","color":"#0059a9","mode":"bus","arr":["113"],"angle":-3.7,"mi":6}},{"type":"Feature","geometry":{"type":"Point","coordinates":[9.546363,56.164312]},"properties":{"lines":"113","color":"#0059a9","mode":"bus","arr":["113"],"angle":-56,"side":-1,"mi":5}},{"type":"Feature","geometry":{"type":"Point","coordinates":[9.904222,56.153223]},"properties":{"lines":"113","color":"#0059a9","mode":"bus","arr":["113"],"angle":6.4}},{"type":"Feature","geometry":{"type":"Point","coordinates":[9.902334,56.150772]},"properties":{"lines":"113","color":"#0059a9","mode":"bus","arr":["113"],"angle":-78,"mi":3}},{"type":"Feature","geometry":{"type":"Point","coordinates":[9.902933,56.15236]},"properties":{"lines":"113","color":"#0059a9","mode":"bus","arr":["113"],"angle":-78.7,"extra":1,"ei":0}},{"type":"Feature","geometry":{"type":"Point","coordinates":[9.901587,56.14866]},"properties":{"lines":"113","color":"#0059a9","mode":"bus","arr":["113"],"angle":-86.1,"extra":1,"ei":1}},{"type":"Feature","geometry":{"type":"Point","coordinates":[9.877399,56.148363]},"properties":{"lines":"113","color":"#0059a9","mode":"bus","arr":["113"],"angle":0.5}},{"type":"Feature","geometry":{"type":"Point","coordinates":[9.759816,56.179288]},"properties":{"lines":"113","color":"#0059a9","mode":"bus","arr":["113"],"angle":4.2}},{"type":"Feature","geometry":{"type":"Point","coordinates":[9.899907,56.148249]},"properties":{"lines":"113","color":"#0059a9","mode":"bus","arr":["113"],"angle":0,"extra":1,"ei":0}},{"type":"Feature","geometry":{"type":"Point","coordinates":[9.896532,56.148263]},"properties":{"lines":"113","color":"#0059a9","mode":"bus","arr":["113"],"angle":0.7,"extra":1,"ei":1}},{"type":"Feature","geometry":{"type":"Point","coordinates":[9.893157,56.148286]},"properties":{"lines":"113","color":"#0059a9","mode":"bus","arr":["113"],"angle":0.7,"extra":1,"ei":2}},{"type":"Feature","geometry":{"type":"Point","coordinates":[9.889782,56.148308]},"properties":{"lines":"113","color":"#0059a9","mode":"bus","arr":["113"],"angle":0.3,"extra":1,"ei":3}},{"type":"Feature","geometry":{"type":"Point","coordinates":[9.886407,56.148317]},"properties":{"lines":"113","color":"#0059a9","mode":"bus","arr":["113"],"angle":0.5,"extra":1,"ei":4}},{"type":"Feature","geometry":{"type":"Point","coordinates":[9.883032,56.148336]},"properties":{"lines":"113","color":"#0059a9","mode":"bus","arr":["113"],"angle":0.5,"extra":1,"ei":5}},{"type":"Feature","geometry":{"type":"Point","coordinates":[9.879657,56.148351]},"properties":{"lines":"113","color":"#0059a9","mode":"bus","arr":["113"],"angle":0.5,"extra":1,"ei":6}},{"type":"Feature","geometry":{"type":"Point","coordinates":[9.872906,56.148387]},"properties":{"lines":"113","color":"#0059a9","mode":"bus","arr":["113"],"angle":0.6,"extra":1,"ei":7}},{"type":"Feature","geometry":{"type":"Point","coordinates":[9.869531,56.148407]},"properties":{"lines":"113","color":"#0059a9","mode":"bus","arr":["113"],"angle":0.6,"extra":1,"ei":8}},{"type":"Feature","geometry":{"type":"Point","coordinates":[9.866156,56.148424]},"properties":{"lines":"113","color":"#0059a9","mode":"bus","arr":["113"],"angle":0.3,"extra":1,"ei":9}},{"type":"Feature","geometry":{"type":"Point","coordinates":[9.862781,56.148435]},"properties":{"lines":"113","color":"#0059a9","mode":"bus","arr":["113"],"angle":0.4,"extra":1,"ei":10}},{"type":"Feature","geometry":{"type":"Point","coordinates":[9.859406,56.148454]},"properties":{"lines":"113","color":"#0059a9","mode":"bus","arr":["113"],"angle":0.6,"extra":1,"ei":11}},{"type":"Feature","geometry":{"type":"Point","coordinates":[9.856031,56.148473]},"properties":{"lines":"113","color":"#0059a9","mode":"bus","arr":["113"],"angle":0.5,"extra":1,"ei":12}},{"type":"Feature","geometry":{"type":"Point","coordinates":[9.771287,56.177992]},"properties":{"lines":"113","color":"#0059a9","mode":"bus","arr":["113"],"angle":13.2,"extra":1,"ei":0}},{"type":"Feature","geometry":{"type":"Point","coordinates":[9.768084,56.178575]},"properties":{"lines":"113","color":"#0059a9","mode":"bus","arr":["113"],"angle":20.4,"extra":1,"ei":1}},{"type":"Feature","geometry":{"type":"Point","coordinates":[9.764832,56.179071]},"properties":{"lines":"113","color":"#0059a9","mode":"bus","arr":["113"],"angle":9.8,"extra":1,"ei":2}},{"type":"Feature","geometry":{"type":"Point","coordinates":[9.754934,56.180027]},"properties":{"lines":"113","color":"#0059a9","mode":"bus","arr":["113"],"angle":23.1,"extra":1,"ei":3}},{"type":"Feature","geometry":{"type":"Point","coordinates":[9.751827,56.180765]},"properties":{"lines":"113","color":"#0059a9","mode":"bus","arr":["113"],"angle":22.8,"extra":1,"ei":4}},{"type":"Feature","geometry":{"type":"Point","coordinates":[9.74868,56.181441]},"properties":{"lines":"113","color":"#0059a9","mode":"bus","arr":["113"],"angle":16.8,"extra":1,"ei":5}},{"type":"Feature","geometry":{"type":"Point","coordinates":[9.84625,56.148522]},"properties":{"lines":"113","color":"#0059a9","mode":"bus","arr":["113"],"angle":0.6}},{"type":"Feature","geometry":{"type":"Point","coordinates":[9.81931,56.148626]},"properties":{"lines":"113","color":"#0059a9","mode":"bus","arr":["113"],"angle":-6.4,"side":-1,"mi":3}},{"type":"Feature","geometry":{"type":"Point","coordinates":[9.851515,56.148495]},"properties":{"lines":"113","color":"#0059a9","mode":"bus","arr":["113"],"angle":0.5,"extra":1,"ei":0}},{"type":"Feature","geometry":{"type":"Point","coordinates":[9.84139,56.148549]},"properties":{"lines":"113","color":"#0059a9","mode":"bus","arr":["113"],"angle":0.6,"extra":1,"ei":1}},{"type":"Feature","geometry":{"type":"Point","coordinates":[9.829095,56.148609]},"properties":{"lines":"113, 330","color":"#0059a9","mode":"bus","arr":["113","330"],"angle":0.3,"mi":2}},{"type":"Feature","geometry":{"type":"Point","coordinates":[9.837609,56.148563]},"properties":{"lines":"113, 330","color":"#0059a9","mode":"bus","arr":["113","330"],"angle":0.7,"extra":1,"ei":0}},{"type":"Feature","geometry":{"type":"Point","coordinates":[9.834234,56.148586]},"properties":{"lines":"113, 330","color":"#0059a9","mode":"bus","arr":["113","330"],"angle":0.7,"extra":1,"ei":1}},{"type":"Feature","geometry":{"type":"Point","coordinates":[9.824109,56.148635]},"properties":{"lines":"113, 330","color":"#0059a9","mode":"bus","arr":["113","330"],"angle":0.5,"extra":1,"ei":2}},{"type":"Feature","geometry":{"type":"Point","coordinates":[9.820734,56.148651]},"properties":{"lines":"113, 330","color":"#0059a9","mode":"bus","arr":["113","330"],"angle":0.1,"extra":1,"ei":3}},{"type":"Feature","geometry":{"type":"Point","coordinates":[9.814251,56.148673]},"properties":{"lines":"113, 330","color":"#0059a9","mode":"bus","arr":["113","330"],"angle":0.3}},{"type":"Feature","geometry":{"type":"Point","coordinates":[9.812,56.14868]},"properties":{"lines":"113, 330","color":"#0059a9","mode":"bus","arr":["113","330"],"angle":0.2,"extra":1,"ei":0}},{"type":"Feature","geometry":{"type":"Point","coordinates":[9.809937,56.149358]},"properties":{"lines":"113, 330","color":"#0059a9","mode":"bus","arr":["113","330"],"angle":70,"mi":1}},{"type":"Feature","geometry":{"type":"Point","coordinates":[9.786877,56.174768]},"properties":{"lines":"113","color":"#0059a9","mode":"bus","arr":["113"],"angle":9}},{"type":"Feature","geometry":{"type":"Point","coordinates":[9.80833,56.153361]},"properties":{"lines":"113","color":"#0059a9","mode":"bus","arr":["113"],"angle":88.4,"mi":2}},{"type":"Feature","geometry":{"type":"Point","coordinates":[9.808975,56.15092]},"properties":{"lines":"113","color":"#0059a9","mode":"bus","arr":["113"],"angle":74.6,"extra":1,"ei":0}},{"type":"Feature","geometry":{"type":"Point","coordinates":[9.808375,56.154654]},"properties":{"lines":"113","color":"#0059a9","mode":"bus","arr":["113"],"angle":-87.3,"extra":1,"ei":1}},{"type":"Feature","geometry":{"type":"Point","coordinates":[9.809973,56.156179]},"properties":{"lines":"113","color":"#0059a9","mode":"bus","arr":["113"],"angle":-54.9,"extra":1,"ei":2}},{"type":"Feature","geometry":{"type":"Point","coordinates":[9.800133,56.173489]},"properties":{"lines":"113","color":"#0059a9","mode":"bus","arr":["113"],"angle":19.9,"extra":1,"ei":0}},{"type":"Feature","geometry":{"type":"Point","coordinates":[9.796841,56.173888]},"properties":{"lines":"113","color":"#0059a9","mode":"bus","arr":["113"],"angle":9,"extra":1,"ei":1}},{"type":"Feature","geometry":{"type":"Point","coordinates":[9.793507,56.174183]},"properties":{"lines":"113","color":"#0059a9","mode":"bus","arr":["113"],"angle":9,"extra":1,"ei":2}},{"type":"Feature","geometry":{"type":"Point","coordinates":[9.790173,56.174477]},"properties":{"lines":"113","color":"#0059a9","mode":"bus","arr":["113"],"angle":9,"extra":1,"ei":3}},{"type":"Feature","geometry":{"type":"Point","coordinates":[9.783585,56.175227]},"properties":{"lines":"113","color":"#0059a9","mode":"bus","arr":["113"],"angle":28.9,"extra":1,"ei":4}},{"type":"Feature","geometry":{"type":"Point","coordinates":[9.780542,56.17601]},"properties":{"lines":"113","color":"#0059a9","mode":"bus","arr":["113"],"angle":17.1,"extra":1,"ei":5}},{"type":"Feature","geometry":{"type":"Point","coordinates":[9.77731,56.176554]},"properties":{"lines":"113","color":"#0059a9","mode":"bus","arr":["113"],"angle":18.9,"extra":1,"ei":6}},{"type":"Feature","geometry":{"type":"Point","coordinates":[9.774196,56.177199]},"properties":{"lines":"113","color":"#0059a9","mode":"bus","arr":["113"],"angle":13.5,"extra":1,"ei":7}},{"type":"Feature","geometry":{"type":"Point","coordinates":[9.814424,56.157165]},"properties":{"lines":"113","color":"#0059a9","mode":"bus","arr":["113"],"angle":-63.6}},{"type":"Feature","geometry":{"type":"Point","coordinates":[9.811807,56.156374]},"properties":{"lines":"113","color":"#0059a9","mode":"bus","arr":["113"],"angle":4.8,"extra":1,"ei":0}},{"type":"Feature","geometry":{"type":"Point","coordinates":[9.815453,56.158864]},"properties":{"lines":"113","color":"#0059a9","mode":"bus","arr":["113"],"angle":-80.5,"extra":1,"ei":1}},{"type":"Feature","geometry":{"type":"Point","coordinates":[9.812658,56.161605]},"properties":{"lines":"113","color":"#0059a9","mode":"bus","arr":["113"],"angle":58.4,"mi":1}},{"type":"Feature","geometry":{"type":"Point","coordinates":[9.811725,56.163123]},"properties":{"lines":"113","color":"#0059a9","mode":"bus","arr":["113"],"angle":83.7,"extra":1,"ei":0}},{"type":"Feature","geometry":{"type":"Point","coordinates":[9.815447,56.16014]},"properties":{"lines":"113","color":"#0059a9","mode":"bus","arr":["113"],"angle":36.3,"extra":1,"ei":1}},{"type":"Feature","geometry":{"type":"Point","coordinates":[9.80879,56.169101]},"properties":{"lines":"113","color":"#0059a9","mode":"bus","arr":["113"],"angle":47.1,"mi":4}},{"type":"Feature","geometry":{"type":"Point","coordinates":[9.812015,56.164999]},"properties":{"lines":"113","color":"#0059a9","mode":"bus","arr":["113"],"angle":-81.5,"extra":1,"ei":0}},{"type":"Feature","geometry":{"type":"Point","coordinates":[9.811779,56.166862]},"properties":{"lines":"113","color":"#0059a9","mode":"bus","arr":["113"],"angle":71.1,"extra":1,"ei":1}},{"type":"Feature","geometry":{"type":"Point","coordinates":[9.805325,56.171184]},"properties":{"lines":"113","color":"#0059a9","mode":"bus","arr":["113"],"angle":46.9,"extra":1,"ei":2}},{"type":"Feature","geometry":{"type":"Point","coordinates":[9.802978,56.172539]},"properties":{"lines":"113","color":"#0059a9","mode":"bus","arr":["113"],"angle":40,"extra":1,"ei":3}},{"type":"Feature","geometry":{"type":"Point","coordinates":[9.72038,56.184754]},"properties":{"lines":"113","color":"#0059a9","mode":"bus","arr":["113"],"angle":22.4}},{"type":"Feature","geometry":{"type":"Point","coordinates":[9.691213,56.190692]},"properties":{"lines":"113","color":"#0059a9","mode":"bus","arr":["113"],"angle":28.8,"mi":1}},{"type":"Feature","geometry":{"type":"Point","coordinates":[9.74544,56.181844]},"properties":{"lines":"113","color":"#0059a9","mode":"bus","arr":["113"],"angle":11.2,"extra":1,"ei":0}},{"type":"Feature","geometry":{"type":"Point","coordinates":[9.742362,56.182583]},"properties":{"lines":"113","color":"#0059a9","mode":"bus","arr":["113"],"angle":28.3,"extra":1,"ei":1}},{"type":"Feature","geometry":{"type":"Point","coordinates":[9.739151,56.183117]},"properties":{"lines":"113","color":"#0059a9","mode":"bus","arr":["113"],"angle":4.2,"extra":1,"ei":2}},{"type":"Feature","geometry":{"type":"Point","coordinates":[9.735783,56.183025]},"properties":{"lines":"113","color":"#0059a9","mode":"bus","arr":["113"],"angle":-1.5,"extra":1,"ei":3}},{"type":"Feature","geometry":{"type":"Point","coordinates":[9.732436,56.183235]},"properties":{"lines":"113","color":"#0059a9","mode":"bus","arr":["113"],"angle":11.1,"extra":1,"ei":4}},{"type":"Feature","geometry":{"type":"Point","coordinates":[9.729123,56.183597]},"properties":{"lines":"113","color":"#0059a9","mode":"bus","arr":["113"],"angle":11.1,"extra":1,"ei":5}},{"type":"Feature","geometry":{"type":"Point","coordinates":[9.725811,56.18396]},"properties":{"lines":"113","color":"#0059a9","mode":"bus","arr":["113"],"angle":11,"extra":1,"ei":6}},{"type":"Feature","geometry":{"type":"Point","coordinates":[9.722507,56.184344]},"properties":{"lines":"113","color":"#0059a9","mode":"bus","arr":["113"],"angle":13.9,"extra":1,"ei":7}},{"type":"Feature","geometry":{"type":"Point","coordinates":[9.716158,56.18561]},"properties":{"lines":"113","color":"#0059a9","mode":"bus","arr":["113"],"angle":13,"extra":1,"ei":8}},{"type":"Feature","geometry":{"type":"Point","coordinates":[9.712826,56.185909]},"properties":{"lines":"113","color":"#0059a9","mode":"bus","arr":["113"],"angle":8.3,"extra":1,"ei":9}},{"type":"Feature","geometry":{"type":"Point","coordinates":[9.709486,56.186181]},"properties":{"lines":"113","color":"#0059a9","mode":"bus","arr":["113"],"angle":8.3,"extra":1,"ei":10}},{"type":"Feature","geometry":{"type":"Point","coordinates":[9.706179,56.186546]},"properties":{"lines":"113","color":"#0059a9","mode":"bus","arr":["113"],"angle":16.3,"extra":1,"ei":11}},{"type":"Feature","geometry":{"type":"Point","coordinates":[9.703056,56.187252]},"properties":{"lines":"113","color":"#0059a9","mode":"bus","arr":["113"],"angle":25.5,"extra":1,"ei":12}},{"type":"Feature","geometry":{"type":"Point","coordinates":[9.700009,56.188065]},"properties":{"lines":"113","color":"#0059a9","mode":"bus","arr":["113"],"angle":25.6,"extra":1,"ei":13}},{"type":"Feature","geometry":{"type":"Point","coordinates":[9.696975,56.188891]},"properties":{"lines":"113","color":"#0059a9","mode":"bus","arr":["113"],"angle":28.2,"extra":1,"ei":14}},{"type":"Feature","geometry":{"type":"Point","coordinates":[9.686717,56.190799]},"properties":{"lines":"113","color":"#0059a9","mode":"bus","arr":["113"],"angle":-23.2}},{"type":"Feature","geometry":{"type":"Point","coordinates":[9.684523,56.190304]},"properties":{"lines":"113","color":"#0059a9","mode":"bus","arr":["113"],"angle":-21.9,"extra":1,"ei":0}},{"type":"Feature","geometry":{"type":"Point","coordinates":[9.676422,56.187563]},"properties":{"lines":"113","color":"#0059a9","mode":"bus","arr":["113"],"angle":-35,"mi":2}},{"type":"Feature","geometry":{"type":"Point","coordinates":[9.669761,56.185739]},"properties":{"lines":"113","color":"#0059a9","mode":"bus","arr":["113"],"angle":-15.6,"extra":1,"ei":0}},{"type":"Feature","geometry":{"type":"Point","coordinates":[9.672963,56.186326]},"properties":{"lines":"113","color":"#0059a9","mode":"bus","arr":["113"],"angle":-26.2,"extra":1,"ei":1}},{"type":"Feature","geometry":{"type":"Point","coordinates":[9.67858,56.188415]},"properties":{"lines":"113","color":"#0059a9","mode":"bus","arr":["113"],"angle":-35.4,"extra":1,"ei":2}},{"type":"Feature","geometry":{"type":"Point","coordinates":[9.681374,56.189473]},"properties":{"lines":"113","color":"#0059a9","mode":"bus","arr":["113"],"angle":-30.9,"extra":1,"ei":3}},{"type":"Feature","geometry":{"type":"Point","coordinates":[9.658883,56.184051]},"properties":{"lines":"113","color":"#0059a9","mode":"bus","arr":["113"],"angle":-15.7,"mi":1}},{"type":"Feature","geometry":{"type":"Point","coordinates":[9.666511,56.185229]},"properties":{"lines":"113","color":"#0059a9","mode":"bus","arr":["113"],"angle":-15.6,"extra":1,"ei":0}},{"type":"Feature","geometry":{"type":"Point","coordinates":[9.663258,56.184726]},"properties":{"lines":"113","color":"#0059a9","mode":"bus","arr":["113"],"angle":-15.3,"extra":1,"ei":1}},{"type":"Feature","geometry":{"type":"Point","coordinates":[9.656751,56.18372]},"properties":{"lines":"113","color":"#0059a9","mode":"bus","arr":["113"],"angle":-15.5,"extra":1,"ei":2}},{"type":"Feature","geometry":{"type":"Point","coordinates":[9.6535,56.183213]},"properties":{"lines":"113","color":"#0059a9","mode":"bus","arr":["113"],"angle":-15,"extra":1,"ei":3}},{"type":"Feature","geometry":{"type":"Point","coordinates":[9.650246,56.182711]},"properties":{"lines":"113","color":"#0059a9","mode":"bus","arr":["113"],"angle":-15.5,"extra":1,"ei":4}},{"type":"Feature","geometry":{"type":"Point","coordinates":[9.622838,56.175732]},"properties":{"lines":"113","color":"#0059a9","mode":"bus","arr":["113"],"angle":-24.2}},{"type":"Feature","geometry":{"type":"Point","coordinates":[9.645514,56.181971]},"properties":{"lines":"113","color":"#0059a9","mode":"bus","arr":["113"],"angle":-15.4}},{"type":"Feature","geometry":{"type":"Point","coordinates":[9.605101,56.170524]},"properties":{"lines":"113","color":"#0059a9","mode":"bus","arr":["113"],"angle":-38.7,"extra":1,"ei":0}},{"type":"Feature","geometry":{"type":"Point","coordinates":[9.607931,56.171463]},"properties":{"lines":"113","color":"#0059a9","mode":"bus","arr":["113"],"angle":-28.3,"extra":1,"ei":0}},{"type":"Feature","geometry":{"type":"Point","coordinates":[9.610906,56.172354]},"properties":{"lines":"113","color":"#0059a9","mode":"bus","arr":["113"],"angle":-28.1,"extra":1,"ei":1}},{"type":"Feature","geometry":{"type":"Point","coordinates":[9.613884,56.173243]},"properties":{"lines":"113","color":"#0059a9","mode":"bus","arr":["113"],"angle":-28.1,"extra":1,"ei":2}},{"type":"Feature","geometry":{"type":"Point","coordinates":[9.616857,56.174137]},"properties":{"lines":"113","color":"#0059a9","mode":"bus","arr":["113"],"angle":-28.2,"extra":1,"ei":3}},{"type":"Feature","geometry":{"type":"Point","coordinates":[9.619873,56.174985]},"properties":{"lines":"113","color":"#0059a9","mode":"bus","arr":["113"],"angle":-24.8,"extra":1,"ei":4}},{"type":"Feature","geometry":{"type":"Point","coordinates":[9.626029,56.176535]},"properties":{"lines":"113","color":"#0059a9","mode":"bus","arr":["113"],"angle":-24,"extra":1,"ei":5}},{"type":"Feature","geometry":{"type":"Point","coordinates":[9.629106,56.177311]},"properties":{"lines":"113","color":"#0059a9","mode":"bus","arr":["113"],"angle":-24.3,"extra":1,"ei":6}},{"type":"Feature","geometry":{"type":"Point","coordinates":[9.632185,56.178084]},"properties":{"lines":"113","color":"#0059a9","mode":"bus","arr":["113"],"angle":-24.6,"extra":1,"ei":7}},{"type":"Feature","geometry":{"type":"Point","coordinates":[9.635195,56.178934]},"properties":{"lines":"113","color":"#0059a9","mode":"bus","arr":["113"],"angle":-31.1,"extra":1,"ei":8}},{"type":"Feature","geometry":{"type":"Point","coordinates":[9.638076,56.179918]},"properties":{"lines":"113","color":"#0059a9","mode":"bus","arr":["113"],"angle":-31.3,"extra":1,"ei":9}},{"type":"Feature","geometry":{"type":"Point","coordinates":[9.640962,56.180897]},"properties":{"lines":"113","color":"#0059a9","mode":"bus","arr":["113"],"angle":-31.2,"extra":1,"ei":10}},{"type":"Feature","geometry":{"type":"Point","coordinates":[9.586255,56.167909]},"properties":{"lines":"113","color":"#0059a9","mode":"bus","arr":["113"],"angle":18.8}},{"type":"Feature","geometry":{"type":"Point","coordinates":[9.602352,56.169237]},"properties":{"lines":"113","color":"#0059a9","mode":"bus","arr":["113"],"angle":-37.8,"extra":1,"ei":0}},{"type":"Feature","geometry":{"type":"Point","coordinates":[9.599447,56.168291]},"properties":{"lines":"113","color":"#0059a9","mode":"bus","arr":["113"],"angle":-21.3,"extra":1,"ei":1}},{"type":"Feature","geometry":{"type":"Point","coordinates":[9.569496,56.167228]},"properties":{"lines":"113","color":"#0059a9","mode":"bus","arr":["113"],"angle":-16.8,"extra":1,"ei":0}},{"type":"Feature","geometry":{"type":"Point","coordinates":[9.572802,56.167601]},"properties":{"lines":"113","color":"#0059a9","mode":"bus","arr":["113"],"angle":-6.4,"extra":1,"ei":1}},{"type":"Feature","geometry":{"type":"Point","coordinates":[9.576172,56.167639]},"properties":{"lines":"113","color":"#0059a9","mode":"bus","arr":["113"],"angle":3.2,"extra":1,"ei":2}},{"type":"Feature","geometry":{"type":"Point","coordinates":[9.579522,56.167767]},"properties":{"lines":"113","color":"#0059a9","mode":"bus","arr":["113"],"angle":-13.4,"extra":1,"ei":3}},{"type":"Feature","geometry":{"type":"Point","coordinates":[9.582807,56.168183]},"properties":{"lines":"113","color":"#0059a9","mode":"bus","arr":["113"],"angle":-4.5,"extra":1,"ei":4}},{"type":"Feature","geometry":{"type":"Point","coordinates":[9.589332,56.167349]},"properties":{"lines":"113","color":"#0059a9","mode":"bus","arr":["113"],"angle":11.7,"extra":1,"ei":5}},{"type":"Feature","geometry":{"type":"Point","coordinates":[9.592687,56.167271]},"properties":{"lines":"113","color":"#0059a9","mode":"bus","arr":["113"],"angle":-7.3,"extra":1,"ei":6}},{"type":"Feature","geometry":{"type":"Point","coordinates":[9.595973,56.167696]},"properties":{"lines":"113","color":"#0059a9","mode":"bus","arr":["113"],"angle":-15.1,"extra":1,"ei":7}},{"type":"Feature","geometry":{"type":"Point","coordinates":[9.56748,56.168286]},"properties":{"lines":"113","color":"#0059a9","mode":"bus","arr":["113"],"angle":86.8,"mi":8}},{"type":"Feature","geometry":{"type":"Point","coordinates":[9.559857,56.169423]},"properties":{"lines":"113","color":"#0059a9","mode":"bus","arr":["113"],"angle":-4.6,"mi":3}},{"type":"Feature","geometry":{"type":"Point","coordinates":[9.56527,56.169646]},"properties":{"lines":"113","color":"#0059a9","mode":"bus","arr":["113"],"angle":-5.3,"mi":7}},{"type":"Feature","geometry":{"type":"Point","coordinates":[9.557003,56.169313]},"properties":{"lines":"113","color":"#0059a9","mode":"bus","arr":["113"],"angle":7.9,"extra":1,"ei":0}},{"type":"Feature","geometry":{"type":"Point","coordinates":[9.554392,56.170274]},"properties":{"lines":"113","color":"#0059a9","mode":"bus","arr":["113"],"angle":13.2,"mi":2}},{"type":"Feature","geometry":{"type":"Point","coordinates":[9.551955,56.167868]},"properties":{"lines":"113","color":"#0059a9","mode":"bus","arr":["113"],"angle":24.1}},{"type":"Feature","geometry":{"type":"Point","coordinates":[9.551603,56.166289]},"properties":{"lines":"113","color":"#0059a9","mode":"bus","arr":["113"],"angle":-84.9,"mi":1}},{"type":"Feature","geometry":{"type":"Point","coordinates":[9.552437,56.169562]},"properties":{"lines":"113","color":"#0059a9","mode":"bus","arr":["113"],"angle":-79.3,"extra":1,"ei":0}},{"type":"Feature","geometry":{"type":"Point","coordinates":[9.546376,56.164543]},"properties":{"lines":"113","color":"#0059a9","mode":"bus","arr":["113"],"angle":-3.9,"mi":4}},{"type":"Feature","geometry":{"type":"Point","coordinates":[9.549721,56.164671]},"properties":{"lines":"113","color":"#0059a9","mode":"bus","arr":["113"],"angle":-3.1,"extra":1,"ei":0}},{"type":"Feature","geometry":{"type":"Point","coordinates":[9.542987,56.164411]},"properties":{"lines":"113","color":"#0059a9","mode":"bus","arr":["113"],"angle":-4,"extra":1,"ei":1}},{"type":"Feature","geometry":{"type":"Point","coordinates":[10.112512,56.182677]},"properties":{"lines":"114","color":"#0059a9","mode":"bus","arr":["114"],"angle":13.8,"side":-1}},{"type":"Feature","geometry":{"type":"Point","coordinates":[10.02902,56.20937]},"properties":{"lines":"114","color":"#0059a9","mode":"bus","arr":["114"],"angle":20.5}},{"type":"Feature","geometry":{"type":"Point","coordinates":[9.865392,56.23431]},"properties":{"lines":"114","color":"#0059a9","mode":"bus","arr":["114"],"angle":-1.9}},{"type":"Feature","geometry":{"type":"Point","coordinates":[10.135135,56.178192]},"properties":{"lines":"114","color":"#0059a9","mode":"bus","arr":["114"],"angle":21.5,"extra":1,"ei":0}},{"type":"Feature","geometry":{"type":"Point","coordinates":[10.132043,56.178949]},"properties":{"lines":"114","color":"#0059a9","mode":"bus","arr":["114"],"angle":24,"extra":1,"ei":1}},{"type":"Feature","geometry":{"type":"Point","coordinates":[10.128959,56.179717]},"properties":{"lines":"114","color":"#0059a9","mode":"bus","arr":["114"],"angle":24,"extra":1,"ei":2}},{"type":"Feature","geometry":{"type":"Point","coordinates":[10.125875,56.180484]},"properties":{"lines":"114","color":"#0059a9","mode":"bus","arr":["114"],"angle":24.2,"extra":1,"ei":3}},{"type":"Feature","geometry":{"type":"Point","coordinates":[10.122777,56.181233]},"properties":{"lines":"114","color":"#0059a9","mode":"bus","arr":["114"],"angle":20.9,"extra":1,"ei":4}},{"type":"Feature","geometry":{"type":"Point","coordinates":[10.119574,56.181825]},"properties":{"lines":"114","color":"#0059a9","mode":"bus","arr":["114"],"angle":15.2,"extra":1,"ei":5}},{"type":"Feature","geometry":{"type":"Point","coordinates":[10.116295,56.182273]},"properties":{"lines":"114","color":"#0059a9","mode":"bus","arr":["114"],"angle":13.3,"extra":1,"ei":6}},{"type":"Feature","geometry":{"type":"Point","coordinates":[10.109745,56.183183]},"properties":{"lines":"114","color":"#0059a9","mode":"bus","arr":["114"],"angle":16.3,"extra":1,"ei":7}},{"type":"Feature","geometry":{"type":"Point","coordinates":[10.106515,56.183731]},"properties":{"lines":"114","color":"#0059a9","mode":"bus","arr":["114"],"angle":17.4,"extra":1,"ei":8}},{"type":"Feature","geometry":{"type":"Point","coordinates":[10.103309,56.18432]},"properties":{"lines":"114","color":"#0059a9","mode":"bus","arr":["114"],"angle":16.8,"extra":1,"ei":9}},{"type":"Feature","geometry":{"type":"Point","coordinates":[10.100062,56.184834]},"properties":{"lines":"114","color":"#0059a9","mode":"bus","arr":["114"],"angle":16.7,"extra":1,"ei":10}},{"type":"Feature","geometry":{"type":"Point","coordinates":[10.096828,56.185376]},"properties":{"lines":"114","color":"#0059a9","mode":"bus","arr":["114"],"angle":16.7,"extra":1,"ei":11}},{"type":"Feature","geometry":{"type":"Point","coordinates":[10.093597,56.185921]},"properties":{"lines":"114","color":"#0059a9","mode":"bus","arr":["114"],"angle":16.6,"extra":1,"ei":12}},{"type":"Feature","geometry":{"type":"Point","coordinates":[10.090368,56.186471]},"properties":{"lines":"114","color":"#0059a9","mode":"bus","arr":["114"],"angle":18.5,"extra":1,"ei":13}},{"type":"Feature","geometry":{"type":"Point","coordinates":[10.035078,56.208081]},"properties":{"lines":"114","color":"#0059a9","mode":"bus","arr":["114"],"angle":22.9,"extra":1,"ei":0}},{"type":"Feature","geometry":{"type":"Point","coordinates":[10.031928,56.208758]},"properties":{"lines":"114","color":"#0059a9","mode":"bus","arr":["114"],"angle":20.6,"extra":1,"ei":1}},{"type":"Feature","geometry":{"type":"Point","coordinates":[10.025603,56.210079]},"properties":{"lines":"114","color":"#0059a9","mode":"bus","arr":["114"],"angle":20.1,"extra":1,"ei":2}},{"type":"Feature","geometry":{"type":"Point","coordinates":[10.022437,56.210734]},"properties":{"lines":"114","color":"#0059a9","mode":"bus","arr":["114"],"angle":20.3,"extra":1,"ei":3}},{"type":"Feature","geometry":{"type":"Point","coordinates":[10.088582,56.187467]},"properties":{"lines":"114","color":"#0059a9","mode":"bus","arr":["114"],"angle":-53.8}},{"type":"Feature","geometry":{"type":"Point","coordinates":[9.856455,56.240945]},"properties":{"lines":"114","color":"#0059a9","mode":"bus","arr":["114"],"angle":-66.2,"side":-1,"mi":1}},{"type":"Feature","geometry":{"type":"Point","coordinates":[9.861572,56.25553]},"properties":{"lines":"114","color":"#0059a9","mode":"bus","arr":["114"],"angle":-85.3}},{"type":"Feature","geometry":{"type":"Point","coordinates":[10.052393,56.279145]},"properties":{"lines":"115","color":"#0059a9","mode":"bus","arr":["115"],"angle":6.5,"mi":1}},{"type":"Feature","geometry":{"type":"Point","coordinates":[10.061853,56.279993]},"properties":{"lines":"115","color":"#0059a9","mode":"bus","arr":["115"],"angle":-13.1,"extra":1,"ei":0}},{"type":"Feature","geometry":{"type":"Point","coordinates":[10.058565,56.279566]},"properties":{"lines":"115","color":"#0059a9","mode":"bus","arr":["115"],"angle":-13.1,"extra":1,"ei":1}},{"type":"Feature","geometry":{"type":"Point","coordinates":[10.055278,56.279136]},"properties":{"lines":"115","color":"#0059a9","mode":"bus","arr":["115"],"angle":-13.2,"extra":1,"ei":2}},{"type":"Feature","geometry":{"type":"Point","coordinates":[10.048581,56.279387]},"properties":{"lines":"115","color":"#0059a9","mode":"bus","arr":["115"],"angle":6.5,"extra":1,"ei":3}},{"type":"Feature","geometry":{"type":"Point","coordinates":[10.045227,56.2796]},"properties":{"lines":"115","color":"#0059a9","mode":"bus","arr":["115"],"angle":6.5,"extra":1,"ei":4}},{"type":"Feature","geometry":{"type":"Point","coordinates":[10.041993,56.280094]},"properties":{"lines":"115","color":"#0059a9","mode":"bus","arr":["115"],"angle":8.4,"extra":1,"ei":5}},{"type":"Feature","geometry":{"type":"Point","coordinates":[9.940004,56.372424]},"properties":{"lines":"115","color":"#0059a9","mode":"bus","arr":["115"],"angle":-57.5}},{"type":"Feature","geometry":{"type":"Point","coordinates":[9.912566,56.360199]},"properties":{"lines":"115","color":"#0059a9","mode":"bus","arr":["115"],"angle":-49.2,"extra":1,"ei":0}},{"type":"Feature","geometry":{"type":"Point","coordinates":[9.914919,56.361551]},"properties":{"lines":"115","color":"#0059a9","mode":"bus","arr":["115"],"angle":-42.4,"extra":1,"ei":1}},{"type":"Feature","geometry":{"type":"Point","coordinates":[9.917499,56.362767]},"properties":{"lines":"115","color":"#0059a9","mode":"bus","arr":["115"],"angle":-36.9,"extra":1,"ei":2}},{"type":"Feature","geometry":{"type":"Point","coordinates":[9.920338,56.363783]},"properties":{"lines":"115","color":"#0059a9","mode":"bus","arr":["115"],"angle":-27,"extra":1,"ei":3}},{"type":"Feature","geometry":{"type":"Point","coordinates":[9.92344,56.364524]},"properties":{"lines":"115","color":"#0059a9","mode":"bus","arr":["115"],"angle":-21.3,"extra":1,"ei":4}},{"type":"Feature","geometry":{"type":"Point","coordinates":[9.926587,56.365208]},"properties":{"lines":"115","color":"#0059a9","mode":"bus","arr":["115"],"angle":-21.2,"extra":1,"ei":5}},{"type":"Feature","geometry":{"type":"Point","coordinates":[9.929731,56.365895]},"properties":{"lines":"115","color":"#0059a9","mode":"bus","arr":["115"],"angle":-21.9,"extra":1,"ei":6}},{"type":"Feature","geometry":{"type":"Point","coordinates":[9.93266,56.366819]},"properties":{"lines":"115","color":"#0059a9","mode":"bus","arr":["115"],"angle":-37.2,"extra":1,"ei":7}},{"type":"Feature","geometry":{"type":"Point","coordinates":[9.935054,56.368142]},"properties":{"lines":"115","color":"#0059a9","mode":"bus","arr":["115"],"angle":-52.2,"extra":1,"ei":8}},{"type":"Feature","geometry":{"type":"Point","coordinates":[9.936917,56.369716]},"properties":{"lines":"115","color":"#0059a9","mode":"bus","arr":["115"],"angle":-57.2,"extra":1,"ei":9}},{"type":"Feature","geometry":{"type":"Point","coordinates":[9.938735,56.371307]},"properties":{"lines":"115","color":"#0059a9","mode":"bus","arr":["115"],"angle":-57.5,"extra":1,"ei":10}},{"type":"Feature","geometry":{"type":"Point","coordinates":[9.942378,56.374487]},"properties":{"lines":"115","color":"#0059a9","mode":"bus","arr":["115"],"angle":-55.1,"extra":1,"ei":11}},{"type":"Feature","geometry":{"type":"Point","coordinates":[9.944607,56.375901]},"properties":{"lines":"115","color":"#0059a9","mode":"bus","arr":["115"],"angle":-43.3,"extra":1,"ei":12}},{"type":"Feature","geometry":{"type":"Point","coordinates":[9.947258,56.377067]},"properties":{"lines":"115","color":"#0059a9","mode":"bus","arr":["115"],"angle":-36.2,"extra":1,"ei":13}},{"type":"Feature","geometry":{"type":"Point","coordinates":[9.949982,56.378182]},"properties":{"lines":"115","color":"#0059a9","mode":"bus","arr":["115"],"angle":-36.4,"extra":1,"ei":14}},{"type":"Feature","geometry":{"type":"Point","coordinates":[9.952689,56.37931]},"properties":{"lines":"115","color":"#0059a9","mode":"bus","arr":["115"],"angle":-36.8,"extra":1,"ei":15}},{"type":"Feature","geometry":{"type":"Point","coordinates":[9.955092,56.38063]},"properties":{"lines":"115","color":"#0059a9","mode":"bus","arr":["115"],"angle":-50.8,"extra":1,"ei":16}},{"type":"Feature","geometry":{"type":"Point","coordinates":[9.957156,56.382124]},"properties":{"lines":"115","color":"#0059a9","mode":"bus","arr":["115"],"angle":-52.7,"extra":1,"ei":17}},{"type":"Feature","geometry":{"type":"Point","coordinates":[9.959205,56.383624]},"properties":{"lines":"115","color":"#0059a9","mode":"bus","arr":["115"],"angle":-52.6,"extra":1,"ei":18}},{"type":"Feature","geometry":{"type":"Point","coordinates":[9.961262,56.385122]},"properties":{"lines":"115","color":"#0059a9","mode":"bus","arr":["115"],"angle":-51.8,"extra":1,"ei":19}},{"type":"Feature","geometry":{"type":"Point","coordinates":[9.963365,56.386599]},"properties":{"lines":"115","color":"#0059a9","mode":"bus","arr":["115"],"angle":-51.1,"extra":1,"ei":20}},{"type":"Feature","geometry":{"type":"Point","coordinates":[10.063666,56.324586]},"properties":{"lines":"115","color":"#0059a9","mode":"bus","arr":["115"],"angle":29.7,"mi":3}},{"type":"Feature","geometry":{"type":"Point","coordinates":[10.015193,56.349296]},"properties":{"lines":"115","color":"#0059a9","mode":"bus","arr":["115"],"angle":69.6}},{"type":"Feature","geometry":{"type":"Point","coordinates":[10.01294,56.363888]},"properties":{"lines":"115","color":"#0059a9","mode":"bus","arr":["115"],"angle":36.9,"extra":1,"ei":0}},{"type":"Feature","geometry":{"type":"Point","coordinates":[10.015877,56.362981]},"properties":{"lines":"115","color":"#0059a9","mode":"bus","arr":["115"],"angle":32.9,"extra":1,"ei":1}},{"type":"Feature","geometry":{"type":"Point","coordinates":[10.017493,56.361397]},"properties":{"lines":"115","color":"#0059a9","mode":"bus","arr":["115"],"angle":-85.9,"extra":1,"ei":2}},{"type":"Feature","geometry":{"type":"Point","coordinates":[10.016814,56.359547]},"properties":{"lines":"115","color":"#0059a9","mode":"bus","arr":["115"],"angle":-78.1,"extra":1,"ei":3}},{"type":"Feature","geometry":{"type":"Point","coordinates":[10.016118,56.357699]},"properties":{"lines":"115","color":"#0059a9","mode":"bus","arr":["115"],"angle":-78.1,"extra":1,"ei":4}},{"type":"Feature","geometry":{"type":"Point","coordinates":[10.015412,56.355852]},"properties":{"lines":"115","color":"#0059a9","mode":"bus","arr":["115"],"angle":-77.7,"extra":1,"ei":5}},{"type":"Feature","geometry":{"type":"Point","coordinates":[10.014696,56.354007]},"properties":{"lines":"115","color":"#0059a9","mode":"bus","arr":["115"],"angle":-77.7,"extra":1,"ei":6}},{"type":"Feature","geometry":{"type":"Point","coordinates":[10.014087,56.352152]},"properties":{"lines":"115","color":"#0059a9","mode":"bus","arr":["115"],"angle":-86.6,"extra":1,"ei":7}},{"type":"Feature","geometry":{"type":"Point","coordinates":[10.016955,56.346771]},"properties":{"lines":"115","color":"#0059a9","mode":"bus","arr":["115"],"angle":61.3,"extra":1,"ei":8}},{"type":"Feature","geometry":{"type":"Point","coordinates":[10.018871,56.345217]},"properties":{"lines":"115","color":"#0059a9","mode":"bus","arr":["115"],"angle":54.3,"extra":1,"ei":9}},{"type":"Feature","geometry":{"type":"Point","coordinates":[10.020842,56.343684]},"properties":{"lines":"115","color":"#0059a9","mode":"bus","arr":["115"],"angle":54.3,"extra":1,"ei":10}},{"type":"Feature","geometry":{"type":"Point","coordinates":[10.022813,56.342151]},"properties":{"lines":"115","color":"#0059a9","mode":"bus","arr":["115"],"angle":54.3,"extra":1,"ei":11}},{"type":"Feature","geometry":{"type":"Point","coordinates":[10.024784,56.340618]},"properties":{"lines":"115","color":"#0059a9","mode":"bus","arr":["115"],"angle":54.3,"extra":1,"ei":12}},{"type":"Feature","geometry":{"type":"Point","coordinates":[10.026755,56.339085]},"properties":{"lines":"115","color":"#0059a9","mode":"bus","arr":["115"],"angle":54.3,"extra":1,"ei":13}},{"type":"Feature","geometry":{"type":"Point","coordinates":[10.028723,56.337551]},"properties":{"lines":"115","color":"#0059a9","mode":"bus","arr":["115"],"angle":54.4,"extra":1,"ei":14}},{"type":"Feature","geometry":{"type":"Point","coordinates":[10.030691,56.336016]},"properties":{"lines":"115","color":"#0059a9","mode":"bus","arr":["115"],"angle":54.3,"extra":1,"ei":15}},{"type":"Feature","geometry":{"type":"Point","coordinates":[10.009948,56.36405]},"properties":{"lines":"115","color":"#0059a9","mode":"bus","arr":["115"],"angle":12.5}},{"type":"Feature","geometry":{"type":"Point","coordinates":[9.99421,56.357511]},"properties":{"lines":"115","color":"#0059a9","mode":"bus","arr":["115"],"angle":-31.6}},{"type":"Feature","geometry":{"type":"Point","coordinates":[10.007219,56.363556]},"properties":{"lines":"115","color":"#0059a9","mode":"bus","arr":["115"],"angle":-36.9,"extra":1,"ei":0}},{"type":"Feature","geometry":{"type":"Point","coordinates":[10.004782,56.362267]},"properties":{"lines":"115","color":"#0059a9","mode":"bus","arr":["115"],"angle":-44.4,"extra":1,"ei":1}},{"type":"Feature","geometry":{"type":"Point","coordinates":[10.002361,56.360952]},"properties":{"lines":"115","color":"#0059a9","mode":"bus","arr":["115"],"angle":-48.6,"extra":1,"ei":2}},{"type":"Feature","geometry":{"type":"Point","coordinates":[10.000208,56.359499]},"properties":{"lines":"115","color":"#0059a9","mode":"bus","arr":["115"],"angle":-43,"extra":1,"ei":3}},{"type":"Feature","geometry":{"type":"Point","coordinates":[9.997376,56.358475]},"properties":{"lines":"115","color":"#0059a9","mode":"bus","arr":["115"],"angle":-31.2,"extra":1,"ei":4}},{"type":"Feature","geometry":{"type":"Point","coordinates":[9.992106,56.356217]},"properties":{"lines":"115","color":"#0059a9","mode":"bus","arr":["115"],"angle":-50.8,"extra":1,"ei":5}},{"type":"Feature","geometry":{"type":"Point","coordinates":[9.991643,56.354723]},"properties":{"lines":"115","color":"#0059a9","mode":"bus","arr":["115"],"angle":36,"extra":1,"ei":6}},{"type":"Feature","geometry":{"type":"Point","coordinates":[9.993373,56.353464]},"properties":{"lines":"115","color":"#0059a9","mode":"bus","arr":["115"],"angle":-49.6,"extra":1,"ei":7}},{"type":"Feature","geometry":{"type":"Point","coordinates":[9.990943,56.352191]},"properties":{"lines":"115","color":"#0059a9","mode":"bus","arr":["115"],"angle":-68.5,"extra":1,"ei":8}},{"type":"Feature","geometry":{"type":"Point","coordinates":[9.990322,56.350357]},"properties":{"lines":"115","color":"#0059a9","mode":"bus","arr":["115"],"angle":-82.2,"extra":1,"ei":9}},{"type":"Feature","geometry":{"type":"Point","coordinates":[9.958234,56.352635]},"properties":{"lines":"115","color":"#0059a9","mode":"bus","arr":["115"],"angle":40.2}},{"type":"Feature","geometry":{"type":"Point","coordinates":[9.988239,56.348654]},"properties":{"lines":"115","color":"#0059a9","mode":"bus","arr":["115"],"angle":-61.5,"extra":1,"ei":0}},{"type":"Feature","geometry":{"type":"Point","coordinates":[9.985781,56.34818]},"properties":{"lines":"115","color":"#0059a9","mode":"bus","arr":["115"],"angle":29.8,"extra":1,"ei":1}},{"type":"Feature","geometry":{"type":"Point","coordinates":[9.982509,56.348559]},"properties":{"lines":"115","color":"#0059a9","mode":"bus","arr":["115"],"angle":9.4,"extra":1,"ei":2}},{"type":"Feature","geometry":{"type":"Point","coordinates":[9.979174,56.348843]},"properties":{"lines":"115","color":"#0059a9","mode":"bus","arr":["115"],"angle":11.9,"extra":1,"ei":3}},{"type":"Feature","geometry":{"type":"Point","coordinates":[9.975925,56.349352]},"properties":{"lines":"115","color":"#0059a9","mode":"bus","arr":["115"],"angle":16.6,"extra":1,"ei":4}},{"type":"Feature","geometry":{"type":"Point","coordinates":[9.972691,56.349893]},"properties":{"lines":"115","color":"#0059a9","mode":"bus","arr":["115"],"angle":16.6,"extra":1,"ei":5}},{"type":"Feature","geometry":{"type":"Point","coordinates":[9.969436,56.350392]},"properties":{"lines":"115","color":"#0059a9","mode":"bus","arr":["115"],"angle":14.5,"extra":1,"ei":6}},{"type":"Feature","geometry":{"type":"Point","coordinates":[9.966155,56.350835]},"properties":{"lines":"115","color":"#0059a9","mode":"bus","arr":["115"],"angle":13,"extra":1,"ei":7}},{"type":"Feature","geometry":{"type":"Point","coordinates":[9.962866,56.35126]},"properties":{"lines":"115","color":"#0059a9","mode":"bus","arr":["115"],"angle":13.6,"extra":1,"ei":8}},{"type":"Feature","geometry":{"type":"Point","coordinates":[9.954386,56.354244]},"properties":{"lines":"115","color":"#0059a9","mode":"bus","arr":["115"],"angle":34.1,"extra":1,"ei":9}},{"type":"Feature","geometry":{"type":"Point","coordinates":[9.951298,56.354952]},"properties":{"lines":"115","color":"#0059a9","mode":"bus","arr":["115"],"angle":6.9,"extra":1,"ei":10}},{"type":"Feature","geometry":{"type":"Point","coordinates":[9.947966,56.354761]},"properties":{"lines":"115","color":"#0059a9","mode":"bus","arr":["115"],"angle":-14.6,"extra":1,"ei":11}},{"type":"Feature","geometry":{"type":"Point","coordinates":[9.944701,56.354284]},"properties":{"lines":"115","color":"#0059a9","mode":"bus","arr":["115"],"angle":-14.6,"extra":1,"ei":12}},{"type":"Feature","geometry":{"type":"Point","coordinates":[9.941491,56.353711]},"properties":{"lines":"115","color":"#0059a9","mode":"bus","arr":["115"],"angle":-24.7,"extra":1,"ei":13}},{"type":"Feature","geometry":{"type":"Point","coordinates":[9.938459,56.352882]},"properties":{"lines":"115","color":"#0059a9","mode":"bus","arr":["115"],"angle":-26.1,"extra":1,"ei":14}},{"type":"Feature","geometry":{"type":"Point","coordinates":[9.93536,56.352141]},"properties":{"lines":"115","color":"#0059a9","mode":"bus","arr":["115"],"angle":-15.3,"extra":1,"ei":15}},{"type":"Feature","geometry":{"type":"Point","coordinates":[9.932015,56.352017]},"properties":{"lines":"115","color":"#0059a9","mode":"bus","arr":["115"],"angle":6.7,"extra":1,"ei":16}},{"type":"Feature","geometry":{"type":"Point","coordinates":[9.92882,56.352585]},"properties":{"lines":"115","color":"#0059a9","mode":"bus","arr":["115"],"angle":28.1,"extra":1,"ei":17}},{"type":"Feature","geometry":{"type":"Point","coordinates":[9.91975,56.355921]},"properties":{"lines":"115","color":"#0059a9","mode":"bus","arr":["115"],"angle":29.6}},{"type":"Feature","geometry":{"type":"Point","coordinates":[9.925724,56.353893]},"properties":{"lines":"115","color":"#0059a9","mode":"bus","arr":["115"],"angle":39.9,"extra":1,"ei":0}},{"type":"Feature","geometry":{"type":"Point","coordinates":[9.92292,56.354931]},"properties":{"lines":"115","color":"#0059a9","mode":"bus","arr":["115"],"angle":28.1,"extra":1,"ei":1}},{"type":"Feature","geometry":{"type":"Point","coordinates":[9.916934,56.356659]},"properties":{"lines":"115","color":"#0059a9","mode":"bus","arr":["115"],"angle":20.5,"extra":1,"ei":2}},{"type":"Feature","geometry":{"type":"Point","coordinates":[9.914508,56.357911]},"properties":{"lines":"115","color":"#0059a9","mode":"bus","arr":["115"],"angle":49.8,"extra":1,"ei":3}},{"type":"Feature","geometry":{"type":"Point","coordinates":[9.912213,56.359128]},"properties":{"lines":"115","color":"#0059a9","mode":"bus","arr":["115"],"angle":40.5,"mi":1}},{"type":"Feature","geometry":{"type":"Point","coordinates":[9.962042,56.39088]},"properties":{"lines":"115","color":"#0059a9","mode":"bus","arr":["115"],"angle":58.8}},{"type":"Feature","geometry":{"type":"Point","coordinates":[9.964405,56.388693]},"properties":{"lines":"115","color":"#0059a9","mode":"bus","arr":["115"],"angle":58.9,"extra":1,"ei":0}},{"type":"Feature","geometry":{"type":"Point","coordinates":[9.960912,56.391925]},"properties":{"lines":"115","color":"#0059a9","mode":"bus","arr":["115"],"angle":58.8,"extra":1,"ei":1}},{"type":"Feature","geometry":{"type":"Point","coordinates":[9.95916,56.393539]},"properties":{"lines":"115","color":"#0059a9","mode":"bus","arr":["115"],"angle":54.7,"extra":1,"ei":2}},{"type":"Feature","geometry":{"type":"Point","coordinates":[9.94472,56.390547]},"properties":{"lines":"115","color":"#0059a9","mode":"bus","arr":["115"],"angle":-20.8}},{"type":"Feature","geometry":{"type":"Point","coordinates":[9.957167,56.39404]},"properties":{"lines":"115","color":"#0059a9","mode":"bus","arr":["115"],"angle":2.2,"extra":1,"ei":0}},{"type":"Feature","geometry":{"type":"Point","coordinates":[9.95395,56.393654]},"properties":{"lines":"115","color":"#0059a9","mode":"bus","arr":["115"],"angle":-28.1,"extra":1,"ei":1}},{"type":"Feature","geometry":{"type":"Point","coordinates":[9.951088,56.392695]},"properties":{"lines":"115","color":"#0059a9","mode":"bus","arr":["115"],"angle":-19.1,"extra":1,"ei":2}},{"type":"Feature","geometry":{"type":"Point","coordinates":[9.947962,56.391994]},"properties":{"lines":"115","color":"#0059a9","mode":"bus","arr":["115"],"angle":-31.6,"extra":1,"ei":3}},{"type":"Feature","geometry":{"type":"Point","coordinates":[9.942338,56.39004]},"properties":{"lines":"115","color":"#0059a9","mode":"bus","arr":["115"],"angle":-22.6,"extra":1,"ei":4}},{"type":"Feature","geometry":{"type":"Point","coordinates":[9.939273,56.389259]},"properties":{"lines":"115","color":"#0059a9","mode":"bus","arr":["115"],"angle":-13.6,"extra":1,"ei":5}},{"type":"Feature","geometry":{"type":"Point","coordinates":[9.936187,56.389772]},"properties":{"lines":"115","color":"#0059a9","mode":"bus","arr":["115"],"angle":14.3,"extra":1,"ei":6}},{"type":"Feature","geometry":{"type":"Point","coordinates":[9.933107,56.389097]},"properties":{"lines":"115","color":"#0059a9","mode":"bus","arr":["115"],"angle":-20.4,"extra":1,"ei":7}},{"type":"Feature","geometry":{"type":"Point","coordinates":[9.912479,56.392907]},"properties":{"lines":"115","color":"#0059a9","mode":"bus","arr":["115"],"angle":-9.2}},{"type":"Feature","geometry":{"type":"Point","coordinates":[9.928406,56.389849]},"properties":{"lines":"115","color":"#0059a9","mode":"bus","arr":["115"],"angle":20.8,"extra":1,"ei":0}},{"type":"Feature","geometry":{"type":"Point","coordinates":[9.925248,56.390515]},"properties":{"lines":"115","color":"#0059a9","mode":"bus","arr":["115"],"angle":22.1,"extra":1,"ei":1}},{"type":"Feature","geometry":{"type":"Point","coordinates":[9.922179,56.391281]},"properties":{"lines":"115","color":"#0059a9","mode":"bus","arr":["115"],"angle":35.7,"extra":1,"ei":2}},{"type":"Feature","geometry":{"type":"Point","coordinates":[9.919118,56.391908]},"properties":{"lines":"115","color":"#0059a9","mode":"bus","arr":["115"],"angle":1.5,"extra":1,"ei":3}},{"type":"Feature","geometry":{"type":"Point","coordinates":[9.916225,56.392716]},"properties":{"lines":"115","color":"#0059a9","mode":"bus","arr":["115"],"angle":31.9,"extra":1,"ei":4}},{"type":"Feature","geometry":{"type":"Point","coordinates":[9.909615,56.392807]},"properties":{"lines":"115","color":"#0059a9","mode":"bus","arr":["115"],"angle":11.5,"extra":1,"ei":5}},{"type":"Feature","geometry":{"type":"Point","coordinates":[9.906527,56.393028]},"properties":{"lines":"115","color":"#0059a9","mode":"bus","arr":["115"],"angle":-49,"extra":1,"ei":6}},{"type":"Feature","geometry":{"type":"Point","coordinates":[9.904129,56.391704]},"properties":{"lines":"115","color":"#0059a9","mode":"bus","arr":["115"],"angle":-41.6,"extra":1,"ei":7}},{"type":"Feature","geometry":{"type":"Point","coordinates":[9.90095,56.391411]},"properties":{"lines":"115","color":"#0059a9","mode":"bus","arr":["115"],"angle":6.1,"extra":1,"ei":8}},{"type":"Feature","geometry":{"type":"Point","coordinates":[9.897663,56.391137]},"properties":{"lines":"115","color":"#0059a9","mode":"bus","arr":["115"],"angle":-18.4,"extra":1,"ei":9}},{"type":"Feature","geometry":{"type":"Point","coordinates":[9.896333,56.388711]},"properties":{"lines":"115","color":"#0059a9","mode":"bus","arr":["115"],"angle":71.1}},{"type":"Feature","geometry":{"type":"Point","coordinates":[9.895681,56.386362]},"properties":{"lines":"115","color":"#0059a9","mode":"bus","arr":["115"],"angle":38.5,"mi":1}},{"type":"Feature","geometry":{"type":"Point","coordinates":[10.051124,56.326767]},"properties":{"lines":"115","color":"#0059a9","mode":"bus","arr":["115"],"angle":-64.1}},{"type":"Feature","geometry":{"type":"Point","coordinates":[9.96356,56.184215]},"properties":{"lines":"116U","color":"#0059a9","mode":"bus","arr":["116U"],"angle":5.5}},{"type":"Feature","geometry":{"type":"Point","coordinates":[9.925721,56.181581]},"properties":{"lines":"116U, 309","color":"#0059a9","mode":"bus","arr":["116U","309"],"angle":-1.4}},{"type":"Feature","geometry":{"type":"Point","coordinates":[9.961365,56.184246]},"properties":{"lines":"116U, 309","color":"#0059a9","mode":"bus","arr":["116U","309"],"angle":2,"extra":1,"ei":0}},{"type":"Feature","geometry":{"type":"Point","coordinates":[9.957993,56.18433]},"properties":{"lines":"116U, 309","color":"#0059a9","mode":"bus","arr":["116U","309"],"angle":2.2,"extra":1,"ei":1}},{"type":"Feature","geometry":{"type":"Point","coordinates":[9.954625,56.184275]},"properties":{"lines":"116U, 309","color":"#0059a9","mode":"bus","arr":["116U","309"],"angle":-7.7,"extra":1,"ei":2}},{"type":"Feature","geometry":{"type":"Point","coordinates":[9.951286,56.183996]},"properties":{"lines":"116U, 309","color":"#0059a9","mode":"bus","arr":["116U","309"],"angle":-8.6,"extra":1,"ei":3}},{"type":"Feature","geometry":{"type":"Point","coordinates":[9.947949,56.183713]},"properties":{"lines":"116U, 309","color":"#0059a9","mode":"bus","arr":["116U","309"],"angle":-8.6,"extra":1,"ei":4}},{"type":"Feature","geometry":{"type":"Point","coordinates":[9.944655,56.183309]},"properties":{"lines":"116U, 309","color":"#0059a9","mode":"bus","arr":["116U","309"],"angle":-15,"extra":1,"ei":5}},{"type":"Feature","geometry":{"type":"Point","coordinates":[9.941396,56.182819]},"properties":{"lines":"116U, 309","color":"#0059a9","mode":"bus","arr":["116U","309"],"angle":-15,"extra":1,"ei":6}},{"type":"Feature","geometry":{"type":"Point","coordinates":[9.938136,56.182329]},"properties":{"lines":"116U, 309","color":"#0059a9","mode":"bus","arr":["116U","309"],"angle":-15,"extra":1,"ei":7}},{"type":"Feature","geometry":{"type":"Point","coordinates":[9.934874,56.181845]},"properties":{"lines":"116U, 309","color":"#0059a9","mode":"bus","arr":["116U","309"],"angle":-13.5,"extra":1,"ei":8}},{"type":"Feature","geometry":{"type":"Point","coordinates":[9.931525,56.18166]},"properties":{"lines":"116U, 309","color":"#0059a9","mode":"bus","arr":["116U","309"],"angle":-1.4,"extra":1,"ei":9}},{"type":"Feature","geometry":{"type":"Point","coordinates":[9.92815,56.181614]},"properties":{"lines":"116U, 309","color":"#0059a9","mode":"bus","arr":["116U","309"],"angle":-1.4,"extra":1,"ei":10}},{"type":"Feature","geometry":{"type":"Point","coordinates":[9.921404,56.181502]},"properties":{"lines":"116U, 309","color":"#0059a9","mode":"bus","arr":["116U","309"],"angle":-6.7,"extra":1,"ei":11}},{"type":"Feature","geometry":{"type":"Point","coordinates":[9.918078,56.181181]},"properties":{"lines":"116U, 309","color":"#0059a9","mode":"bus","arr":["116U","309"],"angle":-10.2,"extra":1,"ei":12}},{"type":"Feature","geometry":{"type":"Point","coordinates":[9.914757,56.180845]},"properties":{"lines":"116U, 309","color":"#0059a9","mode":"bus","arr":["116U","309"],"angle":-10.5,"extra":1,"ei":13}},{"type":"Feature","geometry":{"type":"Point","coordinates":[9.911439,56.180497]},"properties":{"lines":"116U, 309","color":"#0059a9","mode":"bus","arr":["116U","309"],"angle":-10.6,"extra":1,"ei":14}},{"type":"Feature","geometry":{"type":"Point","coordinates":[9.908121,56.18015]},"properties":{"lines":"116U, 309","color":"#0059a9","mode":"bus","arr":["116U","309"],"angle":-10.6,"extra":1,"ei":15}},{"type":"Feature","geometry":{"type":"Point","coordinates":[9.904804,56.179803]},"properties":{"lines":"116U, 309","color":"#0059a9","mode":"bus","arr":["116U","309"],"angle":-10.6,"extra":1,"ei":16}},{"type":"Feature","geometry":{"type":"Point","coordinates":[9.901486,56.179456]},"properties":{"lines":"116U, 309","color":"#0059a9","mode":"bus","arr":["116U","309"],"angle":-10.6,"extra":1,"ei":17}},{"type":"Feature","geometry":{"type":"Point","coordinates":[9.898184,56.179067]},"properties":{"lines":"116U, 309","color":"#0059a9","mode":"bus","arr":["116U","309"],"angle":-13.8,"extra":1,"ei":18}},{"type":"Feature","geometry":{"type":"Point","coordinates":[9.894906,56.178616]},"properties":{"lines":"116U, 309","color":"#0059a9","mode":"bus","arr":["116U","309"],"angle":-13.8,"extra":1,"ei":19}},{"type":"Feature","geometry":{"type":"Point","coordinates":[9.891629,56.178165]},"properties":{"lines":"116U, 309","color":"#0059a9","mode":"bus","arr":["116U","309"],"angle":-13.9,"extra":1,"ei":20}},{"type":"Feature","geometry":{"type":"Point","coordinates":[9.897782,56.168169]},"properties":{"lines":"116U, 309","color":"#0059a9","mode":"bus","arr":["116U","309"],"angle":69.8}},{"type":"Feature","geometry":{"type":"Point","coordinates":[9.889235,56.176876]},"properties":{"lines":"116U, 309","color":"#0059a9","mode":"bus","arr":["116U","309"],"angle":64.5,"extra":1,"ei":0}},{"type":"Feature","geometry":{"type":"Point","coordinates":[9.890734,56.175184]},"properties":{"lines":"116U, 309","color":"#0059a9","mode":"bus","arr":["116U","309"],"angle":63.1,"extra":1,"ei":1}},{"type":"Feature","geometry":{"type":"Point","coordinates":[9.89226,56.1735]},"properties":{"lines":"116U, 309","color":"#0059a9","mode":"bus","arr":["116U","309"],"angle":63.1,"extra":1,"ei":2}},{"type":"Feature","geometry":{"type":"Point","coordinates":[9.893787,56.171815]},"properties":{"lines":"116U, 309","color":"#0059a9","mode":"bus","arr":["116U","309"],"angle":63.1,"extra":1,"ei":3}},{"type":"Feature","geometry":{"type":"Point","coordinates":[9.895483,56.170186]},"properties":{"lines":"116U, 309","color":"#0059a9","mode":"bus","arr":["116U","309"],"angle":55.7,"extra":1,"ei":4}},{"type":"Feature","geometry":{"type":"Point","coordinates":[9.898439,56.16684]},"properties":{"lines":"116U, 309","color":"#0059a9","mode":"bus","arr":["116U","309"],"angle":75.2,"extra":1,"ei":5}},{"type":"Feature","geometry":{"type":"Point","coordinates":[9.899279,56.165011]},"properties":{"lines":"116U, 309","color":"#0059a9","mode":"bus","arr":["116U","309"],"angle":75.7,"extra":1,"ei":6}},{"type":"Feature","geometry":{"type":"Point","coordinates":[9.900115,56.163182]},"properties":{"lines":"116U, 309","color":"#0059a9","mode":"bus","arr":["116U","309"],"angle":75.5,"extra":1,"ei":7}},{"type":"Feature","geometry":{"type":"Point","coordinates":[9.900625,56.161322]},"properties":{"lines":"116U, 309","color":"#0059a9","mode":"bus","arr":["116U","309"],"angle":87.4,"extra":1,"ei":8}},{"type":"Feature","geometry":{"type":"Point","coordinates":[9.90077,56.159469]},"properties":{"lines":"116U, 309","color":"#0059a9","mode":"bus","arr":["116U","309"],"angle":68.2,"extra":1,"ei":9}},{"type":"Feature","geometry":{"type":"Point","coordinates":[9.903792,56.159093]},"properties":{"lines":"116U, 309","color":"#0059a9","mode":"bus","arr":["116U","309"],"angle":7.8,"extra":1,"ei":10}},{"type":"Feature","geometry":{"type":"Point","coordinates":[9.905224,56.158932]},"properties":{"lines":"116U, 309","color":"#0059a9","mode":"bus","arr":["116U","309"],"angle":11.7}},{"type":"Feature","geometry":{"type":"Point","coordinates":[9.906125,56.15799]},"properties":{"lines":"116U, 309","color":"#0059a9","mode":"bus","arr":["116U","309"],"angle":-73.6,"mi":1}},{"type":"Feature","geometry":{"type":"Point","coordinates":[10.006746,56.15306]},"properties":{"lines":"116U","color":"#0059a9","mode":"bus","arr":["116U"],"angle":85.8,"side":-1,"mi":2}},{"type":"Feature","geometry":{"type":"Point","coordinates":[10.014164,56.153158]},"properties":{"lines":"116U","color":"#0059a9","mode":"bus","arr":["116U"],"angle":2,"mi":1}},{"type":"Feature","geometry":{"type":"Point","coordinates":[10.008514,56.153178]},"properties":{"lines":"116U","color":"#0059a9","mode":"bus","arr":["116U"],"angle":-2.8,"extra":1,"ei":0}},{"type":"Feature","geometry":{"type":"Point","coordinates":[10.011888,56.153195]},"properties":{"lines":"116U","color":"#0059a9","mode":"bus","arr":["116U"],"angle":1.4,"extra":1,"ei":1}},{"type":"Feature","geometry":{"type":"Point","coordinates":[10.018632,56.153045]},"properties":{"lines":"116U","color":"#0059a9","mode":"bus","arr":["116U"],"angle":3.2,"extra":1,"ei":2,"side":-1}},{"type":"Feature","geometry":{"type":"Point","coordinates":[10.052306,56.157705]},"properties":{"lines":"116U","color":"#0059a9","mode":"bus","arr":["116U"],"angle":-7.8,"side":-1,"mi":4}},{"type":"Feature","geometry":{"type":"Point","coordinates":[10.047274,56.15713]},"properties":{"lines":"116U","color":"#0059a9","mode":"bus","arr":["116U"],"angle":-15.7,"extra":1,"ei":0,"side":-1}},{"type":"Feature","geometry":{"type":"Point","coordinates":[10.057273,56.157924]},"properties":{"lines":"116U","color":"#0059a9","mode":"bus","arr":["116U"],"angle":-1.3,"extra":1,"ei":1,"side":-1}},{"type":"Feature","geometry":{"type":"Point","coordinates":[10.065705,56.157905]},"properties":{"lines":"116U","color":"#0059a9","mode":"bus","arr":["116U"],"angle":-5.6,"mi":1}},{"type":"Feature","geometry":{"type":"Point","coordinates":[10.067835,56.157805]},"properties":{"lines":"116U","color":"#0059a9","mode":"bus","arr":["116U"],"angle":15.8,"extra":1,"ei":0}},{"type":"Feature","geometry":{"type":"Point","coordinates":[10.013138,56.1535]},"properties":{"lines":"116U","color":"#0059a9","mode":"bus","arr":["116U"],"angle":5}},{"type":"Feature","geometry":{"type":"Point","coordinates":[10.017762,56.153264]},"properties":{"lines":"116U","color":"#0059a9","mode":"bus","arr":["116U"],"angle":5.7,"extra":1,"ei":0}},{"type":"Feature","geometry":{"type":"Point","coordinates":[10.011055,56.15367]},"properties":{"lines":"116U","color":"#0059a9","mode":"bus","arr":["116U"],"angle":14.8,"extra":1,"ei":1}},{"type":"Feature","geometry":{"type":"Point","coordinates":[10.007847,56.15422]},"properties":{"lines":"116U","color":"#0059a9","mode":"bus","arr":["116U"],"angle":2.5,"extra":1,"ei":2}},{"type":"Feature","geometry":{"type":"Point","coordinates":[10.040435,56.155876]},"properties":{"lines":"116U","color":"#0059a9","mode":"bus","arr":["116U"],"angle":-26.2,"mi":9}},{"type":"Feature","geometry":{"type":"Point","coordinates":[10.064024,56.157616]},"properties":{"lines":"116U","color":"#0059a9","mode":"bus","arr":["116U"],"angle":10.5,"side":-1,"mi":2}},{"type":"Feature","geometry":{"type":"Point","coordinates":[10.023181,56.152905]},"properties":{"lines":"116U","color":"#0059a9","mode":"bus","arr":["116U"],"angle":3.7,"extra":1,"ei":0,"side":-1}},{"type":"Feature","geometry":{"type":"Point","coordinates":[10.026553,56.152888]},"properties":{"lines":"116U","color":"#0059a9","mode":"bus","arr":["116U"],"angle":-3.7,"extra":1,"ei":1,"side":-1}},{"type":"Feature","geometry":{"type":"Point","coordinates":[10.029892,56.153151]},"properties":{"lines":"116U","color":"#0059a9","mode":"bus","arr":["116U"],"angle":-12.2,"extra":1,"ei":2,"side":-1}},{"type":"Feature","geometry":{"type":"Point","coordinates":[10.033124,56.153691]},"properties":{"lines":"116U","color":"#0059a9","mode":"bus","arr":["116U"],"angle":-20.5,"extra":1,"ei":3,"side":-1}},{"type":"Feature","geometry":{"type":"Point","coordinates":[10.060797,56.157878]},"properties":{"lines":"116U","color":"#0059a9","mode":"bus","arr":["116U"],"angle":5.5,"extra":1,"ei":0,"side":-1}},{"type":"Feature","geometry":{"type":"Point","coordinates":[10.067446,56.157235]},"properties":{"lines":"116U","color":"#0059a9","mode":"bus","arr":["116U"],"angle":11.4,"extra":1,"ei":1}},{"type":"Feature","geometry":{"type":"Point","coordinates":[10.056826,56.158081]},"properties":{"lines":"116U","color":"#0059a9","mode":"bus","arr":["116U"],"angle":-0.2,"extra":1,"ei":0}},{"type":"Feature","geometry":{"type":"Point","coordinates":[10.053457,56.15798]},"properties":{"lines":"116U","color":"#0059a9","mode":"bus","arr":["116U"],"angle":-5.5,"extra":1,"ei":1}},{"type":"Feature","geometry":{"type":"Point","coordinates":[10.050119,56.157706]},"properties":{"lines":"116U","color":"#0059a9","mode":"bus","arr":["116U"],"angle":-10.8,"extra":1,"ei":2}},{"type":"Feature","geometry":{"type":"Point","coordinates":[10.046834,56.157274]},"properties":{"lines":"116U","color":"#0059a9","mode":"bus","arr":["116U"],"angle":-16.4,"extra":1,"ei":3}},{"type":"Feature","geometry":{"type":"Point","coordinates":[10.043633,56.156675]},"properties":{"lines":"116U","color":"#0059a9","mode":"bus","arr":["116U"],"angle":-21,"extra":1,"ei":4}},{"type":"Feature","geometry":{"type":"Point","coordinates":[10.037566,56.155027]},"properties":{"lines":"116U","color":"#0059a9","mode":"bus","arr":["116U"],"angle":-28.4,"extra":1,"ei":5}},{"type":"Feature","geometry":{"type":"Point","coordinates":[10.040063,56.15554]},"properties":{"lines":"116U","color":"#0059a9","mode":"bus","arr":["116U"],"angle":-27.3,"side":-1,"mi":10}},{"type":"Feature","geometry":{"type":"Point","coordinates":[10.036159,56.154417]},"properties":{"lines":"116U","color":"#0059a9","mode":"bus","arr":["116U"],"angle":-24.2,"extra":1,"ei":0,"side":-1}},{"type":"Feature","geometry":{"type":"Point","coordinates":[10.042188,56.156113]},"properties":{"lines":"116U","color":"#0059a9","mode":"bus","arr":["116U"],"angle":-23.7,"extra":1,"ei":1,"side":-1}},{"type":"Feature","geometry":{"type":"Point","coordinates":[10.045342,56.156783]},"properties":{"lines":"116U","color":"#0059a9","mode":"bus","arr":["116U"],"angle":-19,"extra":1,"ei":2,"side":-1}},{"type":"Feature","geometry":{"type":"Point","coordinates":[10.085508,56.162499]},"properties":{"lines":"116U","color":"#0059a9","mode":"bus","arr":["116U"],"angle":-31.6,"mi":3}},{"type":"Feature","geometry":{"type":"Point","coordinates":[10.073614,56.158419]},"properties":{"lines":"116U","color":"#0059a9","mode":"bus","arr":["116U"],"angle":-31.5}},{"type":"Feature","geometry":{"type":"Point","coordinates":[10.09294,56.164598]},"properties":{"lines":"116U","color":"#0059a9","mode":"bus","arr":["116U"],"angle":-14.5,"extra":1,"ei":0}},{"type":"Feature","geometry":{"type":"Point","coordinates":[10.089792,56.163927]},"properties":{"lines":"116U","color":"#0059a9","mode":"bus","arr":["116U"],"angle":-26.7,"extra":1,"ei":1}},{"type":"Feature","geometry":{"type":"Point","coordinates":[10.081126,56.160998]},"properties":{"lines":"116U","color":"#0059a9","mode":"bus","arr":["116U"],"angle":-31.5,"extra":1,"ei":2}},{"type":"Feature","geometry":{"type":"Point","coordinates":[10.078249,56.16001]},"properties":{"lines":"116U","color":"#0059a9","mode":"bus","arr":["116U"],"angle":-31.5,"extra":1,"ei":3}},{"type":"Feature","geometry":{"type":"Point","coordinates":[10.093533,56.167139]},"properties":{"lines":"116U","color":"#0059a9","mode":"bus","arr":["116U"],"angle":70,"side":-1,"mi":5}},{"type":"Feature","geometry":{"type":"Point","coordinates":[10.093618,56.171526]},"properties":{"lines":"116U","color":"#0059a9","mode":"bus","arr":["116U"],"angle":-75,"mi":8}},{"type":"Feature","geometry":{"type":"Point","coordinates":[10.092916,56.169922]},"properties":{"lines":"116U","color":"#0059a9","mode":"bus","arr":["116U"],"angle":-84.6,"mi":7}},{"type":"Feature","geometry":{"type":"Point","coordinates":[10.094777,56.165242]},"properties":{"lines":"116U","color":"#0059a9","mode":"bus","arr":["116U"],"angle":85.9,"mi":6}},{"type":"Feature","geometry":{"type":"Point","coordinates":[10.18732,56.192999]},"properties":{"lines":"118, 200","color":"#0059a9","mode":"bus","arr":["118","200"],"angle":66.2}},{"type":"Feature","geometry":{"type":"Point","coordinates":[10.19692,56.183359]},"properties":{"lines":"118, 200","color":"#0059a9","mode":"bus","arr":["118","200"],"angle":69.2,"extra":1,"ei":0}},{"type":"Feature","geometry":{"type":"Point","coordinates":[10.19572,56.185124]},"properties":{"lines":"118, 200","color":"#0059a9","mode":"bus","arr":["118","200"],"angle":69.2,"extra":1,"ei":1}},{"type":"Feature","geometry":{"type":"Point","coordinates":[10.194481,56.18688]},"properties":{"lines":"118, 200","color":"#0059a9","mode":"bus","arr":["118","200"],"angle":62.7,"extra":1,"ei":2}},{"type":"Feature","geometry":{"type":"Point","coordinates":[10.192652,56.188465]},"properties":{"lines":"118, 200","color":"#0059a9","mode":"bus","arr":["118","200"],"angle":52.8,"extra":1,"ei":3}},{"type":"Feature","geometry":{"type":"Point","coordinates":[10.190585,56.189958]},"properties":{"lines":"118, 200","color":"#0059a9","mode":"bus","arr":["118","200"],"angle":51.6,"extra":1,"ei":4}},{"type":"Feature","geometry":{"type":"Point","coordinates":[10.188602,56.191483]},"properties":{"lines":"118, 200","color":"#0059a9","mode":"bus","arr":["118","200"],"angle":59.8,"extra":1,"ei":5}},{"type":"Feature","geometry":{"type":"Point","coordinates":[10.185809,56.19492]},"properties":{"lines":"118, 200","color":"#0059a9","mode":"bus","arr":["118","200"],"angle":66.3,"extra":1,"ei":6}},{"type":"Feature","geometry":{"type":"Point","coordinates":[10.184453,56.19665]},"properties":{"lines":"118, 200","color":"#0059a9","mode":"bus","arr":["118","200"],"angle":66.3,"extra":1,"ei":7}},{"type":"Feature","geometry":{"type":"Point","coordinates":[10.183097,56.198379]},"properties":{"lines":"118, 200","color":"#0059a9","mode":"bus","arr":["118","200"],"angle":66.3,"extra":1,"ei":8}},{"type":"Feature","geometry":{"type":"Point","coordinates":[10.181739,56.200108]},"properties":{"lines":"118, 200","color":"#0059a9","mode":"bus","arr":["118","200"],"angle":66.3,"extra":1,"ei":9}},{"type":"Feature","geometry":{"type":"Point","coordinates":[10.179963,56.2017]},"properties":{"lines":"118, 200","color":"#0059a9","mode":"bus","arr":["118","200"],"angle":47.6,"extra":1,"ei":10}},{"type":"Feature","geometry":{"type":"Point","coordinates":[10.177571,56.203032]},"properties":{"lines":"118, 200","color":"#0059a9","mode":"bus","arr":["118","200"],"angle":43.8,"extra":1,"ei":11}},{"type":"Feature","geometry":{"type":"Point","coordinates":[10.152836,56.265716]},"properties":{"lines":"118","color":"#0059a9","mode":"bus","arr":["118"],"angle":83.7}},{"type":"Feature","geometry":{"type":"Point","coordinates":[10.050035,56.363204]},"properties":{"lines":"118","color":"#0059a9","mode":"bus","arr":["118"],"angle":86.2}},{"type":"Feature","geometry":{"type":"Point","coordinates":[10.16273,56.225391]},"properties":{"lines":"118","color":"#0059a9","mode":"bus","arr":["118"],"angle":81.6,"extra":1,"ei":0}},{"type":"Feature","geometry":{"type":"Point","coordinates":[10.162236,56.227259]},"properties":{"lines":"118","color":"#0059a9","mode":"bus","arr":["118"],"angle":81.5,"extra":1,"ei":1}},{"type":"Feature","geometry":{"type":"Point","coordinates":[10.161739,56.229127]},"properties":{"lines":"118","color":"#0059a9","mode":"bus","arr":["118"],"angle":81.5,"extra":1,"ei":2}},{"type":"Feature","geometry":{"type":"Point","coordinates":[10.161241,56.230995]},"properties":{"lines":"118","color":"#0059a9","mode":"bus","arr":["118"],"angle":81.4,"extra":1,"ei":3}},{"type":"Feature","geometry":{"type":"Point","coordinates":[10.160733,56.232862]},"properties":{"lines":"118","color":"#0059a9","mode":"bus","arr":["118"],"angle":81.4,"extra":1,"ei":4}},{"type":"Feature","geometry":{"type":"Point","coordinates":[10.160223,56.234729]},"properties":{"lines":"118","color":"#0059a9","mode":"bus","arr":["118"],"angle":81.2,"extra":1,"ei":5}},{"type":"Feature","geometry":{"type":"Point","coordinates":[10.159715,56.236596]},"properties":{"lines":"118","color":"#0059a9","mode":"bus","arr":["118"],"angle":81.5,"extra":1,"ei":6}},{"type":"Feature","geometry":{"type":"Point","coordinates":[10.159217,56.238464]},"properties":{"lines":"118","color":"#0059a9","mode":"bus","arr":["118"],"angle":81.5,"extra":1,"ei":7}},{"type":"Feature","geometry":{"type":"Point","coordinates":[10.158711,56.240331]},"properties":{"lines":"118","color":"#0059a9","mode":"bus","arr":["118"],"angle":81.2,"extra":1,"ei":8}},{"type":"Feature","geometry":{"type":"Point","coordinates":[10.158188,56.242197]},"properties":{"lines":"118","color":"#0059a9","mode":"bus","arr":["118"],"angle":80.9,"extra":1,"ei":9}},{"type":"Feature","geometry":{"type":"Point","coordinates":[10.157647,56.244061]},"properties":{"lines":"118","color":"#0059a9","mode":"bus","arr":["118"],"angle":81.2,"extra":1,"ei":10}},{"type":"Feature","geometry":{"type":"Point","coordinates":[10.157129,56.245927]},"properties":{"lines":"118","color":"#0059a9","mode":"bus","arr":["118"],"angle":81.1,"extra":1,"ei":11}},{"type":"Feature","geometry":{"type":"Point","coordinates":[10.156602,56.247792]},"properties":{"lines":"118","color":"#0059a9","mode":"bus","arr":["118"],"angle":81,"extra":1,"ei":12}},{"type":"Feature","geometry":{"type":"Point","coordinates":[10.156056,56.249656]},"properties":{"lines":"118","color":"#0059a9","mode":"bus","arr":["118"],"angle":80.8,"extra":1,"ei":13}},{"type":"Feature","geometry":{"type":"Point","coordinates":[10.155496,56.251518]},"properties":{"lines":"118","color":"#0059a9","mode":"bus","arr":["118"],"angle":81.3,"extra":1,"ei":14}},{"type":"Feature","geometry":{"type":"Point","coordinates":[10.155073,56.253391]},"properties":{"lines":"118","color":"#0059a9","mode":"bus","arr":["118"],"angle":84.2,"extra":1,"ei":15}},{"type":"Feature","geometry":{"type":"Point","coordinates":[10.154756,56.255271]},"properties":{"lines":"118","color":"#0059a9","mode":"bus","arr":["118"],"angle":84.8,"extra":1,"ei":16}},{"type":"Feature","geometry":{"type":"Point","coordinates":[10.154431,56.257151]},"properties":{"lines":"118","color":"#0059a9","mode":"bus","arr":["118"],"angle":84,"extra":1,"ei":17}},{"type":"Feature","geometry":{"type":"Point","coordinates":[10.154103,56.25903]},"properties":{"lines":"118","color":"#0059a9","mode":"bus","arr":["118"],"angle":84.8,"extra":1,"ei":18}},{"type":"Feature","geometry":{"type":"Point","coordinates":[10.153751,56.260909]},"properties":{"lines":"118","color":"#0059a9","mode":"bus","arr":["118"],"angle":83.9,"extra":1,"ei":19}},{"type":"Feature","geometry":{"type":"Point","coordinates":[10.153409,56.262787]},"properties":{"lines":"118","color":"#0059a9","mode":"bus","arr":["118"],"angle":84.2,"extra":1,"ei":20}},{"type":"Feature","geometry":{"type":"Point","coordinates":[10.15231,56.26842]},"properties":{"lines":"118","color":"#0059a9","mode":"bus","arr":["118"],"angle":83.8,"extra":1,"ei":21}},{"type":"Feature","geometry":{"type":"Point","coordinates":[10.151961,56.270298]},"properties":{"lines":"118","color":"#0059a9","mode":"bus","arr":["118"],"angle":85.4,"extra":1,"ei":22}},{"type":"Feature","geometry":{"type":"Point","coordinates":[10.151753,56.272183]},"properties":{"lines":"118","color":"#0059a9","mode":"bus","arr":["118"],"angle":87,"extra":1,"ei":23}},{"type":"Feature","geometry":{"type":"Point","coordinates":[10.151579,56.274069]},"properties":{"lines":"118","color":"#0059a9","mode":"bus","arr":["118"],"angle":87,"extra":1,"ei":24}},{"type":"Feature","geometry":{"type":"Point","coordinates":[10.151404,56.275955]},"properties":{"lines":"118","color":"#0059a9","mode":"bus","arr":["118"],"angle":87,"extra":1,"ei":25}},{"type":"Feature","geometry":{"type":"Point","coordinates":[10.151239,56.277841]},"properties":{"lines":"118","color":"#0059a9","mode":"bus","arr":["118"],"angle":87.2,"extra":1,"ei":26}},{"type":"Feature","geometry":{"type":"Point","coordinates":[10.151074,56.279728]},"properties":{"lines":"118","color":"#0059a9","mode":"bus","arr":["118"],"angle":87.2,"extra":1,"ei":27}},{"type":"Feature","geometry":{"type":"Point","coordinates":[10.15092,56.281614]},"properties":{"lines":"118","color":"#0059a9","mode":"bus","arr":["118"],"angle":87.4,"extra":1,"ei":28}},{"type":"Feature","geometry":{"type":"Point","coordinates":[10.150765,56.283501]},"properties":{"lines":"118","color":"#0059a9","mode":"bus","arr":["118"],"angle":87.2,"extra":1,"ei":29}},{"type":"Feature","geometry":{"type":"Point","coordinates":[10.150581,56.285386]},"properties":{"lines":"118","color":"#0059a9","mode":"bus","arr":["118"],"angle":85.5,"extra":1,"ei":30}},{"type":"Feature","geometry":{"type":"Point","coordinates":[10.149978,56.287241]},"properties":{"lines":"118","color":"#0059a9","mode":"bus","arr":["118"],"angle":74,"extra":1,"ei":31}},{"type":"Feature","geometry":{"type":"Point","coordinates":[10.149047,56.289056]},"properties":{"lines":"118","color":"#0059a9","mode":"bus","arr":["118"],"angle":74,"extra":1,"ei":32}},{"type":"Feature","geometry":{"type":"Point","coordinates":[10.14811,56.29087]},"properties":{"lines":"118","color":"#0059a9","mode":"bus","arr":["118"],"angle":74,"extra":1,"ei":33}},{"type":"Feature","geometry":{"type":"Point","coordinates":[10.147177,56.292685]},"properties":{"lines":"118","color":"#0059a9","mode":"bus","arr":["118"],"angle":74,"extra":1,"ei":34}},{"type":"Feature","geometry":{"type":"Point","coordinates":[10.146149,56.294483]},"properties":{"lines":"118","color":"#0059a9","mode":"bus","arr":["118"],"angle":69.7,"extra":1,"ei":35}},{"type":"Feature","geometry":{"type":"Point","coordinates":[10.144968,56.296252]},"properties":{"lines":"118","color":"#0059a9","mode":"bus","arr":["118"],"angle":69.6,"extra":1,"ei":36}},{"type":"Feature","geometry":{"type":"Point","coordinates":[10.143791,56.298022]},"properties":{"lines":"118","color":"#0059a9","mode":"bus","arr":["118"],"angle":69.6,"extra":1,"ei":37}},{"type":"Feature","geometry":{"type":"Point","coordinates":[10.142613,56.299792]},"properties":{"lines":"118","color":"#0059a9","mode":"bus","arr":["118"],"angle":69.6,"extra":1,"ei":38}},{"type":"Feature","geometry":{"type":"Point","coordinates":[10.141429,56.301561]},"properties":{"lines":"118","color":"#0059a9","mode":"bus","arr":["118"],"angle":69.7,"extra":1,"ei":39}},{"type":"Feature","geometry":{"type":"Point","coordinates":[10.140271,56.303334]},"properties":{"lines":"118","color":"#0059a9","mode":"bus","arr":["118"],"angle":70,"extra":1,"ei":40}},{"type":"Feature","geometry":{"type":"Point","coordinates":[10.139102,56.305106]},"properties":{"lines":"118","color":"#0059a9","mode":"bus","arr":["118"],"angle":68.8,"extra":1,"ei":41}},{"type":"Feature","geometry":{"type":"Point","coordinates":[10.05044,56.334889]},"properties":{"lines":"118","color":"#0059a9","mode":"bus","arr":["118"],"angle":87,"extra":1,"ei":0}},{"type":"Feature","geometry":{"type":"Point","coordinates":[10.050108,56.336767]},"properties":{"lines":"118","color":"#0059a9","mode":"bus","arr":["118"],"angle":82.8,"extra":1,"ei":1}},{"type":"Feature","geometry":{"type":"Point","coordinates":[10.049735,56.338644]},"properties":{"lines":"118","color":"#0059a9","mode":"bus","arr":["118"],"angle":83.9,"extra":1,"ei":2}},{"type":"Feature","geometry":{"type":"Point","coordinates":[10.049312,56.340517]},"properties":{"lines":"118","color":"#0059a9","mode":"bus","arr":["118"],"angle":80.4,"extra":1,"ei":3}},{"type":"Feature","geometry":{"type":"Point","coordinates":[10.048521,56.342352]},"properties":{"lines":"118","color":"#0059a9","mode":"bus","arr":["118"],"angle":74.3,"extra":1,"ei":4}},{"type":"Feature","geometry":{"type":"Point","coordinates":[10.047729,56.344187]},"properties":{"lines":"118","color":"#0059a9","mode":"bus","arr":["118"],"angle":80,"extra":1,"ei":5}},{"type":"Feature","geometry":{"type":"Point","coordinates":[10.047286,56.346059]},"properties":{"lines":"118","color":"#0059a9","mode":"bus","arr":["118"],"angle":83.8,"extra":1,"ei":6}},{"type":"Feature","geometry":{"type":"Point","coordinates":[10.046947,56.347937]},"properties":{"lines":"118","color":"#0059a9","mode":"bus","arr":["118"],"angle":85.6,"extra":1,"ei":7}},{"type":"Feature","geometry":{"type":"Point","coordinates":[10.046808,56.349819]},"properties":{"lines":"118","color":"#0059a9","mode":"bus","arr":["118"],"angle":-80.8,"extra":1,"ei":8}},{"type":"Feature","geometry":{"type":"Point","coordinates":[10.047614,56.351653]},"properties":{"lines":"118","color":"#0059a9","mode":"bus","arr":["118"],"angle":-75.9,"extra":1,"ei":9}},{"type":"Feature","geometry":{"type":"Point","coordinates":[10.048436,56.353485]},"properties":{"lines":"118","color":"#0059a9","mode":"bus","arr":["118"],"angle":-75.9,"extra":1,"ei":10}},{"type":"Feature","geometry":{"type":"Point","coordinates":[10.049259,56.355316]},"properties":{"lines":"118","color":"#0059a9","mode":"bus","arr":["118"],"angle":-75.9,"extra":1,"ei":11}},{"type":"Feature","geometry":{"type":"Point","coordinates":[10.050047,56.357152]},"properties":{"lines":"118","color":"#0059a9","mode":"bus","arr":["118"],"angle":-79.3,"extra":1,"ei":12}},{"type":"Feature","geometry":{"type":"Point","coordinates":[10.050458,56.359026]},"properties":{"lines":"118","color":"#0059a9","mode":"bus","arr":["118"],"angle":-86.8,"extra":1,"ei":13}},{"type":"Feature","geometry":{"type":"Point","coordinates":[10.050371,56.360912]},"properties":{"lines":"118","color":"#0059a9","mode":"bus","arr":["118"],"angle":85.3,"extra":1,"ei":14}},{"type":"Feature","geometry":{"type":"Point","coordinates":[10.050259,56.364669]},"properties":{"lines":"118","color":"#0059a9","mode":"bus","arr":["118"],"angle":-75.2,"extra":1,"ei":15}},{"type":"Feature","geometry":{"type":"Point","coordinates":[10.051254,56.366471]},"properties":{"lines":"118","color":"#0059a9","mode":"bus","arr":["118"],"angle":-81.9,"extra":1,"ei":16}},{"type":"Feature","geometry":{"type":"Point","coordinates":[10.050528,56.368277]},"properties":{"lines":"118","color":"#0059a9","mode":"bus","arr":["118"],"angle":61.7,"extra":1,"ei":17}},{"type":"Feature","geometry":{"type":"Point","coordinates":[10.048917,56.369936]},"properties":{"lines":"118","color":"#0059a9","mode":"bus","arr":["118"],"angle":61.5,"extra":1,"ei":18}},{"type":"Feature","geometry":{"type":"Point","coordinates":[10.047305,56.371596]},"properties":{"lines":"118","color":"#0059a9","mode":"bus","arr":["118"],"angle":61.5,"extra":1,"ei":19}},{"type":"Feature","geometry":{"type":"Point","coordinates":[10.045692,56.373255]},"properties":{"lines":"118","color":"#0059a9","mode":"bus","arr":["118"],"angle":61.4,"extra":1,"ei":20}},{"type":"Feature","geometry":{"type":"Point","coordinates":[10.044081,56.374914]},"properties":{"lines":"118","color":"#0059a9","mode":"bus","arr":["118"],"angle":61.7,"extra":1,"ei":21}},{"type":"Feature","geometry":{"type":"Point","coordinates":[10.042547,56.376595]},"properties":{"lines":"118","color":"#0059a9","mode":"bus","arr":["118"],"angle":68.5,"extra":1,"ei":22}},{"type":"Feature","geometry":{"type":"Point","coordinates":[10.041577,56.378403]},"properties":{"lines":"118","color":"#0059a9","mode":"bus","arr":["118"],"angle":74.5,"extra":1,"ei":23}},{"type":"Feature","geometry":{"type":"Point","coordinates":[10.04084,56.380243]},"properties":{"lines":"118","color":"#0059a9","mode":"bus","arr":["118"],"angle":83.2,"extra":1,"ei":24}},{"type":"Feature","geometry":{"type":"Point","coordinates":[10.040442,56.382118]},"properties":{"lines":"118","color":"#0059a9","mode":"bus","arr":["118"],"angle":83.2,"extra":1,"ei":25}},{"type":"Feature","geometry":{"type":"Point","coordinates":[10.040104,56.383996]},"properties":{"lines":"118","color":"#0059a9","mode":"bus","arr":["118"],"angle":88.5,"extra":1,"ei":26}},{"type":"Feature","geometry":{"type":"Point","coordinates":[10.040503,56.385864]},"properties":{"lines":"118","color":"#0059a9","mode":"bus","arr":["118"],"angle":-75.2,"extra":1,"ei":27}},{"type":"Feature","geometry":{"type":"Point","coordinates":[10.041399,56.387684]},"properties":{"lines":"118","color":"#0059a9","mode":"bus","arr":["118"],"angle":-74.5,"extra":1,"ei":28}},{"type":"Feature","geometry":{"type":"Point","coordinates":[10.042319,56.389501]},"properties":{"lines":"118","color":"#0059a9","mode":"bus","arr":["118"],"angle":-74,"extra":1,"ei":29}},{"type":"Feature","geometry":{"type":"Point","coordinates":[10.129564,56.318071]},"properties":{"lines":"118","color":"#0059a9","mode":"bus","arr":["118"],"angle":63.5}},{"type":"Feature","geometry":{"type":"Point","coordinates":[10.137768,56.307084]},"properties":{"lines":"118","color":"#0059a9","mode":"bus","arr":["118"],"angle":70.3,"extra":1,"ei":0}},{"type":"Feature","geometry":{"type":"Point","coordinates":[10.13663,56.308862]},"properties":{"lines":"118","color":"#0059a9","mode":"bus","arr":["118"],"angle":70.8,"extra":1,"ei":1}},{"type":"Feature","geometry":{"type":"Point","coordinates":[10.135534,56.310648]},"properties":{"lines":"118","color":"#0059a9","mode":"bus","arr":["118"],"angle":70.7,"extra":1,"ei":2}},{"type":"Feature","geometry":{"type":"Point","coordinates":[10.134387,56.312424]},"properties":{"lines":"118","color":"#0059a9","mode":"bus","arr":["118"],"angle":69.3,"extra":1,"ei":3}},{"type":"Feature","geometry":{"type":"Point","coordinates":[10.133033,56.314152]},"properties":{"lines":"118","color":"#0059a9","mode":"bus","arr":["118"],"angle":63.9,"extra":1,"ei":4}},{"type":"Feature","geometry":{"type":"Point","coordinates":[10.131541,56.315847]},"properties":{"lines":"118","color":"#0059a9","mode":"bus","arr":["118"],"angle":63.5,"extra":1,"ei":5}},{"type":"Feature","geometry":{"type":"Point","coordinates":[10.128535,56.319228]},"properties":{"lines":"118","color":"#0059a9","mode":"bus","arr":["118"],"angle":63.6,"extra":1,"ei":6}},{"type":"Feature","geometry":{"type":"Point","coordinates":[10.127038,56.320921]},"properties":{"lines":"118","color":"#0059a9","mode":"bus","arr":["118"],"angle":63.8,"extra":1,"ei":7}},{"type":"Feature","geometry":{"type":"Point","coordinates":[10.125545,56.322615]},"properties":{"lines":"118","color":"#0059a9","mode":"bus","arr":["118"],"angle":63.3,"extra":1,"ei":8}},{"type":"Feature","geometry":{"type":"Point","coordinates":[10.123916,56.324267]},"properties":{"lines":"118","color":"#0059a9","mode":"bus","arr":["118"],"angle":57.3,"extra":1,"ei":9}},{"type":"Feature","geometry":{"type":"Point","coordinates":[10.122409,56.325948]},"properties":{"lines":"118","color":"#0059a9","mode":"bus","arr":["118"],"angle":72,"extra":1,"ei":10}},{"type":"Feature","geometry":{"type":"Point","coordinates":[10.121599,56.32778]},"properties":{"lines":"118","color":"#0059a9","mode":"bus","arr":["118"],"angle":72.2,"extra":1,"ei":11}},{"type":"Feature","geometry":{"type":"Point","coordinates":[10.120304,56.329522]},"properties":{"lines":"118","color":"#0059a9","mode":"bus","arr":["118"],"angle":66,"extra":1,"ei":12}},{"type":"Feature","geometry":{"type":"Point","coordinates":[10.048383,56.401179]},"properties":{"lines":"118","color":"#0059a9","mode":"bus","arr":["118"],"angle":-68.3}},{"type":"Feature","geometry":{"type":"Point","coordinates":[10.061976,56.414829]},"properties":{"lines":"118","color":"#0059a9","mode":"bus","arr":["118"],"angle":57.8,"mi":3}},{"type":"Feature","geometry":{"type":"Point","coordinates":[10.059944,56.419103]},"properties":{"lines":"118","color":"#0059a9","mode":"bus","arr":["118"],"angle":75.1,"mi":2}},{"type":"Feature","geometry":{"type":"Point","coordinates":[10.043649,56.392109]},"properties":{"lines":"118","color":"#0059a9","mode":"bus","arr":["118"],"angle":-74.2,"extra":1,"ei":0}},{"type":"Feature","geometry":{"type":"Point","coordinates":[10.044565,56.393927]},"properties":{"lines":"118","color":"#0059a9","mode":"bus","arr":["118"],"angle":-74.3,"extra":1,"ei":1}},{"type":"Feature","geometry":{"type":"Point","coordinates":[10.04548,56.395744]},"properties":{"lines":"118","color":"#0059a9","mode":"bus","arr":["118"],"angle":-74.3,"extra":1,"ei":2}},{"type":"Feature","geometry":{"type":"Point","coordinates":[10.046396,56.397562]},"properties":{"lines":"118","color":"#0059a9","mode":"bus","arr":["118"],"angle":-74.2,"extra":1,"ei":3}},{"type":"Feature","geometry":{"type":"Point","coordinates":[10.047312,56.39938]},"properties":{"lines":"118","color":"#0059a9","mode":"bus","arr":["118"],"angle":-74.3,"extra":1,"ei":4}},{"type":"Feature","geometry":{"type":"Point","coordinates":[10.049631,56.402924]},"properties":{"lines":"118","color":"#0059a9","mode":"bus","arr":["118"],"angle":-68.1,"extra":1,"ei":5}},{"type":"Feature","geometry":{"type":"Point","coordinates":[10.05093,56.404666]},"properties":{"lines":"118","color":"#0059a9","mode":"bus","arr":["118"],"angle":-62.6,"extra":1,"ei":6}},{"type":"Feature","geometry":{"type":"Point","coordinates":[10.052858,56.40621]},"properties":{"lines":"118","color":"#0059a9","mode":"bus","arr":["118"],"angle":-47.7,"extra":1,"ei":7}},{"type":"Feature","geometry":{"type":"Point","coordinates":[10.055186,56.407577]},"properties":{"lines":"118","color":"#0059a9","mode":"bus","arr":["118"],"angle":-46.4,"extra":1,"ei":8}},{"type":"Feature","geometry":{"type":"Point","coordinates":[10.057519,56.408942]},"properties":{"lines":"118","color":"#0059a9","mode":"bus","arr":["118"],"angle":-46.3,"extra":1,"ei":9}},{"type":"Feature","geometry":{"type":"Point","coordinates":[10.058391,56.422431]},"properties":{"lines":"118","color":"#0059a9","mode":"bus","arr":["118"],"angle":75.3,"extra":1,"ei":0}},{"type":"Feature","geometry":{"type":"Point","coordinates":[10.059233,56.420602]},"properties":{"lines":"118","color":"#0059a9","mode":"bus","arr":["118"],"angle":75.4,"extra":1,"ei":1}},{"type":"Feature","geometry":{"type":"Point","coordinates":[10.060967,56.416951]},"properties":{"lines":"118","color":"#0059a9","mode":"bus","arr":["118"],"angle":75.1,"extra":1,"ei":2}},{"type":"Feature","geometry":{"type":"Point","coordinates":[10.05989,56.410312]},"properties":{"lines":"118","color":"#0059a9","mode":"bus","arr":["118"],"angle":-46.4,"extra":1,"ei":0}},{"type":"Feature","geometry":{"type":"Point","coordinates":[10.061744,56.411869]},"properties":{"lines":"118","color":"#0059a9","mode":"bus","arr":["118"],"angle":-70,"extra":1,"ei":1}},{"type":"Feature","geometry":{"type":"Point","coordinates":[10.047031,56.446335]},"properties":{"lines":"118","color":"#0059a9","mode":"bus","arr":["118"],"angle":75.1}},{"type":"Feature","geometry":{"type":"Point","coordinates":[10.052332,56.435124]},"properties":{"lines":"118","color":"#0059a9","mode":"bus","arr":["118"],"angle":-10.7,"mi":4}},{"type":"Feature","geometry":{"type":"Point","coordinates":[10.054592,56.430014]},"properties":{"lines":"118","color":"#0059a9","mode":"bus","arr":["118"],"angle":74.6,"side":-1,"mi":1}},{"type":"Feature","geometry":{"type":"Point","coordinates":[10.056875,56.425558]},"properties":{"lines":"118","color":"#0059a9","mode":"bus","arr":["118"],"angle":75}},{"type":"Feature","geometry":{"type":"Point","coordinates":[10.057499,56.424252]},"properties":{"lines":"118","color":"#0059a9","mode":"bus","arr":["118"],"angle":75,"extra":1,"ei":0}},{"type":"Feature","geometry":{"type":"Point","coordinates":[10.040124,56.456199]},"properties":{"lines":"118","color":"#0059a9","mode":"bus","arr":["118"],"angle":60.5,"extra":1,"ei":0}},{"type":"Feature","geometry":{"type":"Point","coordinates":[10.041581,56.454496]},"properties":{"lines":"118","color":"#0059a9","mode":"bus","arr":["118"],"angle":65.9,"extra":1,"ei":1}},{"type":"Feature","geometry":{"type":"Point","coordinates":[10.043085,56.452807]},"properties":{"lines":"118","color":"#0059a9","mode":"bus","arr":["118"],"angle":61.2,"extra":1,"ei":2}},{"type":"Feature","geometry":{"type":"Point","coordinates":[10.044744,56.451163]},"properties":{"lines":"118","color":"#0059a9","mode":"bus","arr":["118"],"angle":62.4,"extra":1,"ei":3}},{"type":"Feature","geometry":{"type":"Point","coordinates":[10.045901,56.449393]},"properties":{"lines":"118","color":"#0059a9","mode":"bus","arr":["118"],"angle":75.8,"extra":1,"ei":4}},{"type":"Feature","geometry":{"type":"Point","coordinates":[10.046489,56.447505]},"properties":{"lines":"118","color":"#0059a9","mode":"bus","arr":["118"],"angle":76.4,"extra":1,"ei":0}},{"type":"Feature","geometry":{"type":"Point","coordinates":[10.048211,56.443853]},"properties":{"lines":"118","color":"#0059a9","mode":"bus","arr":["118"],"angle":75.3,"extra":1,"ei":1}},{"type":"Feature","geometry":{"type":"Point","coordinates":[10.049052,56.442024]},"properties":{"lines":"118","color":"#0059a9","mode":"bus","arr":["118"],"angle":76,"extra":1,"ei":2}},{"type":"Feature","geometry":{"type":"Point","coordinates":[10.049916,56.440199]},"properties":{"lines":"118","color":"#0059a9","mode":"bus","arr":["118"],"angle":75.1,"extra":1,"ei":3}},{"type":"Feature","geometry":{"type":"Point","coordinates":[10.050804,56.438377]},"properties":{"lines":"118","color":"#0059a9","mode":"bus","arr":["118"],"angle":73.8,"extra":1,"ei":4}},{"type":"Feature","geometry":{"type":"Point","coordinates":[10.051659,56.43655]},"properties":{"lines":"118","color":"#0059a9","mode":"bus","arr":["118"],"angle":75.9,"extra":1,"ei":5}},{"type":"Feature","geometry":{"type":"Point","coordinates":[10.055455,56.428698]},"properties":{"lines":"118","color":"#0059a9","mode":"bus","arr":["118"],"angle":76.9,"extra":1,"ei":0}},{"type":"Feature","geometry":{"type":"Point","coordinates":[10.054034,56.431374]},"properties":{"lines":"118","color":"#0059a9","mode":"bus","arr":["118"],"angle":81.4,"extra":1,"ei":0,"side":-1}},{"type":"Feature","geometry":{"type":"Point","coordinates":[10.053358,56.43322]},"properties":{"lines":"118","color":"#0059a9","mode":"bus","arr":["118"],"angle":76.8,"extra":1,"ei":0}},{"type":"Feature","geometry":{"type":"Point","coordinates":[10.040437,56.457379]},"properties":{"lines":"118","color":"#0059a9","mode":"bus","arr":["118"],"angle":-44,"side":-1}},{"type":"Feature","geometry":{"type":"Point","coordinates":[10.040776,56.458077]},"properties":{"lines":"118","color":"#0059a9","mode":"bus","arr":["118"],"angle":23.5,"mi":1}},{"type":"Feature","geometry":{"type":"Point","coordinates":[10.040216,56.458188]},"properties":{"lines":"118","color":"#0059a9","mode":"bus","arr":["118"],"angle":-4.8,"mi":2}},{"type":"Feature","geometry":{"type":"Point","coordinates":[10.039652,56.457211]},"properties":{"lines":"118","color":"#0059a9","mode":"bus","arr":["118"],"angle":-30.3,"mi":3}},{"type":"Feature","geometry":{"type":"Point","coordinates":[10.478442,56.300756]},"properties":{"lines":"121","color":"#0059a9","mode":"bus","arr":["121"],"angle":28.4,"mi":1}},{"type":"Feature","geometry":{"type":"Point","coordinates":[10.486471,56.212077]},"properties":{"lines":"121","color":"#0059a9","mode":"bus","arr":["121"],"angle":-30.3,"mi":1}},{"type":"Feature","geometry":{"type":"Point","coordinates":[10.478691,56.300365]},"properties":{"lines":"121, 123","color":"#0059a9","mode":"bus","arr":["121","123"],"angle":-75.1}},{"type":"Feature","geometry":{"type":"Point","coordinates":[10.480333,56.299796]},"properties":{"lines":"121, 123","color":"#0059a9","mode":"bus","arr":["121","123"],"angle":20.4,"mi":2}},{"type":"Feature","geometry":{"type":"Point","coordinates":[10.487049,56.281127]},"properties":{"lines":"121, 123","color":"#0059a9","mode":"bus","arr":["121","123"],"angle":73.6}},{"type":"Feature","geometry":{"type":"Point","coordinates":[10.482047,56.2985]},"properties":{"lines":"121, 123","color":"#0059a9","mode":"bus","arr":["121","123"],"angle":89.2,"extra":1,"ei":0}},{"type":"Feature","geometry":{"type":"Point","coordinates":[10.482218,56.296614]},"properties":{"lines":"121, 123","color":"#0059a9","mode":"bus","arr":["121","123"],"angle":87.2,"extra":1,"ei":1}},{"type":"Feature","geometry":{"type":"Point","coordinates":[10.481903,56.294761]},"properties":{"lines":"121, 123","color":"#0059a9","mode":"bus","arr":["121","123"],"angle":-70.8,"extra":1,"ei":2}},{"type":"Feature","geometry":{"type":"Point","coordinates":[10.480825,56.292972]},"properties":{"lines":"121, 123","color":"#0059a9","mode":"bus","arr":["121","123"],"angle":-74.2,"extra":1,"ei":3}},{"type":"Feature","geometry":{"type":"Point","coordinates":[10.481284,56.291153]},"properties":{"lines":"121, 123","color":"#0059a9","mode":"bus","arr":["121","123"],"angle":71,"extra":1,"ei":4}},{"type":"Feature","geometry":{"type":"Point","coordinates":[10.481363,56.289284]},"properties":{"lines":"121, 123","color":"#0059a9","mode":"bus","arr":["121","123"],"angle":-81.6,"extra":1,"ei":5}},{"type":"Feature","geometry":{"type":"Point","coordinates":[10.480499,56.287461]},"properties":{"lines":"121, 123","color":"#0059a9","mode":"bus","arr":["121","123"],"angle":-77.9,"extra":1,"ei":6}},{"type":"Feature","geometry":{"type":"Point","coordinates":[10.479747,56.285621]},"properties":{"lines":"121, 123","color":"#0059a9","mode":"bus","arr":["121","123"],"angle":-81.9,"extra":1,"ei":7}},{"type":"Feature","geometry":{"type":"Point","coordinates":[10.480049,56.283784]},"properties":{"lines":"121, 123","color":"#0059a9","mode":"bus","arr":["121","123"],"angle":49,"extra":1,"ei":8}},{"type":"Feature","geometry":{"type":"Point","coordinates":[10.483175,56.283116]},"properties":{"lines":"121, 123","color":"#0059a9","mode":"bus","arr":["121","123"],"angle":17.5,"extra":1,"ei":9}},{"type":"Feature","geometry":{"type":"Point","coordinates":[10.486097,56.282218]},"properties":{"lines":"121, 123","color":"#0059a9","mode":"bus","arr":["121","123"],"angle":46.5,"extra":1,"ei":10}},{"type":"Feature","geometry":{"type":"Point","coordinates":[10.489182,56.278939]},"properties":{"lines":"121, 123","color":"#0059a9","mode":"bus","arr":["121","123"],"angle":44,"extra":1,"ei":11}},{"type":"Feature","geometry":{"type":"Point","coordinates":[10.492268,56.278274]},"properties":{"lines":"121, 123","color":"#0059a9","mode":"bus","arr":["121","123"],"angle":13.4,"extra":1,"ei":12}},{"type":"Feature","geometry":{"type":"Point","coordinates":[10.495521,56.277772]},"properties":{"lines":"121, 123","color":"#0059a9","mode":"bus","arr":["121","123"],"angle":19.2,"extra":1,"ei":13}},{"type":"Feature","geometry":{"type":"Point","coordinates":[10.498652,56.277069]},"properties":{"lines":"121, 123","color":"#0059a9","mode":"bus","arr":["121","123"],"angle":23,"extra":1,"ei":14}},{"type":"Feature","geometry":{"type":"Point","coordinates":[10.501914,56.276598]},"properties":{"lines":"121, 123","color":"#0059a9","mode":"bus","arr":["121","123"],"angle":12.3,"extra":1,"ei":15}},{"type":"Feature","geometry":{"type":"Point","coordinates":[10.505235,56.276264]},"properties":{"lines":"121, 123","color":"#0059a9","mode":"bus","arr":["121","123"],"angle":8.5,"extra":1,"ei":16}},{"type":"Feature","geometry":{"type":"Point","coordinates":[10.508467,56.275789]},"properties":{"lines":"121, 123","color":"#0059a9","mode":"bus","arr":["121","123"],"angle":32.3,"extra":1,"ei":17}},{"type":"Feature","geometry":{"type":"Point","coordinates":[10.51096,56.274525]},"properties":{"lines":"121, 123","color":"#0059a9","mode":"bus","arr":["121","123"],"angle":48,"extra":1,"ei":18}},{"type":"Feature","geometry":{"type":"Point","coordinates":[10.513004,56.273035]},"properties":{"lines":"121, 123","color":"#0059a9","mode":"bus","arr":["121","123"],"angle":64.3,"extra":1,"ei":19}},{"type":"Feature","geometry":{"type":"Point","coordinates":[10.514325,56.271298]},"properties":{"lines":"121, 123","color":"#0059a9","mode":"bus","arr":["121","123"],"angle":65.6,"extra":1,"ei":20}},{"type":"Feature","geometry":{"type":"Point","coordinates":[10.513788,56.268317]},"properties":{"lines":"121","color":"#0059a9","mode":"bus","arr":["121"],"angle":86.9}},{"type":"Feature","geometry":{"type":"Point","coordinates":[10.511612,56.264583]},"properties":{"lines":"121","color":"#0059a9","mode":"bus","arr":["121"],"angle":-52.7,"mi":1}},{"type":"Feature","geometry":{"type":"Point","coordinates":[10.510513,56.263377]},"properties":{"lines":"121","color":"#0059a9","mode":"bus","arr":["121"],"angle":-78.8,"extra":1,"ei":0}},{"type":"Feature","geometry":{"type":"Point","coordinates":[10.503405,56.254674]},"properties":{"lines":"121","color":"#0059a9","mode":"bus","arr":["121"],"angle":-49.1}},{"type":"Feature","geometry":{"type":"Point","coordinates":[10.509914,56.26167]},"properties":{"lines":"121","color":"#0059a9","mode":"bus","arr":["121"],"angle":-81.1,"extra":1,"ei":0}},{"type":"Feature","geometry":{"type":"Point","coordinates":[10.509051,56.259845]},"properties":{"lines":"121","color":"#0059a9","mode":"bus","arr":["121"],"angle":-74.1,"extra":1,"ei":1}},{"type":"Feature","geometry":{"type":"Point","coordinates":[10.507633,56.258142]},"properties":{"lines":"121","color":"#0059a9","mode":"bus","arr":["121"],"angle":-59.2,"extra":1,"ei":2}},{"type":"Feature","geometry":{"type":"Point","coordinates":[10.505899,56.256522]},"properties":{"lines":"121","color":"#0059a9","mode":"bus","arr":["121"],"angle":-59,"extra":1,"ei":3}},{"type":"Feature","geometry":{"type":"Point","coordinates":[10.501895,56.253493]},"properties":{"lines":"121","color":"#0059a9","mode":"bus","arr":["121"],"angle":-58,"extra":1,"ei":4}},{"type":"Feature","geometry":{"type":"Point","coordinates":[10.50005,56.251912]},"properties":{"lines":"121","color":"#0059a9","mode":"bus","arr":["121"],"angle":-52.6,"extra":1,"ei":5}},{"type":"Feature","geometry":{"type":"Point","coordinates":[10.497862,56.250474]},"properties":{"lines":"121","color":"#0059a9","mode":"bus","arr":["121"],"angle":-50.7,"extra":1,"ei":6}},{"type":"Feature","geometry":{"type":"Point","coordinates":[10.496598,56.248743]},"properties":{"lines":"121","color":"#0059a9","mode":"bus","arr":["121"],"angle":-61,"extra":1,"ei":7}},{"type":"Feature","geometry":{"type":"Point","coordinates":[10.493721,56.244367]},"properties":{"lines":"121","color":"#0059a9","mode":"bus","arr":["121"],"angle":-76.3}},{"type":"Feature","geometry":{"type":"Point","coordinates":[10.492647,56.242412]},"properties":{"lines":"121","color":"#0059a9","mode":"bus","arr":["121"],"angle":-86.6,"extra":1,"ei":0}},{"type":"Feature","geometry":{"type":"Point","coordinates":[10.494443,56.246021]},"properties":{"lines":"121","color":"#0059a9","mode":"bus","arr":["121"],"angle":-66.9,"extra":1,"ei":1}},{"type":"Feature","geometry":{"type":"Point","coordinates":[10.488675,56.229646]},"properties":{"lines":"121","color":"#0059a9","mode":"bus","arr":["121"],"angle":-87.1}},{"type":"Feature","geometry":{"type":"Point","coordinates":[10.493242,56.240566]},"properties":{"lines":"121","color":"#0059a9","mode":"bus","arr":["121"],"angle":80.4,"extra":1,"ei":0}},{"type":"Feature","geometry":{"type":"Point","coordinates":[10.493019,56.238755]},"properties":{"lines":"121","color":"#0059a9","mode":"bus","arr":["121"],"angle":-52.9,"extra":1,"ei":1}},{"type":"Feature","geometry":{"type":"Point","coordinates":[10.491552,56.237091]},"properties":{"lines":"121","color":"#0059a9","mode":"bus","arr":["121"],"angle":-75,"extra":1,"ei":2}},{"type":"Feature","geometry":{"type":"Point","coordinates":[10.490683,56.235266]},"properties":{"lines":"121","color":"#0059a9","mode":"bus","arr":["121"],"angle":-75.3,"extra":1,"ei":3}},{"type":"Feature","geometry":{"type":"Point","coordinates":[10.489841,56.233438]},"properties":{"lines":"121","color":"#0059a9","mode":"bus","arr":["121"],"angle":-75.5,"extra":1,"ei":4}},{"type":"Feature","geometry":{"type":"Point","coordinates":[10.488998,56.231609]},"properties":{"lines":"121","color":"#0059a9","mode":"bus","arr":["121"],"angle":-77,"extra":1,"ei":5}},{"type":"Feature","geometry":{"type":"Point","coordinates":[10.48852,56.227845]},"properties":{"lines":"121","color":"#0059a9","mode":"bus","arr":["121"],"angle":-87.3,"extra":1,"ei":6}},{"type":"Feature","geometry":{"type":"Point","coordinates":[10.488357,56.225959]},"properties":{"lines":"121","color":"#0059a9","mode":"bus","arr":["121"],"angle":-87.2,"extra":1,"ei":7}},{"type":"Feature","geometry":{"type":"Point","coordinates":[10.488181,56.224073]},"properties":{"lines":"121","color":"#0059a9","mode":"bus","arr":["121"],"angle":-83.5,"extra":1,"ei":8}},{"type":"Feature","geometry":{"type":"Point","coordinates":[10.487573,56.222216]},"properties":{"lines":"121","color":"#0059a9","mode":"bus","arr":["121"],"angle":-79.3,"extra":1,"ei":9}},{"type":"Feature","geometry":{"type":"Point","coordinates":[10.487012,56.220354]},"properties":{"lines":"121","color":"#0059a9","mode":"bus","arr":["121"],"angle":-80.6,"extra":1,"ei":10}},{"type":"Feature","geometry":{"type":"Point","coordinates":[10.486484,56.218488]},"properties":{"lines":"121","color":"#0059a9","mode":"bus","arr":["121"],"angle":-83.9,"extra":1,"ei":11}},{"type":"Feature","geometry":{"type":"Point","coordinates":[10.487664,56.214982]},"properties":{"lines":"121","color":"#0059a9","mode":"bus","arr":["121"],"angle":-79.3,"mi":3}},{"type":"Feature","geometry":{"type":"Point","coordinates":[10.485414,56.21123]},"properties":{"lines":"121","color":"#0059a9","mode":"bus","arr":["121"],"angle":-72.6,"mi":2}},{"type":"Feature","geometry":{"type":"Point","coordinates":[10.486595,56.216444]},"properties":{"lines":"121","color":"#0059a9","mode":"bus","arr":["121"],"angle":-78.5,"extra":1,"ei":0}},{"type":"Feature","geometry":{"type":"Point","coordinates":[10.486702,56.213091]},"properties":{"lines":"121","color":"#0059a9","mode":"bus","arr":["121"],"angle":-65.6,"extra":1,"ei":1}},{"type":"Feature","geometry":{"type":"Point","coordinates":[10.486451,56.212371]},"properties":{"lines":"121","color":"#0059a9","mode":"bus","arr":["121"],"angle":9.4,"side":-1}},{"type":"Feature","geometry":{"type":"Point","coordinates":[10.476478,56.2037]},"properties":{"lines":"121","color":"#0059a9","mode":"bus","arr":["121"],"angle":-41.8}},{"type":"Feature","geometry":{"type":"Point","coordinates":[10.484447,56.209497]},"properties":{"lines":"121","color":"#0059a9","mode":"bus","arr":["121"],"angle":-72.9,"extra":1,"ei":0}},{"type":"Feature","geometry":{"type":"Point","coordinates":[10.483048,56.207811]},"properties":{"lines":"121","color":"#0059a9","mode":"bus","arr":["121"],"angle":-45,"extra":1,"ei":1}},{"type":"Feature","geometry":{"type":"Point","coordinates":[10.48064,56.206489]},"properties":{"lines":"121","color":"#0059a9","mode":"bus","arr":["121"],"angle":-45.2,"extra":1,"ei":2}},{"type":"Feature","geometry":{"type":"Point","coordinates":[10.478522,56.20502]},"properties":{"lines":"121","color":"#0059a9","mode":"bus","arr":["121"],"angle":-55.1,"extra":1,"ei":3}},{"type":"Feature","geometry":{"type":"Point","coordinates":[10.473161,56.202991]},"properties":{"lines":"121","color":"#0059a9","mode":"bus","arr":["121"],"angle":-15.6,"extra":1,"ei":4}},{"type":"Feature","geometry":{"type":"Point","coordinates":[10.47038,56.201966]},"properties":{"lines":"121","color":"#0059a9","mode":"bus","arr":["121"],"angle":-49.4,"extra":1,"ei":5}},{"type":"Feature","geometry":{"type":"Point","coordinates":[10.468322,56.200469]},"properties":{"lines":"121","color":"#0059a9","mode":"bus","arr":["121"],"angle":-50.6,"extra":1,"ei":6}},{"type":"Feature","geometry":{"type":"Point","coordinates":[10.46598,56.199111]},"properties":{"lines":"121","color":"#0059a9","mode":"bus","arr":["121"],"angle":-43.7,"extra":1,"ei":7}},{"type":"Feature","geometry":{"type":"Point","coordinates":[10.483133,56.19508]},"properties":{"lines":"121","color":"#0059a9","mode":"bus","arr":["121"],"angle":12.7}},{"type":"Feature","geometry":{"type":"Point","coordinates":[10.500636,56.193268]},"properties":{"lines":"121","color":"#0059a9","mode":"bus","arr":["121"],"angle":14.9,"extra":1,"ei":0}},{"type":"Feature","geometry":{"type":"Point","coordinates":[10.497398,56.19377]},"properties":{"lines":"121","color":"#0059a9","mode":"bus","arr":["121"],"angle":27.2,"extra":1,"ei":1}},{"type":"Feature","geometry":{"type":"Point","coordinates":[10.494209,56.194107]},"properties":{"lines":"121","color":"#0059a9","mode":"bus","arr":["121"],"angle":4.3,"extra":1,"ei":2}},{"type":"Feature","geometry":{"type":"Point","coordinates":[10.490968,56.194529]},"properties":{"lines":"121","color":"#0059a9","mode":"bus","arr":["121"],"angle":-7.3,"extra":1,"ei":3}},{"type":"Feature","geometry":{"type":"Point","coordinates":[10.487633,56.194598]},"properties":{"lines":"121","color":"#0059a9","mode":"bus","arr":["121"],"angle":5.8,"extra":1,"ei":4}},{"type":"Feature","geometry":{"type":"Point","coordinates":[10.477823,56.195744]},"properties":{"lines":"121","color":"#0059a9","mode":"bus","arr":["121"],"angle":13,"extra":1,"ei":5}},{"type":"Feature","geometry":{"type":"Point","coordinates":[10.474506,56.196091]},"properties":{"lines":"121","color":"#0059a9","mode":"bus","arr":["121"],"angle":9.3,"extra":1,"ei":6}},{"type":"Feature","geometry":{"type":"Point","coordinates":[10.471175,56.196394]},"properties":{"lines":"121","color":"#0059a9","mode":"bus","arr":["121"],"angle":9.3,"extra":1,"ei":7}},{"type":"Feature","geometry":{"type":"Point","coordinates":[10.46833,56.197151]},"properties":{"lines":"121","color":"#0059a9","mode":"bus","arr":["121"],"angle":66.1,"extra":1,"ei":8}},{"type":"Feature","geometry":{"type":"Point","coordinates":[10.465852,56.198334]},"properties":{"lines":"121","color":"#0059a9","mode":"bus","arr":["121"],"angle":32.8,"extra":1,"ei":9}},{"type":"Feature","geometry":{"type":"Point","coordinates":[10.497103,56.189817]},"properties":{"lines":"121","color":"#0059a9","mode":"bus","arr":["121"],"angle":-29.9,"mi":4}},{"type":"Feature","geometry":{"type":"Point","coordinates":[10.501389,56.192165]},"properties":{"lines":"121","color":"#0059a9","mode":"bus","arr":["121"],"angle":-54.2,"extra":1,"ei":0}},{"type":"Feature","geometry":{"type":"Point","coordinates":[10.499398,56.190641]},"properties":{"lines":"121","color":"#0059a9","mode":"bus","arr":["121"],"angle":-49.1,"extra":1,"ei":1}},{"type":"Feature","geometry":{"type":"Point","coordinates":[10.493673,56.188661]},"properties":{"lines":"121","color":"#0059a9","mode":"bus","arr":["121"],"angle":-34,"extra":1,"ei":2}},{"type":"Feature","geometry":{"type":"Point","coordinates":[10.49138,56.18731]},"properties":{"lines":"121","color":"#0059a9","mode":"bus","arr":["121"],"angle":-55.1,"extra":1,"ei":3}},{"type":"Feature","geometry":{"type":"Point","coordinates":[10.48881,56.18494]},"properties":{"lines":"121","color":"#0059a9","mode":"bus","arr":["121"],"angle":-74.3,"mi":3}},{"type":"Feature","geometry":{"type":"Point","coordinates":[10.49028,56.186322]},"properties":{"lines":"121","color":"#0059a9","mode":"bus","arr":["121"],"angle":-76.3,"extra":1,"ei":0}},{"type":"Feature","geometry":{"type":"Point","coordinates":[10.490884,56.184016]},"properties":{"lines":"121","color":"#0059a9","mode":"bus","arr":["121"],"angle":0.4,"extra":1,"ei":1}},{"type":"Feature","geometry":{"type":"Point","coordinates":[10.500189,56.179883]},"properties":{"lines":"121","color":"#0059a9","mode":"bus","arr":["121"],"angle":83.1,"mi":1}},{"type":"Feature","geometry":{"type":"Point","coordinates":[10.493139,56.183391]},"properties":{"lines":"121","color":"#0059a9","mode":"bus","arr":["121"],"angle":34.3,"extra":1,"ei":0}},{"type":"Feature","geometry":{"type":"Point","coordinates":[10.495919,56.18232]},"properties":{"lines":"121","color":"#0059a9","mode":"bus","arr":["121"],"angle":34.3,"extra":1,"ei":1}},{"type":"Feature","geometry":{"type":"Point","coordinates":[10.498695,56.181245]},"properties":{"lines":"121","color":"#0059a9","mode":"bus","arr":["121"],"angle":35.2,"extra":1,"ei":2}},{"type":"Feature","geometry":{"type":"Point","coordinates":[10.501719,56.178428]},"properties":{"lines":"121","color":"#0059a9","mode":"bus","arr":["121"],"angle":3.1,"extra":1,"ei":3}},{"type":"Feature","geometry":{"type":"Point","coordinates":[10.505089,56.178326]},"properties":{"lines":"121","color":"#0059a9","mode":"bus","arr":["121"],"angle":2.4,"extra":1,"ei":4}},{"type":"Feature","geometry":{"type":"Point","coordinates":[10.508414,56.178608]},"properties":{"lines":"121","color":"#0059a9","mode":"bus","arr":["121"],"angle":-9.8,"extra":1,"ei":5}},{"type":"Feature","geometry":{"type":"Point","coordinates":[10.509906,56.17812]},"properties":{"lines":"121","color":"#0059a9","mode":"bus","arr":["121"],"angle":56.6}},{"type":"Feature","geometry":{"type":"Point","coordinates":[10.521123,56.173372]},"properties":{"lines":"121","color":"#0059a9","mode":"bus","arr":["121"],"angle":39.6,"mi":2}},{"type":"Feature","geometry":{"type":"Point","coordinates":[10.512234,56.177235]},"properties":{"lines":"121","color":"#0059a9","mode":"bus","arr":["121"],"angle":43.5,"extra":1,"ei":0}},{"type":"Feature","geometry":{"type":"Point","coordinates":[10.514569,56.175886]},"properties":{"lines":"121","color":"#0059a9","mode":"bus","arr":["121"],"angle":36.2,"extra":1,"ei":1}},{"type":"Feature","geometry":{"type":"Point","coordinates":[10.517564,56.175034]},"properties":{"lines":"121","color":"#0059a9","mode":"bus","arr":["121"],"angle":27.2,"extra":1,"ei":2}},{"type":"Feature","geometry":{"type":"Point","coordinates":[10.525229,56.171512]},"properties":{"lines":"121","color":"#0059a9","mode":"bus","arr":["121"],"angle":46.2,"extra":1,"ei":3}},{"type":"Feature","geometry":{"type":"Point","coordinates":[10.527169,56.169972]},"properties":{"lines":"121","color":"#0059a9","mode":"bus","arr":["121"],"angle":59.2,"extra":1,"ei":4}},{"type":"Feature","geometry":{"type":"Point","coordinates":[10.528898,56.16835]},"properties":{"lines":"121","color":"#0059a9","mode":"bus","arr":["121"],"angle":56.8,"extra":1,"ei":5}},{"type":"Feature","geometry":{"type":"Point","coordinates":[10.529895,56.16652]},"properties":{"lines":"121","color":"#0059a9","mode":"bus","arr":["121"],"angle":85.6,"mi":5}},{"type":"Feature","geometry":{"type":"Point","coordinates":[10.52987,56.165117]},"properties":{"lines":"121","color":"#0059a9","mode":"bus","arr":["121"],"angle":-87.7,"extra":1,"ei":0}},{"type":"Feature","geometry":{"type":"Point","coordinates":[10.522778,56.153696]},"properties":{"lines":"121","color":"#0059a9","mode":"bus","arr":["121"],"angle":-83.4}},{"type":"Feature","geometry":{"type":"Point","coordinates":[10.529574,56.164163]},"properties":{"lines":"121","color":"#0059a9","mode":"bus","arr":["121"],"angle":-72.8,"extra":1,"ei":0}},{"type":"Feature","geometry":{"type":"Point","coordinates":[10.528192,56.162454]},"properties":{"lines":"121","color":"#0059a9","mode":"bus","arr":["121"],"angle":-71.8,"extra":1,"ei":1}},{"type":"Feature","geometry":{"type":"Point","coordinates":[10.527168,56.160655]},"properties":{"lines":"121","color":"#0059a9","mode":"bus","arr":["121"],"angle":-78.9,"extra":1,"ei":2}},{"type":"Feature","geometry":{"type":"Point","coordinates":[10.526769,56.158781]},"properties":{"lines":"121","color":"#0059a9","mode":"bus","arr":["121"],"angle":-77.4,"extra":1,"ei":3}},{"type":"Feature","geometry":{"type":"Point","coordinates":[10.525235,56.157136]},"properties":{"lines":"121","color":"#0059a9","mode":"bus","arr":["121"],"angle":-43.1,"extra":1,"ei":4}},{"type":"Feature","geometry":{"type":"Point","coordinates":[10.5232,56.15565]},"properties":{"lines":"121","color":"#0059a9","mode":"bus","arr":["121"],"angle":-66.1,"extra":1,"ei":5}},{"type":"Feature","geometry":{"type":"Point","coordinates":[10.522143,56.151935]},"properties":{"lines":"121","color":"#0059a9","mode":"bus","arr":["121"],"angle":-76.6,"extra":1,"ei":6}},{"type":"Feature","geometry":{"type":"Point","coordinates":[10.521337,56.150101]},"properties":{"lines":"121","color":"#0059a9","mode":"bus","arr":["121"],"angle":-77,"extra":1,"ei":7}},{"type":"Feature","geometry":{"type":"Point","coordinates":[10.520626,56.148255]},"properties":{"lines":"121","color":"#0059a9","mode":"bus","arr":["121"],"angle":-77.5,"extra":1,"ei":8}},{"type":"Feature","geometry":{"type":"Point","coordinates":[10.519793,56.146427]},"properties":{"lines":"121","color":"#0059a9","mode":"bus","arr":["121"],"angle":-69.4,"extra":1,"ei":9}},{"type":"Feature","geometry":{"type":"Point","coordinates":[10.517817,56.144928]},"properties":{"lines":"121","color":"#0059a9","mode":"bus","arr":["121"],"angle":-37.2,"extra":1,"ei":10}},{"type":"Feature","geometry":{"type":"Point","coordinates":[10.515504,56.143618]},"properties":{"lines":"121","color":"#0059a9","mode":"bus","arr":["121"],"angle":-72.9,"extra":1,"ei":11}},{"type":"Feature","geometry":{"type":"Point","coordinates":[10.514707,56.136343]},"properties":{"lines":"121","color":"#0059a9","mode":"bus","arr":["121"],"angle":-74.9}},{"type":"Feature","geometry":{"type":"Point","coordinates":[10.515062,56.141587]},"properties":{"lines":"121","color":"#0059a9","mode":"bus","arr":["121"],"angle":84.3,"extra":1,"ei":0}},{"type":"Feature","geometry":{"type":"Point","coordinates":[10.515549,56.139724]},"properties":{"lines":"121","color":"#0059a9","mode":"bus","arr":["121"],"angle":82.4,"extra":1,"ei":1}},{"type":"Feature","geometry":{"type":"Point","coordinates":[10.515846,56.137851]},"properties":{"lines":"121","color":"#0059a9","mode":"bus","arr":["121"],"angle":-76.9,"extra":1,"ei":2}},{"type":"Feature","geometry":{"type":"Point","coordinates":[10.513545,56.134453]},"properties":{"lines":"121","color":"#0059a9","mode":"bus","arr":["121"],"angle":68.5,"extra":1,"ei":3}},{"type":"Feature","geometry":{"type":"Point","coordinates":[10.513117,56.13283]},"properties":{"lines":"121","color":"#0059a9","mode":"bus","arr":["121"],"angle":-9.4,"extra":1,"ei":4}},{"type":"Feature","geometry":{"type":"Point","coordinates":[10.509795,56.132573]},"properties":{"lines":"121","color":"#0059a9","mode":"bus","arr":["121"],"angle":-9.2,"extra":1,"ei":5}},{"type":"Feature","geometry":{"type":"Point","coordinates":[10.505741,56.125562]},"properties":{"lines":"121","color":"#0059a9","mode":"bus","arr":["121"],"angle":-63.1}},{"type":"Feature","geometry":{"type":"Point","coordinates":[10.508037,56.13175]},"properties":{"lines":"121","color":"#0059a9","mode":"bus","arr":["121"],"angle":-49.5,"extra":1,"ei":0}},{"type":"Feature","geometry":{"type":"Point","coordinates":[10.506231,56.130205]},"properties":{"lines":"121","color":"#0059a9","mode":"bus","arr":["121"],"angle":-77.8,"extra":1,"ei":1}},{"type":"Feature","geometry":{"type":"Point","coordinates":[10.506295,56.128347]},"properties":{"lines":"121","color":"#0059a9","mode":"bus","arr":["121"],"angle":76.8,"extra":1,"ei":2}},{"type":"Feature","geometry":{"type":"Point","coordinates":[10.504807,56.122924]},"properties":{"lines":"121","color":"#0059a9","mode":"bus","arr":["121"],"angle":85.6,"extra":1,"ei":3}},{"type":"Feature","geometry":{"type":"Point","coordinates":[10.505489,56.121078]},"properties":{"lines":"121","color":"#0059a9","mode":"bus","arr":["121"],"angle":78.4,"extra":1,"ei":4}},{"type":"Feature","geometry":{"type":"Point","coordinates":[10.505829,56.119206]},"properties":{"lines":"121","color":"#0059a9","mode":"bus","arr":["121"],"angle":-82.1,"extra":1,"ei":5}},{"type":"Feature","geometry":{"type":"Point","coordinates":[10.5204,56.117764]},"properties":{"lines":"121","color":"#0059a9","mode":"bus","arr":["121"],"angle":-21.1}},{"type":"Feature","geometry":{"type":"Point","coordinates":[10.533421,56.121451]},"properties":{"lines":"121","color":"#0059a9","mode":"bus","arr":["121"],"angle":-28,"extra":1,"ei":0}},{"type":"Feature","geometry":{"type":"Point","coordinates":[10.530451,56.120555]},"properties":{"lines":"121","color":"#0059a9","mode":"bus","arr":["121"],"angle":-31.8,"extra":1,"ei":1}},{"type":"Feature","geometry":{"type":"Point","coordinates":[10.527333,56.1199]},"properties":{"lines":"121","color":"#0059a9","mode":"bus","arr":["121"],"angle":-15.1,"extra":1,"ei":2}},{"type":"Feature","geometry":{"type":"Point","coordinates":[10.52437,56.119016]},"properties":{"lines":"121","color":"#0059a9","mode":"bus","arr":["121"],"angle":-26.1,"extra":1,"ei":3}},{"type":"Feature","geometry":{"type":"Point","coordinates":[10.518355,56.117388]},"properties":{"lines":"121","color":"#0059a9","mode":"bus","arr":["121"],"angle":-7.6,"extra":1,"ei":4}},{"type":"Feature","geometry":{"type":"Point","coordinates":[10.515019,56.117113]},"properties":{"lines":"121","color":"#0059a9","mode":"bus","arr":["121"],"angle":-10.7,"extra":1,"ei":5}},{"type":"Feature","geometry":{"type":"Point","coordinates":[10.511685,56.116833]},"properties":{"lines":"121","color":"#0059a9","mode":"bus","arr":["121"],"angle":-2.9,"extra":1,"ei":6}},{"type":"Feature","geometry":{"type":"Point","coordinates":[10.50832,56.116827]},"properties":{"lines":"121","color":"#0059a9","mode":"bus","arr":["121"],"angle":19.7,"extra":1,"ei":7}},{"type":"Feature","geometry":{"type":"Point","coordinates":[10.505785,56.118017]},"properties":{"lines":"121","color":"#0059a9","mode":"bus","arr":["121"],"angle":29.6,"extra":1,"ei":8}},{"type":"Feature","geometry":{"type":"Point","coordinates":[10.534782,56.129067]},"properties":{"lines":"121","color":"#0059a9","mode":"bus","arr":["121"],"angle":50.7}},{"type":"Feature","geometry":{"type":"Point","coordinates":[10.531014,56.134682]},"properties":{"lines":"121","color":"#0059a9","mode":"bus","arr":["121"],"angle":29.8,"extra":1,"ei":0}},{"type":"Feature","geometry":{"type":"Point","coordinates":[10.532197,56.133056]},"properties":{"lines":"121","color":"#0059a9","mode":"bus","arr":["121"],"angle":83.2,"extra":1,"ei":1}},{"type":"Feature","geometry":{"type":"Point","coordinates":[10.531558,56.131229]},"properties":{"lines":"121","color":"#0059a9","mode":"bus","arr":["121"],"angle":-87.5,"extra":1,"ei":2}},{"type":"Feature","geometry":{"type":"Point","coordinates":[10.534754,56.126501]},"properties":{"lines":"121","color":"#0059a9","mode":"bus","arr":["121"],"angle":-89.9,"extra":1,"ei":3}},{"type":"Feature","geometry":{"type":"Point","coordinates":[10.534549,56.124622]},"properties":{"lines":"121","color":"#0059a9","mode":"bus","arr":["121"],"angle":82.3,"extra":1,"ei":4}},{"type":"Feature","geometry":{"type":"Point","coordinates":[10.535828,56.122907]},"properties":{"lines":"121","color":"#0059a9","mode":"bus","arr":["121"],"angle":-84.6,"extra":1,"ei":5}},{"type":"Feature","geometry":{"type":"Point","coordinates":[10.534805,56.150039]},"properties":{"lines":"121","color":"#0059a9","mode":"bus","arr":["121"],"angle":59.4,"mi":1}},{"type":"Feature","geometry":{"type":"Point","coordinates":[10.530835,56.164317]},"properties":{"lines":"121","color":"#0059a9","mode":"bus","arr":["121"],"angle":53.9,"extra":1,"ei":0}},{"type":"Feature","geometry":{"type":"Point","coordinates":[10.531854,56.162586]},"properties":{"lines":"121","color":"#0059a9","mode":"bus","arr":["121"],"angle":84.7,"extra":1,"ei":1}},{"type":"Feature","geometry":{"type":"Point","coordinates":[10.532709,56.160766]},"properties":{"lines":"121","color":"#0059a9","mode":"bus","arr":["121"],"angle":73.7,"extra":1,"ei":2}},{"type":"Feature","geometry":{"type":"Point","coordinates":[10.533555,56.158939]},"properties":{"lines":"121","color":"#0059a9","mode":"bus","arr":["121"],"angle":73.5,"extra":1,"ei":3}},{"type":"Feature","geometry":{"type":"Point","coordinates":[10.533902,56.157069]},"properties":{"lines":"121","color":"#0059a9","mode":"bus","arr":["121"],"angle":89,"extra":1,"ei":4}},{"type":"Feature","geometry":{"type":"Point","coordinates":[10.53319,56.155233]},"properties":{"lines":"121","color":"#0059a9","mode":"bus","arr":["121"],"angle":-73.8,"extra":1,"ei":5}},{"type":"Feature","geometry":{"type":"Point","coordinates":[10.532515,56.153398]},"properties":{"lines":"121","color":"#0059a9","mode":"bus","arr":["121"],"angle":79.2,"extra":1,"ei":6}},{"type":"Feature","geometry":{"type":"Point","coordinates":[10.533818,56.151661]},"properties":{"lines":"121","color":"#0059a9","mode":"bus","arr":["121"],"angle":72.7,"extra":1,"ei":7}},{"type":"Feature","geometry":{"type":"Point","coordinates":[10.536293,56.148182]},"properties":{"lines":"121","color":"#0059a9","mode":"bus","arr":["121"],"angle":76.3,"extra":1,"ei":8}},{"type":"Feature","geometry":{"type":"Point","coordinates":[10.536657,56.14634]},"properties":{"lines":"121","color":"#0059a9","mode":"bus","arr":["121"],"angle":-80.5,"extra":1,"ei":9}},{"type":"Feature","geometry":{"type":"Point","coordinates":[10.536088,56.144478]},"properties":{"lines":"121","color":"#0059a9","mode":"bus","arr":["121"],"angle":-77.2,"extra":1,"ei":10}},{"type":"Feature","geometry":{"type":"Point","coordinates":[10.534938,56.142704]},"properties":{"lines":"121","color":"#0059a9","mode":"bus","arr":["121"],"angle":-68.3,"extra":1,"ei":11}},{"type":"Feature","geometry":{"type":"Point","coordinates":[10.534246,56.140876]},"properties":{"lines":"121","color":"#0059a9","mode":"bus","arr":["121"],"angle":-86.9,"extra":1,"ei":12}},{"type":"Feature","geometry":{"type":"Point","coordinates":[10.532633,56.139337]},"properties":{"lines":"121","color":"#0059a9","mode":"bus","arr":["121"],"angle":-60.2,"extra":1,"ei":13}},{"type":"Feature","geometry":{"type":"Point","coordinates":[10.531112,56.137652]},"properties":{"lines":"121","color":"#0059a9","mode":"bus","arr":["121"],"angle":-63.5,"extra":1,"ei":14}},{"type":"Feature","geometry":{"type":"Point","coordinates":[10.529928,56.135888]},"properties":{"lines":"121","color":"#0059a9","mode":"bus","arr":["121"],"angle":-76.7,"extra":1,"ei":15}},{"type":"Feature","geometry":{"type":"Point","coordinates":[10.478329,56.301313]},"properties":{"lines":"121, 123","color":"#0059a9","mode":"bus","arr":["121","123"],"angle":-81.8,"mi":1}},{"type":"Feature","geometry":{"type":"Point","coordinates":[10.485624,56.316095]},"properties":{"lines":"121","color":"#0059a9","mode":"bus","arr":["121"],"angle":68.1}},{"type":"Feature","geometry":{"type":"Point","coordinates":[10.4794,56.304948]},"properties":{"lines":"121","color":"#0059a9","mode":"bus","arr":["121"],"angle":-74.2}},{"type":"Feature","geometry":{"type":"Point","coordinates":[10.478256,56.30268]},"properties":{"lines":"121","color":"#0059a9","mode":"bus","arr":["121"],"angle":-86.4,"extra":1,"ei":0}},{"type":"Feature","geometry":{"type":"Point","coordinates":[10.480384,56.306231]},"properties":{"lines":"121","color":"#0059a9","mode":"bus","arr":["121"],"angle":-54.2,"extra":1,"ei":1}},{"type":"Feature","geometry":{"type":"Point","coordinates":[10.482653,56.307623]},"properties":{"lines":"121","color":"#0059a9","mode":"bus","arr":["121"],"angle":-44.4,"extra":1,"ei":2}},{"type":"Feature","geometry":{"type":"Point","coordinates":[10.485107,56.310301]},"properties":{"lines":"121","color":"#0059a9","mode":"bus","arr":["121"],"angle":-69.1,"extra":1,"ei":0}},{"type":"Feature","geometry":{"type":"Point","coordinates":[10.486641,56.311967]},"properties":{"lines":"121","color":"#0059a9","mode":"bus","arr":["121"],"angle":-47.2,"extra":1,"ei":1}},{"type":"Feature","geometry":{"type":"Point","coordinates":[10.487371,56.313544]},"properties":{"lines":"121","color":"#0059a9","mode":"bus","arr":["121"],"angle":69.1,"extra":1,"ei":2}},{"type":"Feature","geometry":{"type":"Point","coordinates":[10.483196,56.318687]},"properties":{"lines":"121","color":"#0059a9","mode":"bus","arr":["121"],"angle":55.7,"extra":1,"ei":3}},{"type":"Feature","geometry":{"type":"Point","coordinates":[10.481198,56.320209]},"properties":{"lines":"121","color":"#0059a9","mode":"bus","arr":["121"],"angle":50.3,"extra":1,"ei":4}},{"type":"Feature","geometry":{"type":"Point","coordinates":[10.478719,56.321484]},"properties":{"lines":"121","color":"#0059a9","mode":"bus","arr":["121"],"angle":48.1,"extra":1,"ei":5}},{"type":"Feature","geometry":{"type":"Point","coordinates":[10.476821,56.323041]},"properties":{"lines":"121","color":"#0059a9","mode":"bus","arr":["121"],"angle":67.1,"extra":1,"ei":6}},{"type":"Feature","geometry":{"type":"Point","coordinates":[10.468986,56.331394]},"properties":{"lines":"121","color":"#0059a9","mode":"bus","arr":["121"],"angle":74.2}},{"type":"Feature","geometry":{"type":"Point","coordinates":[10.476107,56.324632]},"properties":{"lines":"121","color":"#0059a9","mode":"bus","arr":["121"],"angle":43.6,"extra":1,"ei":0}},{"type":"Feature","geometry":{"type":"Point","coordinates":[10.473633,56.325912]},"properties":{"lines":"121","color":"#0059a9","mode":"bus","arr":["121"],"angle":45.7,"extra":1,"ei":1}},{"type":"Feature","geometry":{"type":"Point","coordinates":[10.47202,56.327523]},"properties":{"lines":"121","color":"#0059a9","mode":"bus","arr":["121"],"angle":75.7,"extra":1,"ei":2}},{"type":"Feature","geometry":{"type":"Point","coordinates":[10.470702,56.329232]},"properties":{"lines":"121","color":"#0059a9","mode":"bus","arr":["121"],"angle":63.4,"extra":1,"ei":3}},{"type":"Feature","geometry":{"type":"Point","coordinates":[10.468648,56.332772]},"properties":{"lines":"121","color":"#0059a9","mode":"bus","arr":["121"],"angle":86.4,"extra":1,"ei":4}},{"type":"Feature","geometry":{"type":"Point","coordinates":[10.468338,56.334651]},"properties":{"lines":"121","color":"#0059a9","mode":"bus","arr":["121"],"angle":78.5,"extra":1,"ei":5}},{"type":"Feature","geometry":{"type":"Point","coordinates":[10.467462,56.336473]},"properties":{"lines":"121","color":"#0059a9","mode":"bus","arr":["121"],"angle":69.2,"extra":1,"ei":6}},{"type":"Feature","geometry":{"type":"Point","coordinates":[10.465909,56.338146]},"properties":{"lines":"121","color":"#0059a9","mode":"bus","arr":["121"],"angle":60.9,"extra":1,"ei":7}},{"type":"Feature","geometry":{"type":"Point","coordinates":[10.46431,56.339809]},"properties":{"lines":"121","color":"#0059a9","mode":"bus","arr":["121"],"angle":62.5,"extra":1,"ei":8}},{"type":"Feature","geometry":{"type":"Point","coordinates":[10.460005,56.343402]},"properties":{"lines":"121","color":"#0059a9","mode":"bus","arr":["121"],"angle":30.1}},{"type":"Feature","geometry":{"type":"Point","coordinates":[10.463516,56.340689]},"properties":{"lines":"121","color":"#0059a9","mode":"bus","arr":["121"],"angle":63.4,"extra":1,"ei":0}},{"type":"Feature","geometry":{"type":"Point","coordinates":[10.461687,56.342251]},"properties":{"lines":"121","color":"#0059a9","mode":"bus","arr":["121"],"angle":53.8,"extra":1,"ei":1}},{"type":"Feature","geometry":{"type":"Point","coordinates":[10.456454,56.344306]},"properties":{"lines":"121","color":"#0059a9","mode":"bus","arr":["121"],"angle":1.1,"extra":1,"ei":2}},{"type":"Feature","geometry":{"type":"Point","coordinates":[10.453098,56.3445]},"properties":{"lines":"121","color":"#0059a9","mode":"bus","arr":["121"],"angle":7.3,"extra":1,"ei":3}},{"type":"Feature","geometry":{"type":"Point","coordinates":[10.463503,56.349691]},"properties":{"lines":"121","color":"#0059a9","mode":"bus","arr":["121"],"angle":-28.9,"mi":2}},{"type":"Feature","geometry":{"type":"Point","coordinates":[10.453701,56.34537]},"properties":{"lines":"121","color":"#0059a9","mode":"bus","arr":["121"],"angle":-51.6,"mi":1}},{"type":"Feature","geometry":{"type":"Point","coordinates":[10.4565,56.346792]},"properties":{"lines":"121","color":"#0059a9","mode":"bus","arr":["121"],"angle":-37.1,"extra":1,"ei":0}},{"type":"Feature","geometry":{"type":"Point","coordinates":[10.459191,56.347932]},"properties":{"lines":"121","color":"#0059a9","mode":"bus","arr":["121"],"angle":-37.4,"extra":1,"ei":1}},{"type":"Feature","geometry":{"type":"Point","coordinates":[10.468024,56.350539]},"properties":{"lines":"121","color":"#0059a9","mode":"bus","arr":["121"],"angle":-14.7,"extra":1,"ei":2}},{"type":"Feature","geometry":{"type":"Point","coordinates":[10.471291,56.351013]},"properties":{"lines":"121","color":"#0059a9","mode":"bus","arr":["121"],"angle":-14.3,"extra":1,"ei":3}},{"type":"Feature","geometry":{"type":"Point","coordinates":[10.495115,56.36227]},"properties":{"lines":"121","color":"#0059a9","mode":"bus","arr":["121"],"angle":-73.8}},{"type":"Feature","geometry":{"type":"Point","coordinates":[10.475084,56.351592]},"properties":{"lines":"121","color":"#0059a9","mode":"bus","arr":["121"],"angle":-19.7,"extra":1,"ei":0}},{"type":"Feature","geometry":{"type":"Point","coordinates":[10.478306,56.352149]},"properties":{"lines":"121","color":"#0059a9","mode":"bus","arr":["121"],"angle":-15.1,"extra":1,"ei":1}},{"type":"Feature","geometry":{"type":"Point","coordinates":[10.481463,56.352805]},"properties":{"lines":"121","color":"#0059a9","mode":"bus","arr":["121"],"angle":-24.4,"extra":1,"ei":2}},{"type":"Feature","geometry":{"type":"Point","coordinates":[10.484609,56.353485]},"properties":{"lines":"121","color":"#0059a9","mode":"bus","arr":["121"],"angle":-22.4,"extra":1,"ei":3}},{"type":"Feature","geometry":{"type":"Point","coordinates":[10.48755,56.354407]},"properties":{"lines":"121","color":"#0059a9","mode":"bus","arr":["121"],"angle":-31.7,"extra":1,"ei":4}},{"type":"Feature","geometry":{"type":"Point","coordinates":[10.490395,56.355423]},"properties":{"lines":"121","color":"#0059a9","mode":"bus","arr":["121"],"angle":-35.9,"extra":1,"ei":5}},{"type":"Feature","geometry":{"type":"Point","coordinates":[10.492378,56.356911]},"properties":{"lines":"121","color":"#0059a9","mode":"bus","arr":["121"],"angle":-64.2,"extra":1,"ei":6}},{"type":"Feature","geometry":{"type":"Point","coordinates":[10.493314,56.358716]},"properties":{"lines":"121","color":"#0059a9","mode":"bus","arr":["121"],"angle":-76.8,"extra":1,"ei":7}},{"type":"Feature","geometry":{"type":"Point","coordinates":[10.494215,56.360536]},"properties":{"lines":"121","color":"#0059a9","mode":"bus","arr":["121"],"angle":-73.9,"extra":1,"ei":8}},{"type":"Feature","geometry":{"type":"Point","coordinates":[10.496101,56.364162]},"properties":{"lines":"121","color":"#0059a9","mode":"bus","arr":["121"],"angle":-73.7,"extra":1,"ei":9}},{"type":"Feature","geometry":{"type":"Point","coordinates":[10.497047,56.365975]},"properties":{"lines":"121","color":"#0059a9","mode":"bus","arr":["121"],"angle":-73.6,"extra":1,"ei":10}},{"type":"Feature","geometry":{"type":"Point","coordinates":[10.498013,56.367785]},"properties":{"lines":"121","color":"#0059a9","mode":"bus","arr":["121"],"angle":-73.5,"extra":1,"ei":11}},{"type":"Feature","geometry":{"type":"Point","coordinates":[10.499357,56.369504]},"properties":{"lines":"121","color":"#0059a9","mode":"bus","arr":["121"],"angle":-62.1,"extra":1,"ei":12}},{"type":"Feature","geometry":{"type":"Point","coordinates":[10.500263,56.371316]},"properties":{"lines":"121","color":"#0059a9","mode":"bus","arr":["121"],"angle":-78.5,"extra":1,"ei":13}},{"type":"Feature","geometry":{"type":"Point","coordinates":[10.500952,56.373165]},"properties":{"lines":"121","color":"#0059a9","mode":"bus","arr":["121"],"angle":-77.9,"extra":1,"ei":14}},{"type":"Feature","geometry":{"type":"Point","coordinates":[10.501646,56.375013]},"properties":{"lines":"121","color":"#0059a9","mode":"bus","arr":["121"],"angle":-78.2,"extra":1,"ei":15}},{"type":"Feature","geometry":{"type":"Point","coordinates":[10.502336,56.376862]},"properties":{"lines":"121","color":"#0059a9","mode":"bus","arr":["121"],"angle":-78.4,"extra":1,"ei":16}},{"type":"Feature","geometry":{"type":"Point","coordinates":[10.503319,56.378663]},"properties":{"lines":"121","color":"#0059a9","mode":"bus","arr":["121"],"angle":-69,"extra":1,"ei":17}},{"type":"Feature","geometry":{"type":"Point","coordinates":[10.503959,56.379634]},"properties":{"lines":"121","color":"#0059a9","mode":"bus","arr":["121"],"angle":-69.7}},{"type":"Feature","geometry":{"type":"Point","coordinates":[10.50286,56.380016]},"properties":{"lines":"121","color":"#0059a9","mode":"bus","arr":["121"],"angle":11.2,"mi":1}},{"type":"Feature","geometry":{"type":"Point","coordinates":[10.303393,56.249845]},"properties":{"lines":"123, 925X","color":"#0059a9","mode":"bus","arr":["123","925X"],"angle":-49.3}},{"type":"Feature","geometry":{"type":"Point","coordinates":[10.301825,56.248043]},"properties":{"lines":"123, 925X","color":"#0059a9","mode":"bus","arr":["123","925X"],"angle":89.6,"extra":1,"ei":0}},{"type":"Feature","geometry":{"type":"Point","coordinates":[10.30563,56.251024]},"properties":{"lines":"123, 925X","color":"#0059a9","mode":"bus","arr":["123","925X"],"angle":-41.3,"extra":1,"ei":1,"side":-1}},{"type":"Feature","geometry":{"type":"Point","coordinates":[10.303487,56.250367]},"properties":{"lines":"123, 925X","color":"#0059a9","mode":"bus","arr":["123","925X"],"angle":-36.1,"mi":1}},{"type":"Feature","geometry":{"type":"Point","coordinates":[10.328311,56.266411]},"properties":{"lines":"123, 925X","color":"#0059a9","mode":"bus","arr":["123","925X"],"angle":-69.8}},{"type":"Feature","geometry":{"type":"Point","coordinates":[10.30868,56.252449]},"properties":{"lines":"123, 925X","color":"#0059a9","mode":"bus","arr":["123","925X"],"angle":-36.9,"extra":1,"ei":0,"side":-1}},{"type":"Feature","geometry":{"type":"Point","coordinates":[10.311379,56.253583]},"properties":{"lines":"123, 925X","color":"#0059a9","mode":"bus","arr":["123","925X"],"angle":-37.1,"extra":1,"ei":1,"side":-1}},{"type":"Feature","geometry":{"type":"Point","coordinates":[10.314018,56.25476]},"properties":{"lines":"123, 925X","color":"#0059a9","mode":"bus","arr":["123","925X"],"angle":-40.5,"extra":1,"ei":2,"side":-1}},{"type":"Feature","geometry":{"type":"Point","coordinates":[10.31651,56.256033]},"properties":{"lines":"123, 925X","color":"#0059a9","mode":"bus","arr":["123","925X"],"angle":-44.6,"extra":1,"ei":3,"side":-1}},{"type":"Feature","geometry":{"type":"Point","coordinates":[10.318841,56.257398]},"properties":{"lines":"123, 925X","color":"#0059a9","mode":"bus","arr":["123","925X"],"angle":-48.1,"extra":1,"ei":4,"side":-1}},{"type":"Feature","geometry":{"type":"Point","coordinates":[10.321009,56.258845]},"properties":{"lines":"123, 925X","color":"#0059a9","mode":"bus","arr":["123","925X"],"angle":-51.7,"extra":1,"ei":5,"side":-1}},{"type":"Feature","geometry":{"type":"Point","coordinates":[10.322991,56.260373]},"properties":{"lines":"123, 925X","color":"#0059a9","mode":"bus","arr":["123","925X"],"angle":-55.8,"extra":1,"ei":6,"side":-1}},{"type":"Feature","geometry":{"type":"Point","coordinates":[10.324788,56.261972]},"properties":{"lines":"123, 925X","color":"#0059a9","mode":"bus","arr":["123","925X"],"angle":-59.6,"extra":1,"ei":7,"side":-1}},{"type":"Feature","geometry":{"type":"Point","coordinates":[10.326383,56.263636]},"properties":{"lines":"123, 925X","color":"#0059a9","mode":"bus","arr":["123","925X"],"angle":-64.1,"extra":1,"ei":8,"side":-1}},{"type":"Feature","geometry":{"type":"Point","coordinates":[10.329906,56.268937]},"properties":{"lines":"123, 925X","color":"#0059a9","mode":"bus","arr":["123","925X"],"angle":-74.9,"extra":1,"ei":9,"side":-1}},{"type":"Feature","geometry":{"type":"Point","coordinates":[10.330648,56.270778]},"properties":{"lines":"123, 925X","color":"#0059a9","mode":"bus","arr":["123","925X"],"angle":-79.1,"extra":1,"ei":10,"side":-1}},{"type":"Feature","geometry":{"type":"Point","coordinates":[10.331165,56.272644]},"properties":{"lines":"123, 925X","color":"#0059a9","mode":"bus","arr":["123","925X"],"angle":-82.9,"extra":1,"ei":11,"side":-1}},{"type":"Feature","geometry":{"type":"Point","coordinates":[10.33145,56.274525]},"properties":{"lines":"123, 925X","color":"#0059a9","mode":"bus","arr":["123","925X"],"angle":-87,"extra":1,"ei":12,"side":-1}},{"type":"Feature","geometry":{"type":"Point","coordinates":[10.331515,56.276413]},"properties":{"lines":"123, 925X","color":"#0059a9","mode":"bus","arr":["123","925X"],"angle":89.3,"extra":1,"ei":13}},{"type":"Feature","geometry":{"type":"Point","coordinates":[10.331347,56.278299]},"properties":{"lines":"123, 925X","color":"#0059a9","mode":"bus","arr":["123","925X"],"angle":86.1,"extra":1,"ei":14}},{"type":"Feature","geometry":{"type":"Point","coordinates":[10.331108,56.280183]},"properties":{"lines":"123, 925X","color":"#0059a9","mode":"bus","arr":["123","925X"],"angle":85.7,"extra":1,"ei":15}},{"type":"Feature","geometry":{"type":"Point","coordinates":[10.330911,56.282068]},"properties":{"lines":"123, 925X","color":"#0059a9","mode":"bus","arr":["123","925X"],"angle":87.8,"extra":1,"ei":16}},{"type":"Feature","geometry":{"type":"Point","coordinates":[10.330914,56.283956]},"properties":{"lines":"123, 925X","color":"#0059a9","mode":"bus","arr":["123","925X"],"angle":-88.1,"extra":1,"ei":17,"side":-1}},{"type":"Feature","geometry":{"type":"Point","coordinates":[10.332033,56.288154]},"properties":{"lines":"123","color":"#0059a9","mode":"bus","arr":["123"],"angle":-72.6,"side":-1}},{"type":"Feature","geometry":{"type":"Point","coordinates":[10.331397,56.286605]},"properties":{"lines":"123","color":"#0059a9","mode":"bus","arr":["123"],"angle":-80,"extra":1,"ei":0,"side":-1}},{"type":"Feature","geometry":{"type":"Point","coordinates":[10.333672,56.290122]},"properties":{"lines":"123","color":"#0059a9","mode":"bus","arr":["123"],"angle":-83.5,"extra":1,"ei":1}},{"type":"Feature","geometry":{"type":"Point","coordinates":[10.47829,56.300663]},"properties":{"lines":"123","color":"#0059a9","mode":"bus","arr":["123"],"angle":20.8,"side":-1,"mi":3}},{"type":"Feature","geometry":{"type":"Point","coordinates":[10.682828,56.197227]},"properties":{"lines":"123","color":"#0059a9","mode":"bus","arr":["123"],"angle":-86.2,"mi":1}},{"type":"Feature","geometry":{"type":"Point","coordinates":[10.677837,56.179941]},"properties":{"lines":"123","color":"#0059a9","mode":"bus","arr":["123"],"angle":-56.2}},{"type":"Feature","geometry":{"type":"Point","coordinates":[10.331472,56.287859]},"properties":{"lines":"123","color":"#0059a9","mode":"bus","arr":["123"],"angle":-79.1,"mi":1}},{"type":"Feature","geometry":{"type":"Point","coordinates":[10.352836,56.295884]},"properties":{"lines":"123","color":"#0059a9","mode":"bus","arr":["123"],"angle":-36.2}},{"type":"Feature","geometry":{"type":"Point","coordinates":[10.335122,56.290878]},"properties":{"lines":"123","color":"#0059a9","mode":"bus","arr":["123"],"angle":-26.2,"extra":1,"ei":0}},{"type":"Feature","geometry":{"type":"Point","coordinates":[10.338145,56.291719]},"properties":{"lines":"123","color":"#0059a9","mode":"bus","arr":["123"],"angle":-26.3,"extra":1,"ei":1}},{"type":"Feature","geometry":{"type":"Point","coordinates":[10.341175,56.29255]},"properties":{"lines":"123","color":"#0059a9","mode":"bus","arr":["123"],"angle":-27.4,"extra":1,"ei":2}},{"type":"Feature","geometry":{"type":"Point","coordinates":[10.344198,56.29339]},"properties":{"lines":"123","color":"#0059a9","mode":"bus","arr":["123"],"angle":-26.1,"extra":1,"ei":3}},{"type":"Feature","geometry":{"type":"Point","coordinates":[10.347228,56.294223]},"properties":{"lines":"123","color":"#0059a9","mode":"bus","arr":["123"],"angle":-26.2,"extra":1,"ei":4}},{"type":"Feature","geometry":{"type":"Point","coordinates":[10.350253,56.29506]},"properties":{"lines":"123","color":"#0059a9","mode":"bus","arr":["123"],"angle":-26.1,"extra":1,"ei":5}},{"type":"Feature","geometry":{"type":"Point","coordinates":[10.355832,56.297165]},"properties":{"lines":"123","color":"#0059a9","mode":"bus","arr":["123"],"angle":-36.9,"extra":1,"ei":6}},{"type":"Feature","geometry":{"type":"Point","coordinates":[10.358528,56.298301]},"properties":{"lines":"123","color":"#0059a9","mode":"bus","arr":["123"],"angle":-37.3,"extra":1,"ei":7}},{"type":"Feature","geometry":{"type":"Point","coordinates":[10.361197,56.299457]},"properties":{"lines":"123","color":"#0059a9","mode":"bus","arr":["123"],"angle":-36.2,"extra":1,"ei":8}},{"type":"Feature","geometry":{"type":"Point","coordinates":[10.364345,56.300088]},"properties":{"lines":"123","color":"#0059a9","mode":"bus","arr":["123"],"angle":-14.1,"extra":1,"ei":9}},{"type":"Feature","geometry":{"type":"Point","coordinates":[10.367607,56.300573]},"properties":{"lines":"123","color":"#0059a9","mode":"bus","arr":["123"],"angle":-14.2,"extra":1,"ei":10}},{"type":"Feature","geometry":{"type":"Point","coordinates":[10.370868,56.301057]},"properties":{"lines":"123","color":"#0059a9","mode":"bus","arr":["123"],"angle":-14.6,"extra":1,"ei":11}},{"type":"Feature","geometry":{"type":"Point","coordinates":[10.417112,56.305089]},"properties":{"lines":"123","color":"#0059a9","mode":"bus","arr":["123"],"angle":-2.2}},{"type":"Feature","geometry":{"type":"Point","coordinates":[10.463256,56.303313]},"properties":{"lines":"123","color":"#0059a9","mode":"bus","arr":["123"],"angle":23.3,"mi":2}},{"type":"Feature","geometry":{"type":"Point","coordinates":[10.373368,56.301421]},"properties":{"lines":"123","color":"#0059a9","mode":"bus","arr":["123"],"angle":-14.7,"extra":1,"ei":0}},{"type":"Feature","geometry":{"type":"Point","coordinates":[10.376632,56.301902]},"properties":{"lines":"123","color":"#0059a9","mode":"bus","arr":["123"],"angle":-14.7,"extra":1,"ei":1}},{"type":"Feature","geometry":{"type":"Point","coordinates":[10.379921,56.302323]},"properties":{"lines":"123","color":"#0059a9","mode":"bus","arr":["123"],"angle":-9.8,"extra":1,"ei":2}},{"type":"Feature","geometry":{"type":"Point","coordinates":[10.383257,56.302606]},"properties":{"lines":"123","color":"#0059a9","mode":"bus","arr":["123"],"angle":-9.9,"extra":1,"ei":3}},{"type":"Feature","geometry":{"type":"Point","coordinates":[10.386582,56.302932]},"properties":{"lines":"123","color":"#0059a9","mode":"bus","arr":["123"],"angle":-9.9,"extra":1,"ei":4}},{"type":"Feature","geometry":{"type":"Point","coordinates":[10.389907,56.303257]},"properties":{"lines":"123","color":"#0059a9","mode":"bus","arr":["123"],"angle":-9.9,"extra":1,"ei":5}},{"type":"Feature","geometry":{"type":"Point","coordinates":[10.393232,56.303583]},"properties":{"lines":"123","color":"#0059a9","mode":"bus","arr":["123"],"angle":-10,"extra":1,"ei":6}},{"type":"Feature","geometry":{"type":"Point","coordinates":[10.396545,56.303942]},"properties":{"lines":"123","color":"#0059a9","mode":"bus","arr":["123"],"angle":-11.6,"extra":1,"ei":7}},{"type":"Feature","geometry":{"type":"Point","coordinates":[10.399866,56.304277]},"properties":{"lines":"123","color":"#0059a9","mode":"bus","arr":["123"],"angle":-9.9,"extra":1,"ei":8}},{"type":"Feature","geometry":{"type":"Point","coordinates":[10.40319,56.304605]},"properties":{"lines":"123","color":"#0059a9","mode":"bus","arr":["123"],"angle":-8.7,"extra":1,"ei":9}},{"type":"Feature","geometry":{"type":"Point","coordinates":[10.406536,56.304849]},"properties":{"lines":"123","color":"#0059a9","mode":"bus","arr":["123"],"angle":-5.1,"extra":1,"ei":10}},{"type":"Feature","geometry":{"type":"Point","coordinates":[10.409906,56.304946]},"properties":{"lines":"123","color":"#0059a9","mode":"bus","arr":["123"],"angle":-0.8,"extra":1,"ei":11}},{"type":"Feature","geometry":{"type":"Point","coordinates":[10.41328,56.304993]},"properties":{"lines":"123","color":"#0059a9","mode":"bus","arr":["123"],"angle":-3,"extra":1,"ei":12}},{"type":"Feature","geometry":{"type":"Point","coordinates":[10.420025,56.305152]},"properties":{"lines":"123","color":"#0059a9","mode":"bus","arr":["123"],"angle":-2,"extra":1,"ei":13}},{"type":"Feature","geometry":{"type":"Point","coordinates":[10.423398,56.305216]},"properties":{"lines":"123","color":"#0059a9","mode":"bus","arr":["123"],"angle":-2,"extra":1,"ei":14}},{"type":"Feature","geometry":{"type":"Point","coordinates":[10.426771,56.305288]},"properties":{"lines":"123","color":"#0059a9","mode":"bus","arr":["123"],"angle":-2.4,"extra":1,"ei":15}},{"type":"Feature","geometry":{"type":"Point","coordinates":[10.430144,56.305357]},"properties":{"lines":"123","color":"#0059a9","mode":"bus","arr":["123"],"angle":-1.9,"extra":1,"ei":16}},{"type":"Feature","geometry":{"type":"Point","coordinates":[10.433517,56.305418]},"properties":{"lines":"123","color":"#0059a9","mode":"bus","arr":["123"],"angle":-1.9,"extra":1,"ei":17}},{"type":"Feature","geometry":{"type":"Point","coordinates":[10.436891,56.305481]},"properties":{"lines":"123","color":"#0059a9","mode":"bus","arr":["123"],"angle":-2.5,"extra":1,"ei":18}},{"type":"Feature","geometry":{"type":"Point","coordinates":[10.440265,56.305519]},"properties":{"lines":"123","color":"#0059a9","mode":"bus","arr":["123"],"angle":-0.3,"extra":1,"ei":19}},{"type":"Feature","geometry":{"type":"Point","coordinates":[10.44364,56.305537]},"properties":{"lines":"123","color":"#0059a9","mode":"bus","arr":["123"],"angle":-0.7,"extra":1,"ei":20}},{"type":"Feature","geometry":{"type":"Point","coordinates":[10.447015,56.305571]},"properties":{"lines":"123","color":"#0059a9","mode":"bus","arr":["123"],"angle":-1.1,"extra":1,"ei":21}},{"type":"Feature","geometry":{"type":"Point","coordinates":[10.450388,56.305546]},"properties":{"lines":"123","color":"#0059a9","mode":"bus","arr":["123"],"angle":4.2,"extra":1,"ei":22}},{"type":"Feature","geometry":{"type":"Point","coordinates":[10.453722,56.305276]},"properties":{"lines":"123","color":"#0059a9","mode":"bus","arr":["123"],"angle":15.1,"extra":1,"ei":23}},{"type":"Feature","geometry":{"type":"Point","coordinates":[10.456906,56.304652]},"properties":{"lines":"123","color":"#0059a9","mode":"bus","arr":["123"],"angle":20.3,"extra":1,"ei":24}},{"type":"Feature","geometry":{"type":"Point","coordinates":[10.460072,56.303997]},"properties":{"lines":"123","color":"#0059a9","mode":"bus","arr":["123"],"angle":20.3,"extra":1,"ei":25}},{"type":"Feature","geometry":{"type":"Point","coordinates":[10.465392,56.303845]},"properties":{"lines":"123","color":"#0059a9","mode":"bus","arr":["123"],"angle":-81.8,"mi":1}},{"type":"Feature","geometry":{"type":"Point","coordinates":[10.471707,56.303258]},"properties":{"lines":"123","color":"#0059a9","mode":"bus","arr":["123"],"angle":25.1}},{"type":"Feature","geometry":{"type":"Point","coordinates":[10.467073,56.304607]},"properties":{"lines":"123","color":"#0059a9","mode":"bus","arr":["123"],"angle":21.4,"extra":1,"ei":0}},{"type":"Feature","geometry":{"type":"Point","coordinates":[10.476202,56.30217]},"properties":{"lines":"123","color":"#0059a9","mode":"bus","arr":["123"],"angle":23.3,"extra":1,"ei":1}},{"type":"Feature","geometry":{"type":"Point","coordinates":[10.560032,56.250848]},"properties":{"lines":"123","color":"#0059a9","mode":"bus","arr":["123"],"angle":20.4}},{"type":"Feature","geometry":{"type":"Point","coordinates":[10.516451,56.269194]},"properties":{"lines":"123","color":"#0059a9","mode":"bus","arr":["123"],"angle":42.6,"extra":1,"ei":0}},{"type":"Feature","geometry":{"type":"Point","coordinates":[10.519242,56.268159]},"properties":{"lines":"123","color":"#0059a9","mode":"bus","arr":["123"],"angle":37.5,"extra":1,"ei":1}},{"type":"Feature","geometry":{"type":"Point","coordinates":[10.5218,56.266928]},"properties":{"lines":"123","color":"#0059a9","mode":"bus","arr":["123"],"angle":40.2,"extra":1,"ei":2}},{"type":"Feature","geometry":{"type":"Point","coordinates":[10.52435,56.265691]},"properties":{"lines":"123","color":"#0059a9","mode":"bus","arr":["123"],"angle":40.9,"extra":1,"ei":3}},{"type":"Feature","geometry":{"type":"Point","coordinates":[10.526956,56.264492]},"properties":{"lines":"123","color":"#0059a9","mode":"bus","arr":["123"],"angle":37.9,"extra":1,"ei":4}},{"type":"Feature","geometry":{"type":"Point","coordinates":[10.52962,56.263332]},"properties":{"lines":"123","color":"#0059a9","mode":"bus","arr":["123"],"angle":37.9,"extra":1,"ei":5}},{"type":"Feature","geometry":{"type":"Point","coordinates":[10.532252,56.262152]},"properties":{"lines":"123","color":"#0059a9","mode":"bus","arr":["123"],"angle":46.8,"extra":1,"ei":6}},{"type":"Feature","geometry":{"type":"Point","coordinates":[10.534244,56.260629]},"properties":{"lines":"123","color":"#0059a9","mode":"bus","arr":["123"],"angle":47.9,"extra":1,"ei":7}},{"type":"Feature","geometry":{"type":"Point","coordinates":[10.537095,56.259641]},"properties":{"lines":"123","color":"#0059a9","mode":"bus","arr":["123"],"angle":35.9,"extra":1,"ei":8}},{"type":"Feature","geometry":{"type":"Point","coordinates":[10.539498,56.258319]},"properties":{"lines":"123","color":"#0059a9","mode":"bus","arr":["123"],"angle":46.8,"extra":1,"ei":9}},{"type":"Feature","geometry":{"type":"Point","coordinates":[10.541961,56.257033]},"properties":{"lines":"123","color":"#0059a9","mode":"bus","arr":["123"],"angle":38,"extra":1,"ei":10}},{"type":"Feature","geometry":{"type":"Point","coordinates":[10.54464,56.255884]},"properties":{"lines":"123","color":"#0059a9","mode":"bus","arr":["123"],"angle":37.5,"extra":1,"ei":11}},{"type":"Feature","geometry":{"type":"Point","coordinates":[10.547318,56.254735]},"properties":{"lines":"123","color":"#0059a9","mode":"bus","arr":["123"],"angle":37.5,"extra":1,"ei":12}},{"type":"Feature","geometry":{"type":"Point","coordinates":[10.549994,56.253584]},"properties":{"lines":"123","color":"#0059a9","mode":"bus","arr":["123"],"angle":37.6,"extra":1,"ei":13}},{"type":"Feature","geometry":{"type":"Point","coordinates":[10.552676,56.252437]},"properties":{"lines":"123","color":"#0059a9","mode":"bus","arr":["123"],"angle":37.4,"extra":1,"ei":14}},{"type":"Feature","geometry":{"type":"Point","coordinates":[10.555698,56.251672]},"properties":{"lines":"123","color":"#0059a9","mode":"bus","arr":["123"],"angle":17,"extra":1,"ei":15}},{"type":"Feature","geometry":{"type":"Point","coordinates":[10.562069,56.248169]},"properties":{"lines":"123","color":"#0059a9","mode":"bus","arr":["123"],"angle":53.1,"extra":1,"ei":16}},{"type":"Feature","geometry":{"type":"Point","coordinates":[10.563457,56.246563]},"properties":{"lines":"123","color":"#0059a9","mode":"bus","arr":["123"],"angle":-84.5,"extra":1,"ei":17}},{"type":"Feature","geometry":{"type":"Point","coordinates":[10.56398,56.244715]},"properties":{"lines":"123","color":"#0059a9","mode":"bus","arr":["123"],"angle":81.7,"extra":1,"ei":18}},{"type":"Feature","geometry":{"type":"Point","coordinates":[10.563942,56.24291]},"properties":{"lines":"123","color":"#0059a9","mode":"bus","arr":["123"],"angle":60.3,"extra":1,"ei":19}},{"type":"Feature","geometry":{"type":"Point","coordinates":[10.56571,56.241301]},"properties":{"lines":"123","color":"#0059a9","mode":"bus","arr":["123"],"angle":57.9,"extra":1,"ei":20}},{"type":"Feature","geometry":{"type":"Point","coordinates":[10.56755,56.23972]},"properties":{"lines":"123","color":"#0059a9","mode":"bus","arr":["123"],"angle":47.4,"extra":1,"ei":21}},{"type":"Feature","geometry":{"type":"Point","coordinates":[10.570734,56.239473]},"properties":{"lines":"123","color":"#0059a9","mode":"bus","arr":["123"],"angle":8.4,"extra":1,"ei":22}},{"type":"Feature","geometry":{"type":"Point","coordinates":[10.574002,56.239376]},"properties":{"lines":"123","color":"#0059a9","mode":"bus","arr":["123"],"angle":-20.9,"extra":1,"ei":23}},{"type":"Feature","geometry":{"type":"Point","coordinates":[10.577294,56.239633]},"properties":{"lines":"123","color":"#0059a9","mode":"bus","arr":["123"],"angle":4.7,"extra":1,"ei":24}},{"type":"Feature","geometry":{"type":"Point","coordinates":[10.580089,56.238658]},"properties":{"lines":"123","color":"#0059a9","mode":"bus","arr":["123"],"angle":40.8,"extra":1,"ei":25}},{"type":"Feature","geometry":{"type":"Point","coordinates":[10.582586,56.237392]},"properties":{"lines":"123","color":"#0059a9","mode":"bus","arr":["123"],"angle":56.3,"extra":1,"ei":26}},{"type":"Feature","geometry":{"type":"Point","coordinates":[10.584119,56.235724]},"properties":{"lines":"123","color":"#0059a9","mode":"bus","arr":["123"],"angle":43.5,"extra":1,"ei":27}},{"type":"Feature","geometry":{"type":"Point","coordinates":[10.586867,56.234629]},"properties":{"lines":"123","color":"#0059a9","mode":"bus","arr":["123"],"angle":34.9,"extra":1,"ei":28}},{"type":"Feature","geometry":{"type":"Point","coordinates":[10.589628,56.233543]},"properties":{"lines":"123","color":"#0059a9","mode":"bus","arr":["123"],"angle":34.6,"extra":1,"ei":29}},{"type":"Feature","geometry":{"type":"Point","coordinates":[10.592621,56.232678]},"properties":{"lines":"123","color":"#0059a9","mode":"bus","arr":["123"],"angle":24.7,"extra":1,"ei":30}},{"type":"Feature","geometry":{"type":"Point","coordinates":[10.59569,56.231891]},"properties":{"lines":"123","color":"#0059a9","mode":"bus","arr":["123"],"angle":24.2,"extra":1,"ei":31}},{"type":"Feature","geometry":{"type":"Point","coordinates":[10.601782,56.230339]},"properties":{"lines":"123","color":"#0059a9","mode":"bus","arr":["123"],"angle":24.7}},{"type":"Feature","geometry":{"type":"Point","coordinates":[10.608582,56.229219]},"properties":{"lines":"123","color":"#0059a9","mode":"bus","arr":["123"],"angle":-10.5,"mi":2}},{"type":"Feature","geometry":{"type":"Point","coordinates":[10.597591,56.231408]},"properties":{"lines":"123","color":"#0059a9","mode":"bus","arr":["123"],"angle":-65.5,"mi":1}},{"type":"Feature","geometry":{"type":"Point","coordinates":[10.604327,56.229654]},"properties":{"lines":"123","color":"#0059a9","mode":"bus","arr":["123"],"angle":28.1,"extra":1,"ei":0,"side":-1}},{"type":"Feature","geometry":{"type":"Point","coordinates":[10.606229,56.228999]},"properties":{"lines":"123","color":"#0059a9","mode":"bus","arr":["123"],"angle":-7.7,"extra":1,"ei":0}},{"type":"Feature","geometry":{"type":"Point","coordinates":[10.638668,56.227318]},"properties":{"lines":"123","color":"#0059a9","mode":"bus","arr":["123"],"angle":2}},{"type":"Feature","geometry":{"type":"Point","coordinates":[10.612876,56.229657]},"properties":{"lines":"123","color":"#0059a9","mode":"bus","arr":["123"],"angle":-9.8,"extra":1,"ei":0}},{"type":"Feature","geometry":{"type":"Point","coordinates":[10.616196,56.229628]},"properties":{"lines":"123","color":"#0059a9","mode":"bus","arr":["123"],"angle":14.4,"extra":1,"ei":1}},{"type":"Feature","geometry":{"type":"Point","coordinates":[10.619448,56.229122]},"properties":{"lines":"123","color":"#0059a9","mode":"bus","arr":["123"],"angle":15.8,"extra":1,"ei":2}},{"type":"Feature","geometry":{"type":"Point","coordinates":[10.622679,56.228576]},"properties":{"lines":"123","color":"#0059a9","mode":"bus","arr":["123"],"angle":17,"extra":1,"ei":3}},{"type":"Feature","geometry":{"type":"Point","coordinates":[10.625906,56.228023]},"properties":{"lines":"123","color":"#0059a9","mode":"bus","arr":["123"],"angle":17.2,"extra":1,"ei":4}},{"type":"Feature","geometry":{"type":"Point","coordinates":[10.629141,56.227484]},"properties":{"lines":"123","color":"#0059a9","mode":"bus","arr":["123"],"angle":15.6,"extra":1,"ei":5}},{"type":"Feature","geometry":{"type":"Point","coordinates":[10.632443,56.227191]},"properties":{"lines":"123","color":"#0059a9","mode":"bus","arr":["123"],"angle":-4.5,"extra":1,"ei":6}},{"type":"Feature","geometry":{"type":"Point","coordinates":[10.635807,56.227346]},"properties":{"lines":"123","color":"#0059a9","mode":"bus","arr":["123"],"angle":-2.9,"extra":1,"ei":7}},{"type":"Feature","geometry":{"type":"Point","coordinates":[10.642547,56.227189]},"properties":{"lines":"123","color":"#0059a9","mode":"bus","arr":["123"],"angle":11.3,"extra":1,"ei":8}},{"type":"Feature","geometry":{"type":"Point","coordinates":[10.645688,56.226515]},"properties":{"lines":"123","color":"#0059a9","mode":"bus","arr":["123"],"angle":30.4,"extra":1,"ei":9}},{"type":"Feature","geometry":{"type":"Point","coordinates":[10.648761,56.225892]},"properties":{"lines":"123","color":"#0059a9","mode":"bus","arr":["123"],"angle":-6.9,"extra":1,"ei":10}},{"type":"Feature","geometry":{"type":"Point","coordinates":[10.652044,56.226307]},"properties":{"lines":"123","color":"#0059a9","mode":"bus","arr":["123"],"angle":-16.2,"extra":1,"ei":11}},{"type":"Feature","geometry":{"type":"Point","coordinates":[10.655379,56.226275]},"properties":{"lines":"123","color":"#0059a9","mode":"bus","arr":["123"],"angle":16.8,"extra":1,"ei":12}},{"type":"Feature","geometry":{"type":"Point","coordinates":[10.658425,56.225465]},"properties":{"lines":"123","color":"#0059a9","mode":"bus","arr":["123"],"angle":27.5,"extra":1,"ei":13}},{"type":"Feature","geometry":{"type":"Point","coordinates":[10.661417,56.224591]},"properties":{"lines":"123","color":"#0059a9","mode":"bus","arr":["123"],"angle":27.4,"extra":1,"ei":14}},{"type":"Feature","geometry":{"type":"Point","coordinates":[10.664495,56.223829]},"properties":{"lines":"123","color":"#0059a9","mode":"bus","arr":["123"],"angle":4.6,"extra":1,"ei":15}},{"type":"Feature","geometry":{"type":"Point","coordinates":[10.672027,56.217709]},"properties":{"lines":"123","color":"#0059a9","mode":"bus","arr":["123"],"angle":56.5}},{"type":"Feature","geometry":{"type":"Point","coordinates":[10.665968,56.223074]},"properties":{"lines":"123","color":"#0059a9","mode":"bus","arr":["123"],"angle":60,"extra":1,"ei":0}},{"type":"Feature","geometry":{"type":"Point","coordinates":[10.667665,56.221441]},"properties":{"lines":"123","color":"#0059a9","mode":"bus","arr":["123"],"angle":59.5,"extra":1,"ei":1}},{"type":"Feature","geometry":{"type":"Point","coordinates":[10.669483,56.21985]},"properties":{"lines":"123","color":"#0059a9","mode":"bus","arr":["123"],"angle":56.2,"extra":1,"ei":2}},{"type":"Feature","geometry":{"type":"Point","coordinates":[10.673203,56.216699]},"properties":{"lines":"123","color":"#0059a9","mode":"bus","arr":["123"],"angle":57.2,"extra":1,"ei":3}},{"type":"Feature","geometry":{"type":"Point","coordinates":[10.675048,56.215117]},"properties":{"lines":"123","color":"#0059a9","mode":"bus","arr":["123"],"angle":56.5,"extra":1,"ei":4}},{"type":"Feature","geometry":{"type":"Point","coordinates":[10.676894,56.213536]},"properties":{"lines":"123","color":"#0059a9","mode":"bus","arr":["123"],"angle":57.4,"extra":1,"ei":5}},{"type":"Feature","geometry":{"type":"Point","coordinates":[10.678429,56.211865]},"properties":{"lines":"123","color":"#0059a9","mode":"bus","arr":["123"],"angle":73.9,"extra":1,"ei":6}},{"type":"Feature","geometry":{"type":"Point","coordinates":[10.681157,56.20797]},"properties":{"lines":"123","color":"#0059a9","mode":"bus","arr":["123"],"angle":79.5,"mi":3}},{"type":"Feature","geometry":{"type":"Point","coordinates":[10.679909,56.210994]},"properties":{"lines":"123","color":"#0059a9","mode":"bus","arr":["123"],"angle":61.4,"extra":1,"ei":0}},{"type":"Feature","geometry":{"type":"Point","coordinates":[10.680761,56.209175]},"properties":{"lines":"123","color":"#0059a9","mode":"bus","arr":["123"],"angle":79.6,"extra":1,"ei":1}},{"type":"Feature","geometry":{"type":"Point","coordinates":[10.681978,56.20546]},"properties":{"lines":"123","color":"#0059a9","mode":"bus","arr":["123"],"angle":79.8,"extra":1,"ei":2}},{"type":"Feature","geometry":{"type":"Point","coordinates":[10.681602,56.202895]},"properties":{"lines":"123","color":"#0059a9","mode":"bus","arr":["123"],"angle":-69.7,"mi":2}},{"type":"Feature","geometry":{"type":"Point","coordinates":[10.681981,56.200434]},"properties":{"lines":"123","color":"#0059a9","mode":"bus","arr":["123"],"angle":-85.1}},{"type":"Feature","geometry":{"type":"Point","coordinates":[10.68297,56.189315]},"properties":{"lines":"123","color":"#0059a9","mode":"bus","arr":["123"],"angle":-84.9,"mi":4}},{"type":"Feature","geometry":{"type":"Point","coordinates":[10.680948,56.19821]},"properties":{"lines":"123","color":"#0059a9","mode":"bus","arr":["123"],"angle":-87.5,"extra":1,"ei":0}},{"type":"Feature","geometry":{"type":"Point","coordinates":[10.680806,56.196323]},"properties":{"lines":"123","color":"#0059a9","mode":"bus","arr":["123"],"angle":-87.5,"extra":1,"ei":1}},{"type":"Feature","geometry":{"type":"Point","coordinates":[10.680717,56.194436]},"properties":{"lines":"123","color":"#0059a9","mode":"bus","arr":["123"],"angle":83.8,"extra":1,"ei":2}},{"type":"Feature","geometry":{"type":"Point","coordinates":[10.682069,56.192749]},"properties":{"lines":"123","color":"#0059a9","mode":"bus","arr":["123"],"angle":47.5,"extra":1,"ei":3}},{"type":"Feature","geometry":{"type":"Point","coordinates":[10.683232,56.191037]},"properties":{"lines":"123","color":"#0059a9","mode":"bus","arr":["123"],"angle":-88.2,"extra":1,"ei":4}},{"type":"Feature","geometry":{"type":"Point","coordinates":[10.682633,56.187275]},"properties":{"lines":"123","color":"#0059a9","mode":"bus","arr":["123"],"angle":-84.4,"extra":1,"ei":5}},{"type":"Feature","geometry":{"type":"Point","coordinates":[10.682318,56.185395]},"properties":{"lines":"123","color":"#0059a9","mode":"bus","arr":["123"],"angle":-84.7,"extra":1,"ei":6}},{"type":"Feature","geometry":{"type":"Point","coordinates":[10.682046,56.183513]},"properties":{"lines":"123","color":"#0059a9","mode":"bus","arr":["123"],"angle":-85.5,"extra":1,"ei":7}},{"type":"Feature","geometry":{"type":"Point","coordinates":[10.681344,56.181685]},"properties":{"lines":"123","color":"#0059a9","mode":"bus","arr":["123"],"angle":-61.4,"extra":1,"ei":8}},{"type":"Feature","geometry":{"type":"Point","coordinates":[10.678846,56.180471]},"properties":{"lines":"123","color":"#0059a9","mode":"bus","arr":["123"],"angle":-20.9,"extra":1,"ei":9}},{"type":"Feature","geometry":{"type":"Point","coordinates":[10.332509,56.290175]},"properties":{"lines":"123","color":"#0059a9","mode":"bus","arr":["123"],"angle":-24.8,"mi":2}},{"type":"Feature","geometry":{"type":"Point","coordinates":[9.921804,56.037673]},"properties":{"lines":"200","color":"#0059a9","mode":"bus","arr":["200"],"angle":27.8}},{"type":"Feature","geometry":{"type":"Point","coordinates":[9.926814,56.036195]},"properties":{"lines":"200","color":"#0059a9","mode":"bus","arr":["200"],"angle":27.9,"extra":1,"ei":0}},{"type":"Feature","geometry":{"type":"Point","coordinates":[9.923828,56.037076]},"properties":{"lines":"200","color":"#0059a9","mode":"bus","arr":["200"],"angle":27.8,"extra":1,"ei":1}},{"type":"Feature","geometry":{"type":"Point","coordinates":[9.917975,56.038939]},"properties":{"lines":"200","color":"#0059a9","mode":"bus","arr":["200"],"angle":39.1,"extra":1,"ei":2}},{"type":"Feature","geometry":{"type":"Point","coordinates":[9.965527,56.053099]},"properties":{"lines":"200, 309","color":"#0059a9","mode":"bus","arr":["200","309"],"angle":-26.5,"mi":2}},{"type":"Feature","geometry":{"type":"Point","coordinates":[9.974041,56.055586]},"properties":{"lines":"200, 309","color":"#0059a9","mode":"bus","arr":["200","309"],"angle":-38.2}},{"type":"Feature","geometry":{"type":"Point","coordinates":[9.977062,56.056982]},"properties":{"lines":"200, 309","color":"#0059a9","mode":"bus","arr":["200","309"],"angle":-41.3,"mi":1}},{"type":"Feature","geometry":{"type":"Point","coordinates":[9.949184,56.048978]},"properties":{"lines":"200, 309","color":"#0059a9","mode":"bus","arr":["200","309"],"angle":-10.2,"side":-1}},{"type":"Feature","geometry":{"type":"Point","coordinates":[9.960574,56.051726]},"properties":{"lines":"200, 309","color":"#0059a9","mode":"bus","arr":["200","309"],"angle":-26.2,"extra":1,"ei":0}},{"type":"Feature","geometry":{"type":"Point","coordinates":[9.9636,56.052562]},"properties":{"lines":"200, 309","color":"#0059a9","mode":"bus","arr":["200","309"],"angle":-26.5,"extra":1,"ei":1}},{"type":"Feature","geometry":{"type":"Point","coordinates":[9.969652,56.054236]},"properties":{"lines":"200, 309","color":"#0059a9","mode":"bus","arr":["200","309"],"angle":-26.2,"extra":1,"ei":2}},{"type":"Feature","geometry":{"type":"Point","coordinates":[9.981958,56.059123]},"properties":{"lines":"200","color":"#0059a9","mode":"bus","arr":["200"],"angle":-38.8}},{"type":"Feature","geometry":{"type":"Point","coordinates":[10.045786,56.090699]},"properties":{"lines":"200","color":"#0059a9","mode":"bus","arr":["200"],"angle":-56.7,"mi":1}},{"type":"Feature","geometry":{"type":"Point","coordinates":[9.990174,56.063502]},"properties":{"lines":"200","color":"#0059a9","mode":"bus","arr":["200"],"angle":-23.3,"mi":1}},{"type":"Feature","geometry":{"type":"Point","coordinates":[10.005063,56.068623]},"properties":{"lines":"200","color":"#0059a9","mode":"bus","arr":["200"],"angle":-36.7,"mi":1}},{"type":"Feature","geometry":{"type":"Point","coordinates":[10.114876,56.227501]},"properties":{"lines":"200","color":"#0059a9","mode":"bus","arr":["200"],"angle":63.1,"mi":4}},{"type":"Feature","geometry":{"type":"Point","coordinates":[10.106705,56.231208]},"properties":{"lines":"200","color":"#0059a9","mode":"bus","arr":["200"],"angle":29.3,"mi":8}},{"type":"Feature","geometry":{"type":"Point","coordinates":[10.014106,56.072997]},"properties":{"lines":"200","color":"#0059a9","mode":"bus","arr":["200"],"angle":-41.4}},{"type":"Feature","geometry":{"type":"Point","coordinates":[10.039029,56.085062]},"properties":{"lines":"200","color":"#0059a9","mode":"bus","arr":["200"],"angle":-41.5,"mi":2}},{"type":"Feature","geometry":{"type":"Point","coordinates":[10.068473,56.253158]},"properties":{"lines":"200","color":"#0059a9","mode":"bus","arr":["200"],"angle":79.2,"mi":1}},{"type":"Feature","geometry":{"type":"Point","coordinates":[10.049235,56.094213]},"properties":{"lines":"200","color":"#0059a9","mode":"bus","arr":["200"],"angle":-66.7,"extra":1,"ei":0}},{"type":"Feature","geometry":{"type":"Point","coordinates":[10.047865,56.092489]},"properties":{"lines":"200","color":"#0059a9","mode":"bus","arr":["200"],"angle":-60.4,"extra":1,"ei":1}},{"type":"Feature","geometry":{"type":"Point","coordinates":[10.044162,56.089331]},"properties":{"lines":"200","color":"#0059a9","mode":"bus","arr":["200"],"angle":-56.3,"extra":1,"ei":2}},{"type":"Feature","geometry":{"type":"Point","coordinates":[10.042266,56.087768]},"properties":{"lines":"200","color":"#0059a9","mode":"bus","arr":["200"],"angle":-56.1,"extra":1,"ei":3}},{"type":"Feature","geometry":{"type":"Point","coordinates":[10.119106,56.225402]},"properties":{"lines":"200","color":"#0059a9","mode":"bus","arr":["200"],"angle":31.1,"extra":1,"ei":0}},{"type":"Feature","geometry":{"type":"Point","coordinates":[10.116283,56.22643]},"properties":{"lines":"200","color":"#0059a9","mode":"bus","arr":["200"],"angle":40.2,"extra":1,"ei":1}},{"type":"Feature","geometry":{"type":"Point","coordinates":[10.112118,56.229356]},"properties":{"lines":"200","color":"#0059a9","mode":"bus","arr":["200"],"angle":41.6,"extra":1,"ei":2}},{"type":"Feature","geometry":{"type":"Point","coordinates":[10.108935,56.230419]},"properties":{"lines":"200","color":"#0059a9","mode":"bus","arr":["200"],"angle":33.7,"extra":1,"ei":0}},{"type":"Feature","geometry":{"type":"Point","coordinates":[10.103071,56.232283]},"properties":{"lines":"200","color":"#0059a9","mode":"bus","arr":["200"],"angle":28.6,"extra":1,"ei":1,"side":-1}},{"type":"Feature","geometry":{"type":"Point","coordinates":[10.009913,56.070951]},"properties":{"lines":"200","color":"#0059a9","mode":"bus","arr":["200"],"angle":-41.1,"extra":1,"ei":0}},{"type":"Feature","geometry":{"type":"Point","coordinates":[10.007363,56.069713]},"properties":{"lines":"200","color":"#0059a9","mode":"bus","arr":["200"],"angle":-40.9,"extra":1,"ei":1}},{"type":"Feature","geometry":{"type":"Point","coordinates":[10.001982,56.067442]},"properties":{"lines":"200","color":"#0059a9","mode":"bus","arr":["200"],"angle":-34.3,"extra":1,"ei":2}},{"type":"Feature","geometry":{"type":"Point","coordinates":[9.999192,56.066379]},"properties":{"lines":"200","color":"#0059a9","mode":"bus","arr":["200"],"angle":-34.2,"extra":1,"ei":3}},{"type":"Feature","geometry":{"type":"Point","coordinates":[9.985865,56.060878]},"properties":{"lines":"200","color":"#0059a9","mode":"bus","arr":["200"],"angle":-40.1,"extra":1,"ei":0}},{"type":"Feature","geometry":{"type":"Point","coordinates":[9.987499,56.062496]},"properties":{"lines":"200","color":"#0059a9","mode":"bus","arr":["200"],"angle":-64.5,"extra":1,"ei":1}},{"type":"Feature","geometry":{"type":"Point","coordinates":[9.993305,56.06427]},"properties":{"lines":"200","color":"#0059a9","mode":"bus","arr":["200"],"angle":-24.8,"extra":1,"ei":2}},{"type":"Feature","geometry":{"type":"Point","coordinates":[9.996201,56.065234]},"properties":{"lines":"200","color":"#0059a9","mode":"bus","arr":["200"],"angle":-34.6,"extra":1,"ei":3}},{"type":"Feature","geometry":{"type":"Point","coordinates":[10.026835,56.079193]},"properties":{"lines":"200","color":"#0059a9","mode":"bus","arr":["200"],"angle":-41}},{"type":"Feature","geometry":{"type":"Point","coordinates":[10.017435,56.075117]},"properties":{"lines":"200","color":"#0059a9","mode":"bus","arr":["200"],"angle":-59.2,"extra":1,"ei":0}},{"type":"Feature","geometry":{"type":"Point","coordinates":[10.019574,56.076549]},"properties":{"lines":"200","color":"#0059a9","mode":"bus","arr":["200"],"angle":-35.3,"extra":1,"ei":1}},{"type":"Feature","geometry":{"type":"Point","coordinates":[10.022583,56.077392]},"properties":{"lines":"200","color":"#0059a9","mode":"bus","arr":["200"],"angle":-29.1,"extra":1,"ei":2}},{"type":"Feature","geometry":{"type":"Point","coordinates":[10.030445,56.080947]},"properties":{"lines":"200","color":"#0059a9","mode":"bus","arr":["200"],"angle":-41.4,"extra":1,"ei":3}},{"type":"Feature","geometry":{"type":"Point","coordinates":[10.032983,56.082193]},"properties":{"lines":"200","color":"#0059a9","mode":"bus","arr":["200"],"angle":-41.1,"extra":1,"ei":4}},{"type":"Feature","geometry":{"type":"Point","coordinates":[10.035536,56.083428]},"properties":{"lines":"200","color":"#0059a9","mode":"bus","arr":["200"],"angle":-41.2,"extra":1,"ei":5}},{"type":"Feature","geometry":{"type":"Point","coordinates":[10.082059,56.103705]},"properties":{"lines":"200","color":"#0059a9","mode":"bus","arr":["200"],"angle":-11.1}},{"type":"Feature","geometry":{"type":"Point","coordinates":[10.064522,56.101179]},"properties":{"lines":"200","color":"#0059a9","mode":"bus","arr":["200"],"angle":45.5,"mi":3}},{"type":"Feature","geometry":{"type":"Point","coordinates":[10.051874,56.096504]},"properties":{"lines":"200","color":"#0059a9","mode":"bus","arr":["200"],"angle":-49.2}},{"type":"Feature","geometry":{"type":"Point","coordinates":[10.098167,56.105448]},"properties":{"lines":"200","color":"#0059a9","mode":"bus","arr":["200"],"angle":-13.1,"extra":1,"ei":0}},{"type":"Feature","geometry":{"type":"Point","coordinates":[10.09487,56.105046]},"properties":{"lines":"200","color":"#0059a9","mode":"bus","arr":["200"],"angle":-10.8,"extra":1,"ei":1}},{"type":"Feature","geometry":{"type":"Point","coordinates":[10.09155,56.104704]},"properties":{"lines":"200","color":"#0059a9","mode":"bus","arr":["200"],"angle":-10.4,"extra":1,"ei":2}},{"type":"Feature","geometry":{"type":"Point","coordinates":[10.088231,56.104362]},"properties":{"lines":"200","color":"#0059a9","mode":"bus","arr":["200"],"angle":-10.4,"extra":1,"ei":3}},{"type":"Feature","geometry":{"type":"Point","coordinates":[10.084914,56.104012]},"properties":{"lines":"200","color":"#0059a9","mode":"bus","arr":["200"],"angle":-10.7,"extra":1,"ei":4}},{"type":"Feature","geometry":{"type":"Point","coordinates":[10.078288,56.10329]},"properties":{"lines":"200","color":"#0059a9","mode":"bus","arr":["200"],"angle":-11.6,"extra":1,"ei":5}},{"type":"Feature","geometry":{"type":"Point","coordinates":[10.075009,56.102845]},"properties":{"lines":"200","color":"#0059a9","mode":"bus","arr":["200"],"angle":-15.3,"extra":1,"ei":6}},{"type":"Feature","geometry":{"type":"Point","coordinates":[10.071753,56.102347]},"properties":{"lines":"200","color":"#0059a9","mode":"bus","arr":["200"],"angle":-15.2,"extra":1,"ei":7}},{"type":"Feature","geometry":{"type":"Point","coordinates":[10.068508,56.101828]},"properties":{"lines":"200","color":"#0059a9","mode":"bus","arr":["200"],"angle":-16.5,"extra":1,"ei":8}},{"type":"Feature","geometry":{"type":"Point","coordinates":[10.0556,56.098268]},"properties":{"lines":"200","color":"#0059a9","mode":"bus","arr":["200"],"angle":-39.5,"extra":1,"ei":0}},{"type":"Feature","geometry":{"type":"Point","coordinates":[10.058375,56.099333]},"properties":{"lines":"200","color":"#0059a9","mode":"bus","arr":["200"],"angle":-26.9,"extra":1,"ei":1}},{"type":"Feature","geometry":{"type":"Point","coordinates":[10.061382,56.100187]},"properties":{"lines":"200","color":"#0059a9","mode":"bus","arr":["200"],"angle":-30,"extra":1,"ei":2}},{"type":"Feature","geometry":{"type":"Point","coordinates":[10.159745,56.208982]},"properties":{"lines":"200","color":"#0059a9","mode":"bus","arr":["200"],"angle":31.2}},{"type":"Feature","geometry":{"type":"Point","coordinates":[10.125697,56.221267]},"properties":{"lines":"200","color":"#0059a9","mode":"bus","arr":["200"],"angle":49.6}},{"type":"Feature","geometry":{"type":"Point","coordinates":[10.136711,56.216058]},"properties":{"lines":"200","color":"#0059a9","mode":"bus","arr":["200"],"angle":-56.3,"mi":7}},{"type":"Feature","geometry":{"type":"Point","coordinates":[10.132873,56.217552]},"properties":{"lines":"200","color":"#0059a9","mode":"bus","arr":["200"],"angle":36.8,"mi":6}},{"type":"Feature","geometry":{"type":"Point","coordinates":[10.143431,56.213833]},"properties":{"lines":"200","color":"#0059a9","mode":"bus","arr":["200"],"angle":31.9,"side":-1,"mi":9}},{"type":"Feature","geometry":{"type":"Point","coordinates":[10.172238,56.205515]},"properties":{"lines":"200","color":"#0059a9","mode":"bus","arr":["200"],"angle":36.2,"extra":1,"ei":0}},{"type":"Feature","geometry":{"type":"Point","coordinates":[10.16938,56.206511]},"properties":{"lines":"200","color":"#0059a9","mode":"bus","arr":["200"],"angle":24.5,"extra":1,"ei":1}},{"type":"Feature","geometry":{"type":"Point","coordinates":[10.166284,56.207263]},"properties":{"lines":"200","color":"#0059a9","mode":"bus","arr":["200"],"angle":23.9,"extra":1,"ei":2}},{"type":"Feature","geometry":{"type":"Point","coordinates":[10.163217,56.208051]},"properties":{"lines":"200","color":"#0059a9","mode":"bus","arr":["200"],"angle":25.4,"extra":1,"ei":3}},{"type":"Feature","geometry":{"type":"Point","coordinates":[10.158137,56.209961]},"properties":{"lines":"200","color":"#0059a9","mode":"bus","arr":["200"],"angle":5,"extra":1,"ei":4}},{"type":"Feature","geometry":{"type":"Point","coordinates":[10.154877,56.210409]},"properties":{"lines":"200","color":"#0059a9","mode":"bus","arr":["200"],"angle":24,"extra":1,"ei":5}},{"type":"Feature","geometry":{"type":"Point","coordinates":[10.121682,56.224187]},"properties":{"lines":"200","color":"#0059a9","mode":"bus","arr":["200"],"angle":43.6,"extra":1,"ei":0}},{"type":"Feature","geometry":{"type":"Point","coordinates":[10.123886,56.222774]},"properties":{"lines":"200","color":"#0059a9","mode":"bus","arr":["200"],"angle":57.8,"extra":1,"ei":1}},{"type":"Feature","geometry":{"type":"Point","coordinates":[10.128191,56.219895]},"properties":{"lines":"200","color":"#0059a9","mode":"bus","arr":["200"],"angle":43.8,"extra":1,"ei":2}},{"type":"Feature","geometry":{"type":"Point","coordinates":[10.130681,56.218621]},"properties":{"lines":"200","color":"#0059a9","mode":"bus","arr":["200"],"angle":42.6,"extra":1,"ei":3}},{"type":"Feature","geometry":{"type":"Point","coordinates":[10.151216,56.211516]},"properties":{"lines":"200","color":"#0059a9","mode":"bus","arr":["200"],"angle":29.3,"extra":1,"ei":0}},{"type":"Feature","geometry":{"type":"Point","coordinates":[10.148251,56.212418]},"properties":{"lines":"200","color":"#0059a9","mode":"bus","arr":["200"],"angle":28.5,"extra":1,"ei":1}},{"type":"Feature","geometry":{"type":"Point","coordinates":[10.145379,56.213252]},"properties":{"lines":"200","color":"#0059a9","mode":"bus","arr":["200"],"angle":24.9,"extra":1,"ei":0,"side":-1}},{"type":"Feature","geometry":{"type":"Point","coordinates":[10.139567,56.215156]},"properties":{"lines":"200","color":"#0059a9","mode":"bus","arr":["200"],"angle":30.8,"extra":1,"ei":0}},{"type":"Feature","geometry":{"type":"Point","coordinates":[10.116579,56.227029]},"properties":{"lines":"200","color":"#0059a9","mode":"bus","arr":["200"],"angle":9.3,"mi":2}},{"type":"Feature","geometry":{"type":"Point","coordinates":[10.115591,56.227219]},"properties":{"lines":"200","color":"#0059a9","mode":"bus","arr":["200"],"angle":-24.5,"mi":3}},{"type":"Feature","geometry":{"type":"Point","coordinates":[10.115525,56.228101]},"properties":{"lines":"200","color":"#0059a9","mode":"bus","arr":["200"],"angle":-8,"mi":5}},{"type":"Feature","geometry":{"type":"Point","coordinates":[10.068812,56.253535]},"properties":{"lines":"200","color":"#0059a9","mode":"bus","arr":["200"],"angle":-22.7,"side":-1}},{"type":"Feature","geometry":{"type":"Point","coordinates":[10.068314,56.273441]},"properties":{"lines":"200","color":"#0059a9","mode":"bus","arr":["200"],"angle":-61.2}},{"type":"Feature","geometry":{"type":"Point","coordinates":[10.066141,56.271357]},"properties":{"lines":"200","color":"#0059a9","mode":"bus","arr":["200"],"angle":-58.2,"extra":1,"ei":0}},{"type":"Feature","geometry":{"type":"Point","coordinates":[10.069665,56.274569]},"properties":{"lines":"200","color":"#0059a9","mode":"bus","arr":["200"],"angle":-46.1,"extra":1,"ei":1}},{"type":"Feature","geometry":{"type":"Point","coordinates":[10.072231,56.275788]},"properties":{"lines":"200","color":"#0059a9","mode":"bus","arr":["200"],"angle":-28.4,"extra":1,"ei":2}},{"type":"Feature","geometry":{"type":"Point","coordinates":[10.213259,56.053869]},"properties":{"lines":"302","color":"#0059a9","mode":"bus","arr":["302"],"angle":49.6}},{"type":"Feature","geometry":{"type":"Point","coordinates":[10.203553,56.055763]},"properties":{"lines":"302","color":"#0059a9","mode":"bus","arr":["302"],"angle":21.4,"extra":1,"ei":0}},{"type":"Feature","geometry":{"type":"Point","coordinates":[10.20685,56.055388]},"properties":{"lines":"302","color":"#0059a9","mode":"bus","arr":["302"],"angle":7.7,"extra":1,"ei":1}},{"type":"Feature","geometry":{"type":"Point","coordinates":[10.210193,56.055127]},"properties":{"lines":"302","color":"#0059a9","mode":"bus","arr":["302"],"angle":8.1,"extra":1,"ei":2}},{"type":"Feature","geometry":{"type":"Point","coordinates":[10.21507,56.052677]},"properties":{"lines":"302","color":"#0059a9","mode":"bus","arr":["302"],"angle":49.6,"extra":1,"ei":3}},{"type":"Feature","geometry":{"type":"Point","coordinates":[10.217378,56.051395]},"properties":{"lines":"302","color":"#0059a9","mode":"bus","arr":["302"],"angle":-85.9,"extra":1,"ei":4}},{"type":"Feature","geometry":{"type":"Point","coordinates":[10.217222,56.04963]},"properties":{"lines":"302","color":"#0059a9","mode":"bus","arr":["302"],"angle":61.8,"extra":1,"ei":5}},{"type":"Feature","geometry":{"type":"Point","coordinates":[10.207262,56.043871]},"properties":{"lines":"302","color":"#0059a9","mode":"bus","arr":["302"],"angle":-8.2}},{"type":"Feature","geometry":{"type":"Point","coordinates":[10.218008,56.047335]},"properties":{"lines":"302","color":"#0059a9","mode":"bus","arr":["302"],"angle":-70.6,"extra":1,"ei":0}},{"type":"Feature","geometry":{"type":"Point","coordinates":[10.215853,56.045932]},"properties":{"lines":"302","color":"#0059a9","mode":"bus","arr":["302"],"angle":-42.4,"extra":1,"ei":1}},{"type":"Feature","geometry":{"type":"Point","coordinates":[10.213117,56.044863]},"properties":{"lines":"302","color":"#0059a9","mode":"bus","arr":["302"],"angle":-26.1,"extra":1,"ei":2}},{"type":"Feature","geometry":{"type":"Point","coordinates":[10.210036,56.044107]},"properties":{"lines":"302","color":"#0059a9","mode":"bus","arr":["302"],"angle":-11.3,"extra":1,"ei":3}},{"type":"Feature","geometry":{"type":"Point","coordinates":[10.203356,56.043563]},"properties":{"lines":"302","color":"#0059a9","mode":"bus","arr":["302"],"angle":-7.9,"extra":1,"ei":4}},{"type":"Feature","geometry":{"type":"Point","coordinates":[10.200213,56.042929]},"properties":{"lines":"302","color":"#0059a9","mode":"bus","arr":["302"],"angle":-28.3,"extra":1,"ei":5}},{"type":"Feature","geometry":{"type":"Point","coordinates":[10.197238,56.042036]},"properties":{"lines":"302","color":"#0059a9","mode":"bus","arr":["302"],"angle":-27.8,"extra":1,"ei":6}},{"type":"Feature","geometry":{"type":"Point","coordinates":[10.194235,56.041178]},"properties":{"lines":"302","color":"#0059a9","mode":"bus","arr":["302"],"angle":-16.1,"extra":1,"ei":7}},{"type":"Feature","geometry":{"type":"Point","coordinates":[10.194971,56.039229]},"properties":{"lines":"302","color":"#0059a9","mode":"bus","arr":["302"],"angle":35.3,"mi":2}},{"type":"Feature","geometry":{"type":"Point","coordinates":[10.216044,56.039429]},"properties":{"lines":"302","color":"#0059a9","mode":"bus","arr":["302"],"angle":-14.8,"mi":1}},{"type":"Feature","geometry":{"type":"Point","coordinates":[10.197059,56.038125]},"properties":{"lines":"302","color":"#0059a9","mode":"bus","arr":["302"],"angle":20.5,"extra":1,"ei":0}},{"type":"Feature","geometry":{"type":"Point","coordinates":[10.200377,56.038016]},"properties":{"lines":"302","color":"#0059a9","mode":"bus","arr":["302"],"angle":-4.1,"extra":1,"ei":1}},{"type":"Feature","geometry":{"type":"Point","coordinates":[10.203744,56.03815]},"properties":{"lines":"302","color":"#0059a9","mode":"bus","arr":["302"],"angle":-4.1,"extra":1,"ei":2}},{"type":"Feature","geometry":{"type":"Point","coordinates":[10.20711,56.038292]},"properties":{"lines":"302","color":"#0059a9","mode":"bus","arr":["302"],"angle":-3.8,"extra":1,"ei":3}},{"type":"Feature","geometry":{"type":"Point","coordinates":[10.210432,56.038577]},"properties":{"lines":"302","color":"#0059a9","mode":"bus","arr":["302"],"angle":-15.4,"extra":1,"ei":4}},{"type":"Feature","geometry":{"type":"Point","coordinates":[10.213686,56.039079]},"properties":{"lines":"302","color":"#0059a9","mode":"bus","arr":["302"],"angle":-15.1,"extra":1,"ei":5}},{"type":"Feature","geometry":{"type":"Point","coordinates":[10.220292,56.039792]},"properties":{"lines":"302","color":"#0059a9","mode":"bus","arr":["302"],"angle":-4.6,"extra":1,"ei":6}},{"type":"Feature","geometry":{"type":"Point","coordinates":[10.223656,56.039942]},"properties":{"lines":"302","color":"#0059a9","mode":"bus","arr":["302"],"angle":-4.6,"extra":1,"ei":7}},{"type":"Feature","geometry":{"type":"Point","coordinates":[10.227022,56.04008]},"properties":{"lines":"302","color":"#0059a9","mode":"bus","arr":["302"],"angle":-3.1,"extra":1,"ei":8}},{"type":"Feature","geometry":{"type":"Point","coordinates":[10.230381,56.039948]},"properties":{"lines":"302","color":"#0059a9","mode":"bus","arr":["302"],"angle":6.8,"extra":1,"ei":9}},{"type":"Feature","geometry":{"type":"Point","coordinates":[10.233732,56.039724]},"properties":{"lines":"302","color":"#0059a9","mode":"bus","arr":["302"],"angle":6.8,"extra":1,"ei":10}},{"type":"Feature","geometry":{"type":"Point","coordinates":[10.266019,56.040094]},"properties":{"lines":"302","color":"#0059a9","mode":"bus","arr":["302"],"angle":3.8}},{"type":"Feature","geometry":{"type":"Point","coordinates":[10.238961,56.039374]},"properties":{"lines":"302","color":"#0059a9","mode":"bus","arr":["302"],"angle":6,"extra":1,"ei":0}},{"type":"Feature","geometry":{"type":"Point","coordinates":[10.242312,56.039146]},"properties":{"lines":"302","color":"#0059a9","mode":"bus","arr":["302"],"angle":7.1,"extra":1,"ei":1}},{"type":"Feature","geometry":{"type":"Point","coordinates":[10.245667,56.03895]},"properties":{"lines":"302","color":"#0059a9","mode":"bus","arr":["302"],"angle":1.1,"extra":1,"ei":2}},{"type":"Feature","geometry":{"type":"Point","coordinates":[10.248983,56.039248]},"properties":{"lines":"302","color":"#0059a9","mode":"bus","arr":["302"],"angle":-17.1,"extra":1,"ei":3}},{"type":"Feature","geometry":{"type":"Point","coordinates":[10.252194,56.03983]},"properties":{"lines":"302","color":"#0059a9","mode":"bus","arr":["302"],"angle":-17.7,"extra":1,"ei":4}},{"type":"Feature","geometry":{"type":"Point","coordinates":[10.255406,56.04041]},"properties":{"lines":"302","color":"#0059a9","mode":"bus","arr":["302"],"angle":-18.1,"extra":1,"ei":5}},{"type":"Feature","geometry":{"type":"Point","coordinates":[10.258615,56.040995]},"properties":{"lines":"302","color":"#0059a9","mode":"bus","arr":["302"],"angle":-18.1,"extra":1,"ei":6}},{"type":"Feature","geometry":{"type":"Point","coordinates":[10.261824,56.041582]},"properties":{"lines":"302","color":"#0059a9","mode":"bus","arr":["302"],"angle":-18.1,"extra":1,"ei":7}},{"type":"Feature","geometry":{"type":"Point","coordinates":[10.263791,56.040965]},"properties":{"lines":"302","color":"#0059a9","mode":"bus","arr":["302"],"angle":84.1,"extra":1,"ei":8}},{"type":"Feature","geometry":{"type":"Point","coordinates":[10.269416,56.040413]},"properties":{"lines":"302","color":"#0059a9","mode":"bus","arr":["302"],"angle":-5.8,"extra":1,"ei":9}},{"type":"Feature","geometry":{"type":"Point","coordinates":[10.269921,56.038803]},"properties":{"lines":"302","color":"#0059a9","mode":"bus","arr":["302"],"angle":-83,"extra":1,"ei":10}},{"type":"Feature","geometry":{"type":"Point","coordinates":[10.269348,56.036942]},"properties":{"lines":"302","color":"#0059a9","mode":"bus","arr":["302"],"angle":-81.6,"extra":1,"ei":11}},{"type":"Feature","geometry":{"type":"Point","coordinates":[10.268871,56.035073]},"properties":{"lines":"302","color":"#0059a9","mode":"bus","arr":["302"],"angle":-84.7,"extra":1,"ei":12}},{"type":"Feature","geometry":{"type":"Point","coordinates":[10.268556,56.033194]},"properties":{"lines":"302","color":"#0059a9","mode":"bus","arr":["302"],"angle":-81.8,"extra":1,"ei":13}},{"type":"Feature","geometry":{"type":"Point","coordinates":[10.267975,56.031338]},"properties":{"lines":"302","color":"#0059a9","mode":"bus","arr":["302"],"angle":-72.5,"extra":1,"ei":14}},{"type":"Feature","geometry":{"type":"Point","coordinates":[10.265831,56.03025]},"properties":{"lines":"302","color":"#0059a9","mode":"bus","arr":["302"],"angle":-17.9,"extra":1,"ei":15}},{"type":"Feature","geometry":{"type":"Point","coordinates":[10.262662,56.030037]},"properties":{"lines":"302","color":"#0059a9","mode":"bus","arr":["302"],"angle":6,"extra":1,"ei":16}},{"type":"Feature","geometry":{"type":"Point","coordinates":[10.259302,56.029862]},"properties":{"lines":"302","color":"#0059a9","mode":"bus","arr":["302"],"angle":-6.2,"extra":1,"ei":17}},{"type":"Feature","geometry":{"type":"Point","coordinates":[10.260836,56.026204]},"properties":{"lines":"302","color":"#0059a9","mode":"bus","arr":["302"],"angle":77.2}},{"type":"Feature","geometry":{"type":"Point","coordinates":[10.258761,56.028907]},"properties":{"lines":"302","color":"#0059a9","mode":"bus","arr":["302"],"angle":53.8,"extra":1,"ei":0}},{"type":"Feature","geometry":{"type":"Point","coordinates":[10.260761,56.023531]},"properties":{"lines":"302","color":"#0059a9","mode":"bus","arr":["302"],"angle":-89.2,"extra":1,"ei":1}},{"type":"Feature","geometry":{"type":"Point","coordinates":[10.257323,56.00899]},"properties":{"lines":"302","color":"#0059a9","mode":"bus","arr":["302"],"angle":77.3}},{"type":"Feature","geometry":{"type":"Point","coordinates":[10.261193,56.02137]},"properties":{"lines":"302","color":"#0059a9","mode":"bus","arr":["302"],"angle":82.4,"extra":1,"ei":0}},{"type":"Feature","geometry":{"type":"Point","coordinates":[10.261642,56.019498]},"properties":{"lines":"302","color":"#0059a9","mode":"bus","arr":["302"],"angle":82.4,"extra":1,"ei":1}},{"type":"Feature","geometry":{"type":"Point","coordinates":[10.262017,56.017623]},"properties":{"lines":"302","color":"#0059a9","mode":"bus","arr":["302"],"angle":89,"extra":1,"ei":2}},{"type":"Feature","geometry":{"type":"Point","coordinates":[10.261498,56.015766]},"properties":{"lines":"302","color":"#0059a9","mode":"bus","arr":["302"],"angle":-70.1,"extra":1,"ei":3}},{"type":"Feature","geometry":{"type":"Point","coordinates":[10.259868,56.01412]},"properties":{"lines":"302","color":"#0059a9","mode":"bus","arr":["302"],"angle":-54.8,"extra":1,"ei":4}},{"type":"Feature","geometry":{"type":"Point","coordinates":[10.258036,56.012538]},"properties":{"lines":"302","color":"#0059a9","mode":"bus","arr":["302"],"angle":-63.6,"extra":1,"ei":5}},{"type":"Feature","geometry":{"type":"Point","coordinates":[10.257127,56.010733]},"properties":{"lines":"302","color":"#0059a9","mode":"bus","arr":["302"],"angle":-85.7,"extra":1,"ei":6}},{"type":"Feature","geometry":{"type":"Point","coordinates":[10.258648,56.00711]},"properties":{"lines":"302","color":"#0059a9","mode":"bus","arr":["302"],"angle":65.4,"extra":1,"ei":7}},{"type":"Feature","geometry":{"type":"Point","coordinates":[10.260055,56.005394]},"properties":{"lines":"302","color":"#0059a9","mode":"bus","arr":["302"],"angle":65.4,"extra":1,"ei":8}},{"type":"Feature","geometry":{"type":"Point","coordinates":[10.260989,56.003592]},"properties":{"lines":"302","color":"#0059a9","mode":"bus","arr":["302"],"angle":85.3,"extra":1,"ei":9}},{"type":"Feature","geometry":{"type":"Point","coordinates":[10.260531,56.001736]},"properties":{"lines":"302","color":"#0059a9","mode":"bus","arr":["302"],"angle":-70.4,"extra":1,"ei":10}},{"type":"Feature","geometry":{"type":"Point","coordinates":[10.258782,56.000136]},"properties":{"lines":"302","color":"#0059a9","mode":"bus","arr":["302"],"angle":-49.7,"extra":1,"ei":11}},{"type":"Feature","geometry":{"type":"Point","coordinates":[10.2566,55.998696]},"properties":{"lines":"302","color":"#0059a9","mode":"bus","arr":["302"],"angle":-49.7,"extra":1,"ei":12}},{"type":"Feature","geometry":{"type":"Point","coordinates":[10.254434,55.997248]},"properties":{"lines":"302","color":"#0059a9","mode":"bus","arr":["302"],"angle":-53.1,"extra":1,"ei":13}},{"type":"Feature","geometry":{"type":"Point","coordinates":[10.250861,55.984171]},"properties":{"lines":"302, 1004","color":"#0059a9","mode":"bus","arr":["302","1004"],"angle":-89.7}},{"type":"Feature","geometry":{"type":"Point","coordinates":[10.252949,55.995861]},"properties":{"lines":"302, 1004","color":"#0059a9","mode":"bus","arr":["302","1004"],"angle":-61.5,"extra":1,"ei":0}},{"type":"Feature","geometry":{"type":"Point","coordinates":[10.251653,55.994122]},"properties":{"lines":"302, 1004","color":"#0059a9","mode":"bus","arr":["302","1004"],"angle":-73,"extra":1,"ei":1}},{"type":"Feature","geometry":{"type":"Point","coordinates":[10.251015,55.992272]},"properties":{"lines":"302, 1004","color":"#0059a9","mode":"bus","arr":["302","1004"],"angle":-85,"extra":1,"ei":2}},{"type":"Feature","geometry":{"type":"Point","coordinates":[10.250939,55.990385]},"properties":{"lines":"302, 1004","color":"#0059a9","mode":"bus","arr":["302","1004"],"angle":-89.4,"extra":1,"ei":3}},{"type":"Feature","geometry":{"type":"Point","coordinates":[10.250921,55.988496]},"properties":{"lines":"302, 1004","color":"#0059a9","mode":"bus","arr":["302","1004"],"angle":89.9,"extra":1,"ei":4}},{"type":"Feature","geometry":{"type":"Point","coordinates":[10.250888,55.986608]},"properties":{"lines":"302, 1004","color":"#0059a9","mode":"bus","arr":["302","1004"],"angle":-89.5,"extra":1,"ei":5}},{"type":"Feature","geometry":{"type":"Point","coordinates":[10.250775,55.982833]},"properties":{"lines":"302, 1004","color":"#0059a9","mode":"bus","arr":["302","1004"],"angle":-83.2,"extra":1,"ei":6}},{"type":"Feature","geometry":{"type":"Point","coordinates":[10.249934,55.98101]},"properties":{"lines":"302, 1004","color":"#0059a9","mode":"bus","arr":["302","1004"],"angle":-68.2,"extra":1,"ei":7}},{"type":"Feature","geometry":{"type":"Point","coordinates":[10.2483,55.979364]},"properties":{"lines":"302, 1004","color":"#0059a9","mode":"bus","arr":["302","1004"],"angle":-53.9,"extra":1,"ei":8}},{"type":"Feature","geometry":{"type":"Point","coordinates":[10.245978,55.977999]},"properties":{"lines":"302, 1004","color":"#0059a9","mode":"bus","arr":["302","1004"],"angle":-42.5,"extra":1,"ei":9}},{"type":"Feature","geometry":{"type":"Point","coordinates":[10.243466,55.976737]},"properties":{"lines":"302, 1004","color":"#0059a9","mode":"bus","arr":["302","1004"],"angle":-41.8,"extra":1,"ei":10}},{"type":"Feature","geometry":{"type":"Point","coordinates":[10.240917,55.975501]},"properties":{"lines":"302, 1004","color":"#0059a9","mode":"bus","arr":["302","1004"],"angle":-35.8,"extra":1,"ei":11}},{"type":"Feature","geometry":{"type":"Point","coordinates":[10.237838,55.974765]},"properties":{"lines":"302, 1004","color":"#0059a9","mode":"bus","arr":["302","1004"],"angle":-11.9,"extra":1,"ei":12}},{"type":"Feature","geometry":{"type":"Point","coordinates":[10.213025,55.974308]},"properties":{"lines":"302, 1004","color":"#0059a9","mode":"bus","arr":["302","1004"],"angle":-1.7}},{"type":"Feature","geometry":{"type":"Point","coordinates":[10.235887,55.974681]},"properties":{"lines":"302, 1004","color":"#0059a9","mode":"bus","arr":["302","1004"],"angle":-1.6,"extra":1,"ei":0}},{"type":"Feature","geometry":{"type":"Point","coordinates":[10.232513,55.974621]},"properties":{"lines":"302, 1004","color":"#0059a9","mode":"bus","arr":["302","1004"],"angle":-1.7,"extra":1,"ei":1}},{"type":"Feature","geometry":{"type":"Point","coordinates":[10.229139,55.974571]},"properties":{"lines":"302, 1004","color":"#0059a9","mode":"bus","arr":["302","1004"],"angle":-1.5,"extra":1,"ei":2}},{"type":"Feature","geometry":{"type":"Point","coordinates":[10.225765,55.974517]},"properties":{"lines":"302, 1004","color":"#0059a9","mode":"bus","arr":["302","1004"],"angle":-1.8,"extra":1,"ei":3}},{"type":"Feature","geometry":{"type":"Point","coordinates":[10.222391,55.974461]},"properties":{"lines":"302, 1004","color":"#0059a9","mode":"bus","arr":["302","1004"],"angle":-1.6,"extra":1,"ei":4}},{"type":"Feature","geometry":{"type":"Point","coordinates":[10.219017,55.974407]},"properties":{"lines":"302, 1004","color":"#0059a9","mode":"bus","arr":["302","1004"],"angle":-1.6,"extra":1,"ei":5}},{"type":"Feature","geometry":{"type":"Point","coordinates":[10.215644,55.974352]},"properties":{"lines":"302, 1004","color":"#0059a9","mode":"bus","arr":["302","1004"],"angle":-1.7,"extra":1,"ei":6}},{"type":"Feature","geometry":{"type":"Point","coordinates":[10.208896,55.974247]},"properties":{"lines":"302, 1004","color":"#0059a9","mode":"bus","arr":["302","1004"],"angle":-1.2,"extra":1,"ei":7}},{"type":"Feature","geometry":{"type":"Point","coordinates":[10.205521,55.974202]},"properties":{"lines":"302, 1004","color":"#0059a9","mode":"bus","arr":["302","1004"],"angle":-1.6,"extra":1,"ei":8}},{"type":"Feature","geometry":{"type":"Point","coordinates":[10.202156,55.974248]},"properties":{"lines":"302, 1004","color":"#0059a9","mode":"bus","arr":["302","1004"],"angle":10.7,"extra":1,"ei":9}},{"type":"Feature","geometry":{"type":"Point","coordinates":[10.198954,55.974832]},"properties":{"lines":"302, 1004","color":"#0059a9","mode":"bus","arr":["302","1004"],"angle":21.4,"extra":1,"ei":10}},{"type":"Feature","geometry":{"type":"Point","coordinates":[10.195804,55.97551]},"properties":{"lines":"302, 1004","color":"#0059a9","mode":"bus","arr":["302","1004"],"angle":20.8,"extra":1,"ei":11}},{"type":"Feature","geometry":{"type":"Point","coordinates":[10.192656,55.97619]},"properties":{"lines":"302, 1004","color":"#0059a9","mode":"bus","arr":["302","1004"],"angle":20.5,"extra":1,"ei":12}},{"type":"Feature","geometry":{"type":"Point","coordinates":[10.189496,55.976853]},"properties":{"lines":"302, 1004","color":"#0059a9","mode":"bus","arr":["302","1004"],"angle":20.6,"extra":1,"ei":13}},{"type":"Feature","geometry":{"type":"Point","coordinates":[10.231096,55.980812]},"properties":{"lines":"302, 1004","color":"#0059a9","mode":"bus","arr":["302","1004"],"angle":87}},{"type":"Feature","geometry":{"type":"Point","coordinates":[10.231751,55.975548]},"properties":{"lines":"302, 1004","color":"#0059a9","mode":"bus","arr":["302","1004"],"angle":82.9,"extra":1,"ei":0}},{"type":"Feature","geometry":{"type":"Point","coordinates":[10.231425,55.977427]},"properties":{"lines":"302, 1004","color":"#0059a9","mode":"bus","arr":["302","1004"],"angle":87.2,"extra":1,"ei":1}},{"type":"Feature","geometry":{"type":"Point","coordinates":[10.231243,55.979313]},"properties":{"lines":"302, 1004","color":"#0059a9","mode":"bus","arr":["302","1004"],"angle":86.4,"extra":1,"ei":2}},{"type":"Feature","geometry":{"type":"Point","coordinates":[10.230854,55.983084]},"properties":{"lines":"302, 1004","color":"#0059a9","mode":"bus","arr":["302","1004"],"angle":86.9,"extra":1,"ei":3}},{"type":"Feature","geometry":{"type":"Point","coordinates":[10.230751,55.984971]},"properties":{"lines":"302, 1004","color":"#0059a9","mode":"bus","arr":["302","1004"],"angle":89.5,"extra":1,"ei":4}},{"type":"Feature","geometry":{"type":"Point","coordinates":[10.23069,55.98686]},"properties":{"lines":"302, 1004","color":"#0059a9","mode":"bus","arr":["302","1004"],"angle":88.9,"extra":1,"ei":5}},{"type":"Feature","geometry":{"type":"Point","coordinates":[10.224677,55.988783]},"properties":{"lines":"1004","color":"#0059a9","mode":"bus","arr":["1004"],"angle":18.6,"mi":1}},{"type":"Feature","geometry":{"type":"Point","coordinates":[10.230064,55.987771]},"properties":{"lines":"1004","color":"#0059a9","mode":"bus","arr":["1004"],"angle":19.8,"extra":1,"ei":0}},{"type":"Feature","geometry":{"type":"Point","coordinates":[10.226864,55.988372]},"properties":{"lines":"1004","color":"#0059a9","mode":"bus","arr":["1004"],"angle":18.6,"extra":1,"ei":1}},{"type":"Feature","geometry":{"type":"Point","coordinates":[10.221488,55.990242]},"properties":{"lines":"1004","color":"#0059a9","mode":"bus","arr":["1004"],"angle":63.7,"extra":1,"ei":2}},{"type":"Feature","geometry":{"type":"Point","coordinates":[9.971549,56.083907]},"properties":{"lines":"309","color":"#0059a9","mode":"bus","arr":["309"],"angle":87.2}},{"type":"Feature","geometry":{"type":"Point","coordinates":[9.978736,56.061783]},"properties":{"lines":"309","color":"#0059a9","mode":"bus","arr":["309"],"angle":-88.6,"mi":2}},{"type":"Feature","geometry":{"type":"Point","coordinates":[9.97652,56.06836]},"properties":{"lines":"309","color":"#0059a9","mode":"bus","arr":["309"],"angle":79.7,"mi":3}},{"type":"Feature","geometry":{"type":"Point","coordinates":[9.977343,56.066773]},"properties":{"lines":"309","color":"#0059a9","mode":"bus","arr":["309"],"angle":71.3}},{"type":"Feature","geometry":{"type":"Point","coordinates":[9.97072,56.097813]},"properties":{"lines":"309","color":"#0059a9","mode":"bus","arr":["309"],"angle":82.7,"extra":1,"ei":0}},{"type":"Feature","geometry":{"type":"Point","coordinates":[9.970758,56.09593]},"properties":{"lines":"309","color":"#0059a9","mode":"bus","arr":["309"],"angle":-82.5,"extra":1,"ei":1}},{"type":"Feature","geometry":{"type":"Point","coordinates":[9.970012,56.09409]},"properties":{"lines":"309","color":"#0059a9","mode":"bus","arr":["309"],"angle":-75.4,"extra":1,"ei":2}},{"type":"Feature","geometry":{"type":"Point","coordinates":[9.969426,56.092236]},"properties":{"lines":"309","color":"#0059a9","mode":"bus","arr":["309"],"angle":-88.9,"extra":1,"ei":3}},{"type":"Feature","geometry":{"type":"Point","coordinates":[9.969847,56.090366]},"properties":{"lines":"309","color":"#0059a9","mode":"bus","arr":["309"],"angle":80.5,"extra":1,"ei":4}},{"type":"Feature","geometry":{"type":"Point","coordinates":[9.970469,56.08851]},"properties":{"lines":"309","color":"#0059a9","mode":"bus","arr":["309"],"angle":79.4,"extra":1,"ei":5}},{"type":"Feature","geometry":{"type":"Point","coordinates":[9.971072,56.086652]},"properties":{"lines":"309","color":"#0059a9","mode":"bus","arr":["309"],"angle":80.3,"extra":1,"ei":6}},{"type":"Feature","geometry":{"type":"Point","coordinates":[9.972735,56.08111]},"properties":{"lines":"309","color":"#0059a9","mode":"bus","arr":["309"],"angle":69,"extra":1,"ei":7}},{"type":"Feature","geometry":{"type":"Point","coordinates":[9.973958,56.079349]},"properties":{"lines":"309","color":"#0059a9","mode":"bus","arr":["309"],"angle":68.6,"extra":1,"ei":8}},{"type":"Feature","geometry":{"type":"Point","coordinates":[9.97517,56.077587]},"properties":{"lines":"309","color":"#0059a9","mode":"bus","arr":["309"],"angle":69.2,"extra":1,"ei":9}},{"type":"Feature","geometry":{"type":"Point","coordinates":[9.976075,56.075773]},"properties":{"lines":"309","color":"#0059a9","mode":"bus","arr":["309"],"angle":83.2,"extra":1,"ei":10}},{"type":"Feature","geometry":{"type":"Point","coordinates":[9.976184,56.073886]},"properties":{"lines":"309","color":"#0059a9","mode":"bus","arr":["309"],"angle":89.3,"extra":1,"ei":11}},{"type":"Feature","geometry":{"type":"Point","coordinates":[9.976228,56.071998]},"properties":{"lines":"309","color":"#0059a9","mode":"bus","arr":["309"],"angle":89.3,"extra":1,"ei":12}},{"type":"Feature","geometry":{"type":"Point","coordinates":[9.976285,56.07011]},"properties":{"lines":"309","color":"#0059a9","mode":"bus","arr":["309"],"angle":88.9,"extra":1,"ei":13}},{"type":"Feature","geometry":{"type":"Point","coordinates":[9.978727,56.058864]},"properties":{"lines":"309","color":"#0059a9","mode":"bus","arr":["309"],"angle":87.2,"extra":1,"ei":0}},{"type":"Feature","geometry":{"type":"Point","coordinates":[9.978481,56.064519]},"properties":{"lines":"309","color":"#0059a9","mode":"bus","arr":["309"],"angle":81.2,"extra":1,"ei":1}},{"type":"Feature","geometry":{"type":"Point","coordinates":[9.971322,56.093956]},"properties":{"lines":"309","color":"#0059a9","mode":"bus","arr":["309"],"angle":-68.3}},{"type":"Feature","geometry":{"type":"Point","coordinates":[9.97026,56.09263]},"properties":{"lines":"309","color":"#0059a9","mode":"bus","arr":["309"],"angle":-65.9,"extra":1,"ei":0}},{"type":"Feature","geometry":{"type":"Point","coordinates":[9.970879,56.095888]},"properties":{"lines":"309","color":"#0059a9","mode":"bus","arr":["309"],"angle":21.9,"extra":1,"ei":1}},{"type":"Feature","geometry":{"type":"Point","coordinates":[9.960625,56.107442]},"properties":{"lines":"309","color":"#0059a9","mode":"bus","arr":["309"],"angle":57}},{"type":"Feature","geometry":{"type":"Point","coordinates":[9.969101,56.099267]},"properties":{"lines":"309","color":"#0059a9","mode":"bus","arr":["309"],"angle":45,"extra":1,"ei":0}},{"type":"Feature","geometry":{"type":"Point","coordinates":[9.966675,56.100579]},"properties":{"lines":"309","color":"#0059a9","mode":"bus","arr":["309"],"angle":38,"extra":1,"ei":1}},{"type":"Feature","geometry":{"type":"Point","coordinates":[9.964833,56.101796]},"properties":{"lines":"309","color":"#0059a9","mode":"bus","arr":["309"],"angle":65.6,"extra":1,"ei":2}},{"type":"Feature","geometry":{"type":"Point","coordinates":[9.963774,56.103569]},"properties":{"lines":"309","color":"#0059a9","mode":"bus","arr":["309"],"angle":82.7,"extra":1,"ei":3}},{"type":"Feature","geometry":{"type":"Point","coordinates":[9.962894,56.105387]},"properties":{"lines":"309","color":"#0059a9","mode":"bus","arr":["309"],"angle":70.8,"extra":1,"ei":4}},{"type":"Feature","geometry":{"type":"Point","coordinates":[9.95872,56.108088]},"properties":{"lines":"309","color":"#0059a9","mode":"bus","arr":["309"],"angle":6.9,"extra":1,"ei":5}},{"type":"Feature","geometry":{"type":"Point","coordinates":[9.958168,56.109679]},"properties":{"lines":"309","color":"#0059a9","mode":"bus","arr":["309"],"angle":-87,"extra":1,"ei":6}},{"type":"Feature","geometry":{"type":"Point","coordinates":[9.956641,56.111248]},"properties":{"lines":"309","color":"#0059a9","mode":"bus","arr":["309"],"angle":52.9,"extra":1,"ei":7}},{"type":"Feature","geometry":{"type":"Point","coordinates":[9.955948,56.113078]},"properties":{"lines":"309","color":"#0059a9","mode":"bus","arr":["309"],"angle":85.5,"extra":1,"ei":8}},{"type":"Feature","geometry":{"type":"Point","coordinates":[9.955917,56.114965]},"properties":{"lines":"309","color":"#0059a9","mode":"bus","arr":["309"],"angle":88.7,"extra":1,"ei":9}},{"type":"Feature","geometry":{"type":"Point","coordinates":[9.95609,56.116829]},"properties":{"lines":"309","color":"#0059a9","mode":"bus","arr":["309"],"angle":-70.8,"extra":1,"ei":10,"side":-1}},{"type":"Feature","geometry":{"type":"Point","coordinates":[9.954625,56.117037]},"properties":{"lines":"309","color":"#0059a9","mode":"bus","arr":["309"],"angle":0.3}},{"type":"Feature","geometry":{"type":"Point","coordinates":[9.951456,56.12695]},"properties":{"lines":"309","color":"#0059a9","mode":"bus","arr":["309"],"angle":61.8}},{"type":"Feature","geometry":{"type":"Point","coordinates":[9.953487,56.11805]},"properties":{"lines":"309","color":"#0059a9","mode":"bus","arr":["309"],"angle":-86.1,"extra":1,"ei":0}},{"type":"Feature","geometry":{"type":"Point","coordinates":[9.953783,56.119931]},"properties":{"lines":"309","color":"#0059a9","mode":"bus","arr":["309"],"angle":-85.9,"extra":1,"ei":1}},{"type":"Feature","geometry":{"type":"Point","coordinates":[9.953946,56.121818]},"properties":{"lines":"309","color":"#0059a9","mode":"bus","arr":["309"],"angle":-88,"extra":1,"ei":2}},{"type":"Feature","geometry":{"type":"Point","coordinates":[9.95346,56.123679]},"properties":{"lines":"309","color":"#0059a9","mode":"bus","arr":["309"],"angle":77.9,"extra":1,"ei":3}},{"type":"Feature","geometry":{"type":"Point","coordinates":[9.952527,56.125493]},"properties":{"lines":"309","color":"#0059a9","mode":"bus","arr":["309"],"angle":72.9,"extra":1,"ei":4}},{"type":"Feature","geometry":{"type":"Point","coordinates":[9.948838,56.128569]},"properties":{"lines":"309","color":"#0059a9","mode":"bus","arr":["309"],"angle":45.6,"extra":1,"ei":5}},{"type":"Feature","geometry":{"type":"Point","coordinates":[9.947363,56.130235]},"properties":{"lines":"309","color":"#0059a9","mode":"bus","arr":["309"],"angle":57.2,"extra":1,"ei":6}},{"type":"Feature","geometry":{"type":"Point","coordinates":[9.944494,56.131022]},"properties":{"lines":"309","color":"#0059a9","mode":"bus","arr":["309"],"angle":40.7,"extra":1,"ei":7}},{"type":"Feature","geometry":{"type":"Point","coordinates":[9.942329,56.132469]},"properties":{"lines":"309","color":"#0059a9","mode":"bus","arr":["309"],"angle":52.7,"extra":1,"ei":8}},{"type":"Feature","geometry":{"type":"Point","coordinates":[9.941139,56.134224]},"properties":{"lines":"309","color":"#0059a9","mode":"bus","arr":["309"],"angle":74.2,"extra":1,"ei":9}},{"type":"Feature","geometry":{"type":"Point","coordinates":[9.94072,56.135736]},"properties":{"lines":"309","color":"#0059a9","mode":"bus","arr":["309"],"angle":83.5,"mi":1}},{"type":"Feature","geometry":{"type":"Point","coordinates":[9.941794,56.137367]},"properties":{"lines":"309","color":"#0059a9","mode":"bus","arr":["309"],"angle":-36.7}},{"type":"Feature","geometry":{"type":"Point","coordinates":[9.942049,56.144697]},"properties":{"lines":"309","color":"#0059a9","mode":"bus","arr":["309"],"angle":83.9,"mi":2}},{"type":"Feature","geometry":{"type":"Point","coordinates":[9.942922,56.138857]},"properties":{"lines":"309","color":"#0059a9","mode":"bus","arr":["309"],"angle":87.9,"extra":1,"ei":0}},{"type":"Feature","geometry":{"type":"Point","coordinates":[9.942294,56.140703]},"properties":{"lines":"309","color":"#0059a9","mode":"bus","arr":["309"],"angle":72.4,"extra":1,"ei":1}},{"type":"Feature","geometry":{"type":"Point","coordinates":[9.941721,56.142552]},"properties":{"lines":"309","color":"#0059a9","mode":"bus","arr":["309"],"angle":-88.5,"extra":1,"ei":2}},{"type":"Feature","geometry":{"type":"Point","coordinates":[9.941879,56.146297]},"properties":{"lines":"309","color":"#0059a9","mode":"bus","arr":["309"],"angle":-73.8,"extra":1,"ei":3}},{"type":"Feature","geometry":{"type":"Point","coordinates":[9.943854,56.147739]},"properties":{"lines":"309","color":"#0059a9","mode":"bus","arr":["309"],"angle":-40,"extra":1,"ei":4}},{"type":"Feature","geometry":{"type":"Point","coordinates":[9.946423,56.148926]},"properties":{"lines":"309","color":"#0059a9","mode":"bus","arr":["309"],"angle":-32.3,"extra":1,"ei":5}},{"type":"Feature","geometry":{"type":"Point","coordinates":[9.963086,56.187673]},"properties":{"lines":"309","color":"#0059a9","mode":"bus","arr":["309"],"angle":-64.7}},{"type":"Feature","geometry":{"type":"Point","coordinates":[9.962795,56.185167]},"properties":{"lines":"309","color":"#0059a9","mode":"bus","arr":["309"],"angle":79,"extra":1,"ei":0}},{"type":"Feature","geometry":{"type":"Point","coordinates":[9.963821,56.188773]},"properties":{"lines":"309","color":"#0059a9","mode":"bus","arr":["309"],"angle":-80.3,"extra":1,"ei":1}},{"type":"Feature","geometry":{"type":"Point","coordinates":[9.963676,56.190658]},"properties":{"lines":"309","color":"#0059a9","mode":"bus","arr":["309"],"angle":87.1,"extra":1,"ei":2}},{"type":"Feature","geometry":{"type":"Point","coordinates":[9.978673,56.06276]},"properties":{"lines":"309","color":"#0059a9","mode":"bus","arr":["309"],"angle":87.8,"side":-1,"mi":1}},{"type":"Feature","geometry":{"type":"Point","coordinates":[9.701821,56.080871]},"properties":{"lines":"311","color":"#0059a9","mode":"bus","arr":["311"],"angle":17.7,"mi":3}},{"type":"Feature","geometry":{"type":"Point","coordinates":[9.650884,56.095932]},"properties":{"lines":"311","color":"#0059a9","mode":"bus","arr":["311"],"angle":29.9,"extra":1,"ei":0}},{"type":"Feature","geometry":{"type":"Point","coordinates":[9.653804,56.094986]},"properties":{"lines":"311","color":"#0059a9","mode":"bus","arr":["311"],"angle":33.5,"extra":1,"ei":1}},{"type":"Feature","geometry":{"type":"Point","coordinates":[9.656495,56.093845]},"properties":{"lines":"311","color":"#0059a9","mode":"bus","arr":["311"],"angle":37.7,"extra":1,"ei":2}},{"type":"Feature","geometry":{"type":"Point","coordinates":[9.659395,56.092924]},"properties":{"lines":"311","color":"#0059a9","mode":"bus","arr":["311"],"angle":13.2,"extra":1,"ei":3}},{"type":"Feature","geometry":{"type":"Point","coordinates":[9.662695,56.092526]},"properties":{"lines":"311","color":"#0059a9","mode":"bus","arr":["311"],"angle":12,"extra":1,"ei":4}},{"type":"Feature","geometry":{"type":"Point","coordinates":[9.665993,56.092126]},"properties":{"lines":"311","color":"#0059a9","mode":"bus","arr":["311"],"angle":12.4,"extra":1,"ei":5}},{"type":"Feature","geometry":{"type":"Point","coordinates":[9.669294,56.091732]},"properties":{"lines":"311","color":"#0059a9","mode":"bus","arr":["311"],"angle":11.9,"extra":1,"ei":6}},{"type":"Feature","geometry":{"type":"Point","coordinates":[9.67257,56.091284]},"properties":{"lines":"311","color":"#0059a9","mode":"bus","arr":["311"],"angle":18.5,"extra":1,"ei":7}},{"type":"Feature","geometry":{"type":"Point","coordinates":[9.675565,56.090425]},"properties":{"lines":"311","color":"#0059a9","mode":"bus","arr":["311"],"angle":33.6,"extra":1,"ei":8}},{"type":"Feature","geometry":{"type":"Point","coordinates":[9.678377,56.08938]},"properties":{"lines":"311","color":"#0059a9","mode":"bus","arr":["311"],"angle":33.6,"extra":1,"ei":9}},{"type":"Feature","geometry":{"type":"Point","coordinates":[9.681188,56.088335]},"properties":{"lines":"311","color":"#0059a9","mode":"bus","arr":["311"],"angle":33.6,"extra":1,"ei":10}},{"type":"Feature","geometry":{"type":"Point","coordinates":[9.683996,56.087287]},"properties":{"lines":"311","color":"#0059a9","mode":"bus","arr":["311"],"angle":33.7,"extra":1,"ei":11}},{"type":"Feature","geometry":{"type":"Point","coordinates":[9.686804,56.086239]},"properties":{"lines":"311","color":"#0059a9","mode":"bus","arr":["311"],"angle":33.6,"extra":1,"ei":12}},{"type":"Feature","geometry":{"type":"Point","coordinates":[9.689615,56.085194]},"properties":{"lines":"311","color":"#0059a9","mode":"bus","arr":["311"],"angle":33.6,"extra":1,"ei":13}},{"type":"Feature","geometry":{"type":"Point","coordinates":[9.692428,56.084151]},"properties":{"lines":"311","color":"#0059a9","mode":"bus","arr":["311"],"angle":33.4,"extra":1,"ei":14}},{"type":"Feature","geometry":{"type":"Point","coordinates":[9.695246,56.083111]},"properties":{"lines":"311","color":"#0059a9","mode":"bus","arr":["311"],"angle":33.4,"extra":1,"ei":15}},{"type":"Feature","geometry":{"type":"Point","coordinates":[9.698057,56.082066]},"properties":{"lines":"311","color":"#0059a9","mode":"bus","arr":["311"],"angle":33.7,"extra":1,"ei":16}},{"type":"Feature","geometry":{"type":"Point","coordinates":[9.704186,56.080654]},"properties":{"lines":"311","color":"#0059a9","mode":"bus","arr":["311"],"angle":1.1,"extra":1,"ei":17}},{"type":"Feature","geometry":{"type":"Point","coordinates":[9.707546,56.080815]},"properties":{"lines":"311","color":"#0059a9","mode":"bus","arr":["311"],"angle":-5.9,"extra":1,"ei":18}},{"type":"Feature","geometry":{"type":"Point","coordinates":[9.710902,56.081012]},"properties":{"lines":"311","color":"#0059a9","mode":"bus","arr":["311"],"angle":-6.3,"extra":1,"ei":19}},{"type":"Feature","geometry":{"type":"Point","coordinates":[9.714257,56.081219]},"properties":{"lines":"311","color":"#0059a9","mode":"bus","arr":["311"],"angle":-6.3,"extra":1,"ei":20}},{"type":"Feature","geometry":{"type":"Point","coordinates":[9.717612,56.081426]},"properties":{"lines":"311","color":"#0059a9","mode":"bus","arr":["311"],"angle":-6.3,"extra":1,"ei":21}},{"type":"Feature","geometry":{"type":"Point","coordinates":[9.720968,56.08163]},"properties":{"lines":"311","color":"#0059a9","mode":"bus","arr":["311"],"angle":-6.3,"extra":1,"ei":22}},{"type":"Feature","geometry":{"type":"Point","coordinates":[9.724323,56.081834]},"properties":{"lines":"311","color":"#0059a9","mode":"bus","arr":["311"],"angle":-6.1,"extra":1,"ei":23}},{"type":"Feature","geometry":{"type":"Point","coordinates":[9.72768,56.082032]},"properties":{"lines":"311","color":"#0059a9","mode":"bus","arr":["311"],"angle":-5.7,"extra":1,"ei":24}},{"type":"Feature","geometry":{"type":"Point","coordinates":[9.731037,56.081968]},"properties":{"lines":"311","color":"#0059a9","mode":"bus","arr":["311"],"angle":8.4,"extra":1,"ei":25}},{"type":"Feature","geometry":{"type":"Point","coordinates":[9.734383,56.081728]},"properties":{"lines":"311","color":"#0059a9","mode":"bus","arr":["311"],"angle":1.2,"extra":1,"ei":26}},{"type":"Feature","geometry":{"type":"Point","coordinates":[9.737646,56.082127]},"properties":{"lines":"311","color":"#0059a9","mode":"bus","arr":["311"],"angle":-26.4,"extra":1,"ei":27}},{"type":"Feature","geometry":{"type":"Point","coordinates":[9.740386,56.083221]},"properties":{"lines":"311","color":"#0059a9","mode":"bus","arr":["311"],"angle":-39.7,"extra":1,"ei":28}},{"type":"Feature","geometry":{"type":"Point","coordinates":[9.742991,56.084422]},"properties":{"lines":"311","color":"#0059a9","mode":"bus","arr":["311"],"angle":-39.5,"extra":1,"ei":29}},{"type":"Feature","geometry":{"type":"Point","coordinates":[9.745427,56.085725]},"properties":{"lines":"311","color":"#0059a9","mode":"bus","arr":["311"],"angle":-46.8,"extra":1,"ei":30}},{"type":"Feature","geometry":{"type":"Point","coordinates":[9.747737,56.087102]},"properties":{"lines":"311","color":"#0059a9","mode":"bus","arr":["311"],"angle":-46.8,"extra":1,"ei":31}},{"type":"Feature","geometry":{"type":"Point","coordinates":[9.750048,56.088478]},"properties":{"lines":"311","color":"#0059a9","mode":"bus","arr":["311"],"angle":-46.5,"extra":1,"ei":32}},{"type":"Feature","geometry":{"type":"Point","coordinates":[9.751879,56.090049]},"properties":{"lines":"311","color":"#0059a9","mode":"bus","arr":["311"],"angle":-66,"extra":1,"ei":33}},{"type":"Feature","geometry":{"type":"Point","coordinates":[9.753252,56.091774]},"properties":{"lines":"311","color":"#0059a9","mode":"bus","arr":["311"],"angle":-64.5,"extra":1,"ei":34}},{"type":"Feature","geometry":{"type":"Point","coordinates":[9.674251,56.09697]},"properties":{"lines":"311","color":"#0059a9","mode":"bus","arr":["311"],"angle":-54.3}},{"type":"Feature","geometry":{"type":"Point","coordinates":[9.671153,56.092475]},"properties":{"lines":"311","color":"#0059a9","mode":"bus","arr":["311"],"angle":-82.6,"extra":1,"ei":0}},{"type":"Feature","geometry":{"type":"Point","coordinates":[9.671604,56.094347]},"properties":{"lines":"311","color":"#0059a9","mode":"bus","arr":["311"],"angle":-78.6,"extra":1,"ei":1}},{"type":"Feature","geometry":{"type":"Point","coordinates":[9.677382,56.098825]},"properties":{"lines":"311","color":"#0059a9","mode":"bus","arr":["311"],"angle":-9.3,"extra":1,"ei":2}},{"type":"Feature","geometry":{"type":"Point","coordinates":[9.680748,56.098965]},"properties":{"lines":"311","color":"#0059a9","mode":"bus","arr":["311"],"angle":-4.3,"extra":1,"ei":3}},{"type":"Feature","geometry":{"type":"Point","coordinates":[9.690342,56.091229]},"properties":{"lines":"311","color":"#0059a9","mode":"bus","arr":["311"],"angle":43.1}},{"type":"Feature","geometry":{"type":"Point","coordinates":[9.682785,56.098113]},"properties":{"lines":"311","color":"#0059a9","mode":"bus","arr":["311"],"angle":-85.4,"extra":1,"ei":0}},{"type":"Feature","geometry":{"type":"Point","coordinates":[9.683422,56.096271]},"properties":{"lines":"311","color":"#0059a9","mode":"bus","arr":["311"],"angle":73.5,"extra":1,"ei":1}},{"type":"Feature","geometry":{"type":"Point","coordinates":[9.684937,56.094605]},"properties":{"lines":"311","color":"#0059a9","mode":"bus","arr":["311"],"angle":51.4,"extra":1,"ei":2}},{"type":"Feature","geometry":{"type":"Point","coordinates":[9.687042,56.093129]},"properties":{"lines":"311","color":"#0059a9","mode":"bus","arr":["311"],"angle":52.1,"extra":1,"ei":3}},{"type":"Feature","geometry":{"type":"Point","coordinates":[9.693326,56.088816]},"properties":{"lines":"311","color":"#0059a9","mode":"bus","arr":["311"],"angle":74,"extra":1,"ei":4}},{"type":"Feature","geometry":{"type":"Point","coordinates":[9.694258,56.087001]},"properties":{"lines":"311","color":"#0059a9","mode":"bus","arr":["311"],"angle":74,"extra":1,"ei":5}},{"type":"Feature","geometry":{"type":"Point","coordinates":[9.695189,56.085186]},"properties":{"lines":"311","color":"#0059a9","mode":"bus","arr":["311"],"angle":74,"extra":1,"ei":6}},{"type":"Feature","geometry":{"type":"Point","coordinates":[9.696122,56.083371]},"properties":{"lines":"311","color":"#0059a9","mode":"bus","arr":["311"],"angle":77.6,"extra":1,"ei":7}},{"type":"Feature","geometry":{"type":"Point","coordinates":[9.704104,56.078072]},"properties":{"lines":"311","color":"#0059a9","mode":"bus","arr":["311"],"angle":-43.8,"mi":1}},{"type":"Feature","geometry":{"type":"Point","coordinates":[9.706193,56.079802]},"properties":{"lines":"311","color":"#0059a9","mode":"bus","arr":["311"],"angle":-77.1,"extra":1,"ei":0}},{"type":"Feature","geometry":{"type":"Point","coordinates":[9.701734,56.077138]},"properties":{"lines":"311","color":"#0059a9","mode":"bus","arr":["311"],"angle":-13,"extra":1,"ei":1}},{"type":"Feature","geometry":{"type":"Point","coordinates":[9.69952,56.076752]},"properties":{"lines":"311","color":"#0059a9","mode":"bus","arr":["311"],"angle":89.7,"side":-1,"mi":2}},{"type":"Feature","geometry":{"type":"Point","coordinates":[9.753991,56.092556]},"properties":{"lines":"311","color":"#0059a9","mode":"bus","arr":["311"],"angle":-44,"mi":7}},{"type":"Feature","geometry":{"type":"Point","coordinates":[9.756574,56.09244]},"properties":{"lines":"311","color":"#0059a9","mode":"bus","arr":["311"],"angle":21.9,"mi":6}},{"type":"Feature","geometry":{"type":"Point","coordinates":[9.860457,56.061317]},"properties":{"lines":"311","color":"#0059a9","mode":"bus","arr":["311"],"angle":66.7}},{"type":"Feature","geometry":{"type":"Point","coordinates":[9.767083,56.090602]},"properties":{"lines":"311","color":"#0059a9","mode":"bus","arr":["311"],"angle":15.6}},{"type":"Feature","geometry":{"type":"Point","coordinates":[9.792904,56.087572]},"properties":{"lines":"311","color":"#0059a9","mode":"bus","arr":["311"],"angle":25.2,"mi":8}},{"type":"Feature","geometry":{"type":"Point","coordinates":[9.780816,56.090689]},"properties":{"lines":"311","color":"#0059a9","mode":"bus","arr":["311"],"angle":17.9,"mi":3}},{"type":"Feature","geometry":{"type":"Point","coordinates":[9.783227,56.090123]},"properties":{"lines":"311","color":"#0059a9","mode":"bus","arr":["311"],"angle":-61.8,"mi":4}},{"type":"Feature","geometry":{"type":"Point","coordinates":[9.759325,56.09196]},"properties":{"lines":"311","color":"#0059a9","mode":"bus","arr":["311"],"angle":17.7,"extra":1,"ei":0}},{"type":"Feature","geometry":{"type":"Point","coordinates":[9.762546,56.091395]},"properties":{"lines":"311","color":"#0059a9","mode":"bus","arr":["311"],"angle":17.4,"extra":1,"ei":1}},{"type":"Feature","geometry":{"type":"Point","coordinates":[9.772334,56.090584]},"properties":{"lines":"311","color":"#0059a9","mode":"bus","arr":["311"],"angle":-9.7,"extra":1,"ei":2}},{"type":"Feature","geometry":{"type":"Point","coordinates":[9.775661,56.090903]},"properties":{"lines":"311","color":"#0059a9","mode":"bus","arr":["311"],"angle":-8.8,"extra":1,"ei":3}},{"type":"Feature","geometry":{"type":"Point","coordinates":[9.918886,56.042021]},"properties":{"lines":"311","color":"#0059a9","mode":"bus","arr":["311"],"angle":-4.8,"extra":1,"ei":0,"side":-1}},{"type":"Feature","geometry":{"type":"Point","coordinates":[9.915529,56.042143]},"properties":{"lines":"311","color":"#0059a9","mode":"bus","arr":["311"],"angle":11.7,"extra":1,"ei":1,"side":-1}},{"type":"Feature","geometry":{"type":"Point","coordinates":[9.912331,56.04274]},"properties":{"lines":"311","color":"#0059a9","mode":"bus","arr":["311"],"angle":20.9,"extra":1,"ei":2,"side":-1}},{"type":"Feature","geometry":{"type":"Point","coordinates":[9.909154,56.043376]},"properties":{"lines":"311","color":"#0059a9","mode":"bus","arr":["311"],"angle":18.2,"extra":1,"ei":3,"side":-1}},{"type":"Feature","geometry":{"type":"Point","coordinates":[9.905888,56.043847]},"properties":{"lines":"311","color":"#0059a9","mode":"bus","arr":["311"],"angle":11.1,"extra":1,"ei":4,"side":-1}},{"type":"Feature","geometry":{"type":"Point","coordinates":[9.902552,56.044132]},"properties":{"lines":"311","color":"#0059a9","mode":"bus","arr":["311"],"angle":6.5,"extra":1,"ei":5,"side":-1}},{"type":"Feature","geometry":{"type":"Point","coordinates":[9.899224,56.044442]},"properties":{"lines":"311","color":"#0059a9","mode":"bus","arr":["311"],"angle":12.9,"extra":1,"ei":6,"side":-1}},{"type":"Feature","geometry":{"type":"Point","coordinates":[9.894711,56.045302]},"properties":{"lines":"311","color":"#0059a9","mode":"bus","arr":["311"],"angle":24.3,"extra":1,"ei":0}},{"type":"Feature","geometry":{"type":"Point","coordinates":[9.891765,56.046218]},"properties":{"lines":"311","color":"#0059a9","mode":"bus","arr":["311"],"angle":34.3,"extra":1,"ei":1}},{"type":"Feature","geometry":{"type":"Point","coordinates":[9.889101,56.047375]},"properties":{"lines":"311","color":"#0059a9","mode":"bus","arr":["311"],"angle":42.3,"extra":1,"ei":2}},{"type":"Feature","geometry":{"type":"Point","coordinates":[9.886774,56.04874]},"properties":{"lines":"311","color":"#0059a9","mode":"bus","arr":["311"],"angle":50.9,"extra":1,"ei":3}},{"type":"Feature","geometry":{"type":"Point","coordinates":[9.884832,56.050284]},"properties":{"lines":"311","color":"#0059a9","mode":"bus","arr":["311"],"angle":57.7,"extra":1,"ei":4}},{"type":"Feature","geometry":{"type":"Point","coordinates":[9.882688,56.051729]},"properties":{"lines":"311","color":"#0059a9","mode":"bus","arr":["311"],"angle":40.5,"extra":1,"ei":5}},{"type":"Feature","geometry":{"type":"Point","coordinates":[9.879795,56.052681]},"properties":{"lines":"311","color":"#0059a9","mode":"bus","arr":["311"],"angle":20.4,"extra":1,"ei":6}},{"type":"Feature","geometry":{"type":"Point","coordinates":[9.876511,56.0531]},"properties":{"lines":"311","color":"#0059a9","mode":"bus","arr":["311"],"angle":9.6,"extra":1,"ei":7}},{"type":"Feature","geometry":{"type":"Point","coordinates":[9.873181,56.053408]},"properties":{"lines":"311","color":"#0059a9","mode":"bus","arr":["311"],"angle":9.4,"extra":1,"ei":8}},{"type":"Feature","geometry":{"type":"Point","coordinates":[9.869904,56.053843]},"properties":{"lines":"311","color":"#0059a9","mode":"bus","arr":["311"],"angle":20.8,"extra":1,"ei":9}},{"type":"Feature","geometry":{"type":"Point","coordinates":[9.866988,56.054774]},"properties":{"lines":"311","color":"#0059a9","mode":"bus","arr":["311"],"angle":38.4,"extra":1,"ei":10}},{"type":"Feature","geometry":{"type":"Point","coordinates":[9.864681,56.056143]},"properties":{"lines":"311","color":"#0059a9","mode":"bus","arr":["311"],"angle":55.1,"extra":1,"ei":11}},{"type":"Feature","geometry":{"type":"Point","coordinates":[9.863125,56.057813]},"properties":{"lines":"311","color":"#0059a9","mode":"bus","arr":["311"],"angle":67,"extra":1,"ei":12}},{"type":"Feature","geometry":{"type":"Point","coordinates":[9.861807,56.059552]},"properties":{"lines":"311","color":"#0059a9","mode":"bus","arr":["311"],"angle":67,"extra":1,"ei":13}},{"type":"Feature","geometry":{"type":"Point","coordinates":[9.859491,56.063089]},"properties":{"lines":"311","color":"#0059a9","mode":"bus","arr":["311"],"angle":81.7,"extra":1,"ei":14}},{"type":"Feature","geometry":{"type":"Point","coordinates":[9.858993,56.064951]},"properties":{"lines":"311","color":"#0059a9","mode":"bus","arr":["311"],"angle":73.1,"extra":1,"ei":15}},{"type":"Feature","geometry":{"type":"Point","coordinates":[9.857565,56.066651]},"properties":{"lines":"311","color":"#0059a9","mode":"bus","arr":["311"],"angle":55.4,"extra":1,"ei":16}},{"type":"Feature","geometry":{"type":"Point","coordinates":[9.85518,56.067971]},"properties":{"lines":"311","color":"#0059a9","mode":"bus","arr":["311"],"angle":35.6,"extra":1,"ei":17}},{"type":"Feature","geometry":{"type":"Point","coordinates":[9.852409,56.069048]},"properties":{"lines":"311","color":"#0059a9","mode":"bus","arr":["311"],"angle":38.3,"extra":1,"ei":18}},{"type":"Feature","geometry":{"type":"Point","coordinates":[9.849909,56.070315]},"properties":{"lines":"311","color":"#0059a9","mode":"bus","arr":["311"],"angle":44.2,"extra":1,"ei":19}},{"type":"Feature","geometry":{"type":"Point","coordinates":[9.847485,56.071629]},"properties":{"lines":"311","color":"#0059a9","mode":"bus","arr":["311"],"angle":44.1,"extra":1,"ei":20}},{"type":"Feature","geometry":{"type":"Point","coordinates":[9.845059,56.072943]},"properties":{"lines":"311","color":"#0059a9","mode":"bus","arr":["311"],"angle":44.1,"extra":1,"ei":21}},{"type":"Feature","geometry":{"type":"Point","coordinates":[9.842545,56.0742]},"properties":{"lines":"311","color":"#0059a9","mode":"bus","arr":["311"],"angle":37.1,"extra":1,"ei":22}},{"type":"Feature","geometry":{"type":"Point","coordinates":[9.839705,56.075216]},"properties":{"lines":"311","color":"#0059a9","mode":"bus","arr":["311"],"angle":26.9,"extra":1,"ei":23}},{"type":"Feature","geometry":{"type":"Point","coordinates":[9.836656,56.076027]},"properties":{"lines":"311","color":"#0059a9","mode":"bus","arr":["311"],"angle":25.4,"extra":1,"ei":24}},{"type":"Feature","geometry":{"type":"Point","coordinates":[9.833603,56.076832]},"properties":{"lines":"311","color":"#0059a9","mode":"bus","arr":["311"],"angle":25.4,"extra":1,"ei":25}},{"type":"Feature","geometry":{"type":"Point","coordinates":[9.830553,56.077641]},"properties":{"lines":"311","color":"#0059a9","mode":"bus","arr":["311"],"angle":25.4,"extra":1,"ei":26}},{"type":"Feature","geometry":{"type":"Point","coordinates":[9.827499,56.078445]},"properties":{"lines":"311","color":"#0059a9","mode":"bus","arr":["311"],"angle":25.2,"extra":1,"ei":27}},{"type":"Feature","geometry":{"type":"Point","coordinates":[9.824447,56.079251]},"properties":{"lines":"311","color":"#0059a9","mode":"bus","arr":["311"],"angle":25.3,"extra":1,"ei":28}},{"type":"Feature","geometry":{"type":"Point","coordinates":[9.821394,56.080057]},"properties":{"lines":"311","color":"#0059a9","mode":"bus","arr":["311"],"angle":25.2,"extra":1,"ei":29}},{"type":"Feature","geometry":{"type":"Point","coordinates":[9.818342,56.080863]},"properties":{"lines":"311","color":"#0059a9","mode":"bus","arr":["311"],"angle":25.2,"extra":1,"ei":30}},{"type":"Feature","geometry":{"type":"Point","coordinates":[9.815289,56.081668]},"properties":{"lines":"311","color":"#0059a9","mode":"bus","arr":["311"],"angle":25.3,"extra":1,"ei":31}},{"type":"Feature","geometry":{"type":"Point","coordinates":[9.812236,56.082474]},"properties":{"lines":"311","color":"#0059a9","mode":"bus","arr":["311"],"angle":25.2,"extra":1,"ei":32}},{"type":"Feature","geometry":{"type":"Point","coordinates":[9.809187,56.083284]},"properties":{"lines":"311","color":"#0059a9","mode":"bus","arr":["311"],"angle":25.3,"extra":1,"ei":33}},{"type":"Feature","geometry":{"type":"Point","coordinates":[9.806134,56.08409]},"properties":{"lines":"311","color":"#0059a9","mode":"bus","arr":["311"],"angle":25.3,"extra":1,"ei":34}},{"type":"Feature","geometry":{"type":"Point","coordinates":[9.803082,56.084896]},"properties":{"lines":"311","color":"#0059a9","mode":"bus","arr":["311"],"angle":25.3,"extra":1,"ei":35}},{"type":"Feature","geometry":{"type":"Point","coordinates":[9.799481,56.085841]},"properties":{"lines":"311","color":"#0059a9","mode":"bus","arr":["311"],"angle":25.2,"extra":1,"ei":0}},{"type":"Feature","geometry":{"type":"Point","coordinates":[9.796426,56.086645]},"properties":{"lines":"311","color":"#0059a9","mode":"bus","arr":["311"],"angle":25.2,"extra":1,"ei":1}},{"type":"Feature","geometry":{"type":"Point","coordinates":[9.790319,56.088253]},"properties":{"lines":"311","color":"#0059a9","mode":"bus","arr":["311"],"angle":25.2,"extra":1,"ei":2}},{"type":"Feature","geometry":{"type":"Point","coordinates":[9.787265,56.089058]},"properties":{"lines":"311","color":"#0059a9","mode":"bus","arr":["311"],"angle":25.2,"extra":1,"ei":3}},{"type":"Feature","geometry":{"type":"Point","coordinates":[9.756484,56.091541]},"properties":{"lines":"311","color":"#0059a9","mode":"bus","arr":["311"],"angle":65.5,"mi":5}},{"type":"Feature","geometry":{"type":"Point","coordinates":[9.777516,56.090979]},"properties":{"lines":"311","color":"#0059a9","mode":"bus","arr":["311"],"angle":2.1,"mi":1}},{"type":"Feature","geometry":{"type":"Point","coordinates":[9.778782,56.090912]},"properties":{"lines":"311","color":"#0059a9","mode":"bus","arr":["311"],"angle":0.9,"side":-1,"mi":2}},{"type":"Feature","geometry":{"type":"Point","coordinates":[9.699932,56.07698]},"properties":{"lines":"311","color":"#0059a9","mode":"bus","arr":["311"],"angle":12.5}},{"type":"Feature","geometry":{"type":"Point","coordinates":[9.947358,56.047312]},"properties":{"lines":"311, 330, 331","color":"#0059a9","mode":"bus","arr":["311","330","331"],"angle":78.9}},{"type":"Feature","geometry":{"type":"Point","coordinates":[9.946903,56.04854]},"properties":{"lines":"311, 330, 331","color":"#0059a9","mode":"bus","arr":["311","330","331"],"angle":74,"mi":1}},{"type":"Feature","geometry":{"type":"Point","coordinates":[9.789723,56.297181]},"properties":{"lines":"314","color":"#0059a9","mode":"bus","arr":["314"],"angle":59.8,"mi":1}},{"type":"Feature","geometry":{"type":"Point","coordinates":[9.791595,56.296808]},"properties":{"lines":"314","color":"#0059a9","mode":"bus","arr":["314"],"angle":6.7}},{"type":"Feature","geometry":{"type":"Point","coordinates":[9.83472,56.267593]},"properties":{"lines":"314","color":"#0059a9","mode":"bus","arr":["314"],"angle":48.5}},{"type":"Feature","geometry":{"type":"Point","coordinates":[9.857252,56.258686]},"properties":{"lines":"314","color":"#0059a9","mode":"bus","arr":["314"],"angle":64.1,"mi":2}},{"type":"Feature","geometry":{"type":"Point","coordinates":[9.798293,56.294674]},"properties":{"lines":"314","color":"#0059a9","mode":"bus","arr":["314"],"angle":56,"mi":2}},{"type":"Feature","geometry":{"type":"Point","coordinates":[9.79543,56.296215]},"properties":{"lines":"314","color":"#0059a9","mode":"bus","arr":["314"],"angle":33.1,"extra":1,"ei":0}},{"type":"Feature","geometry":{"type":"Point","coordinates":[9.799834,56.293403]},"properties":{"lines":"314","color":"#0059a9","mode":"bus","arr":["314"],"angle":51,"extra":1,"ei":1}},{"type":"Feature","geometry":{"type":"Point","coordinates":[9.826218,56.277555]},"properties":{"lines":"314","color":"#0059a9","mode":"bus","arr":["314"],"angle":73.1,"extra":1,"ei":0}},{"type":"Feature","geometry":{"type":"Point","coordinates":[9.827477,56.275804]},"properties":{"lines":"314","color":"#0059a9","mode":"bus","arr":["314"],"angle":67.6,"extra":1,"ei":1}},{"type":"Feature","geometry":{"type":"Point","coordinates":[9.828763,56.274058]},"properties":{"lines":"314","color":"#0059a9","mode":"bus","arr":["314"],"angle":67.6,"extra":1,"ei":2}},{"type":"Feature","geometry":{"type":"Point","coordinates":[9.83005,56.272312]},"properties":{"lines":"314","color":"#0059a9","mode":"bus","arr":["314"],"angle":67.6,"extra":1,"ei":3}},{"type":"Feature","geometry":{"type":"Point","coordinates":[9.831336,56.270566]},"properties":{"lines":"314","color":"#0059a9","mode":"bus","arr":["314"],"angle":67.6,"extra":1,"ei":4}},{"type":"Feature","geometry":{"type":"Point","coordinates":[9.832914,56.268914]},"properties":{"lines":"314","color":"#0059a9","mode":"bus","arr":["314"],"angle":46.3,"extra":1,"ei":5}},{"type":"Feature","geometry":{"type":"Point","coordinates":[9.836121,56.265693]},"properties":{"lines":"314","color":"#0059a9","mode":"bus","arr":["314"],"angle":63.1,"extra":1,"ei":6}},{"type":"Feature","geometry":{"type":"Point","coordinates":[9.838636,56.264526]},"properties":{"lines":"314","color":"#0059a9","mode":"bus","arr":["314"],"angle":16.2,"extra":1,"ei":7}},{"type":"Feature","geometry":{"type":"Point","coordinates":[9.841888,56.26402]},"properties":{"lines":"314","color":"#0059a9","mode":"bus","arr":["314"],"angle":16,"extra":1,"ei":8}},{"type":"Feature","geometry":{"type":"Point","coordinates":[9.844898,56.263188]},"properties":{"lines":"314","color":"#0059a9","mode":"bus","arr":["314"],"angle":31.7,"extra":1,"ei":9}},{"type":"Feature","geometry":{"type":"Point","coordinates":[9.847769,56.262196]},"properties":{"lines":"314","color":"#0059a9","mode":"bus","arr":["314"],"angle":31.7,"extra":1,"ei":10}},{"type":"Feature","geometry":{"type":"Point","coordinates":[9.850969,56.261671]},"properties":{"lines":"314","color":"#0059a9","mode":"bus","arr":["314"],"angle":8.7,"extra":1,"ei":11}},{"type":"Feature","geometry":{"type":"Point","coordinates":[9.853643,56.261037]},"properties":{"lines":"314","color":"#0059a9","mode":"bus","arr":["314"],"angle":37.4,"extra":1,"ei":0}},{"type":"Feature","geometry":{"type":"Point","coordinates":[9.856223,56.259833]},"properties":{"lines":"314","color":"#0059a9","mode":"bus","arr":["314"],"angle":56.2,"extra":1,"ei":1}},{"type":"Feature","geometry":{"type":"Point","coordinates":[9.8589,56.256383]},"properties":{"lines":"314","color":"#0059a9","mode":"bus","arr":["314"],"angle":54.1,"extra":1,"ei":2}},{"type":"Feature","geometry":{"type":"Point","coordinates":[9.810075,56.28546]},"properties":{"lines":"314","color":"#0059a9","mode":"bus","arr":["314"],"angle":50.3}},{"type":"Feature","geometry":{"type":"Point","coordinates":[9.802757,56.291395]},"properties":{"lines":"314","color":"#0059a9","mode":"bus","arr":["314"],"angle":53.2,"extra":1,"ei":0}},{"type":"Feature","geometry":{"type":"Point","coordinates":[9.804783,56.289885]},"properties":{"lines":"314","color":"#0059a9","mode":"bus","arr":["314"],"angle":53.1,"extra":1,"ei":1}},{"type":"Feature","geometry":{"type":"Point","coordinates":[9.806696,56.28833]},"properties":{"lines":"314","color":"#0059a9","mode":"bus","arr":["314"],"angle":58.2,"extra":1,"ei":2}},{"type":"Feature","geometry":{"type":"Point","coordinates":[9.808461,56.28672]},"properties":{"lines":"314","color":"#0059a9","mode":"bus","arr":["314"],"angle":58.4,"extra":1,"ei":3}},{"type":"Feature","geometry":{"type":"Point","coordinates":[9.81275,56.283822]},"properties":{"lines":"314","color":"#0059a9","mode":"bus","arr":["314"],"angle":38.5,"extra":1,"ei":4}},{"type":"Feature","geometry":{"type":"Point","coordinates":[9.81573,56.282948]},"properties":{"lines":"314","color":"#0059a9","mode":"bus","arr":["314"],"angle":24.1,"extra":1,"ei":5}},{"type":"Feature","geometry":{"type":"Point","coordinates":[9.818324,56.281812]},"properties":{"lines":"314","color":"#0059a9","mode":"bus","arr":["314"],"angle":61.3,"extra":1,"ei":6}},{"type":"Feature","geometry":{"type":"Point","coordinates":[9.819574,56.280059]},"properties":{"lines":"314","color":"#0059a9","mode":"bus","arr":["314"],"angle":60.1,"extra":1,"ei":7}},{"type":"Feature","geometry":{"type":"Point","coordinates":[9.822709,56.279]},"properties":{"lines":"314","color":"#0059a9","mode":"bus","arr":["314"],"angle":32.5}},{"type":"Feature","geometry":{"type":"Point","coordinates":[9.875888,56.260383]},"properties":{"lines":"314","color":"#0059a9","mode":"bus","arr":["314"],"angle":-25,"side":-1,"mi":1}},{"type":"Feature","geometry":{"type":"Point","coordinates":[9.87039,56.258972]},"properties":{"lines":"314","color":"#0059a9","mode":"bus","arr":["314"],"angle":-29.8}},{"type":"Feature","geometry":{"type":"Point","coordinates":[9.921045,56.278561]},"properties":{"lines":"314","color":"#0059a9","mode":"bus","arr":["314"],"angle":-64.6}},{"type":"Feature","geometry":{"type":"Point","coordinates":[9.937064,56.304109]},"properties":{"lines":"314","color":"#0059a9","mode":"bus","arr":["314"],"angle":-56.9}},{"type":"Feature","geometry":{"type":"Point","coordinates":[9.912885,56.263558]},"properties":{"lines":"314","color":"#0059a9","mode":"bus","arr":["314"],"angle":-13.6,"extra":1,"ei":0}},{"type":"Feature","geometry":{"type":"Point","coordinates":[9.915817,56.264447]},"properties":{"lines":"314","color":"#0059a9","mode":"bus","arr":["314"],"angle":-43.7,"extra":1,"ei":1}},{"type":"Feature","geometry":{"type":"Point","coordinates":[9.917525,56.266049]},"properties":{"lines":"314","color":"#0059a9","mode":"bus","arr":["314"],"angle":-74.8,"extra":1,"ei":2}},{"type":"Feature","geometry":{"type":"Point","coordinates":[9.917994,56.267917]},"properties":{"lines":"314","color":"#0059a9","mode":"bus","arr":["314"],"angle":-83.5,"extra":1,"ei":3}},{"type":"Feature","geometry":{"type":"Point","coordinates":[9.918371,56.269794]},"properties":{"lines":"314","color":"#0059a9","mode":"bus","arr":["314"],"angle":-83.7,"extra":1,"ei":4}},{"type":"Feature","geometry":{"type":"Point","coordinates":[9.918743,56.271671]},"properties":{"lines":"314","color":"#0059a9","mode":"bus","arr":["314"],"angle":-83.7,"extra":1,"ei":5}},{"type":"Feature","geometry":{"type":"Point","coordinates":[9.919115,56.273548]},"properties":{"lines":"314","color":"#0059a9","mode":"bus","arr":["314"],"angle":-83.7,"extra":1,"ei":6}},{"type":"Feature","geometry":{"type":"Point","coordinates":[9.919487,56.275425]},"properties":{"lines":"314","color":"#0059a9","mode":"bus","arr":["314"],"angle":-82.8,"extra":1,"ei":7}},{"type":"Feature","geometry":{"type":"Point","coordinates":[9.920152,56.277274]},"properties":{"lines":"314","color":"#0059a9","mode":"bus","arr":["314"],"angle":-73.4,"extra":1,"ei":8}},{"type":"Feature","geometry":{"type":"Point","coordinates":[9.922875,56.280725]},"properties":{"lines":"314","color":"#0059a9","mode":"bus","arr":["314"],"angle":-64.8,"extra":1,"ei":9}},{"type":"Feature","geometry":{"type":"Point","coordinates":[9.924243,56.282451]},"properties":{"lines":"314","color":"#0059a9","mode":"bus","arr":["314"],"angle":-71.3,"extra":1,"ei":10}},{"type":"Feature","geometry":{"type":"Point","coordinates":[9.925123,56.284273]},"properties":{"lines":"314","color":"#0059a9","mode":"bus","arr":["314"],"angle":-75.1,"extra":1,"ei":11}},{"type":"Feature","geometry":{"type":"Point","coordinates":[9.925987,56.286099]},"properties":{"lines":"314","color":"#0059a9","mode":"bus","arr":["314"],"angle":-75.4,"extra":1,"ei":12}},{"type":"Feature","geometry":{"type":"Point","coordinates":[9.92684,56.287926]},"properties":{"lines":"314","color":"#0059a9","mode":"bus","arr":["314"],"angle":-75.4,"extra":1,"ei":13}},{"type":"Feature","geometry":{"type":"Point","coordinates":[9.927693,56.289754]},"properties":{"lines":"314","color":"#0059a9","mode":"bus","arr":["314"],"angle":-75.4,"extra":1,"ei":14}},{"type":"Feature","geometry":{"type":"Point","coordinates":[9.928552,56.29158]},"properties":{"lines":"314","color":"#0059a9","mode":"bus","arr":["314"],"angle":-75.2,"extra":1,"ei":15}},{"type":"Feature","geometry":{"type":"Point","coordinates":[9.929411,56.293406]},"properties":{"lines":"314","color":"#0059a9","mode":"bus","arr":["314"],"angle":-75.2,"extra":1,"ei":16}},{"type":"Feature","geometry":{"type":"Point","coordinates":[9.941107,56.30659]},"properties":{"lines":"314","color":"#0059a9","mode":"bus","arr":["314"],"angle":-43.4,"extra":1,"ei":0}},{"type":"Feature","geometry":{"type":"Point","coordinates":[9.938681,56.305278]},"properties":{"lines":"314","color":"#0059a9","mode":"bus","arr":["314"],"angle":-47.5,"extra":1,"ei":1}},{"type":"Feature","geometry":{"type":"Point","coordinates":[9.935217,56.302061]},"properties":{"lines":"314","color":"#0059a9","mode":"bus","arr":["314"],"angle":-66.6,"extra":1,"ei":2}},{"type":"Feature","geometry":{"type":"Point","coordinates":[9.933876,56.300328]},"properties":{"lines":"314","color":"#0059a9","mode":"bus","arr":["314"],"angle":-66.3,"extra":1,"ei":3,"side":-1}},{"type":"Feature","geometry":{"type":"Point","coordinates":[9.929739,56.298269]},"properties":{"lines":"314","color":"#0059a9","mode":"bus","arr":["314"],"angle":-79.8,"mi":1}},{"type":"Feature","geometry":{"type":"Point","coordinates":[9.932322,56.29992]},"properties":{"lines":"314","color":"#0059a9","mode":"bus","arr":["314"],"angle":-30.4,"extra":1,"ei":0}},{"type":"Feature","geometry":{"type":"Point","coordinates":[9.929246,56.297064]},"properties":{"lines":"314","color":"#0059a9","mode":"bus","arr":["314"],"angle":-73,"extra":1,"ei":1}},{"type":"Feature","geometry":{"type":"Point","coordinates":[9.929769,56.295389]},"properties":{"lines":"314","color":"#0059a9","mode":"bus","arr":["314"],"angle":50.8,"extra":1,"ei":2}},{"type":"Feature","geometry":{"type":"Point","coordinates":[9.852022,56.123383]},"properties":{"lines":"330","color":"#0059a9","mode":"bus","arr":["330"],"angle":10,"mi":1}},{"type":"Feature","geometry":{"type":"Point","coordinates":[9.902352,56.06117]},"properties":{"lines":"330","color":"#0059a9","mode":"bus","arr":["330"],"angle":58.7}},{"type":"Feature","geometry":{"type":"Point","coordinates":[9.898657,56.092285]},"properties":{"lines":"330","color":"#0059a9","mode":"bus","arr":["330"],"angle":83.1}},{"type":"Feature","geometry":{"type":"Point","coordinates":[9.92013,56.044564]},"properties":{"lines":"330","color":"#0059a9","mode":"bus","arr":["330"],"angle":85.8}},{"type":"Feature","geometry":{"type":"Point","coordinates":[9.921562,56.04293]},"properties":{"lines":"330","color":"#0059a9","mode":"bus","arr":["330"],"angle":29.5,"extra":1,"ei":0}},{"type":"Feature","geometry":{"type":"Point","coordinates":[9.919921,56.046455]},"properties":{"lines":"330","color":"#0059a9","mode":"bus","arr":["330"],"angle":85.9,"extra":1,"ei":1}},{"type":"Feature","geometry":{"type":"Point","coordinates":[9.919661,56.048624]},"properties":{"lines":"330","color":"#0059a9","mode":"bus","arr":["330"],"angle":86.1,"extra":1,"ei":0}},{"type":"Feature","geometry":{"type":"Point","coordinates":[9.918682,56.050382]},"properties":{"lines":"330","color":"#0059a9","mode":"bus","arr":["330"],"angle":55,"extra":1,"ei":1}},{"type":"Feature","geometry":{"type":"Point","coordinates":[9.916731,56.051923]},"properties":{"lines":"330","color":"#0059a9","mode":"bus","arr":["330"],"angle":54.6,"extra":1,"ei":2}},{"type":"Feature","geometry":{"type":"Point","coordinates":[9.914452,56.053279]},"properties":{"lines":"330","color":"#0059a9","mode":"bus","arr":["330"],"angle":23.6,"extra":1,"ei":3}},{"type":"Feature","geometry":{"type":"Point","coordinates":[9.911189,56.053565]},"properties":{"lines":"330","color":"#0059a9","mode":"bus","arr":["330"],"angle":38.7,"extra":1,"ei":4}},{"type":"Feature","geometry":{"type":"Point","coordinates":[9.910498,56.055345]},"properties":{"lines":"330","color":"#0059a9","mode":"bus","arr":["330"],"angle":89,"extra":1,"ei":5}},{"type":"Feature","geometry":{"type":"Point","coordinates":[9.910445,56.057233]},"properties":{"lines":"330","color":"#0059a9","mode":"bus","arr":["330"],"angle":88.4,"extra":1,"ei":6}},{"type":"Feature","geometry":{"type":"Point","coordinates":[9.908762,56.058708]},"properties":{"lines":"330","color":"#0059a9","mode":"bus","arr":["330"],"angle":29.3,"extra":1,"ei":7}},{"type":"Feature","geometry":{"type":"Point","coordinates":[9.905813,56.059627]},"properties":{"lines":"330","color":"#0059a9","mode":"bus","arr":["330"],"angle":29.1,"extra":1,"ei":8}},{"type":"Feature","geometry":{"type":"Point","coordinates":[9.90134,56.062297]},"properties":{"lines":"330","color":"#0059a9","mode":"bus","arr":["330"],"angle":63.9,"extra":1,"ei":9}},{"type":"Feature","geometry":{"type":"Point","coordinates":[9.899863,56.063995]},"properties":{"lines":"330","color":"#0059a9","mode":"bus","arr":["330"],"angle":64.3,"extra":1,"ei":10}},{"type":"Feature","geometry":{"type":"Point","coordinates":[9.898408,56.065699]},"properties":{"lines":"330","color":"#0059a9","mode":"bus","arr":["330"],"angle":65.2,"extra":1,"ei":11}},{"type":"Feature","geometry":{"type":"Point","coordinates":[9.89693,56.067396]},"properties":{"lines":"330","color":"#0059a9","mode":"bus","arr":["330"],"angle":63.6,"extra":1,"ei":12}},{"type":"Feature","geometry":{"type":"Point","coordinates":[9.895535,56.069113]},"properties":{"lines":"330","color":"#0059a9","mode":"bus","arr":["330"],"angle":73.6,"extra":1,"ei":13}},{"type":"Feature","geometry":{"type":"Point","coordinates":[9.895352,56.070982]},"properties":{"lines":"330","color":"#0059a9","mode":"bus","arr":["330"],"angle":-80.4,"extra":1,"ei":14}},{"type":"Feature","geometry":{"type":"Point","coordinates":[9.896104,56.072823]},"properties":{"lines":"330","color":"#0059a9","mode":"bus","arr":["330"],"angle":-76.8,"extra":1,"ei":15}},{"type":"Feature","geometry":{"type":"Point","coordinates":[9.896873,56.074662]},"properties":{"lines":"330","color":"#0059a9","mode":"bus","arr":["330"],"angle":-76.9,"extra":1,"ei":16}},{"type":"Feature","geometry":{"type":"Point","coordinates":[9.897639,56.076501]},"properties":{"lines":"330","color":"#0059a9","mode":"bus","arr":["330"],"angle":-76.7,"extra":1,"ei":17}},{"type":"Feature","geometry":{"type":"Point","coordinates":[9.898412,56.078339]},"properties":{"lines":"330","color":"#0059a9","mode":"bus","arr":["330"],"angle":-76.8,"extra":1,"ei":18}},{"type":"Feature","geometry":{"type":"Point","coordinates":[9.898813,56.088656]},"properties":{"lines":"330","color":"#0059a9","mode":"bus","arr":["330"],"angle":89.4,"extra":1,"ei":0}},{"type":"Feature","geometry":{"type":"Point","coordinates":[9.898794,56.090545]},"properties":{"lines":"330","color":"#0059a9","mode":"bus","arr":["330"],"angle":89.9,"extra":1,"ei":1}},{"type":"Feature","geometry":{"type":"Point","coordinates":[9.89806,56.094291]},"properties":{"lines":"330","color":"#0059a9","mode":"bus","arr":["330"],"angle":80.3,"extra":1,"ei":2}},{"type":"Feature","geometry":{"type":"Point","coordinates":[9.897491,56.096152]},"properties":{"lines":"330","color":"#0059a9","mode":"bus","arr":["330"],"angle":79.5,"extra":1,"ei":3}},{"type":"Feature","geometry":{"type":"Point","coordinates":[9.882597,56.110034]},"properties":{"lines":"330","color":"#0059a9","mode":"bus","arr":["330"],"angle":7.5,"extra":1,"ei":0}},{"type":"Feature","geometry":{"type":"Point","coordinates":[9.879402,56.110592]},"properties":{"lines":"330","color":"#0059a9","mode":"bus","arr":["330"],"angle":34.7,"extra":1,"ei":1}},{"type":"Feature","geometry":{"type":"Point","coordinates":[9.87743,56.112098]},"properties":{"lines":"330","color":"#0059a9","mode":"bus","arr":["330"],"angle":59.4,"extra":1,"ei":2}},{"type":"Feature","geometry":{"type":"Point","coordinates":[9.87494,56.113318]},"properties":{"lines":"330","color":"#0059a9","mode":"bus","arr":["330"],"angle":28,"extra":1,"ei":3}},{"type":"Feature","geometry":{"type":"Point","coordinates":[9.871959,56.114203]},"properties":{"lines":"330","color":"#0059a9","mode":"bus","arr":["330"],"angle":28.4,"extra":1,"ei":4}},{"type":"Feature","geometry":{"type":"Point","coordinates":[9.869383,56.115387]},"properties":{"lines":"330","color":"#0059a9","mode":"bus","arr":["330"],"angle":55.6,"extra":1,"ei":5}},{"type":"Feature","geometry":{"type":"Point","coordinates":[9.867676,56.117015]},"properties":{"lines":"330","color":"#0059a9","mode":"bus","arr":["330"],"angle":60.1,"extra":1,"ei":6}},{"type":"Feature","geometry":{"type":"Point","coordinates":[9.865988,56.11865]},"properties":{"lines":"330","color":"#0059a9","mode":"bus","arr":["330"],"angle":58.7,"extra":1,"ei":7}},{"type":"Feature","geometry":{"type":"Point","coordinates":[9.8634,56.119805]},"properties":{"lines":"330","color":"#0059a9","mode":"bus","arr":["330"],"angle":25.4,"extra":1,"ei":8}},{"type":"Feature","geometry":{"type":"Point","coordinates":[9.860411,56.120672]},"properties":{"lines":"330","color":"#0059a9","mode":"bus","arr":["330"],"angle":37.9,"extra":1,"ei":9}},{"type":"Feature","geometry":{"type":"Point","coordinates":[9.857933,56.121954]},"properties":{"lines":"330","color":"#0059a9","mode":"bus","arr":["330"],"angle":42.7,"extra":1,"ei":10}},{"type":"Feature","geometry":{"type":"Point","coordinates":[9.855134,56.122986]},"properties":{"lines":"330","color":"#0059a9","mode":"bus","arr":["330"],"angle":21.1,"extra":1,"ei":11}},{"type":"Feature","geometry":{"type":"Point","coordinates":[9.848525,56.123736]},"properties":{"lines":"330","color":"#0059a9","mode":"bus","arr":["330"],"angle":10.8,"extra":1,"ei":12}},{"type":"Feature","geometry":{"type":"Point","coordinates":[9.8453,56.124285]},"properties":{"lines":"330","color":"#0059a9","mode":"bus","arr":["330"],"angle":19.5,"extra":1,"ei":13}},{"type":"Feature","geometry":{"type":"Point","coordinates":[9.842576,56.125299]},"properties":{"lines":"330","color":"#0059a9","mode":"bus","arr":["330"],"angle":57.5,"extra":1,"ei":14}},{"type":"Feature","geometry":{"type":"Point","coordinates":[9.840837,56.126918]},"properties":{"lines":"330","color":"#0059a9","mode":"bus","arr":["330"],"angle":58.8,"extra":1,"ei":15}},{"type":"Feature","geometry":{"type":"Point","coordinates":[9.838706,56.128335]},"properties":{"lines":"330","color":"#0059a9","mode":"bus","arr":["330"],"angle":24.5,"extra":1,"ei":16}},{"type":"Feature","geometry":{"type":"Point","coordinates":[9.835539,56.128989]},"properties":{"lines":"330","color":"#0059a9","mode":"bus","arr":["330"],"angle":20.3,"extra":1,"ei":17}},{"type":"Feature","geometry":{"type":"Point","coordinates":[9.832635,56.129889]},"properties":{"lines":"330","color":"#0059a9","mode":"bus","arr":["330"],"angle":50.2,"extra":1,"ei":18}},{"type":"Feature","geometry":{"type":"Point","coordinates":[9.830997,56.131537]},"properties":{"lines":"330","color":"#0059a9","mode":"bus","arr":["330"],"angle":62.2,"extra":1,"ei":19}},{"type":"Feature","geometry":{"type":"Point","coordinates":[9.82942,56.133207]},"properties":{"lines":"330","color":"#0059a9","mode":"bus","arr":["330"],"angle":62.1,"extra":1,"ei":20}},{"type":"Feature","geometry":{"type":"Point","coordinates":[9.82784,56.134876]},"properties":{"lines":"330","color":"#0059a9","mode":"bus","arr":["330"],"angle":62.1,"extra":1,"ei":21}},{"type":"Feature","geometry":{"type":"Point","coordinates":[9.82626,56.136545]},"properties":{"lines":"330","color":"#0059a9","mode":"bus","arr":["330"],"angle":62.1,"extra":1,"ei":22}},{"type":"Feature","geometry":{"type":"Point","coordinates":[9.824457,56.138136]},"properties":{"lines":"330","color":"#0059a9","mode":"bus","arr":["330"],"angle":50.6,"extra":1,"ei":23}},{"type":"Feature","geometry":{"type":"Point","coordinates":[9.904007,56.082505]},"properties":{"lines":"330","color":"#0059a9","mode":"bus","arr":["330"],"angle":-53.7,"mi":3}},{"type":"Feature","geometry":{"type":"Point","coordinates":[9.900114,56.078914]},"properties":{"lines":"330","color":"#0059a9","mode":"bus","arr":["330"],"angle":-39.3,"extra":1,"ei":0}},{"type":"Feature","geometry":{"type":"Point","coordinates":[9.901888,56.080512]},"properties":{"lines":"330","color":"#0059a9","mode":"bus","arr":["330"],"angle":-60.6,"extra":1,"ei":1}},{"type":"Feature","geometry":{"type":"Point","coordinates":[9.905316,56.083751]},"properties":{"lines":"330","color":"#0059a9","mode":"bus","arr":["330"],"angle":-71.7,"extra":1,"ei":2}},{"type":"Feature","geometry":{"type":"Point","coordinates":[9.90625,56.085566]},"properties":{"lines":"330","color":"#0059a9","mode":"bus","arr":["330"],"angle":-76.2,"extra":1,"ei":3}},{"type":"Feature","geometry":{"type":"Point","coordinates":[9.902671,56.087629]},"properties":{"lines":"330","color":"#0059a9","mode":"bus","arr":["330"],"angle":7.2,"mi":1}},{"type":"Feature","geometry":{"type":"Point","coordinates":[9.904814,56.087482]},"properties":{"lines":"330","color":"#0059a9","mode":"bus","arr":["330"],"angle":7,"extra":1,"ei":0}},{"type":"Feature","geometry":{"type":"Point","coordinates":[9.896679,56.096317]},"properties":{"lines":"330","color":"#0059a9","mode":"bus","arr":["330"],"angle":84.6,"mi":2}},{"type":"Feature","geometry":{"type":"Point","coordinates":[9.909104,56.100361]},"properties":{"lines":"330","color":"#0059a9","mode":"bus","arr":["330"],"angle":-42.2,"mi":4}},{"type":"Feature","geometry":{"type":"Point","coordinates":[9.916624,56.112845]},"properties":{"lines":"330","color":"#0059a9","mode":"bus","arr":["330"],"angle":-87.6,"mi":1}},{"type":"Feature","geometry":{"type":"Point","coordinates":[9.914991,56.106194]},"properties":{"lines":"330","color":"#0059a9","mode":"bus","arr":["330"],"angle":-55.8,"extra":1,"ei":0}},{"type":"Feature","geometry":{"type":"Point","coordinates":[9.913402,56.104533]},"properties":{"lines":"330","color":"#0059a9","mode":"bus","arr":["330"],"angle":-65,"extra":1,"ei":1}},{"type":"Feature","geometry":{"type":"Point","coordinates":[9.911981,56.10282]},"properties":{"lines":"330","color":"#0059a9","mode":"bus","arr":["330"],"angle":-65.4,"extra":1,"ei":2}},{"type":"Feature","geometry":{"type":"Point","coordinates":[9.905522,56.098589]},"properties":{"lines":"330","color":"#0059a9","mode":"bus","arr":["330"],"angle":-34.6,"extra":1,"ei":3}},{"type":"Feature","geometry":{"type":"Point","coordinates":[9.902567,56.097679]},"properties":{"lines":"330","color":"#0059a9","mode":"bus","arr":["330"],"angle":-27.5,"extra":1,"ei":4}},{"type":"Feature","geometry":{"type":"Point","coordinates":[9.899524,56.09687]},"properties":{"lines":"330","color":"#0059a9","mode":"bus","arr":["330"],"angle":-16.9,"extra":1,"ei":5}},{"type":"Feature","geometry":{"type":"Point","coordinates":[9.916851,56.117734]},"properties":{"lines":"330","color":"#0059a9","mode":"bus","arr":["330"],"angle":-88.7,"extra":1,"ei":0}},{"type":"Feature","geometry":{"type":"Point","coordinates":[9.916773,56.115846]},"properties":{"lines":"330","color":"#0059a9","mode":"bus","arr":["330"],"angle":-88.7,"extra":1,"ei":1}},{"type":"Feature","geometry":{"type":"Point","coordinates":[9.916437,56.110183]},"properties":{"lines":"330","color":"#0059a9","mode":"bus","arr":["330"],"angle":-87.9,"extra":1,"ei":2}},{"type":"Feature","geometry":{"type":"Point","coordinates":[9.916327,56.108296]},"properties":{"lines":"330","color":"#0059a9","mode":"bus","arr":["330"],"angle":-88.1,"extra":1,"ei":3}},{"type":"Feature","geometry":{"type":"Point","coordinates":[9.916506,56.119042]},"properties":{"lines":"330","color":"#0059a9","mode":"bus","arr":["330"],"angle":38.8}},{"type":"Feature","geometry":{"type":"Point","coordinates":[9.895892,56.11968]},"properties":{"lines":"330","color":"#0059a9","mode":"bus","arr":["330"],"angle":-20.5}},{"type":"Feature","geometry":{"type":"Point","coordinates":[9.914095,56.118998]},"properties":{"lines":"330","color":"#0059a9","mode":"bus","arr":["330"],"angle":-36.1,"extra":1,"ei":0}},{"type":"Feature","geometry":{"type":"Point","coordinates":[9.911354,56.117906]},"properties":{"lines":"330","color":"#0059a9","mode":"bus","arr":["330"],"angle":-28.6,"extra":1,"ei":1}},{"type":"Feature","geometry":{"type":"Point","coordinates":[9.908053,56.117588]},"properties":{"lines":"330","color":"#0059a9","mode":"bus","arr":["330"],"angle":-3.7,"extra":1,"ei":2}},{"type":"Feature","geometry":{"type":"Point","coordinates":[9.904736,56.117658]},"properties":{"lines":"330","color":"#0059a9","mode":"bus","arr":["330"],"angle":33.8,"extra":1,"ei":3}},{"type":"Feature","geometry":{"type":"Point","coordinates":[9.902042,56.118777]},"properties":{"lines":"330","color":"#0059a9","mode":"bus","arr":["330"],"angle":28.2,"extra":1,"ei":4}},{"type":"Feature","geometry":{"type":"Point","coordinates":[9.899056,56.119658]},"properties":{"lines":"330","color":"#0059a9","mode":"bus","arr":["330"],"angle":27.6,"extra":1,"ei":5}},{"type":"Feature","geometry":{"type":"Point","coordinates":[9.892789,56.118898]},"properties":{"lines":"330","color":"#0059a9","mode":"bus","arr":["330"],"angle":-32.9,"extra":1,"ei":6}},{"type":"Feature","geometry":{"type":"Point","coordinates":[9.890091,56.117788]},"properties":{"lines":"330","color":"#0059a9","mode":"bus","arr":["330"],"angle":-55.9,"extra":1,"ei":7}},{"type":"Feature","geometry":{"type":"Point","coordinates":[9.888713,56.116069]},"properties":{"lines":"330","color":"#0059a9","mode":"bus","arr":["330"],"angle":-63.9,"extra":1,"ei":8}},{"type":"Feature","geometry":{"type":"Point","coordinates":[9.8873,56.114355]},"properties":{"lines":"330","color":"#0059a9","mode":"bus","arr":["330"],"angle":-68.6,"extra":1,"ei":9}},{"type":"Feature","geometry":{"type":"Point","coordinates":[9.886288,56.112557]},"properties":{"lines":"330","color":"#0059a9","mode":"bus","arr":["330"],"angle":-78.2,"extra":1,"ei":10}},{"type":"Feature","geometry":{"type":"Point","coordinates":[9.885108,56.110808]},"properties":{"lines":"330","color":"#0059a9","mode":"bus","arr":["330"],"angle":-54.6,"extra":1,"ei":11}},{"type":"Feature","geometry":{"type":"Point","coordinates":[9.849128,56.130295]},"properties":{"lines":"330","color":"#0059a9","mode":"bus","arr":["330"],"angle":-65.3}},{"type":"Feature","geometry":{"type":"Point","coordinates":[9.847328,56.12478]},"properties":{"lines":"330","color":"#0059a9","mode":"bus","arr":["330"],"angle":77.6,"extra":1,"ei":0}},{"type":"Feature","geometry":{"type":"Point","coordinates":[9.846647,56.126629]},"properties":{"lines":"330","color":"#0059a9","mode":"bus","arr":["330"],"angle":77,"extra":1,"ei":1}},{"type":"Feature","geometry":{"type":"Point","coordinates":[9.847225,56.128413]},"properties":{"lines":"330","color":"#0059a9","mode":"bus","arr":["330"],"angle":-59.5,"extra":1,"ei":2}},{"type":"Feature","geometry":{"type":"Point","coordinates":[9.849908,56.131834]},"properties":{"lines":"330","color":"#0059a9","mode":"bus","arr":["330"],"angle":-82,"extra":1,"ei":3}},{"type":"Feature","geometry":{"type":"Point","coordinates":[9.850377,56.133704]},"properties":{"lines":"330","color":"#0059a9","mode":"bus","arr":["330"],"angle":-82,"extra":1,"ei":4}},{"type":"Feature","geometry":{"type":"Point","coordinates":[9.850847,56.135574]},"properties":{"lines":"330","color":"#0059a9","mode":"bus","arr":["330"],"angle":-82,"extra":1,"ei":5}},{"type":"Feature","geometry":{"type":"Point","coordinates":[9.836284,56.139603]},"properties":{"lines":"330","color":"#0059a9","mode":"bus","arr":["330"],"angle":71.8}},{"type":"Feature","geometry":{"type":"Point","coordinates":[9.849575,56.137172]},"properties":{"lines":"330","color":"#0059a9","mode":"bus","arr":["330"],"angle":10.9,"extra":1,"ei":0}},{"type":"Feature","geometry":{"type":"Point","coordinates":[9.846251,56.137449]},"properties":{"lines":"330","color":"#0059a9","mode":"bus","arr":["330"],"angle":-2.9,"extra":1,"ei":1}},{"type":"Feature","geometry":{"type":"Point","coordinates":[9.843016,56.137828]},"properties":{"lines":"330","color":"#0059a9","mode":"bus","arr":["330"],"angle":20.6,"extra":1,"ei":2}},{"type":"Feature","geometry":{"type":"Point","coordinates":[9.840201,56.138815]},"properties":{"lines":"330","color":"#0059a9","mode":"bus","arr":["330"],"angle":40.9,"extra":1,"ei":3}},{"type":"Feature","geometry":{"type":"Point","coordinates":[9.836423,56.140851]},"properties":{"lines":"330","color":"#0059a9","mode":"bus","arr":["330"],"angle":-83.7,"extra":1,"ei":4}},{"type":"Feature","geometry":{"type":"Point","coordinates":[9.837049,56.142704]},"properties":{"lines":"330","color":"#0059a9","mode":"bus","arr":["330"],"angle":-77.2,"extra":1,"ei":5}},{"type":"Feature","geometry":{"type":"Point","coordinates":[9.837796,56.144546]},"properties":{"lines":"330","color":"#0059a9","mode":"bus","arr":["330"],"angle":-76.9,"extra":1,"ei":6}},{"type":"Feature","geometry":{"type":"Point","coordinates":[9.838516,56.14639]},"properties":{"lines":"330","color":"#0059a9","mode":"bus","arr":["330"],"angle":-78.4,"extra":1,"ei":7}},{"type":"Feature","geometry":{"type":"Point","coordinates":[9.839192,56.148241]},"properties":{"lines":"330","color":"#0059a9","mode":"bus","arr":["330"],"angle":-79.3,"extra":1,"ei":8}},{"type":"Feature","geometry":{"type":"Point","coordinates":[9.806668,56.148704]},"properties":{"lines":"330","color":"#0059a9","mode":"bus","arr":["330"],"angle":-0.5,"mi":1}},{"type":"Feature","geometry":{"type":"Point","coordinates":[9.803069,56.149631]},"properties":{"lines":"330","color":"#0059a9","mode":"bus","arr":["330"],"angle":-89.1,"mi":4}},{"type":"Feature","geometry":{"type":"Point","coordinates":[9.805191,56.150975]},"properties":{"lines":"330","color":"#0059a9","mode":"bus","arr":["330"],"angle":-26.9,"mi":3}},{"type":"Feature","geometry":{"type":"Point","coordinates":[9.807766,56.150528]},"properties":{"lines":"330","color":"#0059a9","mode":"bus","arr":["330"],"angle":74.7,"mi":2}},{"type":"Feature","geometry":{"type":"Point","coordinates":[9.808811,56.149922]},"properties":{"lines":"330","color":"#0059a9","mode":"bus","arr":["330"],"angle":-14.7}},{"type":"Feature","geometry":{"type":"Point","coordinates":[9.819799,56.141731]},"properties":{"lines":"330","color":"#0059a9","mode":"bus","arr":["330"],"angle":67.7,"mi":6}},{"type":"Feature","geometry":{"type":"Point","coordinates":[9.81859,56.147121]},"properties":{"lines":"330","color":"#0059a9","mode":"bus","arr":["330"],"angle":86.8,"mi":5}},{"type":"Feature","geometry":{"type":"Point","coordinates":[9.818839,56.14444]},"properties":{"lines":"330","color":"#0059a9","mode":"bus","arr":["330"],"angle":86.9,"extra":1,"ei":0}},{"type":"Feature","geometry":{"type":"Point","coordinates":[9.822599,56.139326]},"properties":{"lines":"330","color":"#0059a9","mode":"bus","arr":["330"],"angle":48.8,"extra":1,"ei":1}},{"type":"Feature","geometry":{"type":"Point","coordinates":[9.973858,56.037115]},"properties":{"lines":"331","color":"#0059a9","mode":"bus","arr":["331"],"angle":45,"mi":1}},{"type":"Feature","geometry":{"type":"Point","coordinates":[9.97766,56.034989]},"properties":{"lines":"331","color":"#0059a9","mode":"bus","arr":["331"],"angle":45,"extra":1,"ei":0}},{"type":"Feature","geometry":{"type":"Point","coordinates":[9.970993,56.039214]},"properties":{"lines":"331","color":"#0059a9","mode":"bus","arr":["331"],"angle":60.1,"extra":1,"ei":1}},{"type":"Feature","geometry":{"type":"Point","coordinates":[9.997901,56.03595]},"properties":{"lines":"331","color":"#0059a9","mode":"bus","arr":["331"],"angle":5.3}},{"type":"Feature","geometry":{"type":"Point","coordinates":[9.981448,56.03425]},"properties":{"lines":"331","color":"#0059a9","mode":"bus","arr":["331"],"angle":-1.9}},{"type":"Feature","geometry":{"type":"Point","coordinates":[9.986499,56.034342]},"properties":{"lines":"331","color":"#0059a9","mode":"bus","arr":["331"],"angle":-1.5,"extra":1,"ei":0}},{"type":"Feature","geometry":{"type":"Point","coordinates":[9.989872,56.034405]},"properties":{"lines":"331","color":"#0059a9","mode":"bus","arr":["331"],"angle":-2.5,"extra":1,"ei":1}},{"type":"Feature","geometry":{"type":"Point","coordinates":[9.992995,56.035064]},"properties":{"lines":"331","color":"#0059a9","mode":"bus","arr":["331"],"angle":-22.6,"extra":1,"ei":2}},{"type":"Feature","geometry":{"type":"Point","coordinates":[10.002757,56.035857]},"properties":{"lines":"331","color":"#0059a9","mode":"bus","arr":["331"],"angle":-19.7,"extra":1,"ei":3}},{"type":"Feature","geometry":{"type":"Point","coordinates":[10.00585,56.036609]},"properties":{"lines":"331","color":"#0059a9","mode":"bus","arr":["331"],"angle":-28.4,"extra":1,"ei":4}},{"type":"Feature","geometry":{"type":"Point","coordinates":[10.008819,56.037508]},"properties":{"lines":"331","color":"#0059a9","mode":"bus","arr":["331"],"angle":-28.4,"extra":1,"ei":5}},{"type":"Feature","geometry":{"type":"Point","coordinates":[10.020379,56.033836]},"properties":{"lines":"331","color":"#0059a9","mode":"bus","arr":["331"],"angle":10.2,"mi":3}},{"type":"Feature","geometry":{"type":"Point","coordinates":[10.011923,56.037463]},"properties":{"lines":"331","color":"#0059a9","mode":"bus","arr":["331"],"angle":35.6,"extra":1,"ei":0}},{"type":"Feature","geometry":{"type":"Point","coordinates":[10.013973,56.036013]},"properties":{"lines":"331","color":"#0059a9","mode":"bus","arr":["331"],"angle":52.4,"extra":1,"ei":1}},{"type":"Feature","geometry":{"type":"Point","coordinates":[10.01655,56.034821]},"properties":{"lines":"331","color":"#0059a9","mode":"bus","arr":["331"],"angle":30.2,"extra":1,"ei":2}},{"type":"Feature","geometry":{"type":"Point","coordinates":[10.02287,56.03369]},"properties":{"lines":"331","color":"#0059a9","mode":"bus","arr":["331"],"angle":6,"extra":1,"ei":3}},{"type":"Feature","geometry":{"type":"Point","coordinates":[10.02623,56.033633]},"properties":{"lines":"331","color":"#0059a9","mode":"bus","arr":["331"],"angle":-1.5,"extra":1,"ei":4}},{"type":"Feature","geometry":{"type":"Point","coordinates":[10.02959,56.033502]},"properties":{"lines":"331","color":"#0059a9","mode":"bus","arr":["331"],"angle":7.4,"extra":1,"ei":5}},{"type":"Feature","geometry":{"type":"Point","coordinates":[10.032938,56.033261]},"properties":{"lines":"331","color":"#0059a9","mode":"bus","arr":["331"],"angle":7,"extra":1,"ei":6}},{"type":"Feature","geometry":{"type":"Point","coordinates":[10.034012,56.030537]},"properties":{"lines":"331","color":"#0059a9","mode":"bus","arr":["331"],"angle":-74,"mi":1}},{"type":"Feature","geometry":{"type":"Point","coordinates":[10.033151,56.032326]},"properties":{"lines":"331","color":"#0059a9","mode":"bus","arr":["331"],"angle":70.7,"extra":1,"ei":0}},{"type":"Feature","geometry":{"type":"Point","coordinates":[10.032956,56.028869]},"properties":{"lines":"331","color":"#0059a9","mode":"bus","arr":["331"],"angle":-88.4,"extra":1,"ei":1}},{"type":"Feature","geometry":{"type":"Point","coordinates":[10.034275,56.021025]},"properties":{"lines":"331","color":"#0059a9","mode":"bus","arr":["331"],"angle":74,"mi":2}},{"type":"Feature","geometry":{"type":"Point","coordinates":[10.032645,56.026918]},"properties":{"lines":"331","color":"#0059a9","mode":"bus","arr":["331"],"angle":86.9}},{"type":"Feature","geometry":{"type":"Point","coordinates":[10.036463,56.017555]},"properties":{"lines":"331","color":"#0059a9","mode":"bus","arr":["331"],"angle":36.6,"extra":1,"ei":0}},{"type":"Feature","geometry":{"type":"Point","coordinates":[10.035115,56.019166]},"properties":{"lines":"331","color":"#0059a9","mode":"bus","arr":["331"],"angle":79.8,"extra":1,"ei":1}},{"type":"Feature","geometry":{"type":"Point","coordinates":[10.033534,56.022833]},"properties":{"lines":"331","color":"#0059a9","mode":"bus","arr":["331"],"angle":81.9,"extra":1,"ei":2}},{"type":"Feature","geometry":{"type":"Point","coordinates":[10.033069,56.024703]},"properties":{"lines":"331","color":"#0059a9","mode":"bus","arr":["331"],"angle":82.1,"extra":1,"ei":3}},{"type":"Feature","geometry":{"type":"Point","coordinates":[10.033344,56.004687]},"properties":{"lines":"331","color":"#0059a9","mode":"bus","arr":["331"],"angle":-60.6}},{"type":"Feature","geometry":{"type":"Point","coordinates":[10.022025,55.993434]},"properties":{"lines":"331","color":"#0059a9","mode":"bus","arr":["331"],"angle":-82.2,"mi":3}},{"type":"Feature","geometry":{"type":"Point","coordinates":[10.022221,55.992048]},"properties":{"lines":"331","color":"#0059a9","mode":"bus","arr":["331"],"angle":76.8}},{"type":"Feature","geometry":{"type":"Point","coordinates":[10.036941,56.016135]},"properties":{"lines":"331","color":"#0059a9","mode":"bus","arr":["331"],"angle":-66.9,"extra":1,"ei":0}},{"type":"Feature","geometry":{"type":"Point","coordinates":[10.036409,56.014284]},"properties":{"lines":"331","color":"#0059a9","mode":"bus","arr":["331"],"angle":-87.3,"extra":1,"ei":1}},{"type":"Feature","geometry":{"type":"Point","coordinates":[10.036249,56.012397]},"properties":{"lines":"331","color":"#0059a9","mode":"bus","arr":["331"],"angle":-87.3,"extra":1,"ei":2}},{"type":"Feature","geometry":{"type":"Point","coordinates":[10.036095,56.010511]},"properties":{"lines":"331","color":"#0059a9","mode":"bus","arr":["331"],"angle":-86.7,"extra":1,"ei":3}},{"type":"Feature","geometry":{"type":"Point","coordinates":[10.035732,56.008634]},"properties":{"lines":"331","color":"#0059a9","mode":"bus","arr":["331"],"angle":-81.5,"extra":1,"ei":4}},{"type":"Feature","geometry":{"type":"Point","coordinates":[10.035187,56.006771]},"properties":{"lines":"331","color":"#0059a9","mode":"bus","arr":["331"],"angle":-76.2,"extra":1,"ei":5}},{"type":"Feature","geometry":{"type":"Point","coordinates":[10.032036,56.003442]},"properties":{"lines":"331","color":"#0059a9","mode":"bus","arr":["331"],"angle":-54,"extra":1,"ei":6}},{"type":"Feature","geometry":{"type":"Point","coordinates":[10.029888,56.001986]},"properties":{"lines":"331","color":"#0059a9","mode":"bus","arr":["331"],"angle":-50.1,"extra":1,"ei":7}},{"type":"Feature","geometry":{"type":"Point","coordinates":[10.027723,56.000537]},"properties":{"lines":"331","color":"#0059a9","mode":"bus","arr":["331"],"angle":-50.1,"extra":1,"ei":8}},{"type":"Feature","geometry":{"type":"Point","coordinates":[10.025564,55.999085]},"properties":{"lines":"331","color":"#0059a9","mode":"bus","arr":["331"],"angle":-52.5,"extra":1,"ei":9}},{"type":"Feature","geometry":{"type":"Point","coordinates":[10.024201,55.997371]},"properties":{"lines":"331","color":"#0059a9","mode":"bus","arr":["331"],"angle":-72,"extra":1,"ei":10}},{"type":"Feature","geometry":{"type":"Point","coordinates":[10.023154,55.995575]},"properties":{"lines":"331","color":"#0059a9","mode":"bus","arr":["331"],"angle":-71.9,"extra":1,"ei":11}},{"type":"Feature","geometry":{"type":"Point","coordinates":[10.023173,55.989965]},"properties":{"lines":"331, 1002","color":"#0059a9","mode":"bus","arr":["331","1002"],"angle":77}},{"type":"Feature","geometry":{"type":"Point","coordinates":[10.02293,55.988588]},"properties":{"lines":"331, 1002","color":"#0059a9","mode":"bus","arr":["331","1002"],"angle":-62.4,"extra":1,"ei":0}},{"type":"Feature","geometry":{"type":"Point","coordinates":[10.022319,55.992256]},"properties":{"lines":"331, 1002","color":"#0059a9","mode":"bus","arr":["331","1002"],"angle":-84.6,"extra":1,"ei":1}},{"type":"Feature","geometry":{"type":"Point","coordinates":[10.024337,55.987628]},"properties":{"lines":"331","color":"#0059a9","mode":"bus","arr":["331"],"angle":3.7,"mi":1}},{"type":"Feature","geometry":{"type":"Point","coordinates":[10.028417,55.987642]},"properties":{"lines":"331","color":"#0059a9","mode":"bus","arr":["331"],"angle":-20.3,"mi":2}},{"type":"Feature","geometry":{"type":"Point","coordinates":[10.040022,55.984574]},"properties":{"lines":"331, 1002","color":"#0059a9","mode":"bus","arr":["331","1002"],"angle":23.3,"mi":2}},{"type":"Feature","geometry":{"type":"Point","coordinates":[10.031053,55.987483]},"properties":{"lines":"331, 1002","color":"#0059a9","mode":"bus","arr":["331","1002"],"angle":45.9,"extra":1,"ei":0}},{"type":"Feature","geometry":{"type":"Point","coordinates":[10.033643,55.986279]},"properties":{"lines":"331, 1002","color":"#0059a9","mode":"bus","arr":["331","1002"],"angle":33.1,"extra":1,"ei":1}},{"type":"Feature","geometry":{"type":"Point","coordinates":[10.03655,55.98532]},"properties":{"lines":"331, 1002","color":"#0059a9","mode":"bus","arr":["331","1002"],"angle":26.8,"extra":1,"ei":2}},{"type":"Feature","geometry":{"type":"Point","coordinates":[10.042643,55.983733]},"properties":{"lines":"331, 1002","color":"#0059a9","mode":"bus","arr":["331","1002"],"angle":32.6,"extra":1,"ei":3}},{"type":"Feature","geometry":{"type":"Point","coordinates":[10.045376,55.982631]},"properties":{"lines":"331, 1002","color":"#0059a9","mode":"bus","arr":["331","1002"],"angle":43.9,"extra":1,"ei":4}},{"type":"Feature","geometry":{"type":"Point","coordinates":[10.047558,55.981192]},"properties":{"lines":"331, 1002","color":"#0059a9","mode":"bus","arr":["331","1002"],"angle":50.9,"extra":1,"ei":5}},{"type":"Feature","geometry":{"type":"Point","coordinates":[10.052008,55.978121]},"properties":{"lines":"1002","color":"#0059a9","mode":"bus","arr":["1002"],"angle":51,"mi":1}},{"type":"Feature","geometry":{"type":"Point","coordinates":[10.05351,55.977097]},"properties":{"lines":"1002","color":"#0059a9","mode":"bus","arr":["1002"],"angle":50.5,"extra":1,"ei":0}},{"type":"Feature","geometry":{"type":"Point","coordinates":[10.049692,55.979728]},"properties":{"lines":"331, 1002","color":"#0059a9","mode":"bus","arr":["331","1002"],"angle":50.6}},{"type":"Feature","geometry":{"type":"Point","coordinates":[10.05093,55.979664]},"properties":{"lines":"331","color":"#0059a9","mode":"bus","arr":["331"],"angle":-49.8,"mi":1}},{"type":"Feature","geometry":{"type":"Point","coordinates":[10.053028,55.979972]},"properties":{"lines":"331","color":"#0059a9","mode":"bus","arr":["331"],"angle":-0.4}},{"type":"Feature","geometry":{"type":"Point","coordinates":[10.054391,55.978509]},"properties":{"lines":"331, 1002","color":"#0059a9","mode":"bus","arr":["331","1002"],"angle":-89.5,"mi":1}},{"type":"Feature","geometry":{"type":"Point","coordinates":[10.054079,55.97724]},"properties":{"lines":"331, 1002","color":"#0059a9","mode":"bus","arr":["331","1002"],"angle":-75.7,"extra":1,"ei":0}},{"type":"Feature","geometry":{"type":"Point","coordinates":[10.078788,55.967761]},"properties":{"lines":"331","color":"#0059a9","mode":"bus","arr":["331"],"angle":28.6}},{"type":"Feature","geometry":{"type":"Point","coordinates":[10.12248,55.96327]},"properties":{"lines":"331","color":"#0059a9","mode":"bus","arr":["331"],"angle":-10.5,"mi":2}},{"type":"Feature","geometry":{"type":"Point","coordinates":[10.055143,55.975962]},"properties":{"lines":"331","color":"#0059a9","mode":"bus","arr":["331"],"angle":51.1,"extra":1,"ei":0}},{"type":"Feature","geometry":{"type":"Point","coordinates":[10.057272,55.974497]},"properties":{"lines":"331","color":"#0059a9","mode":"bus","arr":["331"],"angle":50.6,"extra":1,"ei":1}},{"type":"Feature","geometry":{"type":"Point","coordinates":[10.059662,55.973172]},"properties":{"lines":"331","color":"#0059a9","mode":"bus","arr":["331"],"angle":35.7,"extra":1,"ei":2}},{"type":"Feature","geometry":{"type":"Point","coordinates":[10.062658,55.972317]},"properties":{"lines":"331","color":"#0059a9","mode":"bus","arr":["331"],"angle":22.5,"extra":1,"ei":3}},{"type":"Feature","geometry":{"type":"Point","coordinates":[10.065776,55.971593]},"properties":{"lines":"331","color":"#0059a9","mode":"bus","arr":["331"],"angle":22.5,"extra":1,"ei":4}},{"type":"Feature","geometry":{"type":"Point","coordinates":[10.068892,55.970868]},"properties":{"lines":"331","color":"#0059a9","mode":"bus","arr":["331"],"angle":23.1,"extra":1,"ei":5}},{"type":"Feature","geometry":{"type":"Point","coordinates":[10.07179,55.969907]},"properties":{"lines":"331","color":"#0059a9","mode":"bus","arr":["331"],"angle":31.5,"extra":1,"ei":6}},{"type":"Feature","geometry":{"type":"Point","coordinates":[10.074745,55.968995]},"properties":{"lines":"331","color":"#0059a9","mode":"bus","arr":["331"],"angle":28.6,"extra":1,"ei":7}},{"type":"Feature","geometry":{"type":"Point","coordinates":[10.080694,55.967213]},"properties":{"lines":"331","color":"#0059a9","mode":"bus","arr":["331"],"angle":22.9,"extra":1,"ei":8}},{"type":"Feature","geometry":{"type":"Point","coordinates":[10.083952,55.966762]},"properties":{"lines":"331","color":"#0059a9","mode":"bus","arr":["331"],"angle":4.1,"extra":1,"ei":9}},{"type":"Feature","geometry":{"type":"Point","coordinates":[10.087324,55.966739]},"properties":{"lines":"331","color":"#0059a9","mode":"bus","arr":["331"],"angle":6.6,"extra":1,"ei":10}},{"type":"Feature","geometry":{"type":"Point","coordinates":[10.090573,55.96625]},"properties":{"lines":"331","color":"#0059a9","mode":"bus","arr":["331"],"angle":19.6,"extra":1,"ei":11}},{"type":"Feature","geometry":{"type":"Point","coordinates":[10.093754,55.965618]},"properties":{"lines":"331","color":"#0059a9","mode":"bus","arr":["331"],"angle":19.5,"extra":1,"ei":12}},{"type":"Feature","geometry":{"type":"Point","coordinates":[10.096935,55.964986]},"properties":{"lines":"331","color":"#0059a9","mode":"bus","arr":["331"],"angle":19.6,"extra":1,"ei":13}},{"type":"Feature","geometry":{"type":"Point","coordinates":[10.100117,55.964357]},"properties":{"lines":"331","color":"#0059a9","mode":"bus","arr":["331"],"angle":19.1,"extra":1,"ei":14}},{"type":"Feature","geometry":{"type":"Point","coordinates":[10.103399,55.963936]},"properties":{"lines":"331","color":"#0059a9","mode":"bus","arr":["331"],"angle":8.7,"extra":1,"ei":15}},{"type":"Feature","geometry":{"type":"Point","coordinates":[10.106733,55.963644]},"properties":{"lines":"331","color":"#0059a9","mode":"bus","arr":["331"],"angle":9.2,"extra":1,"ei":16}},{"type":"Feature","geometry":{"type":"Point","coordinates":[10.133478,55.966685]},"properties":{"lines":"331","color":"#0059a9","mode":"bus","arr":["331"],"angle":-42.1,"extra":1,"ei":0}},{"type":"Feature","geometry":{"type":"Point","coordinates":[10.1307,55.965624]},"properties":{"lines":"331","color":"#0059a9","mode":"bus","arr":["331"],"angle":-30.2,"extra":1,"ei":1}},{"type":"Feature","geometry":{"type":"Point","coordinates":[10.127783,55.964674]},"properties":{"lines":"331","color":"#0059a9","mode":"bus","arr":["331"],"angle":-30.2,"extra":1,"ei":2}},{"type":"Feature","geometry":{"type":"Point","coordinates":[10.12477,55.963825]},"properties":{"lines":"331","color":"#0059a9","mode":"bus","arr":["331"],"angle":-24.6,"extra":1,"ei":3}},{"type":"Feature","geometry":{"type":"Point","coordinates":[10.118469,55.963773]},"properties":{"lines":"331","color":"#0059a9","mode":"bus","arr":["331"],"angle":-8.3,"extra":1,"ei":4}},{"type":"Feature","geometry":{"type":"Point","coordinates":[10.115129,55.963501]},"properties":{"lines":"331","color":"#0059a9","mode":"bus","arr":["331"],"angle":-8.4,"extra":1,"ei":5}},{"type":"Feature","geometry":{"type":"Point","coordinates":[10.11178,55.963306]},"properties":{"lines":"331","color":"#0059a9","mode":"bus","arr":["331"],"angle":1.8,"extra":1,"ei":6}},{"type":"Feature","geometry":{"type":"Point","coordinates":[10.135947,55.967934]},"properties":{"lines":"331","color":"#0059a9","mode":"bus","arr":["331"],"angle":-42}},{"type":"Feature","geometry":{"type":"Point","coordinates":[10.140013,55.96833]},"properties":{"lines":"331","color":"#0059a9","mode":"bus","arr":["331"],"angle":9.4,"mi":1}},{"type":"Feature","geometry":{"type":"Point","coordinates":[10.142293,55.968095]},"properties":{"lines":"331","color":"#0059a9","mode":"bus","arr":["331"],"angle":11.3,"extra":1,"ei":0}},{"type":"Feature","geometry":{"type":"Point","coordinates":[9.948352,56.045442]},"properties":{"lines":"331","color":"#0059a9","mode":"bus","arr":["331"],"angle":71}},{"type":"Feature","geometry":{"type":"Point","coordinates":[10.409654,56.314521]},"properties":{"lines":"925X","color":"#0059a9","mode":"bus","arr":["925X"],"angle":6.7,"mi":3}},{"type":"Feature","geometry":{"type":"Point","coordinates":[10.423233,56.314773]},"properties":{"lines":"925X","color":"#0059a9","mode":"bus","arr":["925X"],"angle":-1.9,"side":-1,"mi":1}},{"type":"Feature","geometry":{"type":"Point","coordinates":[10.332879,56.290566]},"properties":{"lines":"925X","color":"#0059a9","mode":"bus","arr":["925X"],"angle":-72.4}},{"type":"Feature","geometry":{"type":"Point","coordinates":[10.331309,56.286612]},"properties":{"lines":"925X","color":"#0059a9","mode":"bus","arr":["925X"],"angle":-82.4,"extra":1,"ei":0,"side":-1}},{"type":"Feature","geometry":{"type":"Point","coordinates":[10.434972,56.315615]},"properties":{"lines":"925X","color":"#0059a9","mode":"bus","arr":["925X"],"angle":-12,"extra":1,"ei":0,"side":-1}},{"type":"Feature","geometry":{"type":"Point","coordinates":[10.431659,56.315255]},"properties":{"lines":"925X","color":"#0059a9","mode":"bus","arr":["925X"],"angle":-10,"extra":1,"ei":1,"side":-1}},{"type":"Feature","geometry":{"type":"Point","coordinates":[10.428319,56.314984]},"properties":{"lines":"925X","color":"#0059a9","mode":"bus","arr":["925X"],"angle":-6.7,"extra":1,"ei":2}},{"type":"Feature","geometry":{"type":"Point","coordinates":[10.418209,56.314724]},"properties":{"lines":"925X","color":"#0059a9","mode":"bus","arr":["925X"],"angle":-0.7,"extra":1,"ei":3}},{"type":"Feature","geometry":{"type":"Point","coordinates":[10.414834,56.314693]},"properties":{"lines":"925X","color":"#0059a9","mode":"bus","arr":["925X"],"angle":-1.1,"extra":1,"ei":4}},{"type":"Feature","geometry":{"type":"Point","coordinates":[10.331917,56.288588]},"properties":{"lines":"925X","color":"#0059a9","mode":"bus","arr":["925X"],"angle":-77.4,"extra":1,"ei":0}},{"type":"Feature","geometry":{"type":"Point","coordinates":[10.333913,56.292193]},"properties":{"lines":"925X","color":"#0059a9","mode":"bus","arr":["925X"],"angle":-68.5,"extra":1,"ei":1}},{"type":"Feature","geometry":{"type":"Point","coordinates":[10.335269,56.293922]},"properties":{"lines":"925X","color":"#0059a9","mode":"bus","arr":["925X"],"angle":-64.3,"extra":1,"ei":2}},{"type":"Feature","geometry":{"type":"Point","coordinates":[10.337188,56.295853]},"properties":{"lines":"925X","color":"#0059a9","mode":"bus","arr":["925X"],"angle":-59,"extra":1,"ei":0}},{"type":"Feature","geometry":{"type":"Point","coordinates":[10.339017,56.297439]},"properties":{"lines":"925X","color":"#0059a9","mode":"bus","arr":["925X"],"angle":-54.7,"extra":1,"ei":1}},{"type":"Feature","geometry":{"type":"Point","coordinates":[10.341065,56.29894]},"properties":{"lines":"925X","color":"#0059a9","mode":"bus","arr":["925X"],"angle":-50.7,"extra":1,"ei":2}},{"type":"Feature","geometry":{"type":"Point","coordinates":[10.343311,56.300349]},"properties":{"lines":"925X","color":"#0059a9","mode":"bus","arr":["925X"],"angle":-45.8,"extra":1,"ei":3}},{"type":"Feature","geometry":{"type":"Point","coordinates":[10.345743,56.301658]},"properties":{"lines":"925X","color":"#0059a9","mode":"bus","arr":["925X"],"angle":-42.3,"extra":1,"ei":4}},{"type":"Feature","geometry":{"type":"Point","coordinates":[10.348308,56.302885]},"properties":{"lines":"925X","color":"#0059a9","mode":"bus","arr":["925X"],"angle":-38.7,"extra":1,"ei":5}},{"type":"Feature","geometry":{"type":"Point","coordinates":[10.351009,56.304017]},"properties":{"lines":"925X","color":"#0059a9","mode":"bus","arr":["925X"],"angle":-34.9,"extra":1,"ei":6}},{"type":"Feature","geometry":{"type":"Point","coordinates":[10.353834,56.30505]},"properties":{"lines":"925X","color":"#0059a9","mode":"bus","arr":["925X"],"angle":-31.2,"extra":1,"ei":7}},{"type":"Feature","geometry":{"type":"Point","coordinates":[10.356778,56.305973]},"properties":{"lines":"925X","color":"#0059a9","mode":"bus","arr":["925X"],"angle":-27.4,"extra":1,"ei":8}},{"type":"Feature","geometry":{"type":"Point","coordinates":[10.359814,56.306798]},"properties":{"lines":"925X","color":"#0059a9","mode":"bus","arr":["925X"],"angle":-24.4,"extra":1,"ei":9}},{"type":"Feature","geometry":{"type":"Point","coordinates":[10.362912,56.307548]},"properties":{"lines":"925X","color":"#0059a9","mode":"bus","arr":["925X"],"angle":-22.4,"extra":1,"ei":10}},{"type":"Feature","geometry":{"type":"Point","coordinates":[10.366045,56.30825]},"properties":{"lines":"925X","color":"#0059a9","mode":"bus","arr":["925X"],"angle":-21.3,"extra":1,"ei":11}},{"type":"Feature","geometry":{"type":"Point","coordinates":[10.36919,56.308934]},"properties":{"lines":"925X","color":"#0059a9","mode":"bus","arr":["925X"],"angle":-21.9,"extra":1,"ei":12}},{"type":"Feature","geometry":{"type":"Point","coordinates":[10.372366,56.309574]},"properties":{"lines":"925X","color":"#0059a9","mode":"bus","arr":["925X"],"angle":-19.2,"extra":1,"ei":13}},{"type":"Feature","geometry":{"type":"Point","coordinates":[10.375562,56.31018]},"properties":{"lines":"925X","color":"#0059a9","mode":"bus","arr":["925X"],"angle":-17.8,"extra":1,"ei":14}},{"type":"Feature","geometry":{"type":"Point","coordinates":[10.378797,56.310719]},"properties":{"lines":"925X","color":"#0059a9","mode":"bus","arr":["925X"],"angle":-16,"extra":1,"ei":15}},{"type":"Feature","geometry":{"type":"Point","coordinates":[10.382041,56.311241]},"properties":{"lines":"925X","color":"#0059a9","mode":"bus","arr":["925X"],"angle":-16,"extra":1,"ei":16}},{"type":"Feature","geometry":{"type":"Point","coordinates":[10.38529,56.311751]},"properties":{"lines":"925X","color":"#0059a9","mode":"bus","arr":["925X"],"angle":-14.8,"extra":1,"ei":17}},{"type":"Feature","geometry":{"type":"Point","coordinates":[10.388554,56.312234]},"properties":{"lines":"925X","color":"#0059a9","mode":"bus","arr":["925X"],"angle":-14.8,"extra":1,"ei":18}},{"type":"Feature","geometry":{"type":"Point","coordinates":[10.391833,56.312681]},"properties":{"lines":"925X","color":"#0059a9","mode":"bus","arr":["925X"],"angle":-13.4,"extra":1,"ei":19}},{"type":"Feature","geometry":{"type":"Point","coordinates":[10.395116,56.313118]},"properties":{"lines":"925X","color":"#0059a9","mode":"bus","arr":["925X"],"angle":-12.6,"extra":1,"ei":20}},{"type":"Feature","geometry":{"type":"Point","coordinates":[10.398423,56.313496]},"properties":{"lines":"925X","color":"#0059a9","mode":"bus","arr":["925X"],"angle":-11.4,"extra":1,"ei":21}},{"type":"Feature","geometry":{"type":"Point","coordinates":[10.401736,56.313857]},"properties":{"lines":"925X","color":"#0059a9","mode":"bus","arr":["925X"],"angle":-10.4,"extra":1,"ei":22}},{"type":"Feature","geometry":{"type":"Point","coordinates":[10.40507,56.314149]},"properties":{"lines":"925X","color":"#0059a9","mode":"bus","arr":["925X"],"angle":-8,"extra":1,"ei":23}},{"type":"Feature","geometry":{"type":"Point","coordinates":[10.472944,56.317765]},"properties":{"lines":"925X","color":"#0059a9","mode":"bus","arr":["925X"],"angle":6.3}},{"type":"Feature","geometry":{"type":"Point","coordinates":[10.528747,56.294956]},"properties":{"lines":"925X","color":"#0059a9","mode":"bus","arr":["925X"],"angle":-2.1}},{"type":"Feature","geometry":{"type":"Point","coordinates":[10.550587,56.296026]},"properties":{"lines":"925X","color":"#0059a9","mode":"bus","arr":["925X"],"angle":-10.8}},{"type":"Feature","geometry":{"type":"Point","coordinates":[10.438265,56.316027]},"properties":{"lines":"925X","color":"#0059a9","mode":"bus","arr":["925X"],"angle":-13.2,"extra":1,"ei":0}},{"type":"Feature","geometry":{"type":"Point","coordinates":[10.441554,56.316452]},"properties":{"lines":"925X","color":"#0059a9","mode":"bus","arr":["925X"],"angle":-12.6,"extra":1,"ei":1}},{"type":"Feature","geometry":{"type":"Point","coordinates":[10.444856,56.316843]},"properties":{"lines":"925X","color":"#0059a9","mode":"bus","arr":["925X"],"angle":-10.2,"extra":1,"ei":2}},{"type":"Feature","geometry":{"type":"Point","coordinates":[10.448181,56.317167]},"properties":{"lines":"925X","color":"#0059a9","mode":"bus","arr":["925X"],"angle":-9.6,"extra":1,"ei":3}},{"type":"Feature","geometry":{"type":"Point","coordinates":[10.45152,56.31744]},"properties":{"lines":"925X","color":"#0059a9","mode":"bus","arr":["925X"],"angle":-7.7,"extra":1,"ei":4}},{"type":"Feature","geometry":{"type":"Point","coordinates":[10.454871,56.317666]},"properties":{"lines":"925X","color":"#0059a9","mode":"bus","arr":["925X"],"angle":-5.2,"extra":1,"ei":5}},{"type":"Feature","geometry":{"type":"Point","coordinates":[10.458234,56.317826]},"properties":{"lines":"925X","color":"#0059a9","mode":"bus","arr":["925X"],"angle":-4.2,"extra":1,"ei":6}},{"type":"Feature","geometry":{"type":"Point","coordinates":[10.461604,56.317931]},"properties":{"lines":"925X","color":"#0059a9","mode":"bus","arr":["925X"],"angle":-2.3,"extra":1,"ei":7}},{"type":"Feature","geometry":{"type":"Point","coordinates":[10.464978,56.317979]},"properties":{"lines":"925X","color":"#0059a9","mode":"bus","arr":["925X"],"angle":-0.2,"extra":1,"ei":8}},{"type":"Feature","geometry":{"type":"Point","coordinates":[10.468352,56.317957]},"properties":{"lines":"925X","color":"#0059a9","mode":"bus","arr":["925X"],"angle":1.6,"extra":1,"ei":9}},{"type":"Feature","geometry":{"type":"Point","coordinates":[10.475068,56.317603]},"properties":{"lines":"925X","color":"#0059a9","mode":"bus","arr":["925X"],"angle":9,"extra":1,"ei":10}},{"type":"Feature","geometry":{"type":"Point","coordinates":[10.478387,56.317262]},"properties":{"lines":"925X","color":"#0059a9","mode":"bus","arr":["925X"],"angle":11.6,"extra":1,"ei":11}},{"type":"Feature","geometry":{"type":"Point","coordinates":[10.481657,56.316798]},"properties":{"lines":"925X","color":"#0059a9","mode":"bus","arr":["925X"],"angle":15.4,"extra":1,"ei":12}},{"type":"Feature","geometry":{"type":"Point","coordinates":[10.484877,56.316233]},"properties":{"lines":"925X","color":"#0059a9","mode":"bus","arr":["925X"],"angle":19.6,"extra":1,"ei":13}},{"type":"Feature","geometry":{"type":"Point","coordinates":[10.487996,56.315513]},"properties":{"lines":"925X","color":"#0059a9","mode":"bus","arr":["925X"],"angle":25.5,"extra":1,"ei":14}},{"type":"Feature","geometry":{"type":"Point","coordinates":[10.490955,56.314606]},"properties":{"lines":"925X","color":"#0059a9","mode":"bus","arr":["925X"],"angle":31.7,"extra":1,"ei":15}},{"type":"Feature","geometry":{"type":"Point","coordinates":[10.493734,56.313536]},"properties":{"lines":"925X","color":"#0059a9","mode":"bus","arr":["925X"],"angle":37.5,"extra":1,"ei":16}},{"type":"Feature","geometry":{"type":"Point","coordinates":[10.496296,56.312308]},"properties":{"lines":"925X","color":"#0059a9","mode":"bus","arr":["925X"],"angle":43.6,"extra":1,"ei":17}},{"type":"Feature","geometry":{"type":"Point","coordinates":[10.498614,56.310936]},"properties":{"lines":"925X","color":"#0059a9","mode":"bus","arr":["925X"],"angle":49.6,"extra":1,"ei":18}},{"type":"Feature","geometry":{"type":"Point","coordinates":[10.500664,56.309437]},"properties":{"lines":"925X","color":"#0059a9","mode":"bus","arr":["925X"],"angle":55.5,"extra":1,"ei":19}},{"type":"Feature","geometry":{"type":"Point","coordinates":[10.502424,56.307827]},"properties":{"lines":"925X","color":"#0059a9","mode":"bus","arr":["925X"],"angle":60.9,"extra":1,"ei":20}},{"type":"Feature","geometry":{"type":"Point","coordinates":[10.570773,56.295172]},"properties":{"lines":"925X","color":"#0059a9","mode":"bus","arr":["925X"],"angle":13.9,"extra":1,"ei":0,"side":-1}},{"type":"Feature","geometry":{"type":"Point","coordinates":[10.567491,56.295592]},"properties":{"lines":"925X","color":"#0059a9","mode":"bus","arr":["925X"],"angle":11.5,"extra":1,"ei":0}},{"type":"Feature","geometry":{"type":"Point","coordinates":[10.564183,56.295968]},"properties":{"lines":"925X","color":"#0059a9","mode":"bus","arr":["925X"],"angle":11.5,"extra":1,"ei":1}},{"type":"Feature","geometry":{"type":"Point","coordinates":[10.560853,56.296269]},"properties":{"lines":"925X","color":"#0059a9","mode":"bus","arr":["925X"],"angle":6.3,"extra":1,"ei":2}},{"type":"Feature","geometry":{"type":"Point","coordinates":[10.557487,56.296398]},"properties":{"lines":"925X","color":"#0059a9","mode":"bus","arr":["925X"],"angle":0.2,"extra":1,"ei":3}},{"type":"Feature","geometry":{"type":"Point","coordinates":[10.554116,56.296313]},"properties":{"lines":"925X","color":"#0059a9","mode":"bus","arr":["925X"],"angle":-5.1,"extra":1,"ei":4}},{"type":"Feature","geometry":{"type":"Point","coordinates":[10.547499,56.295601]},"properties":{"lines":"925X","color":"#0059a9","mode":"bus","arr":["925X"],"angle":-15.2,"extra":1,"ei":5}},{"type":"Feature","geometry":{"type":"Point","coordinates":[10.544242,56.295105]},"properties":{"lines":"925X","color":"#0059a9","mode":"bus","arr":["925X"],"angle":-15.2,"extra":1,"ei":6}},{"type":"Feature","geometry":{"type":"Point","coordinates":[10.54094,56.294719]},"properties":{"lines":"925X","color":"#0059a9","mode":"bus","arr":["925X"],"angle":-8.8,"extra":1,"ei":7}},{"type":"Feature","geometry":{"type":"Point","coordinates":[10.537583,56.294534]},"properties":{"lines":"925X","color":"#0059a9","mode":"bus","arr":["925X"],"angle":-2.4,"extra":1,"ei":8}},{"type":"Feature","geometry":{"type":"Point","coordinates":[10.534209,56.294545]},"properties":{"lines":"925X","color":"#0059a9","mode":"bus","arr":["925X"],"angle":3.6,"extra":1,"ei":9}},{"type":"Feature","geometry":{"type":"Point","coordinates":[10.530856,56.294752]},"properties":{"lines":"925X","color":"#0059a9","mode":"bus","arr":["925X"],"angle":8.7,"extra":1,"ei":10}},{"type":"Feature","geometry":{"type":"Point","coordinates":[10.503509,56.306591]},"properties":{"lines":"925X","color":"#0059a9","mode":"bus","arr":["925X"],"angle":64.8,"extra":1,"ei":0}},{"type":"Feature","geometry":{"type":"Point","coordinates":[10.504953,56.304884]},"properties":{"lines":"925X","color":"#0059a9","mode":"bus","arr":["925X"],"angle":63.5,"extra":1,"ei":1}},{"type":"Feature","geometry":{"type":"Point","coordinates":[10.506606,56.303238]},"properties":{"lines":"925X","color":"#0059a9","mode":"bus","arr":["925X"],"angle":57.3,"extra":1,"ei":2}},{"type":"Feature","geometry":{"type":"Point","coordinates":[10.508559,56.301699]},"properties":{"lines":"925X","color":"#0059a9","mode":"bus","arr":["925X"],"angle":51.7,"extra":1,"ei":3}},{"type":"Feature","geometry":{"type":"Point","coordinates":[10.510796,56.300286]},"properties":{"lines":"925X","color":"#0059a9","mode":"bus","arr":["925X"],"angle":46.3,"extra":1,"ei":4}},{"type":"Feature","geometry":{"type":"Point","coordinates":[10.513269,56.299003]},"properties":{"lines":"925X","color":"#0059a9","mode":"bus","arr":["925X"],"angle":39.7,"extra":1,"ei":5}},{"type":"Feature","geometry":{"type":"Point","coordinates":[10.515978,56.297878]},"properties":{"lines":"925X","color":"#0059a9","mode":"bus","arr":["925X"],"angle":33.9,"extra":1,"ei":6}},{"type":"Feature","geometry":{"type":"Point","coordinates":[10.518878,56.296915]},"properties":{"lines":"925X","color":"#0059a9","mode":"bus","arr":["925X"],"angle":27.2,"extra":1,"ei":7}},{"type":"Feature","geometry":{"type":"Point","coordinates":[10.521927,56.296107]},"properties":{"lines":"925X","color":"#0059a9","mode":"bus","arr":["925X"],"angle":22.8,"extra":1,"ei":8}},{"type":"Feature","geometry":{"type":"Point","coordinates":[10.5251,56.295467]},"properties":{"lines":"925X","color":"#0059a9","mode":"bus","arr":["925X"],"angle":16.8,"extra":1,"ei":9}},{"type":"Feature","geometry":{"type":"Point","coordinates":[10.629025,56.307976]},"properties":{"lines":"925X","color":"#0059a9","mode":"bus","arr":["925X"],"angle":5}},{"type":"Feature","geometry":{"type":"Point","coordinates":[10.622678,56.309635]},"properties":{"lines":"925X","color":"#0059a9","mode":"bus","arr":["925X"],"angle":40.4,"mi":1}},{"type":"Feature","geometry":{"type":"Point","coordinates":[10.625587,56.308475]},"properties":{"lines":"925X","color":"#0059a9","mode":"bus","arr":["925X"],"angle":38.3,"extra":1,"ei":0}},{"type":"Feature","geometry":{"type":"Point","coordinates":[10.620275,56.310784]},"properties":{"lines":"925X","color":"#0059a9","mode":"bus","arr":["925X"],"angle":40.4,"extra":1,"ei":1}},{"type":"Feature","geometry":{"type":"Point","coordinates":[10.422186,56.314838]},"properties":{"lines":"925X","color":"#0059a9","mode":"bus","arr":["925X"],"angle":-3.1}},{"type":"Feature","geometry":{"type":"Point","coordinates":[10.425623,56.315061]},"properties":{"lines":"925X","color":"#0059a9","mode":"bus","arr":["925X"],"angle":-15.3,"extra":1,"ei":0}},{"type":"Feature","geometry":{"type":"Point","coordinates":[10.418905,56.314762]},"properties":{"lines":"925X","color":"#0059a9","mode":"bus","arr":["925X"],"angle":-2.5,"extra":1,"ei":1}},{"type":"Feature","geometry":{"type":"Point","coordinates":[10.593334,56.312061]},"properties":{"lines":"925X","color":"#0059a9","mode":"bus","arr":["925X"],"angle":-13.6}},{"type":"Feature","geometry":{"type":"Point","coordinates":[10.572983,56.295974]},"properties":{"lines":"925X","color":"#0059a9","mode":"bus","arr":["925X"],"angle":-71.8,"extra":1,"ei":0}},{"type":"Feature","geometry":{"type":"Point","coordinates":[10.574033,56.297769]},"properties":{"lines":"925X","color":"#0059a9","mode":"bus","arr":["925X"],"angle":-71.9,"extra":1,"ei":1}},{"type":"Feature","geometry":{"type":"Point","coordinates":[10.575077,56.299564]},"properties":{"lines":"925X","color":"#0059a9","mode":"bus","arr":["925X"],"angle":-72.3,"extra":1,"ei":2}},{"type":"Feature","geometry":{"type":"Point","coordinates":[10.576128,56.301359]},"properties":{"lines":"925X","color":"#0059a9","mode":"bus","arr":["925X"],"angle":-71.8,"extra":1,"ei":3}},{"type":"Feature","geometry":{"type":"Point","coordinates":[10.577175,56.303155]},"properties":{"lines":"925X","color":"#0059a9","mode":"bus","arr":["925X"],"angle":-71.9,"extra":1,"ei":4}},{"type":"Feature","geometry":{"type":"Point","coordinates":[10.57837,56.304919]},"properties":{"lines":"925X","color":"#0059a9","mode":"bus","arr":["925X"],"angle":-63.9,"extra":1,"ei":5}},{"type":"Feature","geometry":{"type":"Point","coordinates":[10.580119,56.30653]},"properties":{"lines":"925X","color":"#0059a9","mode":"bus","arr":["925X"],"angle":-54.1,"extra":1,"ei":6}},{"type":"Feature","geometry":{"type":"Point","coordinates":[10.582217,56.308008]},"properties":{"lines":"925X","color":"#0059a9","mode":"bus","arr":["925X"],"angle":-49.1,"extra":1,"ei":7}},{"type":"Feature","geometry":{"type":"Point","coordinates":[10.58452,56.309385]},"properties":{"lines":"925X","color":"#0059a9","mode":"bus","arr":["925X"],"angle":-41.3,"extra":1,"ei":8}},{"type":"Feature","geometry":{"type":"Point","coordinates":[10.587176,56.310548]},"properties":{"lines":"925X","color":"#0059a9","mode":"bus","arr":["925X"],"angle":-33.7,"extra":1,"ei":9}},{"type":"Feature","geometry":{"type":"Point","coordinates":[10.590118,56.311466]},"properties":{"lines":"925X","color":"#0059a9","mode":"bus","arr":["925X"],"angle":-22.8,"extra":1,"ei":10}},{"type":"Feature","geometry":{"type":"Point","coordinates":[10.596637,56.312405]},"properties":{"lines":"925X","color":"#0059a9","mode":"bus","arr":["925X"],"angle":-9.9,"extra":1,"ei":11}},{"type":"Feature","geometry":{"type":"Point","coordinates":[10.599964,56.312723]},"properties":{"lines":"925X","color":"#0059a9","mode":"bus","arr":["925X"],"angle":-7.4,"extra":1,"ei":12}},{"type":"Feature","geometry":{"type":"Point","coordinates":[10.603332,56.312786]},"properties":{"lines":"925X","color":"#0059a9","mode":"bus","arr":["925X"],"angle":2.8,"extra":1,"ei":13}},{"type":"Feature","geometry":{"type":"Point","coordinates":[10.606689,56.312591]},"properties":{"lines":"925X","color":"#0059a9","mode":"bus","arr":["925X"],"angle":6.9,"extra":1,"ei":14}},{"type":"Feature","geometry":{"type":"Point","coordinates":[10.61004,56.312365]},"properties":{"lines":"925X","color":"#0059a9","mode":"bus","arr":["925X"],"angle":6.9,"extra":1,"ei":15}},{"type":"Feature","geometry":{"type":"Point","coordinates":[10.613391,56.312139]},"properties":{"lines":"925X","color":"#0059a9","mode":"bus","arr":["925X"],"angle":6.9,"extra":1,"ei":16}},{"type":"Feature","geometry":{"type":"Point","coordinates":[10.616742,56.311913]},"properties":{"lines":"925X","color":"#0059a9","mode":"bus","arr":["925X"],"angle":6.9,"extra":1,"ei":17}},{"type":"Feature","geometry":{"type":"Point","coordinates":[10.620086,56.31166]},"properties":{"lines":"925X","color":"#0059a9","mode":"bus","arr":["925X"],"angle":10.5,"extra":1,"ei":18}},{"type":"Feature","geometry":{"type":"Point","coordinates":[10.623329,56.311145]},"properties":{"lines":"925X","color":"#0059a9","mode":"bus","arr":["925X"],"angle":20.5,"extra":1,"ei":19}},{"type":"Feature","geometry":{"type":"Point","coordinates":[10.626361,56.310322]},"properties":{"lines":"925X","color":"#0059a9","mode":"bus","arr":["925X"],"angle":32.1,"extra":1,"ei":20}},{"type":"Feature","geometry":{"type":"Point","coordinates":[10.629098,56.309218]},"properties":{"lines":"925X","color":"#0059a9","mode":"bus","arr":["925X"],"angle":36.4,"extra":1,"ei":21}},{"type":"Feature","geometry":{"type":"Point","coordinates":[10.431776,56.315438]},"properties":{"lines":"925X","color":"#0059a9","mode":"bus","arr":["925X"],"angle":-2.5,"mi":2}},{"type":"Feature","geometry":{"type":"Point","coordinates":[10.434955,56.315666]},"properties":{"lines":"925X","color":"#0059a9","mode":"bus","arr":["925X"],"angle":-9.3,"extra":1,"ei":0}},{"type":"Feature","geometry":{"type":"Point","coordinates":[10.428284,56.315688]},"properties":{"lines":"925X","color":"#0059a9","mode":"bus","arr":["925X"],"angle":12.8,"extra":1,"ei":1}},{"type":"Feature","geometry":{"type":"Point","coordinates":[10.083895,55.9794]},"properties":{"lines":"1002","color":"#0059a9","mode":"bus","arr":["1002"],"angle":-12.3}},{"type":"Feature","geometry":{"type":"Point","coordinates":[10.111536,55.982565]},"properties":{"lines":"1002","color":"#0059a9","mode":"bus","arr":["1002"],"angle":1.6,"extra":1,"ei":0}},{"type":"Feature","geometry":{"type":"Point","coordinates":[10.108162,55.982618]},"properties":{"lines":"1002","color":"#0059a9","mode":"bus","arr":["1002"],"angle":1.6,"extra":1,"ei":1}},{"type":"Feature","geometry":{"type":"Point","coordinates":[10.10479,55.982576]},"properties":{"lines":"1002","color":"#0059a9","mode":"bus","arr":["1002"],"angle":-5.1,"extra":1,"ei":2}},{"type":"Feature","geometry":{"type":"Point","coordinates":[10.101466,55.982263]},"properties":{"lines":"1002","color":"#0059a9","mode":"bus","arr":["1002"],"angle":-13.4,"extra":1,"ei":3}},{"type":"Feature","geometry":{"type":"Point","coordinates":[10.098222,55.981742]},"properties":{"lines":"1002","color":"#0059a9","mode":"bus","arr":["1002"],"angle":-16.7,"extra":1,"ei":4}},{"type":"Feature","geometry":{"type":"Point","coordinates":[10.094989,55.981201]},"properties":{"lines":"1002","color":"#0059a9","mode":"bus","arr":["1002"],"angle":-16.7,"extra":1,"ei":5}},{"type":"Feature","geometry":{"type":"Point","coordinates":[10.09176,55.980651]},"properties":{"lines":"1002","color":"#0059a9","mode":"bus","arr":["1002"],"angle":-17.2,"extra":1,"ei":6}},{"type":"Feature","geometry":{"type":"Point","coordinates":[10.088526,55.98011]},"properties":{"lines":"1002","color":"#0059a9","mode":"bus","arr":["1002"],"angle":-16.6,"extra":1,"ei":7}},{"type":"Feature","geometry":{"type":"Point","coordinates":[10.078634,55.978968]},"properties":{"lines":"1002","color":"#0059a9","mode":"bus","arr":["1002"],"angle":-4,"extra":1,"ei":8}},{"type":"Feature","geometry":{"type":"Point","coordinates":[10.075263,55.978878]},"properties":{"lines":"1002","color":"#0059a9","mode":"bus","arr":["1002"],"angle":-2.5,"extra":1,"ei":9}},{"type":"Feature","geometry":{"type":"Point","coordinates":[10.071892,55.978786]},"properties":{"lines":"1002","color":"#0059a9","mode":"bus","arr":["1002"],"angle":-4.6,"extra":1,"ei":10}},{"type":"Feature","geometry":{"type":"Point","coordinates":[10.068551,55.978524]},"properties":{"lines":"1002","color":"#0059a9","mode":"bus","arr":["1002"],"angle":-9.9,"extra":1,"ei":11}},{"type":"Feature","geometry":{"type":"Point","coordinates":[10.065247,55.978137]},"properties":{"lines":"1002","color":"#0059a9","mode":"bus","arr":["1002"],"angle":-12.1,"extra":1,"ei":12}},{"type":"Feature","geometry":{"type":"Point","coordinates":[10.061948,55.97774]},"properties":{"lines":"1002","color":"#0059a9","mode":"bus","arr":["1002"],"angle":-12.1,"extra":1,"ei":13}},{"type":"Feature","geometry":{"type":"Point","coordinates":[10.058648,55.977343]},"properties":{"lines":"1002","color":"#0059a9","mode":"bus","arr":["1002"],"angle":-11.8,"extra":1,"ei":14}},{"type":"Feature","geometry":{"type":"Point","coordinates":[10.055335,55.97698]},"properties":{"lines":"1002","color":"#0059a9","mode":"bus","arr":["1002"],"angle":-10.9,"extra":1,"ei":15}},{"type":"Feature","geometry":{"type":"Point","coordinates":[10.030688,55.974304]},"properties":{"lines":"1002","color":"#0059a9","mode":"bus","arr":["1002"],"angle":-55.3}},{"type":"Feature","geometry":{"type":"Point","coordinates":[10.050313,55.978004]},"properties":{"lines":"1002","color":"#0059a9","mode":"bus","arr":["1002"],"angle":-0.2,"extra":1,"ei":0}},{"type":"Feature","geometry":{"type":"Point","coordinates":[10.04696,55.977818]},"properties":{"lines":"1002","color":"#0059a9","mode":"bus","arr":["1002"],"angle":-10.8,"extra":1,"ei":1}},{"type":"Feature","geometry":{"type":"Point","coordinates":[10.043646,55.977458]},"properties":{"lines":"1002","color":"#0059a9","mode":"bus","arr":["1002"],"angle":-11.2,"extra":1,"ei":2}},{"type":"Feature","geometry":{"type":"Point","coordinates":[10.040336,55.97709]},"properties":{"lines":"1002","color":"#0059a9","mode":"bus","arr":["1002"],"angle":-11.5,"extra":1,"ei":3}},{"type":"Feature","geometry":{"type":"Point","coordinates":[10.037054,55.976656]},"properties":{"lines":"1002","color":"#0059a9","mode":"bus","arr":["1002"],"angle":-17.5,"extra":1,"ei":4}},{"type":"Feature","geometry":{"type":"Point","coordinates":[10.034124,55.975745]},"properties":{"lines":"1002","color":"#0059a9","mode":"bus","arr":["1002"],"angle":-34.4,"extra":1,"ei":5}},{"type":"Feature","geometry":{"type":"Point","coordinates":[10.028893,55.973621]},"properties":{"lines":"1002","color":"#0059a9","mode":"bus","arr":["1002"],"angle":-12.6,"extra":1,"ei":6}},{"type":"Feature","geometry":{"type":"Point","coordinates":[10.025835,55.972842]},"properties":{"lines":"1002","color":"#0059a9","mode":"bus","arr":["1002"],"angle":-18.1,"extra":1,"ei":7}},{"type":"Feature","geometry":{"type":"Point","coordinates":[10.022592,55.972333]},"properties":{"lines":"1002","color":"#0059a9","mode":"bus","arr":["1002"],"angle":-8.8,"extra":1,"ei":8}},{"type":"Feature","geometry":{"type":"Point","coordinates":[10.019222,55.972272]},"properties":{"lines":"1002","color":"#0059a9","mode":"bus","arr":["1002"],"angle":-0.7,"extra":1,"ei":9}},{"type":"Feature","geometry":{"type":"Point","coordinates":[10.015872,55.972417]},"properties":{"lines":"1002","color":"#0059a9","mode":"bus","arr":["1002"],"angle":10.8,"extra":1,"ei":10}},{"type":"Feature","geometry":{"type":"Point","coordinates":[10.012696,55.973023]},"properties":{"lines":"1002","color":"#0059a9","mode":"bus","arr":["1002"],"angle":24,"extra":1,"ei":11}},{"type":"Feature","geometry":{"type":"Point","coordinates":[10.009553,55.973706]},"properties":{"lines":"1002","color":"#0059a9","mode":"bus","arr":["1002"],"angle":15.4,"extra":1,"ei":12,"side":-1}},{"type":"Feature","geometry":{"type":"Point","coordinates":[10.011088,55.977816]},"properties":{"lines":"1002","color":"#0059a9","mode":"bus","arr":["1002"],"angle":-77.3,"mi":2}},{"type":"Feature","geometry":{"type":"Point","coordinates":[10.009813,55.974643]},"properties":{"lines":"1002","color":"#0059a9","mode":"bus","arr":["1002"],"angle":-77.2,"extra":1,"ei":0}},{"type":"Feature","geometry":{"type":"Point","coordinates":[10.010553,55.976486]},"properties":{"lines":"1002","color":"#0059a9","mode":"bus","arr":["1002"],"angle":-77.3,"extra":1,"ei":1}},{"type":"Feature","geometry":{"type":"Point","coordinates":[10.012285,55.980129]},"properties":{"lines":"1002","color":"#0059a9","mode":"bus","arr":["1002"],"angle":-65.2,"extra":1,"ei":2}},{"type":"Feature","geometry":{"type":"Point","coordinates":[10.017825,55.984783]},"properties":{"lines":"1002","color":"#0059a9","mode":"bus","arr":["1002"],"angle":-41}},{"type":"Feature","geometry":{"type":"Point","coordinates":[10.014718,55.98249]},"properties":{"lines":"1002","color":"#0059a9","mode":"bus","arr":["1002"],"angle":-59,"extra":1,"ei":0}},{"type":"Feature","geometry":{"type":"Point","coordinates":[10.020951,55.986878]},"properties":{"lines":"1002","color":"#0059a9","mode":"bus","arr":["1002"],"angle":-61.2,"extra":1,"ei":1}},{"type":"Feature","geometry":{"type":"Point","coordinates":[10.026231,55.990293]},"properties":{"lines":"1002","color":"#0059a9","mode":"bus","arr":["1002"],"angle":46.5,"mi":1}},{"type":"Feature","geometry":{"type":"Point","coordinates":[10.023768,55.991752]},"properties":{"lines":"1002","color":"#0059a9","mode":"bus","arr":["1002"],"angle":45.7,"extra":1,"ei":0}},{"type":"Feature","geometry":{"type":"Point","coordinates":[10.028417,55.989013]},"properties":{"lines":"1002","color":"#0059a9","mode":"bus","arr":["1002"],"angle":46.2,"extra":1,"ei":1}},{"type":"Feature","geometry":{"type":"Point","coordinates":[10.05565,55.981171]},"properties":{"lines":"1002","color":"#0059a9","mode":"bus","arr":["1002"],"angle":-64.4}},{"type":"Feature","geometry":{"type":"Point","coordinates":[10.06946,55.984359]},"properties":{"lines":"1002","color":"#0059a9","mode":"bus","arr":["1002"],"angle":-19.7,"mi":2}},{"type":"Feature","geometry":{"type":"Point","coordinates":[10.058472,55.982168]},"properties":{"lines":"1002","color":"#0059a9","mode":"bus","arr":["1002"],"angle":-10.6,"extra":1,"ei":0}},{"type":"Feature","geometry":{"type":"Point","coordinates":[10.061657,55.982793]},"properties":{"lines":"1002","color":"#0059a9","mode":"bus","arr":["1002"],"angle":-19.6,"extra":1,"ei":1}},{"type":"Feature","geometry":{"type":"Point","coordinates":[10.064834,55.98343]},"properties":{"lines":"1002","color":"#0059a9","mode":"bus","arr":["1002"],"angle":-19.7,"extra":1,"ei":2}},{"type":"Feature","geometry":{"type":"Point","coordinates":[10.074356,55.985206]},"properties":{"lines":"1002","color":"#0059a9","mode":"bus","arr":["1002"],"angle":2.4,"extra":1,"ei":3}},{"type":"Feature","geometry":{"type":"Point","coordinates":[10.077728,55.985127]},"properties":{"lines":"1002","color":"#0059a9","mode":"bus","arr":["1002"],"angle":2.4,"extra":1,"ei":4}},{"type":"Feature","geometry":{"type":"Point","coordinates":[10.08088,55.9849]},"properties":{"lines":"1002","color":"#0059a9","mode":"bus","arr":["1002"],"angle":54.9,"extra":1,"ei":5}},{"type":"Feature","geometry":{"type":"Point","coordinates":[10.086379,55.988656]},"properties":{"lines":"1002","color":"#0059a9","mode":"bus","arr":["1002"],"angle":-34.1,"mi":2}},{"type":"Feature","geometry":{"type":"Point","coordinates":[10.082305,55.985573]},"properties":{"lines":"1002","color":"#0059a9","mode":"bus","arr":["1002"],"angle":-81,"extra":1,"ei":0}},{"type":"Feature","geometry":{"type":"Point","coordinates":[10.083522,55.987317]},"properties":{"lines":"1002","color":"#0059a9","mode":"bus","arr":["1002"],"angle":-59.6,"extra":1,"ei":1}},{"type":"Feature","geometry":{"type":"Point","coordinates":[10.08878,55.989647]},"properties":{"lines":"1002","color":"#0059a9","mode":"bus","arr":["1002"],"angle":-30,"extra":1,"ei":2}},{"type":"Feature","geometry":{"type":"Point","coordinates":[10.091573,55.990583]},"properties":{"lines":"1002","color":"#0059a9","mode":"bus","arr":["1002"],"angle":-71,"extra":1,"ei":3}},{"type":"Feature","geometry":{"type":"Point","coordinates":[10.091555,55.994116]},"properties":{"lines":"1002","color":"#0059a9","mode":"bus","arr":["1002"],"angle":88.7,"mi":1}},{"type":"Feature","geometry":{"type":"Point","coordinates":[10.091676,55.995353]},"properties":{"lines":"1002","color":"#0059a9","mode":"bus","arr":["1002"],"angle":-81.1,"extra":1,"ei":0}},{"type":"Feature","geometry":{"type":"Point","coordinates":[10.101666,55.996283]},"properties":{"lines":"1002","color":"#0059a9","mode":"bus","arr":["1002"],"angle":-20.3}},{"type":"Feature","geometry":{"type":"Point","coordinates":[10.093581,55.996409]},"properties":{"lines":"1002","color":"#0059a9","mode":"bus","arr":["1002"],"angle":-7.6,"extra":1,"ei":0}},{"type":"Feature","geometry":{"type":"Point","coordinates":[10.09692,55.996337]},"properties":{"lines":"1002","color":"#0059a9","mode":"bus","arr":["1002"],"angle":11.2,"extra":1,"ei":1}},{"type":"Feature","geometry":{"type":"Point","coordinates":[10.106354,55.997521]},"properties":{"lines":"1002","color":"#0059a9","mode":"bus","arr":["1002"],"angle":-41.1,"extra":1,"ei":2}},{"type":"Feature","geometry":{"type":"Point","coordinates":[10.109361,55.998187]},"properties":{"lines":"1002","color":"#0059a9","mode":"bus","arr":["1002"],"angle":3.2,"extra":1,"ei":3}},{"type":"Feature","geometry":{"type":"Point","coordinates":[10.113959,55.998143]},"properties":{"lines":"1002","color":"#0059a9","mode":"bus","arr":["1002"],"angle":23,"mi":3}},{"type":"Feature","geometry":{"type":"Point","coordinates":[10.127423,55.991755]},"properties":{"lines":"1002","color":"#0059a9","mode":"bus","arr":["1002"],"angle":19,"mi":2}},{"type":"Feature","geometry":{"type":"Point","coordinates":[10.116226,55.995951]},"properties":{"lines":"1002","color":"#0059a9","mode":"bus","arr":["1002"],"angle":27.1,"extra":1,"ei":0}},{"type":"Feature","geometry":{"type":"Point","coordinates":[10.119243,55.995118]},"properties":{"lines":"1002","color":"#0059a9","mode":"bus","arr":["1002"],"angle":36.7,"extra":1,"ei":1}},{"type":"Feature","geometry":{"type":"Point","coordinates":[10.121755,55.99387]},"properties":{"lines":"1002","color":"#0059a9","mode":"bus","arr":["1002"],"angle":57.1,"extra":1,"ei":2}},{"type":"Feature","geometry":{"type":"Point","coordinates":[10.124139,55.992601]},"properties":{"lines":"1002","color":"#0059a9","mode":"bus","arr":["1002"],"angle":28.3,"extra":1,"ei":3}},{"type":"Feature","geometry":{"type":"Point","coordinates":[10.13042,55.991316]},"properties":{"lines":"1002","color":"#0059a9","mode":"bus","arr":["1002"],"angle":30.9,"extra":1,"ei":4}},{"type":"Feature","geometry":{"type":"Point","coordinates":[10.132589,55.98989]},"properties":{"lines":"1002","color":"#0059a9","mode":"bus","arr":["1002"],"angle":65.3,"extra":1,"ei":5}},{"type":"Feature","geometry":{"type":"Point","coordinates":[10.134003,55.988219]},"properties":{"lines":"1002","color":"#0059a9","mode":"bus","arr":["1002"],"angle":48,"extra":1,"ei":6}},{"type":"Feature","geometry":{"type":"Point","coordinates":[10.136425,55.986912]},"properties":{"lines":"1002","color":"#0059a9","mode":"bus","arr":["1002"],"angle":34.8,"extra":1,"ei":7}},{"type":"Feature","geometry":{"type":"Point","coordinates":[10.138818,55.987219]},"properties":{"lines":"1002","color":"#0059a9","mode":"bus","arr":["1002"],"angle":-82.4,"mi":1}},{"type":"Feature","geometry":{"type":"Point","coordinates":[10.138137,55.988027]},"properties":{"lines":"1002","color":"#0059a9","mode":"bus","arr":["1002"],"angle":-12.8}},{"type":"Feature","geometry":{"type":"Point","coordinates":[10.138859,55.99839]},"properties":{"lines":"1002","color":"#0059a9","mode":"bus","arr":["1002"],"angle":11}},{"type":"Feature","geometry":{"type":"Point","coordinates":[10.137046,55.988868]},"properties":{"lines":"1002","color":"#0059a9","mode":"bus","arr":["1002"],"angle":71.4,"extra":1,"ei":0}},{"type":"Feature","geometry":{"type":"Point","coordinates":[10.135082,55.990376]},"properties":{"lines":"1002","color":"#0059a9","mode":"bus","arr":["1002"],"angle":49,"extra":1,"ei":1}},{"type":"Feature","geometry":{"type":"Point","coordinates":[10.133751,55.991987]},"properties":{"lines":"1002","color":"#0059a9","mode":"bus","arr":["1002"],"angle":-77.1,"extra":1,"ei":2}},{"type":"Feature","geometry":{"type":"Point","coordinates":[10.133763,55.993862]},"properties":{"lines":"1002","color":"#0059a9","mode":"bus","arr":["1002"],"angle":85.6,"extra":1,"ei":3}},{"type":"Feature","geometry":{"type":"Point","coordinates":[10.133438,55.99574]},"properties":{"lines":"1002","color":"#0059a9","mode":"bus","arr":["1002"],"angle":79.4,"extra":1,"ei":4}},{"type":"Feature","geometry":{"type":"Point","coordinates":[10.134178,55.997503]},"properties":{"lines":"1002","color":"#0059a9","mode":"bus","arr":["1002"],"angle":-48.7,"extra":1,"ei":5}},{"type":"Feature","geometry":{"type":"Point","coordinates":[10.136767,55.998558]},"properties":{"lines":"1002","color":"#0059a9","mode":"bus","arr":["1002"],"angle":1.8,"extra":1,"ei":6}},{"type":"Feature","geometry":{"type":"Point","coordinates":[10.143168,55.998319]},"properties":{"lines":"1002","color":"#0059a9","mode":"bus","arr":["1002"],"angle":-15.6,"extra":1,"ei":7}},{"type":"Feature","geometry":{"type":"Point","coordinates":[10.146436,55.997961]},"properties":{"lines":"1002","color":"#0059a9","mode":"bus","arr":["1002"],"angle":14,"extra":1,"ei":8}},{"type":"Feature","geometry":{"type":"Point","coordinates":[10.14974,55.998023]},"properties":{"lines":"1002","color":"#0059a9","mode":"bus","arr":["1002"],"angle":-30,"extra":1,"ei":9}},{"type":"Feature","geometry":{"type":"Point","coordinates":[10.152752,55.99878]},"properties":{"lines":"1002","color":"#0059a9","mode":"bus","arr":["1002"],"angle":-13.2,"extra":1,"ei":10}},{"type":"Feature","geometry":{"type":"Point","coordinates":[10.156039,55.99921]},"properties":{"lines":"1002","color":"#0059a9","mode":"bus","arr":["1002"],"angle":-13.2,"extra":1,"ei":11}},{"type":"Feature","geometry":{"type":"Point","coordinates":[10.158955,55.999865]},"properties":{"lines":"1002","color":"#0059a9","mode":"bus","arr":["1002"],"angle":-80.7,"extra":1,"ei":12}},{"type":"Feature","geometry":{"type":"Point","coordinates":[10.160658,56.005339]},"properties":{"lines":"1002","color":"#0059a9","mode":"bus","arr":["1002"],"angle":89.6}},{"type":"Feature","geometry":{"type":"Point","coordinates":[10.162376,56.008937]},"properties":{"lines":"1002","color":"#0059a9","mode":"bus","arr":["1002"],"angle":-56.9,"extra":1,"ei":0}},{"type":"Feature","geometry":{"type":"Point","coordinates":[10.160835,56.007277]},"properties":{"lines":"1002","color":"#0059a9","mode":"bus","arr":["1002"],"angle":-79,"extra":1,"ei":1}},{"type":"Feature","geometry":{"type":"Point","coordinates":[10.160636,56.003504]},"properties":{"lines":"1002","color":"#0059a9","mode":"bus","arr":["1002"],"angle":-88.7,"extra":1,"ei":2}},{"type":"Feature","geometry":{"type":"Point","coordinates":[10.160573,56.001617]},"properties":{"lines":"1002","color":"#0059a9","mode":"bus","arr":["1002"],"angle":-73.8,"extra":1,"ei":3}},{"type":"Feature","geometry":{"type":"Point","coordinates":[10.166984,56.008197]},"properties":{"lines":"1002","color":"#0059a9","mode":"bus","arr":["1002"],"angle":36.2,"mi":1}},{"type":"Feature","geometry":{"type":"Point","coordinates":[10.164554,56.009198]},"properties":{"lines":"1002","color":"#0059a9","mode":"bus","arr":["1002"],"angle":36.4,"extra":1,"ei":0}},{"type":"Feature","geometry":{"type":"Point","coordinates":[10.169999,56.006966]},"properties":{"lines":"1002","color":"#0059a9","mode":"bus","arr":["1002"],"angle":35.8,"extra":1,"ei":1}},{"type":"Feature","geometry":{"type":"Point","coordinates":[10.189884,55.955673]},"properties":{"lines":"1003","color":"#0059a9","mode":"bus","arr":["1003"],"angle":59.9,"mi":4}},{"type":"Feature","geometry":{"type":"Point","coordinates":[10.194888,55.945895]},"properties":{"lines":"1003","color":"#0059a9","mode":"bus","arr":["1003"],"angle":-88.3}},{"type":"Feature","geometry":{"type":"Point","coordinates":[10.19499,55.944592]},"properties":{"lines":"1003","color":"#0059a9","mode":"bus","arr":["1003"],"angle":-83.3,"extra":1,"ei":0}},{"type":"Feature","geometry":{"type":"Point","coordinates":[10.187048,55.948922]},"properties":{"lines":"1003","color":"#0059a9","mode":"bus","arr":["1003"],"angle":88.6,"mi":1}},{"type":"Feature","geometry":{"type":"Point","coordinates":[10.189023,55.953896]},"properties":{"lines":"1003","color":"#0059a9","mode":"bus","arr":["1003"],"angle":-12.3,"extra":1,"ei":0}},{"type":"Feature","geometry":{"type":"Point","coordinates":[10.187907,55.95231]},"properties":{"lines":"1003","color":"#0059a9","mode":"bus","arr":["1003"],"angle":-81.9,"extra":1,"ei":1}},{"type":"Feature","geometry":{"type":"Point","coordinates":[10.187433,55.95044]},"properties":{"lines":"1003","color":"#0059a9","mode":"bus","arr":["1003"],"angle":-81.9,"extra":1,"ei":2}},{"type":"Feature","geometry":{"type":"Point","coordinates":[10.188249,55.947124]},"properties":{"lines":"1003","color":"#0059a9","mode":"bus","arr":["1003"],"angle":-85.1,"extra":1,"ei":3}},{"type":"Feature","geometry":{"type":"Point","coordinates":[10.187281,55.945358]},"properties":{"lines":"1003","color":"#0059a9","mode":"bus","arr":["1003"],"angle":-68.1,"extra":1,"ei":4}},{"type":"Feature","geometry":{"type":"Point","coordinates":[10.188089,55.943687]},"properties":{"lines":"1003","color":"#0059a9","mode":"bus","arr":["1003"],"angle":42.1,"extra":1,"ei":5}},{"type":"Feature","geometry":{"type":"Point","coordinates":[10.191498,55.943964]},"properties":{"lines":"1003","color":"#0059a9","mode":"bus","arr":["1003"],"angle":-36.9,"mi":3}},{"type":"Feature","geometry":{"type":"Point","coordinates":[10.199726,55.947578]},"properties":{"lines":"1003","color":"#0059a9","mode":"bus","arr":["1003"],"angle":-11.6,"mi":2}},{"type":"Feature","geometry":{"type":"Point","coordinates":[10.201968,55.948406]},"properties":{"lines":"1003","color":"#0059a9","mode":"bus","arr":["1003"],"angle":-45.2,"extra":1,"ei":0}},{"type":"Feature","geometry":{"type":"Point","coordinates":[10.195713,55.947417]},"properties":{"lines":"1003","color":"#0059a9","mode":"bus","arr":["1003"],"angle":-5.9,"extra":1,"ei":1}},{"type":"Feature","geometry":{"type":"Point","coordinates":[10.213645,55.940964]},"properties":{"lines":"1003","color":"#0059a9","mode":"bus","arr":["1003"],"angle":1.3,"mi":3}},{"type":"Feature","geometry":{"type":"Point","coordinates":[10.217079,55.941703]},"properties":{"lines":"1003","color":"#0059a9","mode":"bus","arr":["1003"],"angle":-59.5,"mi":1}},{"type":"Feature","geometry":{"type":"Point","coordinates":[10.2235,55.942014]},"properties":{"lines":"1003","color":"#0059a9","mode":"bus","arr":["1003"],"angle":-11.3}},{"type":"Feature","geometry":{"type":"Point","coordinates":[10.220267,55.941843]},"properties":{"lines":"1003","color":"#0059a9","mode":"bus","arr":["1003"],"angle":5.6,"extra":1,"ei":0}},{"type":"Feature","geometry":{"type":"Point","coordinates":[10.226829,55.942561]},"properties":{"lines":"1003","color":"#0059a9","mode":"bus","arr":["1003"],"angle":-17,"extra":1,"ei":1}},{"type":"Feature","geometry":{"type":"Point","coordinates":[10.232483,55.941397]},"properties":{"lines":"1003","color":"#0059a9","mode":"bus","arr":["1003"],"angle":44.7,"mi":2}},{"type":"Feature","geometry":{"type":"Point","coordinates":[10.229838,55.942384]},"properties":{"lines":"1003","color":"#0059a9","mode":"bus","arr":["1003"],"angle":39.6,"extra":1,"ei":0}},{"type":"Feature","geometry":{"type":"Point","coordinates":[10.234703,55.93988]},"properties":{"lines":"1003","color":"#0059a9","mode":"bus","arr":["1003"],"angle":17.2,"extra":1,"ei":1}},{"type":"Feature","geometry":{"type":"Point","coordinates":[10.235787,55.934492]},"properties":{"lines":"1003","color":"#0059a9","mode":"bus","arr":["1003"],"angle":87.1,"mi":4}},{"type":"Feature","geometry":{"type":"Point","coordinates":[10.235922,55.938848]},"properties":{"lines":"1003","color":"#0059a9","mode":"bus","arr":["1003"],"angle":-83.6,"extra":1,"ei":0}},{"type":"Feature","geometry":{"type":"Point","coordinates":[10.23558,55.936972]},"properties":{"lines":"1003","color":"#0059a9","mode":"bus","arr":["1003"],"angle":89.9,"extra":1,"ei":1}},{"type":"Feature","geometry":{"type":"Point","coordinates":[10.235906,55.933199]},"properties":{"lines":"1003","color":"#0059a9","mode":"bus","arr":["1003"],"angle":87.1,"extra":1,"ei":2}},{"type":"Feature","geometry":{"type":"Point","coordinates":[10.236783,55.93139]},"properties":{"lines":"1003","color":"#0059a9","mode":"bus","arr":["1003"],"angle":69.7,"extra":1,"ei":3}},{"type":"Feature","geometry":{"type":"Point","coordinates":[10.236822,55.92963]},"properties":{"lines":"1003","color":"#0059a9","mode":"bus","arr":["1003"],"angle":-53.4,"extra":1,"ei":4}},{"type":"Feature","geometry":{"type":"Point","coordinates":[10.252622,55.914474]},"properties":{"lines":"1003","color":"#0059a9","mode":"bus","arr":["1003"],"angle":-25.1}},{"type":"Feature","geometry":{"type":"Point","coordinates":[10.250874,55.913887]},"properties":{"lines":"1008","color":"#0059a9","mode":"bus","arr":["1008"],"angle":-31.1}},{"type":"Feature","geometry":{"type":"Point","coordinates":[10.250007,55.916996]},"properties":{"lines":"1003, 1008","color":"#0059a9","mode":"bus","arr":["1003","1008"],"angle":68.1}},{"type":"Feature","geometry":{"type":"Point","coordinates":[10.251319,55.915172]},"properties":{"lines":"1003, 1008","color":"#0059a9","mode":"bus","arr":["1003","1008"],"angle":68.3,"extra":1,"ei":0}},{"type":"Feature","geometry":{"type":"Point","coordinates":[10.24873,55.918659]},"properties":{"lines":"1003, 1008","color":"#0059a9","mode":"bus","arr":["1003","1008"],"angle":63.6,"extra":1,"ei":1}},{"type":"Feature","geometry":{"type":"Point","coordinates":[10.202394,55.965788]},"properties":{"lines":"1004","color":"#0059a9","mode":"bus","arr":["1004"],"angle":59.7}},{"type":"Feature","geometry":{"type":"Point","coordinates":[10.196093,55.974761]},"properties":{"lines":"1004","color":"#0059a9","mode":"bus","arr":["1004"],"angle":43.1}},{"type":"Feature","geometry":{"type":"Point","coordinates":[10.19833,55.97226]},"properties":{"lines":"1004","color":"#0059a9","mode":"bus","arr":["1004"],"angle":77.2,"extra":1,"ei":0}},{"type":"Feature","geometry":{"type":"Point","coordinates":[10.198957,55.970405]},"properties":{"lines":"1004","color":"#0059a9","mode":"bus","arr":["1004"],"angle":80.1,"extra":1,"ei":1}},{"type":"Feature","geometry":{"type":"Point","coordinates":[10.19973,55.968567]},"properties":{"lines":"1004","color":"#0059a9","mode":"bus","arr":["1004"],"angle":75.9,"extra":1,"ei":2}},{"type":"Feature","geometry":{"type":"Point","coordinates":[10.200553,55.966736]},"properties":{"lines":"1004","color":"#0059a9","mode":"bus","arr":["1004"],"angle":73.7,"extra":1,"ei":3}},{"type":"Feature","geometry":{"type":"Point","coordinates":[10.204347,55.963794]},"properties":{"lines":"1004","color":"#0059a9","mode":"bus","arr":["1004"],"angle":65,"extra":1,"ei":4}},{"type":"Feature","geometry":{"type":"Point","coordinates":[10.205425,55.962019]},"properties":{"lines":"1004","color":"#0059a9","mode":"bus","arr":["1004"],"angle":76.2,"extra":1,"ei":5}},{"type":"Feature","geometry":{"type":"Point","coordinates":[10.207815,55.961376]},"properties":{"lines":"1004","color":"#0059a9","mode":"bus","arr":["1004"],"angle":71.8,"extra":1,"ei":6}},{"type":"Feature","geometry":{"type":"Point","coordinates":[10.209657,55.959865]},"properties":{"lines":"1004","color":"#0059a9","mode":"bus","arr":["1004"],"angle":72.3,"extra":1,"ei":7}},{"type":"Feature","geometry":{"type":"Point","coordinates":[10.210872,55.958107]},"properties":{"lines":"1004","color":"#0059a9","mode":"bus","arr":["1004"],"angle":71.3,"extra":1,"ei":8}},{"type":"Feature","geometry":{"type":"Point","coordinates":[10.223094,55.958605]},"properties":{"lines":"1004","color":"#0059a9","mode":"bus","arr":["1004"],"angle":13,"mi":1}},{"type":"Feature","geometry":{"type":"Point","coordinates":[10.212653,55.957912]},"properties":{"lines":"1004","color":"#0059a9","mode":"bus","arr":["1004"],"angle":-5.7,"extra":1,"ei":0}},{"type":"Feature","geometry":{"type":"Point","coordinates":[10.215681,55.958641]},"properties":{"lines":"1004","color":"#0059a9","mode":"bus","arr":["1004"],"angle":-43.3,"extra":1,"ei":1}},{"type":"Feature","geometry":{"type":"Point","coordinates":[10.218783,55.959136]},"properties":{"lines":"1004","color":"#0059a9","mode":"bus","arr":["1004"],"angle":3.1,"extra":1,"ei":2}},{"type":"Feature","geometry":{"type":"Point","coordinates":[10.225364,55.958314]},"properties":{"lines":"1004","color":"#0059a9","mode":"bus","arr":["1004"],"angle":11.6,"extra":1,"ei":3}},{"type":"Feature","geometry":{"type":"Point","coordinates":[10.228717,55.958106]},"properties":{"lines":"1004","color":"#0059a9","mode":"bus","arr":["1004"],"angle":5.6,"extra":1,"ei":4}},{"type":"Feature","geometry":{"type":"Point","coordinates":[10.232066,55.958089]},"properties":{"lines":"1004","color":"#0059a9","mode":"bus","arr":["1004"],"angle":-12.2,"extra":1,"ei":5}},{"type":"Feature","geometry":{"type":"Point","coordinates":[10.235363,55.958493]},"properties":{"lines":"1004","color":"#0059a9","mode":"bus","arr":["1004"],"angle":-14.2,"extra":1,"ei":6}},{"type":"Feature","geometry":{"type":"Point","coordinates":[10.232569,55.963424]},"properties":{"lines":"1004","color":"#0059a9","mode":"bus","arr":["1004"],"angle":76.1}},{"type":"Feature","geometry":{"type":"Point","coordinates":[10.236845,55.953338]},"properties":{"lines":"1004","color":"#0059a9","mode":"bus","arr":["1004"],"angle":88.8,"extra":1,"ei":0}},{"type":"Feature","geometry":{"type":"Point","coordinates":[10.236776,55.955226]},"properties":{"lines":"1004","color":"#0059a9","mode":"bus","arr":["1004"],"angle":88.8,"extra":1,"ei":1}},{"type":"Feature","geometry":{"type":"Point","coordinates":[10.236552,55.957108]},"properties":{"lines":"1004","color":"#0059a9","mode":"bus","arr":["1004"],"angle":79.1,"extra":1,"ei":2,"side":-1}},{"type":"Feature","geometry":{"type":"Point","coordinates":[10.235476,55.95889]},"properties":{"lines":"1004","color":"#0059a9","mode":"bus","arr":["1004"],"angle":65.3,"extra":1,"ei":3}},{"type":"Feature","geometry":{"type":"Point","coordinates":[10.234067,55.960607]},"properties":{"lines":"1004","color":"#0059a9","mode":"bus","arr":["1004"],"angle":66.3,"extra":1,"ei":4}},{"type":"Feature","geometry":{"type":"Point","coordinates":[10.232834,55.9661]},"properties":{"lines":"1004","color":"#0059a9","mode":"bus","arr":["1004"],"angle":-70.1,"extra":1,"ei":5}},{"type":"Feature","geometry":{"type":"Point","coordinates":[10.23405,55.96786]},"properties":{"lines":"1004","color":"#0059a9","mode":"bus","arr":["1004"],"angle":-75.3,"extra":1,"ei":6}},{"type":"Feature","geometry":{"type":"Point","coordinates":[10.234294,55.969734]},"properties":{"lines":"1004","color":"#0059a9","mode":"bus","arr":["1004"],"angle":88.6,"extra":1,"ei":7}},{"type":"Feature","geometry":{"type":"Point","coordinates":[10.234216,55.971622]},"properties":{"lines":"1004","color":"#0059a9","mode":"bus","arr":["1004"],"angle":89.3,"extra":1,"ei":8}},{"type":"Feature","geometry":{"type":"Point","coordinates":[10.234092,55.973509]},"properties":{"lines":"1004","color":"#0059a9","mode":"bus","arr":["1004"],"angle":83.9,"extra":1,"ei":9}},{"type":"Feature","geometry":{"type":"Point","coordinates":[10.240263,55.954418]},"properties":{"lines":"1004","color":"#0059a9","mode":"bus","arr":["1004"],"angle":-80.6}},{"type":"Feature","geometry":{"type":"Point","coordinates":[10.23855,55.952532]},"properties":{"lines":"1004","color":"#0059a9","mode":"bus","arr":["1004"],"angle":-8.4,"extra":1,"ei":0}},{"type":"Feature","geometry":{"type":"Point","coordinates":[10.238025,55.956667]},"properties":{"lines":"1004","color":"#0059a9","mode":"bus","arr":["1004"],"angle":49.6,"extra":1,"ei":1}},{"type":"Feature","geometry":{"type":"Point","coordinates":[10.212105,55.992544]},"properties":{"lines":"1004","color":"#0059a9","mode":"bus","arr":["1004"],"angle":11.7}},{"type":"Feature","geometry":{"type":"Point","coordinates":[10.252593,55.997337]},"properties":{"lines":"1004","color":"#0059a9","mode":"bus","arr":["1004"],"angle":37.2,"extra":1,"ei":0}},{"type":"Feature","geometry":{"type":"Point","coordinates":[10.249617,55.997491]},"properties":{"lines":"1004","color":"#0059a9","mode":"bus","arr":["1004"],"angle":-23.1,"extra":1,"ei":1}},{"type":"Feature","geometry":{"type":"Point","coordinates":[10.246513,55.996749]},"properties":{"lines":"1004","color":"#0059a9","mode":"bus","arr":["1004"],"angle":-23.2,"extra":1,"ei":2}},{"type":"Feature","geometry":{"type":"Point","coordinates":[10.243308,55.9962]},"properties":{"lines":"1004","color":"#0059a9","mode":"bus","arr":["1004"],"angle":-9.1,"extra":1,"ei":3}},{"type":"Feature","geometry":{"type":"Point","coordinates":[10.239974,55.995905]},"properties":{"lines":"1004","color":"#0059a9","mode":"bus","arr":["1004"],"angle":-9,"extra":1,"ei":4}},{"type":"Feature","geometry":{"type":"Point","coordinates":[10.238255,55.994644]},"properties":{"lines":"1004","color":"#0059a9","mode":"bus","arr":["1004"],"angle":-81.5,"extra":1,"ei":5}},{"type":"Feature","geometry":{"type":"Point","coordinates":[10.23746,55.992882]},"properties":{"lines":"1004","color":"#0059a9","mode":"bus","arr":["1004"],"angle":-28.1,"extra":1,"ei":6}},{"type":"Feature","geometry":{"type":"Point","coordinates":[10.234259,55.992347]},"properties":{"lines":"1004","color":"#0059a9","mode":"bus","arr":["1004"],"angle":-3.5,"extra":1,"ei":7}},{"type":"Feature","geometry":{"type":"Point","coordinates":[10.23089,55.992231]},"properties":{"lines":"1004","color":"#0059a9","mode":"bus","arr":["1004"],"angle":-3.5,"extra":1,"ei":8}},{"type":"Feature","geometry":{"type":"Point","coordinates":[10.227521,55.992114]},"properties":{"lines":"1004","color":"#0059a9","mode":"bus","arr":["1004"],"angle":-3.5,"extra":1,"ei":9}},{"type":"Feature","geometry":{"type":"Point","coordinates":[10.224152,55.991999]},"properties":{"lines":"1004","color":"#0059a9","mode":"bus","arr":["1004"],"angle":-2.9,"extra":1,"ei":10}},{"type":"Feature","geometry":{"type":"Point","coordinates":[10.220928,55.991817]},"properties":{"lines":"1004","color":"#0059a9","mode":"bus","arr":["1004"],"angle":12.7,"extra":1,"ei":11}},{"type":"Feature","geometry":{"type":"Point","coordinates":[10.217625,55.991793]},"properties":{"lines":"1004","color":"#0059a9","mode":"bus","arr":["1004"],"angle":13.3,"extra":1,"ei":12}},{"type":"Feature","geometry":{"type":"Point","coordinates":[10.214347,55.992243]},"properties":{"lines":"1004","color":"#0059a9","mode":"bus","arr":["1004"],"angle":13.8,"extra":1,"ei":13}},{"type":"Feature","geometry":{"type":"Point","coordinates":[10.20771,55.992889]},"properties":{"lines":"1004","color":"#0059a9","mode":"bus","arr":["1004"],"angle":6.9,"extra":1,"ei":14}},{"type":"Feature","geometry":{"type":"Point","coordinates":[10.204347,55.992974]},"properties":{"lines":"1004","color":"#0059a9","mode":"bus","arr":["1004"],"angle":3.4,"extra":1,"ei":15}},{"type":"Feature","geometry":{"type":"Point","coordinates":[10.200975,55.99306]},"properties":{"lines":"1004","color":"#0059a9","mode":"bus","arr":["1004"],"angle":1.4,"extra":1,"ei":16}},{"type":"Feature","geometry":{"type":"Point","coordinates":[10.19761,55.992986]},"properties":{"lines":"1004","color":"#0059a9","mode":"bus","arr":["1004"],"angle":-8.2,"extra":1,"ei":17}},{"type":"Feature","geometry":{"type":"Point","coordinates":[10.194267,55.993123]},"properties":{"lines":"1004","color":"#0059a9","mode":"bus","arr":["1004"],"angle":4.8,"extra":1,"ei":18}},{"type":"Feature","geometry":{"type":"Point","coordinates":[10.190893,55.993142]},"properties":{"lines":"1004","color":"#0059a9","mode":"bus","arr":["1004"],"angle":-5,"extra":1,"ei":19}},{"type":"Feature","geometry":{"type":"Point","coordinates":[10.18773,55.992523]},"properties":{"lines":"1004","color":"#0059a9","mode":"bus","arr":["1004"],"angle":-30.9,"extra":1,"ei":20}},{"type":"Feature","geometry":{"type":"Point","coordinates":[10.184926,55.991487]},"properties":{"lines":"1004","color":"#0059a9","mode":"bus","arr":["1004"],"angle":-20.2,"extra":1,"ei":21}},{"type":"Feature","geometry":{"type":"Point","coordinates":[10.181636,55.991075]},"properties":{"lines":"1004","color":"#0059a9","mode":"bus","arr":["1004"],"angle":-11.6,"extra":1,"ei":22}},{"type":"Feature","geometry":{"type":"Point","coordinates":[10.178408,55.99057]},"properties":{"lines":"1004","color":"#0059a9","mode":"bus","arr":["1004"],"angle":-31.2,"extra":1,"ei":23}},{"type":"Feature","geometry":{"type":"Point","coordinates":[10.176198,55.989174]},"properties":{"lines":"1004","color":"#0059a9","mode":"bus","arr":["1004"],"angle":-57.8,"extra":1,"ei":24}},{"type":"Feature","geometry":{"type":"Point","coordinates":[10.174394,55.987578]},"properties":{"lines":"1004","color":"#0059a9","mode":"bus","arr":["1004"],"angle":-56.8,"extra":1,"ei":25}},{"type":"Feature","geometry":{"type":"Point","coordinates":[10.172004,55.986308]},"properties":{"lines":"1004","color":"#0059a9","mode":"bus","arr":["1004"],"angle":-20.4,"extra":1,"ei":26}},{"type":"Feature","geometry":{"type":"Point","coordinates":[10.196409,55.995609]},"properties":{"lines":"1004","color":"#0059a9","mode":"bus","arr":["1004"],"angle":30.8}},{"type":"Feature","geometry":{"type":"Point","coordinates":[10.200295,55.994015]},"properties":{"lines":"1004","color":"#0059a9","mode":"bus","arr":["1004"],"angle":89.2,"extra":1,"ei":0}},{"type":"Feature","geometry":{"type":"Point","coordinates":[10.199145,55.995422]},"properties":{"lines":"1004","color":"#0059a9","mode":"bus","arr":["1004"],"angle":-2.3,"extra":1,"ei":1}},{"type":"Feature","geometry":{"type":"Point","coordinates":[10.192797,55.995739]},"properties":{"lines":"1004","color":"#0059a9","mode":"bus","arr":["1004"],"angle":-8.8,"extra":1,"ei":2}},{"type":"Feature","geometry":{"type":"Point","coordinates":[10.189595,55.995215]},"properties":{"lines":"1004","color":"#0059a9","mode":"bus","arr":["1004"],"angle":-29,"extra":1,"ei":3}},{"type":"Feature","geometry":{"type":"Point","coordinates":[10.189829,55.994087]},"properties":{"lines":"1004","color":"#0059a9","mode":"bus","arr":["1004"],"angle":69.4,"mi":1}},{"type":"Feature","geometry":{"type":"Point","coordinates":[10.242088,55.914362]},"properties":{"lines":"1008","color":"#0059a9","mode":"bus","arr":["1008"],"angle":1.8,"mi":1}},{"type":"Feature","geometry":{"type":"Point","coordinates":[10.248164,55.91369]},"properties":{"lines":"1008","color":"#0059a9","mode":"bus","arr":["1008"],"angle":12.1,"extra":1,"ei":0}},{"type":"Feature","geometry":{"type":"Point","coordinates":[10.244869,55.9141]},"properties":{"lines":"1008","color":"#0059a9","mode":"bus","arr":["1008"],"angle":11.7,"extra":1,"ei":1}},{"type":"Feature","geometry":{"type":"Point","coordinates":[10.238164,55.914373]},"properties":{"lines":"1008","color":"#0059a9","mode":"bus","arr":["1008"],"angle":1,"extra":1,"ei":2}},{"type":"Feature","geometry":{"type":"Point","coordinates":[10.234792,55.914444]},"properties":{"lines":"1008","color":"#0059a9","mode":"bus","arr":["1008"],"angle":5.1,"extra":1,"ei":3}},{"type":"Feature","geometry":{"type":"Point","coordinates":[10.226225,55.908565]},"properties":{"lines":"1008","color":"#0059a9","mode":"bus","arr":["1008"],"angle":-61,"mi":2}},{"type":"Feature","geometry":{"type":"Point","coordinates":[10.234591,55.913599]},"properties":{"lines":"1008","color":"#0059a9","mode":"bus","arr":["1008"],"angle":83.6,"extra":1,"ei":0}},{"type":"Feature","geometry":{"type":"Point","coordinates":[10.232404,55.912548]},"properties":{"lines":"1008","color":"#0059a9","mode":"bus","arr":["1008"],"angle":-52,"extra":1,"ei":1}},{"type":"Feature","geometry":{"type":"Point","coordinates":[10.230326,55.91106]},"properties":{"lines":"1008","color":"#0059a9","mode":"bus","arr":["1008"],"angle":-52,"extra":1,"ei":2}},{"type":"Feature","geometry":{"type":"Point","coordinates":[10.228036,55.909688]},"properties":{"lines":"1008","color":"#0059a9","mode":"bus","arr":["1008"],"angle":-37.4,"extra":1,"ei":3}},{"type":"Feature","geometry":{"type":"Point","coordinates":[10.223919,55.906758]},"properties":{"lines":"1008","color":"#0059a9","mode":"bus","arr":["1008"],"angle":-47.2,"extra":1,"ei":4}},{"type":"Feature","geometry":{"type":"Point","coordinates":[10.221074,55.906099]},"properties":{"lines":"1008","color":"#0059a9","mode":"bus","arr":["1008"],"angle":4.7,"extra":1,"ei":5}},{"type":"Feature","geometry":{"type":"Point","coordinates":[10.217711,55.906258]},"properties":{"lines":"1008","color":"#0059a9","mode":"bus","arr":["1008"],"angle":4.8,"extra":1,"ei":6}},{"type":"Feature","geometry":{"type":"Point","coordinates":[10.214348,55.906417]},"properties":{"lines":"1008","color":"#0059a9","mode":"bus","arr":["1008"],"angle":2.5,"extra":1,"ei":7}},{"type":"Feature","geometry":{"type":"Point","coordinates":[10.211411,55.909782]},"properties":{"lines":"1008","color":"#0059a9","mode":"bus","arr":["1008"],"angle":-87.7}},{"type":"Feature","geometry":{"type":"Point","coordinates":[10.212233,55.906502]},"properties":{"lines":"1008","color":"#0059a9","mode":"bus","arr":["1008"],"angle":7.4,"extra":1,"ei":0}},{"type":"Feature","geometry":{"type":"Point","coordinates":[10.211292,55.908113]},"properties":{"lines":"1008","color":"#0059a9","mode":"bus","arr":["1008"],"angle":-87.7,"extra":1,"ei":1}},{"type":"Feature","geometry":{"type":"Point","coordinates":[10.211562,55.911887]},"properties":{"lines":"1008","color":"#0059a9","mode":"bus","arr":["1008"],"angle":-87.7,"extra":1,"ei":2}},{"type":"Feature","geometry":{"type":"Point","coordinates":[10.211721,55.913773]},"properties":{"lines":"1008","color":"#0059a9","mode":"bus","arr":["1008"],"angle":-88.2,"extra":1,"ei":3}},{"type":"Feature","geometry":{"type":"Point","coordinates":[10.199629,55.91398]},"properties":{"lines":"1008","color":"#0059a9","mode":"bus","arr":["1008"],"angle":-1.9,"mi":1}},{"type":"Feature","geometry":{"type":"Point","coordinates":[10.210018,55.914239]},"properties":{"lines":"1008","color":"#0059a9","mode":"bus","arr":["1008"],"angle":-2.5,"extra":1,"ei":0}},{"type":"Feature","geometry":{"type":"Point","coordinates":[10.206646,55.914157]},"properties":{"lines":"1008","color":"#0059a9","mode":"bus","arr":["1008"],"angle":-2.5,"extra":1,"ei":1}},{"type":"Feature","geometry":{"type":"Point","coordinates":[10.203274,55.914076]},"properties":{"lines":"1008","color":"#0059a9","mode":"bus","arr":["1008"],"angle":-2.5,"extra":1,"ei":2}},{"type":"Feature","geometry":{"type":"Point","coordinates":[10.196547,55.914148]},"properties":{"lines":"1008","color":"#0059a9","mode":"bus","arr":["1008"],"angle":7.5,"extra":1,"ei":3}},{"type":"Feature","geometry":{"type":"Point","coordinates":[10.193196,55.914376]},"properties":{"lines":"1008","color":"#0059a9","mode":"bus","arr":["1008"],"angle":6.9,"extra":1,"ei":4}},{"type":"Feature","geometry":{"type":"Point","coordinates":[10.189846,55.914603]},"properties":{"lines":"1008","color":"#0059a9","mode":"bus","arr":["1008"],"angle":6.9,"extra":1,"ei":5}},{"type":"Feature","geometry":{"type":"Point","coordinates":[10.186757,55.921849]},"properties":{"lines":"1008","color":"#0059a9","mode":"bus","arr":["1008"],"angle":84.1}},{"type":"Feature","geometry":{"type":"Point","coordinates":[10.187905,55.915751]},"properties":{"lines":"1008","color":"#0059a9","mode":"bus","arr":["1008"],"angle":83.8,"extra":1,"ei":0}},{"type":"Feature","geometry":{"type":"Point","coordinates":[10.187542,55.917629]},"properties":{"lines":"1008","color":"#0059a9","mode":"bus","arr":["1008"],"angle":83.8,"extra":1,"ei":1}},{"type":"Feature","geometry":{"type":"Point","coordinates":[10.187187,55.919507]},"properties":{"lines":"1008","color":"#0059a9","mode":"bus","arr":["1008"],"angle":84.1,"extra":1,"ei":2}},{"type":"Feature","geometry":{"type":"Point","coordinates":[10.186641,55.923265]},"properties":{"lines":"1008","color":"#0059a9","mode":"bus","arr":["1008"],"angle":-82.6,"extra":1,"ei":3}},{"type":"Feature","geometry":{"type":"Point","coordinates":[10.187137,55.925131]},"properties":{"lines":"1008","color":"#0059a9","mode":"bus","arr":["1008"],"angle":-77.7,"extra":1,"ei":4}},{"type":"Feature","geometry":{"type":"Point","coordinates":[10.187324,55.926971]},"properties":{"lines":"1008","color":"#0059a9","mode":"bus","arr":["1008"],"angle":-62.2,"extra":1,"ei":5}},{"type":"Feature","geometry":{"type":"Point","coordinates":[10.204811,55.927027]},"properties":{"lines":"1008","color":"#0059a9","mode":"bus","arr":["1008"],"angle":3.9}},{"type":"Feature","geometry":{"type":"Point","coordinates":[10.190296,55.928877]},"properties":{"lines":"1008","color":"#0059a9","mode":"bus","arr":["1008"],"angle":-11.8,"extra":1,"ei":0}},{"type":"Feature","geometry":{"type":"Point","coordinates":[10.193632,55.928982]},"properties":{"lines":"1008","color":"#0059a9","mode":"bus","arr":["1008"],"angle":8.5,"extra":1,"ei":1}},{"type":"Feature","geometry":{"type":"Point","coordinates":[10.196793,55.928397]},"properties":{"lines":"1008","color":"#0059a9","mode":"bus","arr":["1008"],"angle":32,"extra":1,"ei":2}},{"type":"Feature","geometry":{"type":"Point","coordinates":[10.199656,55.927397]},"properties":{"lines":"1008","color":"#0059a9","mode":"bus","arr":["1008"],"angle":31.7,"extra":1,"ei":3}},{"type":"Feature","geometry":{"type":"Point","coordinates":[10.209642,55.926727]},"properties":{"lines":"1008","color":"#0059a9","mode":"bus","arr":["1008"],"angle":5.2,"extra":1,"ei":4}},{"type":"Feature","geometry":{"type":"Point","coordinates":[10.212969,55.92645]},"properties":{"lines":"1008","color":"#0059a9","mode":"bus","arr":["1008"],"angle":-1.3,"extra":1,"ei":5}},{"type":"Feature","geometry":{"type":"Point","coordinates":[10.216311,55.926702]},"properties":{"lines":"1008","color":"#0059a9","mode":"bus","arr":["1008"],"angle":-31.9,"extra":1,"ei":6}},{"type":"Feature","geometry":{"type":"Point","coordinates":[10.216728,55.928522]},"properties":{"lines":"1008","color":"#0059a9","mode":"bus","arr":["1008"],"angle":-85.2,"extra":1,"ei":7}},{"type":"Feature","geometry":{"type":"Point","coordinates":[10.212832,55.93553]},"properties":{"lines":"1008","color":"#0059a9","mode":"bus","arr":["1008"],"angle":78.8,"mi":1}},{"type":"Feature","geometry":{"type":"Point","coordinates":[10.215823,55.93027]},"properties":{"lines":"1008","color":"#0059a9","mode":"bus","arr":["1008"],"angle":41.2,"extra":1,"ei":0}},{"type":"Feature","geometry":{"type":"Point","coordinates":[10.214136,55.931861]},"properties":{"lines":"1008","color":"#0059a9","mode":"bus","arr":["1008"],"angle":77.1,"extra":1,"ei":1}},{"type":"Feature","geometry":{"type":"Point","coordinates":[10.213478,55.933713]},"properties":{"lines":"1008","color":"#0059a9","mode":"bus","arr":["1008"],"angle":78.8,"extra":1,"ei":2}},{"type":"Feature","geometry":{"type":"Point","coordinates":[10.211053,55.936676]},"properties":{"lines":"1008","color":"#0059a9","mode":"bus","arr":["1008"],"angle":-5.1,"extra":1,"ei":3}},{"type":"Feature","geometry":{"type":"Point","coordinates":[10.209773,55.938137]},"properties":{"lines":"1008","color":"#0059a9","mode":"bus","arr":["1008"],"angle":78.9,"extra":1,"ei":4}},{"type":"Feature","geometry":{"type":"Point","coordinates":[10.209126,55.939991]},"properties":{"lines":"1008","color":"#0059a9","mode":"bus","arr":["1008"],"angle":78.9,"extra":1,"ei":5}},{"type":"Feature","geometry":{"type":"Point","coordinates":[10.210081,55.940998]},"properties":{"lines":"1008","color":"#0059a9","mode":"bus","arr":["1008"],"angle":1.3}},{"type":"Feature","geometry":{"type":"Point","coordinates":[10.117006,56.226557]},"properties":{"lines":"200","color":"#0059a9","mode":"bus","arr":["200"],"angle":-69.2,"mi":1}},{"type":"Feature","geometry":{"type":"Point","coordinates":[10.213499,56.153013]},"properties":{"lines":"L1, L2","color":"#d6212b","mode":"tram","arr":["L1","L2"],"angle":87.7}},{"type":"Feature","geometry":{"type":"Point","coordinates":[10.204901,56.150163]},"properties":{"lines":"L1, L2","color":"#d6212b","mode":"tram","arr":["L1","L2"],"angle":-16,"extra":1,"ei":0,"side":-1}},{"type":"Feature","geometry":{"type":"Point","coordinates":[10.208151,56.150672]},"properties":{"lines":"L1, L2","color":"#d6212b","mode":"tram","arr":["L1","L2"],"angle":-15.5,"extra":1,"ei":1,"side":-1}},{"type":"Feature","geometry":{"type":"Point","coordinates":[10.211384,56.151208]},"properties":{"lines":"L1, L2","color":"#d6212b","mode":"tram","arr":["L1","L2"],"angle":-24.5,"extra":1,"ei":2,"side":-1}},{"type":"Feature","geometry":{"type":"Point","coordinates":[10.212858,56.154443]},"properties":{"lines":"L1, L2","color":"#d6212b","mode":"tram","arr":["L1","L2"],"angle":74.2,"extra":1,"ei":3}},{"type":"Feature","geometry":{"type":"Point","coordinates":[10.212803,56.15631]},"properties":{"lines":"L1, L2","color":"#d6212b","mode":"tram","arr":["L1","L2"],"angle":-80,"extra":1,"ei":4,"side":-1}},{"type":"Feature","geometry":{"type":"Point","coordinates":[10.213617,56.158142]},"properties":{"lines":"L1, L2","color":"#d6212b","mode":"tram","arr":["L1","L2"],"angle":-74.7,"extra":1,"ei":5,"side":-1}},{"type":"Feature","geometry":{"type":"Point","coordinates":[10.212942,56.156829]},"properties":{"lines":"L1, L2","color":"#d6212b","mode":"tram","arr":["L1","L2","12","15","123","925X"],"busLines":"12, 15, 123, 925X","angle":-75.9,"side":-1}},{"type":"Feature","geometry":{"type":"Point","coordinates":[10.213946,56.158901]},"properties":{"lines":"L1, L2","color":"#d6212b","mode":"tram","arr":["L1","L2","12","15","123","925X"],"busLines":"12, 15, 123, 925X","angle":-72.8,"extra":1,"ei":0,"side":-1}},{"type":"Feature","geometry":{"type":"Point","coordinates":[10.212543,56.155218]},"properties":{"lines":"L1, L2","color":"#d6212b","mode":"tram","arr":["L1","L2","12","15","123","925X"],"busLines":"12, 15, 123, 925X","angle":-89.3,"extra":1,"ei":1,"side":-1}},{"type":"Feature","geometry":{"type":"Point","coordinates":[10.217994,56.164671]},"properties":{"lines":"L1","color":"#d6212b","mode":"tram","arr":["L1"],"angle":-36.3}},{"type":"Feature","geometry":{"type":"Point","coordinates":[10.498852,56.380275]},"properties":{"lines":"L1","color":"#d6212b","mode":"tram","arr":["L1"],"angle":12.6}},{"type":"Feature","geometry":{"type":"Point","coordinates":[10.205388,56.150332]},"properties":{"lines":"L1","color":"#d6212b","mode":"tram","arr":["L1"],"angle":-14.8}},{"type":"Feature","geometry":{"type":"Point","coordinates":[10.234315,56.230687]},"properties":{"lines":"L1","color":"#d6212b","mode":"tram","arr":["L1"],"angle":-22.6,"side":-1}},{"type":"Feature","geometry":{"type":"Point","coordinates":[10.215035,56.16073]},"properties":{"lines":"L1","color":"#d6212b","mode":"tram","arr":["L1"],"angle":-72.5,"extra":1,"ei":0}},{"type":"Feature","geometry":{"type":"Point","coordinates":[10.216172,56.162506]},"properties":{"lines":"L1","color":"#d6212b","mode":"tram","arr":["L1"],"angle":-72.4,"extra":1,"ei":1}},{"type":"Feature","geometry":{"type":"Point","coordinates":[10.501346,56.379963]},"properties":{"lines":"L1","color":"#d6212b","mode":"tram","arr":["L1"],"angle":14,"extra":1,"ei":0,"side":-1}},{"type":"Feature","geometry":{"type":"Point","coordinates":[10.494737,56.380725]},"properties":{"lines":"L1","color":"#d6212b","mode":"tram","arr":["L1"],"angle":8.3,"extra":1,"ei":1}},{"type":"Feature","geometry":{"type":"Point","coordinates":[10.621946,56.365894]},"properties":{"lines":"L1","color":"#d6212b","mode":"tram","arr":["L1"],"angle":17.5}},{"type":"Feature","geometry":{"type":"Point","coordinates":[10.310443,56.26836]},"properties":{"lines":"L1","color":"#d6212b","mode":"tram","arr":["L1"],"angle":-60.1}},{"type":"Feature","geometry":{"type":"Point","coordinates":[10.206835,56.220494]},"properties":{"lines":"L1","color":"#d6212b","mode":"tram","arr":["L1"],"angle":-82.9}},{"type":"Feature","geometry":{"type":"Point","coordinates":[10.232733,56.178587]},"properties":{"lines":"L1","color":"#d6212b","mode":"tram","arr":["L1"],"angle":-59.3}},{"type":"Feature","geometry":{"type":"Point","coordinates":[10.3243,56.334538]},"properties":{"lines":"L1","color":"#d6212b","mode":"tram","arr":["L1"],"angle":-66.8}},{"type":"Feature","geometry":{"type":"Point","coordinates":[10.226835,56.207614]},"properties":{"lines":"L1","color":"#d6212b","mode":"tram","arr":["L1"],"angle":66}},{"type":"Feature","geometry":{"type":"Point","coordinates":[10.23493,56.197326]},"properties":{"lines":"L1","color":"#d6212b","mode":"tram","arr":["L1"],"angle":66}},{"type":"Feature","geometry":{"type":"Point","coordinates":[10.314784,56.322004]},"properties":{"lines":"L1","color":"#d6212b","mode":"tram","arr":["L1"],"angle":-67.9}},{"type":"Feature","geometry":{"type":"Point","coordinates":[10.877671,56.411893]},"properties":{"lines":"L1","color":"#d6212b","mode":"tram","arr":["L1"],"angle":-34.2}},{"type":"Feature","geometry":{"type":"Point","coordinates":[10.218825,56.165519]},"properties":{"lines":"L1","color":"#d6212b","mode":"tram","arr":["L1"],"angle":-61.3,"extra":1,"ei":0}},{"type":"Feature","geometry":{"type":"Point","coordinates":[10.220404,56.167188]},"properties":{"lines":"L1","color":"#d6212b","mode":"tram","arr":["L1"],"angle":-63.7,"extra":1,"ei":1}},{"type":"Feature","geometry":{"type":"Point","coordinates":[10.2219,56.168881]},"properties":{"lines":"L1","color":"#d6212b","mode":"tram","arr":["L1"],"angle":-63.3,"extra":1,"ei":2}},{"type":"Feature","geometry":{"type":"Point","coordinates":[10.223546,56.170529]},"properties":{"lines":"L1","color":"#d6212b","mode":"tram","arr":["L1"],"angle":-58.3,"extra":1,"ei":3}},{"type":"Feature","geometry":{"type":"Point","coordinates":[10.225442,56.172091]},"properties":{"lines":"L1","color":"#d6212b","mode":"tram","arr":["L1"],"angle":-54.4,"extra":1,"ei":4}},{"type":"Feature","geometry":{"type":"Point","coordinates":[10.227405,56.173627]},"properties":{"lines":"L1","color":"#d6212b","mode":"tram","arr":["L1"],"angle":-55.6,"extra":1,"ei":5}},{"type":"Feature","geometry":{"type":"Point","coordinates":[10.229176,56.175234]},"properties":{"lines":"L1","color":"#d6212b","mode":"tram","arr":["L1"],"angle":-59.3,"extra":1,"ei":6}},{"type":"Feature","geometry":{"type":"Point","coordinates":[10.230899,56.176858]},"properties":{"lines":"L1","color":"#d6212b","mode":"tram","arr":["L1"],"angle":-59.3,"extra":1,"ei":7}},{"type":"Feature","geometry":{"type":"Point","coordinates":[10.23428,56.180126]},"properties":{"lines":"L1","color":"#d6212b","mode":"tram","arr":["L1"],"angle":-64.4,"extra":1,"ei":8}},{"type":"Feature","geometry":{"type":"Point","coordinates":[10.235505,56.181885]},"properties":{"lines":"L1","color":"#d6212b","mode":"tram","arr":["L1"],"angle":-70.6,"extra":1,"ei":9}},{"type":"Feature","geometry":{"type":"Point","coordinates":[10.23664,56.183664]},"properties":{"lines":"L1","color":"#d6212b","mode":"tram","arr":["L1"],"angle":-70.3,"extra":1,"ei":10}},{"type":"Feature","geometry":{"type":"Point","coordinates":[10.237777,56.185442]},"properties":{"lines":"L1","color":"#d6212b","mode":"tram","arr":["L1"],"angle":-70.5,"extra":1,"ei":11}},{"type":"Feature","geometry":{"type":"Point","coordinates":[10.238726,56.187251]},"properties":{"lines":"L1","color":"#d6212b","mode":"tram","arr":["L1"],"angle":-79.8,"extra":1,"ei":12}},{"type":"Feature","geometry":{"type":"Point","coordinates":[10.238969,56.189131]},"properties":{"lines":"L1","color":"#d6212b","mode":"tram","arr":["L1"],"angle":87.7,"extra":1,"ei":13}},{"type":"Feature","geometry":{"type":"Point","coordinates":[10.238597,56.191007]},"properties":{"lines":"L1","color":"#d6212b","mode":"tram","arr":["L1"],"angle":82.6,"extra":1,"ei":14}},{"type":"Feature","geometry":{"type":"Point","coordinates":[10.238015,56.192866]},"properties":{"lines":"L1","color":"#d6212b","mode":"tram","arr":["L1"],"angle":76,"extra":1,"ei":15}},{"type":"Feature","geometry":{"type":"Point","coordinates":[10.227614,56.229259]},"properties":{"lines":"L1","color":"#d6212b","mode":"tram","arr":["L1"],"angle":-22.6,"extra":1,"ei":0,"side":-1}},{"type":"Feature","geometry":{"type":"Point","coordinates":[10.224499,56.228532]},"properties":{"lines":"L1","color":"#d6212b","mode":"tram","arr":["L1"],"angle":-22.5,"extra":1,"ei":1,"side":-1}},{"type":"Feature","geometry":{"type":"Point","coordinates":[10.221383,56.227806]},"properties":{"lines":"L1","color":"#d6212b","mode":"tram","arr":["L1"],"angle":-22.6,"extra":1,"ei":2,"side":-1}},{"type":"Feature","geometry":{"type":"Point","coordinates":[10.218267,56.22708]},"properties":{"lines":"L1","color":"#d6212b","mode":"tram","arr":["L1"],"angle":-22.7,"extra":1,"ei":3,"side":-1}},{"type":"Feature","geometry":{"type":"Point","coordinates":[10.215153,56.226352]},"properties":{"lines":"L1","color":"#d6212b","mode":"tram","arr":["L1"],"angle":-22.6,"extra":1,"ei":4}},{"type":"Feature","geometry":{"type":"Point","coordinates":[10.212176,56.225471]},"properties":{"lines":"L1","color":"#d6212b","mode":"tram","arr":["L1"],"angle":-35.1,"extra":1,"ei":5}},{"type":"Feature","geometry":{"type":"Point","coordinates":[10.209706,56.224192]},"properties":{"lines":"L1","color":"#d6212b","mode":"tram","arr":["L1"],"angle":-50.2,"extra":1,"ei":6}},{"type":"Feature","geometry":{"type":"Point","coordinates":[10.207913,56.222599]},"properties":{"lines":"L1","color":"#d6212b","mode":"tram","arr":["L1"],"angle":-65.3,"extra":1,"ei":7}},{"type":"Feature","geometry":{"type":"Point","coordinates":[10.206793,56.218918]},"properties":{"lines":"L1","color":"#d6212b","mode":"tram","arr":["L1"],"angle":84.5,"extra":1,"ei":8}},{"type":"Feature","geometry":{"type":"Point","coordinates":[10.20757,56.217086]},"properties":{"lines":"L1","color":"#d6212b","mode":"tram","arr":["L1"],"angle":69,"extra":1,"ei":9}},{"type":"Feature","geometry":{"type":"Point","coordinates":[10.209187,56.215435]},"properties":{"lines":"L1","color":"#d6212b","mode":"tram","arr":["L1"],"angle":53.8,"extra":1,"ei":10}},{"type":"Feature","geometry":{"type":"Point","coordinates":[10.211517,56.214076]},"properties":{"lines":"L1","color":"#d6212b","mode":"tram","arr":["L1"],"angle":38.6,"extra":1,"ei":11}},{"type":"Feature","geometry":{"type":"Point","coordinates":[10.214402,56.213105]},"properties":{"lines":"L1","color":"#d6212b","mode":"tram","arr":["L1"],"angle":23.6,"extra":1,"ei":12}},{"type":"Feature","geometry":{"type":"Point","coordinates":[10.217619,56.212545]},"properties":{"lines":"L1","color":"#d6212b","mode":"tram","arr":["L1"],"angle":15.2,"extra":1,"ei":13}},{"type":"Feature","geometry":{"type":"Point","coordinates":[10.220731,56.211828]},"properties":{"lines":"L1","color":"#d6212b","mode":"tram","arr":["L1"],"angle":30,"extra":1,"ei":14}},{"type":"Feature","geometry":{"type":"Point","coordinates":[10.223398,56.21068]},"properties":{"lines":"L1","color":"#d6212b","mode":"tram","arr":["L1"],"angle":45.3,"extra":1,"ei":15}},{"type":"Feature","geometry":{"type":"Point","coordinates":[10.33722,56.343609]},"properties":{"lines":"L1","color":"#d6212b","mode":"tram","arr":["L1"],"angle":-44.6,"extra":1,"ei":0}},{"type":"Feature","geometry":{"type":"Point","coordinates":[10.334861,56.342258]},"properties":{"lines":"L1","color":"#d6212b","mode":"tram","arr":["L1"],"angle":-45.7,"extra":1,"ei":1}},{"type":"Feature","geometry":{"type":"Point","coordinates":[10.332506,56.340905]},"properties":{"lines":"L1","color":"#d6212b","mode":"tram","arr":["L1"],"angle":-45.7,"extra":1,"ei":2}},{"type":"Feature","geometry":{"type":"Point","coordinates":[10.33015,56.339553]},"properties":{"lines":"L1","color":"#d6212b","mode":"tram","arr":["L1"],"angle":-45.7,"extra":1,"ei":3}},{"type":"Feature","geometry":{"type":"Point","coordinates":[10.327866,56.338163]},"properties":{"lines":"L1","color":"#d6212b","mode":"tram","arr":["L1"],"angle":-51.3,"extra":1,"ei":4}},{"type":"Feature","geometry":{"type":"Point","coordinates":[10.325987,56.336598]},"properties":{"lines":"L1","color":"#d6212b","mode":"tram","arr":["L1"],"angle":-61,"extra":1,"ei":5}},{"type":"Feature","geometry":{"type":"Point","coordinates":[10.323236,56.33315]},"properties":{"lines":"L1","color":"#d6212b","mode":"tram","arr":["L1"],"angle":-66.8,"extra":1,"ei":6}},{"type":"Feature","geometry":{"type":"Point","coordinates":[10.321907,56.331414]},"properties":{"lines":"L1","color":"#d6212b","mode":"tram","arr":["L1"],"angle":-66.8,"extra":1,"ei":7}},{"type":"Feature","geometry":{"type":"Point","coordinates":[10.320577,56.329678]},"properties":{"lines":"L1","color":"#d6212b","mode":"tram","arr":["L1"],"angle":-66.8,"extra":1,"ei":8}},{"type":"Feature","geometry":{"type":"Point","coordinates":[10.319247,56.327942]},"properties":{"lines":"L1","color":"#d6212b","mode":"tram","arr":["L1"],"angle":-66.8,"extra":1,"ei":9}},{"type":"Feature","geometry":{"type":"Point","coordinates":[10.317917,56.326206]},"properties":{"lines":"L1","color":"#d6212b","mode":"tram","arr":["L1"],"angle":-66.8,"extra":1,"ei":10}},{"type":"Feature","geometry":{"type":"Point","coordinates":[10.316587,56.324471]},"properties":{"lines":"L1","color":"#d6212b","mode":"tram","arr":["L1"],"angle":-66.8,"extra":1,"ei":11}},{"type":"Feature","geometry":{"type":"Point","coordinates":[10.340208,56.344792]},"properties":{"lines":"L1","color":"#d6212b","mode":"tram","arr":["L1"],"angle":-24.9,"extra":1,"ei":0}},{"type":"Feature","geometry":{"type":"Point","coordinates":[10.343445,56.345296]},"properties":{"lines":"L1","color":"#d6212b","mode":"tram","arr":["L1"],"angle":-5.9,"extra":1,"ei":1}},{"type":"Feature","geometry":{"type":"Point","coordinates":[10.346797,56.345172]},"properties":{"lines":"L1","color":"#d6212b","mode":"tram","arr":["L1"],"angle":13.3,"extra":1,"ei":2}},{"type":"Feature","geometry":{"type":"Point","coordinates":[10.349902,56.344454]},"properties":{"lines":"L1","color":"#d6212b","mode":"tram","arr":["L1"],"angle":31.7,"extra":1,"ei":3}},{"type":"Feature","geometry":{"type":"Point","coordinates":[10.352429,56.343214]},"properties":{"lines":"L1","color":"#d6212b","mode":"tram","arr":["L1"],"angle":49.1,"extra":1,"ei":4}},{"type":"Feature","geometry":{"type":"Point","coordinates":[10.354611,56.341773]},"properties":{"lines":"L1","color":"#d6212b","mode":"tram","arr":["L1"],"angle":49.7,"extra":1,"ei":5}},{"type":"Feature","geometry":{"type":"Point","coordinates":[10.356793,56.340332]},"properties":{"lines":"L1","color":"#d6212b","mode":"tram","arr":["L1"],"angle":49.7,"extra":1,"ei":6}},{"type":"Feature","geometry":{"type":"Point","coordinates":[10.359007,56.338908]},"properties":{"lines":"L1","color":"#d6212b","mode":"tram","arr":["L1"],"angle":44.8,"extra":1,"ei":7}},{"type":"Feature","geometry":{"type":"Point","coordinates":[10.361755,56.337826]},"properties":{"lines":"L1","color":"#d6212b","mode":"tram","arr":["L1"],"angle":25.7,"extra":1,"ei":8}},{"type":"Feature","geometry":{"type":"Point","coordinates":[10.364982,56.337302]},"properties":{"lines":"L1","color":"#d6212b","mode":"tram","arr":["L1"],"angle":6.7,"extra":1,"ei":9}},{"type":"Feature","geometry":{"type":"Point","coordinates":[10.368338,56.337388]},"properties":{"lines":"L1","color":"#d6212b","mode":"tram","arr":["L1"],"angle":-12.2,"extra":1,"ei":10}},{"type":"Feature","geometry":{"type":"Point","coordinates":[10.371478,56.338064]},"properties":{"lines":"L1","color":"#d6212b","mode":"tram","arr":["L1"],"angle":-26.4,"extra":1,"ei":11}},{"type":"Feature","geometry":{"type":"Point","coordinates":[10.374488,56.338918]},"properties":{"lines":"L1","color":"#d6212b","mode":"tram","arr":["L1"],"angle":-27.6,"extra":1,"ei":12}},{"type":"Feature","geometry":{"type":"Point","coordinates":[10.377499,56.339772]},"properties":{"lines":"L1","color":"#d6212b","mode":"tram","arr":["L1"],"angle":-25.7,"extra":1,"ei":13}},{"type":"Feature","geometry":{"type":"Point","coordinates":[10.38053,56.340602]},"properties":{"lines":"L1","color":"#d6212b","mode":"tram","arr":["L1"],"angle":-26.8,"extra":1,"ei":14}},{"type":"Feature","geometry":{"type":"Point","coordinates":[10.38355,56.341446]},"properties":{"lines":"L1","color":"#d6212b","mode":"tram","arr":["L1"],"angle":-26.5,"extra":1,"ei":15}},{"type":"Feature","geometry":{"type":"Point","coordinates":[10.38657,56.34229]},"properties":{"lines":"L1","color":"#d6212b","mode":"tram","arr":["L1"],"angle":-26.6,"extra":1,"ei":16}},{"type":"Feature","geometry":{"type":"Point","coordinates":[10.389588,56.343135]},"properties":{"lines":"L1","color":"#d6212b","mode":"tram","arr":["L1"],"angle":-26.6,"extra":1,"ei":17}},{"type":"Feature","geometry":{"type":"Point","coordinates":[10.392606,56.34398]},"properties":{"lines":"L1","color":"#d6212b","mode":"tram","arr":["L1"],"angle":-26.6,"extra":1,"ei":18}},{"type":"Feature","geometry":{"type":"Point","coordinates":[10.395624,56.344825]},"properties":{"lines":"L1","color":"#d6212b","mode":"tram","arr":["L1"],"angle":-26.6,"extra":1,"ei":19}},{"type":"Feature","geometry":{"type":"Point","coordinates":[10.398643,56.345671]},"properties":{"lines":"L1","color":"#d6212b","mode":"tram","arr":["L1"],"angle":-26.8,"extra":1,"ei":20}},{"type":"Feature","geometry":{"type":"Point","coordinates":[10.40157,56.346609]},"properties":{"lines":"L1","color":"#d6212b","mode":"tram","arr":["L1"],"angle":-31.4,"extra":1,"ei":21}},{"type":"Feature","geometry":{"type":"Point","coordinates":[10.40445,56.347594]},"properties":{"lines":"L1","color":"#d6212b","mode":"tram","arr":["L1"],"angle":-31.4,"extra":1,"ei":22}},{"type":"Feature","geometry":{"type":"Point","coordinates":[10.407331,56.348578]},"properties":{"lines":"L1","color":"#d6212b","mode":"tram","arr":["L1"],"angle":-31.4,"extra":1,"ei":23}},{"type":"Feature","geometry":{"type":"Point","coordinates":[10.410211,56.349563]},"properties":{"lines":"L1","color":"#d6212b","mode":"tram","arr":["L1"],"angle":-31.4,"extra":1,"ei":24}},{"type":"Feature","geometry":{"type":"Point","coordinates":[10.413091,56.350548]},"properties":{"lines":"L1","color":"#d6212b","mode":"tram","arr":["L1"],"angle":-31.5,"extra":1,"ei":25}},{"type":"Feature","geometry":{"type":"Point","coordinates":[10.415971,56.351533]},"properties":{"lines":"L1","color":"#d6212b","mode":"tram","arr":["L1"],"angle":-31.5,"extra":1,"ei":26}},{"type":"Feature","geometry":{"type":"Point","coordinates":[10.41885,56.352519]},"properties":{"lines":"L1","color":"#d6212b","mode":"tram","arr":["L1"],"angle":-31.5,"extra":1,"ei":27}},{"type":"Feature","geometry":{"type":"Point","coordinates":[10.421729,56.353504]},"properties":{"lines":"L1","color":"#d6212b","mode":"tram","arr":["L1"],"angle":-31.5,"extra":1,"ei":28}},{"type":"Feature","geometry":{"type":"Point","coordinates":[10.424619,56.35448]},"properties":{"lines":"L1","color":"#d6212b","mode":"tram","arr":["L1"],"angle":-28.8,"extra":1,"ei":29}},{"type":"Feature","geometry":{"type":"Point","coordinates":[10.427707,56.355236]},"properties":{"lines":"L1","color":"#d6212b","mode":"tram","arr":["L1"],"angle":-19.1,"extra":1,"ei":30}},{"type":"Feature","geometry":{"type":"Point","coordinates":[10.430973,56.355703]},"properties":{"lines":"L1","color":"#d6212b","mode":"tram","arr":["L1"],"angle":-9.5,"extra":1,"ei":31}},{"type":"Feature","geometry":{"type":"Point","coordinates":[10.434332,56.355866]},"properties":{"lines":"L1","color":"#d6212b","mode":"tram","arr":["L1"],"angle":0,"extra":1,"ei":32}},{"type":"Feature","geometry":{"type":"Point","coordinates":[10.437694,56.355721]},"properties":{"lines":"L1","color":"#d6212b","mode":"tram","arr":["L1"],"angle":7.7,"extra":1,"ei":33}},{"type":"Feature","geometry":{"type":"Point","coordinates":[10.441038,56.355464]},"properties":{"lines":"L1","color":"#d6212b","mode":"tram","arr":["L1"],"angle":7.6,"extra":1,"ei":34}},{"type":"Feature","geometry":{"type":"Point","coordinates":[10.4444,56.35543]},"properties":{"lines":"L1","color":"#d6212b","mode":"tram","arr":["L1"],"angle":-8.1,"extra":1,"ei":35}},{"type":"Feature","geometry":{"type":"Point","coordinates":[10.447605,56.355995]},"properties":{"lines":"L1","color":"#d6212b","mode":"tram","arr":["L1"],"angle":-26.8,"extra":1,"ei":36}},{"type":"Feature","geometry":{"type":"Point","coordinates":[10.450309,56.357111]},"properties":{"lines":"L1","color":"#d6212b","mode":"tram","arr":["L1"],"angle":-46.1,"extra":1,"ei":37}},{"type":"Feature","geometry":{"type":"Point","coordinates":[10.45232,56.358624]},"properties":{"lines":"L1","color":"#d6212b","mode":"tram","arr":["L1"],"angle":-56.1,"extra":1,"ei":38}},{"type":"Feature","geometry":{"type":"Point","coordinates":[10.4542,56.360192]},"properties":{"lines":"L1","color":"#d6212b","mode":"tram","arr":["L1"],"angle":-56.1,"extra":1,"ei":39}},{"type":"Feature","geometry":{"type":"Point","coordinates":[10.456081,56.36176]},"properties":{"lines":"L1","color":"#d6212b","mode":"tram","arr":["L1"],"angle":-56.1,"extra":1,"ei":40}},{"type":"Feature","geometry":{"type":"Point","coordinates":[10.458123,56.36326]},"properties":{"lines":"L1","color":"#d6212b","mode":"tram","arr":["L1"],"angle":-46.7,"extra":1,"ei":41}},{"type":"Feature","geometry":{"type":"Point","coordinates":[10.46063,56.364523]},"properties":{"lines":"L1","color":"#d6212b","mode":"tram","arr":["L1"],"angle":-39.9,"extra":1,"ei":42}},{"type":"Feature","geometry":{"type":"Point","coordinates":[10.463221,56.365734]},"properties":{"lines":"L1","color":"#d6212b","mode":"tram","arr":["L1"],"angle":-40.1,"extra":1,"ei":43}},{"type":"Feature","geometry":{"type":"Point","coordinates":[10.465631,56.367052]},"properties":{"lines":"L1","color":"#d6212b","mode":"tram","arr":["L1"],"angle":-48.9,"extra":1,"ei":44}},{"type":"Feature","geometry":{"type":"Point","coordinates":[10.467832,56.368484]},"properties":{"lines":"L1","color":"#d6212b","mode":"tram","arr":["L1"],"angle":-49.3,"extra":1,"ei":45}},{"type":"Feature","geometry":{"type":"Point","coordinates":[10.470033,56.369916]},"properties":{"lines":"L1","color":"#d6212b","mode":"tram","arr":["L1"],"angle":-49.3,"extra":1,"ei":46}},{"type":"Feature","geometry":{"type":"Point","coordinates":[10.472235,56.371347]},"properties":{"lines":"L1","color":"#d6212b","mode":"tram","arr":["L1"],"angle":-49.3,"extra":1,"ei":47}},{"type":"Feature","geometry":{"type":"Point","coordinates":[10.474436,56.372779]},"properties":{"lines":"L1","color":"#d6212b","mode":"tram","arr":["L1"],"angle":-49.3,"extra":1,"ei":48}},{"type":"Feature","geometry":{"type":"Point","coordinates":[10.476638,56.37421]},"properties":{"lines":"L1","color":"#d6212b","mode":"tram","arr":["L1"],"angle":-49.3,"extra":1,"ei":49}},{"type":"Feature","geometry":{"type":"Point","coordinates":[10.47884,56.375641]},"properties":{"lines":"L1","color":"#d6212b","mode":"tram","arr":["L1"],"angle":-49.3,"extra":1,"ei":50}},{"type":"Feature","geometry":{"type":"Point","coordinates":[10.48104,56.377074]},"properties":{"lines":"L1","color":"#d6212b","mode":"tram","arr":["L1"],"angle":-49.3,"extra":1,"ei":51}},{"type":"Feature","geometry":{"type":"Point","coordinates":[10.483239,56.378507]},"properties":{"lines":"L1","color":"#d6212b","mode":"tram","arr":["L1"],"angle":-49.3,"extra":1,"ei":52}},{"type":"Feature","geometry":{"type":"Point","coordinates":[10.485637,56.379828]},"properties":{"lines":"L1","color":"#d6212b","mode":"tram","arr":["L1"],"angle":-36.2,"extra":1,"ei":53}},{"type":"Feature","geometry":{"type":"Point","coordinates":[10.488642,56.380669]},"properties":{"lines":"L1","color":"#d6212b","mode":"tram","arr":["L1"],"angle":-17.3,"extra":1,"ei":54}},{"type":"Feature","geometry":{"type":"Point","coordinates":[10.491971,56.380919]},"properties":{"lines":"L1","color":"#d6212b","mode":"tram","arr":["L1"],"angle":2.1,"extra":1,"ei":55}},{"type":"Feature","geometry":{"type":"Point","coordinates":[10.495309,56.380654]},"properties":{"lines":"L1","color":"#d6212b","mode":"tram","arr":["L1"],"angle":12.5,"extra":1,"ei":56}},{"type":"Feature","geometry":{"type":"Point","coordinates":[10.498604,56.380243]},"properties":{"lines":"L1","color":"#d6212b","mode":"tram","arr":["L1"],"angle":12.5,"extra":1,"ei":57,"side":-1}},{"type":"Feature","geometry":{"type":"Point","coordinates":[10.501898,56.379832]},"properties":{"lines":"L1","color":"#d6212b","mode":"tram","arr":["L1"],"angle":12.6,"extra":1,"ei":58,"side":-1}},{"type":"Feature","geometry":{"type":"Point","coordinates":[10.505149,56.379329]},"properties":{"lines":"L1","color":"#d6212b","mode":"tram","arr":["L1"],"angle":18.7,"extra":1,"ei":59}},{"type":"Feature","geometry":{"type":"Point","coordinates":[10.508245,56.37858]},"properties":{"lines":"L1","color":"#d6212b","mode":"tram","arr":["L1"],"angle":24.9,"extra":1,"ei":60}},{"type":"Feature","geometry":{"type":"Point","coordinates":[10.511307,56.377785]},"properties":{"lines":"L1","color":"#d6212b","mode":"tram","arr":["L1"],"angle":24.9,"extra":1,"ei":61}},{"type":"Feature","geometry":{"type":"Point","coordinates":[10.51437,56.376991]},"properties":{"lines":"L1","color":"#d6212b","mode":"tram","arr":["L1"],"angle":24.9,"extra":1,"ei":62}},{"type":"Feature","geometry":{"type":"Point","coordinates":[10.517432,56.376196]},"properties":{"lines":"L1","color":"#d6212b","mode":"tram","arr":["L1"],"angle":24.9,"extra":1,"ei":63}},{"type":"Feature","geometry":{"type":"Point","coordinates":[10.520563,56.375498]},"properties":{"lines":"L1","color":"#d6212b","mode":"tram","arr":["L1"],"angle":15.9,"extra":1,"ei":64}},{"type":"Feature","geometry":{"type":"Point","coordinates":[10.523881,56.375168]},"properties":{"lines":"L1","color":"#d6212b","mode":"tram","arr":["L1"],"angle":6.4,"extra":1,"ei":65}},{"type":"Feature","geometry":{"type":"Point","coordinates":[10.527237,56.374968]},"properties":{"lines":"L1","color":"#d6212b","mode":"tram","arr":["L1"],"angle":4.4,"extra":1,"ei":66}},{"type":"Feature","geometry":{"type":"Point","coordinates":[10.530609,56.374978]},"properties":{"lines":"L1","color":"#d6212b","mode":"tram","arr":["L1"],"angle":-3.5,"extra":1,"ei":67}},{"type":"Feature","geometry":{"type":"Point","coordinates":[10.533979,56.37509]},"properties":{"lines":"L1","color":"#d6212b","mode":"tram","arr":["L1"],"angle":-2.6,"extra":1,"ei":68}},{"type":"Feature","geometry":{"type":"Point","coordinates":[10.537353,56.375114]},"properties":{"lines":"L1","color":"#d6212b","mode":"tram","arr":["L1"],"angle":1.2,"extra":1,"ei":69}},{"type":"Feature","geometry":{"type":"Point","coordinates":[10.540726,56.375049]},"properties":{"lines":"L1","color":"#d6212b","mode":"tram","arr":["L1"],"angle":2.2,"extra":1,"ei":70}},{"type":"Feature","geometry":{"type":"Point","coordinates":[10.544099,56.374977]},"properties":{"lines":"L1","color":"#d6212b","mode":"tram","arr":["L1"],"angle":2.2,"extra":1,"ei":71}},{"type":"Feature","geometry":{"type":"Point","coordinates":[10.547472,56.374905]},"properties":{"lines":"L1","color":"#d6212b","mode":"tram","arr":["L1"],"angle":2.2,"extra":1,"ei":72}},{"type":"Feature","geometry":{"type":"Point","coordinates":[10.550845,56.374833]},"properties":{"lines":"L1","color":"#d6212b","mode":"tram","arr":["L1"],"angle":2.2,"extra":1,"ei":73}},{"type":"Feature","geometry":{"type":"Point","coordinates":[10.554218,56.374761]},"properties":{"lines":"L1","color":"#d6212b","mode":"tram","arr":["L1"],"angle":2.2,"extra":1,"ei":74}},{"type":"Feature","geometry":{"type":"Point","coordinates":[10.557586,56.374651]},"properties":{"lines":"L1","color":"#d6212b","mode":"tram","arr":["L1"],"angle":7.5,"extra":1,"ei":75}},{"type":"Feature","geometry":{"type":"Point","coordinates":[10.560854,56.374196]},"properties":{"lines":"L1","color":"#d6212b","mode":"tram","arr":["L1"],"angle":20.4,"extra":1,"ei":76}},{"type":"Feature","geometry":{"type":"Point","coordinates":[10.563912,56.373399]},"properties":{"lines":"L1","color":"#d6212b","mode":"tram","arr":["L1"],"angle":26.5,"extra":1,"ei":77}},{"type":"Feature","geometry":{"type":"Point","coordinates":[10.566933,56.372556]},"properties":{"lines":"L1","color":"#d6212b","mode":"tram","arr":["L1"],"angle":26.4,"extra":1,"ei":78}},{"type":"Feature","geometry":{"type":"Point","coordinates":[10.569948,56.371708]},"properties":{"lines":"L1","color":"#d6212b","mode":"tram","arr":["L1"],"angle":28.8,"extra":1,"ei":79}},{"type":"Feature","geometry":{"type":"Point","coordinates":[10.572704,56.370624]},"properties":{"lines":"L1","color":"#d6212b","mode":"tram","arr":["L1"],"angle":41.5,"extra":1,"ei":80}},{"type":"Feature","geometry":{"type":"Point","coordinates":[10.575097,56.369293]},"properties":{"lines":"L1","color":"#d6212b","mode":"tram","arr":["L1"],"angle":45.5,"extra":1,"ei":81}},{"type":"Feature","geometry":{"type":"Point","coordinates":[10.577465,56.367947]},"properties":{"lines":"L1","color":"#d6212b","mode":"tram","arr":["L1"],"angle":45.5,"extra":1,"ei":82}},{"type":"Feature","geometry":{"type":"Point","coordinates":[10.579832,56.3666]},"properties":{"lines":"L1","color":"#d6212b","mode":"tram","arr":["L1"],"angle":45.5,"extra":1,"ei":83}},{"type":"Feature","geometry":{"type":"Point","coordinates":[10.582199,56.365254]},"properties":{"lines":"L1","color":"#d6212b","mode":"tram","arr":["L1"],"angle":45.5,"extra":1,"ei":84}},{"type":"Feature","geometry":{"type":"Point","coordinates":[10.584572,56.363911]},"properties":{"lines":"L1","color":"#d6212b","mode":"tram","arr":["L1"],"angle":42.9,"extra":1,"ei":85}},{"type":"Feature","geometry":{"type":"Point","coordinates":[10.587435,56.362936]},"properties":{"lines":"L1","color":"#d6212b","mode":"tram","arr":["L1"],"angle":19.5,"extra":1,"ei":86}},{"type":"Feature","geometry":{"type":"Point","coordinates":[10.590702,56.362464]},"properties":{"lines":"L1","color":"#d6212b","mode":"tram","arr":["L1"],"angle":13.8,"extra":1,"ei":87}},{"type":"Feature","geometry":{"type":"Point","coordinates":[10.594023,56.36219]},"properties":{"lines":"L1","color":"#d6212b","mode":"tram","arr":["L1"],"angle":-4.7,"extra":1,"ei":88}},{"type":"Feature","geometry":{"type":"Point","coordinates":[10.597283,56.362664]},"properties":{"lines":"L1","color":"#d6212b","mode":"tram","arr":["L1"],"angle":-17.3,"extra":1,"ei":89}},{"type":"Feature","geometry":{"type":"Point","coordinates":[10.600505,56.363226]},"properties":{"lines":"L1","color":"#d6212b","mode":"tram","arr":["L1"],"angle":-17.3,"extra":1,"ei":90}},{"type":"Feature","geometry":{"type":"Point","coordinates":[10.603727,56.363788]},"properties":{"lines":"L1","color":"#d6212b","mode":"tram","arr":["L1"],"angle":-17.3,"extra":1,"ei":91}},{"type":"Feature","geometry":{"type":"Point","coordinates":[10.606949,56.364351]},"properties":{"lines":"L1","color":"#d6212b","mode":"tram","arr":["L1"],"angle":-17.3,"extra":1,"ei":92}},{"type":"Feature","geometry":{"type":"Point","coordinates":[10.610172,56.364913]},"properties":{"lines":"L1","color":"#d6212b","mode":"tram","arr":["L1"],"angle":-17.3,"extra":1,"ei":93}},{"type":"Feature","geometry":{"type":"Point","coordinates":[10.613394,56.365475]},"properties":{"lines":"L1","color":"#d6212b","mode":"tram","arr":["L1"],"angle":-17.3,"extra":1,"ei":94}},{"type":"Feature","geometry":{"type":"Point","coordinates":[10.616627,56.366015]},"properties":{"lines":"L1","color":"#d6212b","mode":"tram","arr":["L1"],"angle":-12.6,"extra":1,"ei":95}},{"type":"Feature","geometry":{"type":"Point","coordinates":[10.626086,56.364624]},"properties":{"lines":"L1","color":"#d6212b","mode":"tram","arr":["L1"],"angle":34,"extra":1,"ei":96}},{"type":"Feature","geometry":{"type":"Point","coordinates":[10.628796,56.363501]},"properties":{"lines":"L1","color":"#d6212b","mode":"tram","arr":["L1"],"angle":40.8,"extra":1,"ei":97}},{"type":"Feature","geometry":{"type":"Point","coordinates":[10.631166,56.362158]},"properties":{"lines":"L1","color":"#d6212b","mode":"tram","arr":["L1"],"angle":48.6,"extra":1,"ei":98}},{"type":"Feature","geometry":{"type":"Point","coordinates":[10.63339,56.360738]},"properties":{"lines":"L1","color":"#d6212b","mode":"tram","arr":["L1"],"angle":48.9,"extra":1,"ei":99}},{"type":"Feature","geometry":{"type":"Point","coordinates":[10.635613,56.359317]},"properties":{"lines":"L1","color":"#d6212b","mode":"tram","arr":["L1"],"angle":48.8,"extra":1,"ei":100}},{"type":"Feature","geometry":{"type":"Point","coordinates":[10.638135,56.358074]},"properties":{"lines":"L1","color":"#d6212b","mode":"tram","arr":["L1"],"angle":32.2,"extra":1,"ei":101}},{"type":"Feature","geometry":{"type":"Point","coordinates":[10.641183,56.357267]},"properties":{"lines":"L1","color":"#d6212b","mode":"tram","arr":["L1"],"angle":23,"extra":1,"ei":102}},{"type":"Feature","geometry":{"type":"Point","coordinates":[10.644289,56.356528]},"properties":{"lines":"L1","color":"#d6212b","mode":"tram","arr":["L1"],"angle":23,"extra":1,"ei":103}},{"type":"Feature","geometry":{"type":"Point","coordinates":[10.647477,56.355927]},"properties":{"lines":"L1","color":"#d6212b","mode":"tram","arr":["L1"],"angle":9.6,"extra":1,"ei":104}},{"type":"Feature","geometry":{"type":"Point","coordinates":[10.650841,56.355892]},"properties":{"lines":"L1","color":"#d6212b","mode":"tram","arr":["L1"],"angle":-4.6,"extra":1,"ei":105}},{"type":"Feature","geometry":{"type":"Point","coordinates":[10.654209,56.35599]},"properties":{"lines":"L1","color":"#d6212b","mode":"tram","arr":["L1"],"angle":1.3,"extra":1,"ei":106}},{"type":"Feature","geometry":{"type":"Point","coordinates":[10.657565,56.355815]},"properties":{"lines":"L1","color":"#d6212b","mode":"tram","arr":["L1"],"angle":10.2,"extra":1,"ei":107}},{"type":"Feature","geometry":{"type":"Point","coordinates":[10.660807,56.355306]},"properties":{"lines":"L1","color":"#d6212b","mode":"tram","arr":["L1"],"angle":21.5,"extra":1,"ei":108}},{"type":"Feature","geometry":{"type":"Point","coordinates":[10.663876,56.354523]},"properties":{"lines":"L1","color":"#d6212b","mode":"tram","arr":["L1"],"angle":27.8,"extra":1,"ei":109}},{"type":"Feature","geometry":{"type":"Point","coordinates":[10.666863,56.353643]},"properties":{"lines":"L1","color":"#d6212b","mode":"tram","arr":["L1"],"angle":27.8,"extra":1,"ei":110}},{"type":"Feature","geometry":{"type":"Point","coordinates":[10.669849,56.352763]},"properties":{"lines":"L1","color":"#d6212b","mode":"tram","arr":["L1"],"angle":27.9,"extra":1,"ei":111}},{"type":"Feature","geometry":{"type":"Point","coordinates":[10.672827,56.351874]},"properties":{"lines":"L1","color":"#d6212b","mode":"tram","arr":["L1"],"angle":28.1,"extra":1,"ei":112}},{"type":"Feature","geometry":{"type":"Point","coordinates":[10.675805,56.350985]},"properties":{"lines":"L1","color":"#d6212b","mode":"tram","arr":["L1"],"angle":28.1,"extra":1,"ei":113}},{"type":"Feature","geometry":{"type":"Point","coordinates":[10.678783,56.350096]},"properties":{"lines":"L1","color":"#d6212b","mode":"tram","arr":["L1"],"angle":28.1,"extra":1,"ei":114}},{"type":"Feature","geometry":{"type":"Point","coordinates":[10.681761,56.349207]},"properties":{"lines":"L1","color":"#d6212b","mode":"tram","arr":["L1"],"angle":28.1,"extra":1,"ei":115}},{"type":"Feature","geometry":{"type":"Point","coordinates":[10.684739,56.348318]},"properties":{"lines":"L1","color":"#d6212b","mode":"tram","arr":["L1"],"angle":28.1,"extra":1,"ei":116}},{"type":"Feature","geometry":{"type":"Point","coordinates":[10.687717,56.347429]},"properties":{"lines":"L1","color":"#d6212b","mode":"tram","arr":["L1"],"angle":28.1,"extra":1,"ei":117}},{"type":"Feature","geometry":{"type":"Point","coordinates":[10.690695,56.34654]},"properties":{"lines":"L1","color":"#d6212b","mode":"tram","arr":["L1"],"angle":28.1,"extra":1,"ei":118}},{"type":"Feature","geometry":{"type":"Point","coordinates":[10.693673,56.345651]},"properties":{"lines":"L1","color":"#d6212b","mode":"tram","arr":["L1"],"angle":28.1,"extra":1,"ei":119}},{"type":"Feature","geometry":{"type":"Point","coordinates":[10.696785,56.344941]},"properties":{"lines":"L1","color":"#d6212b","mode":"tram","arr":["L1"],"angle":13.3,"extra":1,"ei":120}},{"type":"Feature","geometry":{"type":"Point","coordinates":[10.700138,56.344819]},"properties":{"lines":"L1","color":"#d6212b","mode":"tram","arr":["L1"],"angle":-5.7,"extra":1,"ei":121}},{"type":"Feature","geometry":{"type":"Point","coordinates":[10.703417,56.345251]},"properties":{"lines":"L1","color":"#d6212b","mode":"tram","arr":["L1"],"angle":-16.4,"extra":1,"ei":122}},{"type":"Feature","geometry":{"type":"Point","coordinates":[10.706661,56.345772]},"properties":{"lines":"L1","color":"#d6212b","mode":"tram","arr":["L1"],"angle":-13.2,"extra":1,"ei":123}},{"type":"Feature","geometry":{"type":"Point","coordinates":[10.70999,56.34607]},"properties":{"lines":"L1","color":"#d6212b","mode":"tram","arr":["L1"],"angle":-4,"extra":1,"ei":124}},{"type":"Feature","geometry":{"type":"Point","coordinates":[10.713356,56.346202]},"properties":{"lines":"L1","color":"#d6212b","mode":"tram","arr":["L1"],"angle":-4,"extra":1,"ei":125}},{"type":"Feature","geometry":{"type":"Point","coordinates":[10.716723,56.346335]},"properties":{"lines":"L1","color":"#d6212b","mode":"tram","arr":["L1"],"angle":-4,"extra":1,"ei":126}},{"type":"Feature","geometry":{"type":"Point","coordinates":[10.72009,56.346467]},"properties":{"lines":"L1","color":"#d6212b","mode":"tram","arr":["L1"],"angle":-4,"extra":1,"ei":127}},{"type":"Feature","geometry":{"type":"Point","coordinates":[10.723457,56.346599]},"properties":{"lines":"L1","color":"#d6212b","mode":"tram","arr":["L1"],"angle":-4,"extra":1,"ei":128}},{"type":"Feature","geometry":{"type":"Point","coordinates":[10.726824,56.346732]},"properties":{"lines":"L1","color":"#d6212b","mode":"tram","arr":["L1"],"angle":-4,"extra":1,"ei":129}},{"type":"Feature","geometry":{"type":"Point","coordinates":[10.730191,56.346864]},"properties":{"lines":"L1","color":"#d6212b","mode":"tram","arr":["L1"],"angle":-4,"extra":1,"ei":130}},{"type":"Feature","geometry":{"type":"Point","coordinates":[10.733558,56.346997]},"properties":{"lines":"L1","color":"#d6212b","mode":"tram","arr":["L1"],"angle":-4,"extra":1,"ei":131}},{"type":"Feature","geometry":{"type":"Point","coordinates":[10.736925,56.347129]},"properties":{"lines":"L1","color":"#d6212b","mode":"tram","arr":["L1"],"angle":-4,"extra":1,"ei":132}},{"type":"Feature","geometry":{"type":"Point","coordinates":[10.740292,56.347262]},"properties":{"lines":"L1","color":"#d6212b","mode":"tram","arr":["L1"],"angle":-4,"extra":1,"ei":133}},{"type":"Feature","geometry":{"type":"Point","coordinates":[10.743659,56.347394]},"properties":{"lines":"L1","color":"#d6212b","mode":"tram","arr":["L1"],"angle":-4,"extra":1,"ei":134}},{"type":"Feature","geometry":{"type":"Point","coordinates":[10.747018,56.34757]},"properties":{"lines":"L1","color":"#d6212b","mode":"tram","arr":["L1"],"angle":-8.2,"extra":1,"ei":135}},{"type":"Feature","geometry":{"type":"Point","coordinates":[10.750323,56.34795]},"properties":{"lines":"L1","color":"#d6212b","mode":"tram","arr":["L1"],"angle":-12.8,"extra":1,"ei":136}},{"type":"Feature","geometry":{"type":"Point","coordinates":[10.753615,56.348368]},"properties":{"lines":"L1","color":"#d6212b","mode":"tram","arr":["L1"],"angle":-12.8,"extra":1,"ei":137}},{"type":"Feature","geometry":{"type":"Point","coordinates":[10.756906,56.348786]},"properties":{"lines":"L1","color":"#d6212b","mode":"tram","arr":["L1"],"angle":-12.8,"extra":1,"ei":138}},{"type":"Feature","geometry":{"type":"Point","coordinates":[10.760198,56.349203]},"properties":{"lines":"L1","color":"#d6212b","mode":"tram","arr":["L1"],"angle":-12.8,"extra":1,"ei":139}},{"type":"Feature","geometry":{"type":"Point","coordinates":[10.76349,56.349621]},"properties":{"lines":"L1","color":"#d6212b","mode":"tram","arr":["L1"],"angle":-12.8,"extra":1,"ei":140}},{"type":"Feature","geometry":{"type":"Point","coordinates":[10.766776,56.350051]},"properties":{"lines":"L1","color":"#d6212b","mode":"tram","arr":["L1"],"angle":-13.6,"extra":1,"ei":141}},{"type":"Feature","geometry":{"type":"Point","coordinates":[10.770058,56.350492]},"properties":{"lines":"L1","color":"#d6212b","mode":"tram","arr":["L1"],"angle":-13,"extra":1,"ei":142}},{"type":"Feature","geometry":{"type":"Point","coordinates":[10.773347,56.350916]},"properties":{"lines":"L1","color":"#d6212b","mode":"tram","arr":["L1"],"angle":-14.4,"extra":1,"ei":143}},{"type":"Feature","geometry":{"type":"Point","coordinates":[10.776387,56.35171]},"properties":{"lines":"L1","color":"#d6212b","mode":"tram","arr":["L1"],"angle":-35.7,"extra":1,"ei":144}},{"type":"Feature","geometry":{"type":"Point","coordinates":[10.778784,56.353032]},"properties":{"lines":"L1","color":"#d6212b","mode":"tram","arr":["L1"],"angle":-48.7,"extra":1,"ei":145}},{"type":"Feature","geometry":{"type":"Point","coordinates":[10.781013,56.35445]},"properties":{"lines":"L1","color":"#d6212b","mode":"tram","arr":["L1"],"angle":-48.7,"extra":1,"ei":146}},{"type":"Feature","geometry":{"type":"Point","coordinates":[10.783241,56.355869]},"properties":{"lines":"L1","color":"#d6212b","mode":"tram","arr":["L1"],"angle":-48.7,"extra":1,"ei":147}},{"type":"Feature","geometry":{"type":"Point","coordinates":[10.78547,56.357287]},"properties":{"lines":"L1","color":"#d6212b","mode":"tram","arr":["L1"],"angle":-48.7,"extra":1,"ei":148}},{"type":"Feature","geometry":{"type":"Point","coordinates":[10.787702,56.358704]},"properties":{"lines":"L1","color":"#d6212b","mode":"tram","arr":["L1"],"angle":-48.5,"extra":1,"ei":149}},{"type":"Feature","geometry":{"type":"Point","coordinates":[10.789939,56.360118]},"properties":{"lines":"L1","color":"#d6212b","mode":"tram","arr":["L1"],"angle":-48.5,"extra":1,"ei":150}},{"type":"Feature","geometry":{"type":"Point","coordinates":[10.792177,56.361532]},"properties":{"lines":"L1","color":"#d6212b","mode":"tram","arr":["L1"],"angle":-48.5,"extra":1,"ei":151}},{"type":"Feature","geometry":{"type":"Point","coordinates":[10.794414,56.362946]},"properties":{"lines":"L1","color":"#d6212b","mode":"tram","arr":["L1"],"angle":-48.5,"extra":1,"ei":152}},{"type":"Feature","geometry":{"type":"Point","coordinates":[10.796652,56.36436]},"properties":{"lines":"L1","color":"#d6212b","mode":"tram","arr":["L1"],"angle":-48.5,"extra":1,"ei":153}},{"type":"Feature","geometry":{"type":"Point","coordinates":[10.798909,56.365764]},"properties":{"lines":"L1","color":"#d6212b","mode":"tram","arr":["L1"],"angle":-45.7,"extra":1,"ei":154}},{"type":"Feature","geometry":{"type":"Point","coordinates":[10.801523,56.366951]},"properties":{"lines":"L1","color":"#d6212b","mode":"tram","arr":["L1"],"angle":-33.2,"extra":1,"ei":155}},{"type":"Feature","geometry":{"type":"Point","coordinates":[10.804534,56.367795]},"properties":{"lines":"L1","color":"#d6212b","mode":"tram","arr":["L1"],"angle":-21.1,"extra":1,"ei":156}},{"type":"Feature","geometry":{"type":"Point","coordinates":[10.807692,56.368462]},"properties":{"lines":"L1","color":"#d6212b","mode":"tram","arr":["L1"],"angle":-20.7,"extra":1,"ei":157}},{"type":"Feature","geometry":{"type":"Point","coordinates":[10.81085,56.369129]},"properties":{"lines":"L1","color":"#d6212b","mode":"tram","arr":["L1"],"angle":-20.6,"extra":1,"ei":158}},{"type":"Feature","geometry":{"type":"Point","coordinates":[10.814009,56.369794]},"properties":{"lines":"L1","color":"#d6212b","mode":"tram","arr":["L1"],"angle":-20.6,"extra":1,"ei":159}},{"type":"Feature","geometry":{"type":"Point","coordinates":[10.817168,56.370459]},"properties":{"lines":"L1","color":"#d6212b","mode":"tram","arr":["L1"],"angle":-20.6,"extra":1,"ei":160}},{"type":"Feature","geometry":{"type":"Point","coordinates":[10.820324,56.371129]},"properties":{"lines":"L1","color":"#d6212b","mode":"tram","arr":["L1"],"angle":-22.9,"extra":1,"ei":161}},{"type":"Feature","geometry":{"type":"Point","coordinates":[10.823341,56.371973]},"properties":{"lines":"L1","color":"#d6212b","mode":"tram","arr":["L1"],"angle":-30.3,"extra":1,"ei":162}},{"type":"Feature","geometry":{"type":"Point","coordinates":[10.826252,56.372929]},"properties":{"lines":"L1","color":"#d6212b","mode":"tram","arr":["L1"],"angle":-30.4,"extra":1,"ei":163}},{"type":"Feature","geometry":{"type":"Point","coordinates":[10.829163,56.373885]},"properties":{"lines":"L1","color":"#d6212b","mode":"tram","arr":["L1"],"angle":-31.8,"extra":1,"ei":164}},{"type":"Feature","geometry":{"type":"Point","coordinates":[10.831931,56.374964]},"properties":{"lines":"L1","color":"#d6212b","mode":"tram","arr":["L1"],"angle":-36.5,"extra":1,"ei":165}},{"type":"Feature","geometry":{"type":"Point","coordinates":[10.834644,56.376087]},"properties":{"lines":"L1","color":"#d6212b","mode":"tram","arr":["L1"],"angle":-36.5,"extra":1,"ei":166}},{"type":"Feature","geometry":{"type":"Point","coordinates":[10.837357,56.377211]},"properties":{"lines":"L1","color":"#d6212b","mode":"tram","arr":["L1"],"angle":-36.5,"extra":1,"ei":167}},{"type":"Feature","geometry":{"type":"Point","coordinates":[10.840168,56.378252]},"properties":{"lines":"L1","color":"#d6212b","mode":"tram","arr":["L1"],"angle":-28.7,"extra":1,"ei":168}},{"type":"Feature","geometry":{"type":"Point","coordinates":[10.843196,56.379086]},"properties":{"lines":"L1","color":"#d6212b","mode":"tram","arr":["L1"],"angle":-25.1,"extra":1,"ei":169}},{"type":"Feature","geometry":{"type":"Point","coordinates":[10.84625,56.37989]},"properties":{"lines":"L1","color":"#d6212b","mode":"tram","arr":["L1"],"angle":-25.3,"extra":1,"ei":170}},{"type":"Feature","geometry":{"type":"Point","coordinates":[10.849303,56.380695]},"properties":{"lines":"L1","color":"#d6212b","mode":"tram","arr":["L1"],"angle":-25.2,"extra":1,"ei":171}},{"type":"Feature","geometry":{"type":"Point","coordinates":[10.852362,56.381494]},"properties":{"lines":"L1","color":"#d6212b","mode":"tram","arr":["L1"],"angle":-25,"extra":1,"ei":172}},{"type":"Feature","geometry":{"type":"Point","coordinates":[10.855421,56.382292]},"properties":{"lines":"L1","color":"#d6212b","mode":"tram","arr":["L1"],"angle":-25,"extra":1,"ei":173}},{"type":"Feature","geometry":{"type":"Point","coordinates":[10.85848,56.38309]},"properties":{"lines":"L1","color":"#d6212b","mode":"tram","arr":["L1"],"angle":-25,"extra":1,"ei":174}},{"type":"Feature","geometry":{"type":"Point","coordinates":[10.861547,56.383879]},"properties":{"lines":"L1","color":"#d6212b","mode":"tram","arr":["L1"],"angle":-24.6,"extra":1,"ei":175}},{"type":"Feature","geometry":{"type":"Point","coordinates":[10.864522,56.384765]},"properties":{"lines":"L1","color":"#d6212b","mode":"tram","arr":["L1"],"angle":-33.5,"extra":1,"ei":176}},{"type":"Feature","geometry":{"type":"Point","coordinates":[10.867058,56.386003]},"properties":{"lines":"L1","color":"#d6212b","mode":"tram","arr":["L1"],"angle":-49.1,"extra":1,"ei":177}},{"type":"Feature","geometry":{"type":"Point","coordinates":[10.86919,56.387467]},"properties":{"lines":"L1","color":"#d6212b","mode":"tram","arr":["L1"],"angle":-50.9,"extra":1,"ei":178}},{"type":"Feature","geometry":{"type":"Point","coordinates":[10.871217,56.388974]},"properties":{"lines":"L1","color":"#d6212b","mode":"tram","arr":["L1"],"angle":-59.4,"extra":1,"ei":179}},{"type":"Feature","geometry":{"type":"Point","coordinates":[10.872399,56.390733]},"properties":{"lines":"L1","color":"#d6212b","mode":"tram","arr":["L1"],"angle":-79.2,"extra":1,"ei":180}},{"type":"Feature","geometry":{"type":"Point","coordinates":[10.872622,56.392615]},"properties":{"lines":"L1","color":"#d6212b","mode":"tram","arr":["L1"],"angle":-88.5,"extra":1,"ei":181}},{"type":"Feature","geometry":{"type":"Point","coordinates":[10.872708,56.394503]},"properties":{"lines":"L1","color":"#d6212b","mode":"tram","arr":["L1"],"angle":-88.5,"extra":1,"ei":182}},{"type":"Feature","geometry":{"type":"Point","coordinates":[10.872794,56.396391]},"properties":{"lines":"L1","color":"#d6212b","mode":"tram","arr":["L1"],"angle":-88.5,"extra":1,"ei":183}},{"type":"Feature","geometry":{"type":"Point","coordinates":[10.872881,56.398278]},"properties":{"lines":"L1","color":"#d6212b","mode":"tram","arr":["L1"],"angle":-88.5,"extra":1,"ei":184}},{"type":"Feature","geometry":{"type":"Point","coordinates":[10.872893,56.400166]},"properties":{"lines":"L1","color":"#d6212b","mode":"tram","arr":["L1"],"angle":87.2,"extra":1,"ei":185}},{"type":"Feature","geometry":{"type":"Point","coordinates":[10.872543,56.402044]},"properties":{"lines":"L1","color":"#d6212b","mode":"tram","arr":["L1"],"angle":83.2,"extra":1,"ei":186}},{"type":"Feature","geometry":{"type":"Point","coordinates":[10.872138,56.403919]},"properties":{"lines":"L1","color":"#d6212b","mode":"tram","arr":["L1"],"angle":82.9,"extra":1,"ei":187}},{"type":"Feature","geometry":{"type":"Point","coordinates":[10.871723,56.405793]},"properties":{"lines":"L1","color":"#d6212b","mode":"tram","arr":["L1"],"angle":83.1,"extra":1,"ei":188}},{"type":"Feature","geometry":{"type":"Point","coordinates":[10.871383,56.407671]},"properties":{"lines":"L1","color":"#d6212b","mode":"tram","arr":["L1"],"angle":-88.2,"extra":1,"ei":189}},{"type":"Feature","geometry":{"type":"Point","coordinates":[10.872414,56.409444]},"properties":{"lines":"L1","color":"#d6212b","mode":"tram","arr":["L1"],"angle":-56.1,"extra":1,"ei":190}},{"type":"Feature","geometry":{"type":"Point","coordinates":[10.874872,56.410724]},"properties":{"lines":"L1","color":"#d6212b","mode":"tram","arr":["L1"],"angle":-38.1,"extra":1,"ei":191}},{"type":"Feature","geometry":{"type":"Point","coordinates":[10.236432,56.231295]},"properties":{"lines":"L1","color":"#d6212b","mode":"tram","arr":["L1"],"angle":-27.9,"extra":1,"ei":0}},{"type":"Feature","geometry":{"type":"Point","coordinates":[10.239573,56.231979]},"properties":{"lines":"L1","color":"#d6212b","mode":"tram","arr":["L1"],"angle":-15.6,"extra":1,"ei":1}},{"type":"Feature","geometry":{"type":"Point","coordinates":[10.242898,56.232292]},"properties":{"lines":"L1","color":"#d6212b","mode":"tram","arr":["L1"],"angle":-6.9,"extra":1,"ei":2}},{"type":"Feature","geometry":{"type":"Point","coordinates":[10.246249,56.232518]},"properties":{"lines":"L1","color":"#d6212b","mode":"tram","arr":["L1"],"angle":-6.9,"extra":1,"ei":3}},{"type":"Feature","geometry":{"type":"Point","coordinates":[10.2496,56.232745]},"properties":{"lines":"L1","color":"#d6212b","mode":"tram","arr":["L1"],"angle":-7.2,"extra":1,"ei":4}},{"type":"Feature","geometry":{"type":"Point","coordinates":[10.252853,56.233217]},"properties":{"lines":"L1","color":"#d6212b","mode":"tram","arr":["L1"],"angle":-23.8,"extra":1,"ei":5}},{"type":"Feature","geometry":{"type":"Point","coordinates":[10.25566,56.23425]},"properties":{"lines":"L1","color":"#d6212b","mode":"tram","arr":["L1"],"angle":-43,"extra":1,"ei":6}},{"type":"Feature","geometry":{"type":"Point","coordinates":[10.257697,56.235745]},"properties":{"lines":"L1","color":"#d6212b","mode":"tram","arr":["L1"],"angle":-61.9,"extra":1,"ei":7}},{"type":"Feature","geometry":{"type":"Point","coordinates":[10.25917,56.237444]},"properties":{"lines":"L1","color":"#d6212b","mode":"tram","arr":["L1"],"angle":-64.4,"extra":1,"ei":8}},{"type":"Feature","geometry":{"type":"Point","coordinates":[10.26063,56.239147]},"properties":{"lines":"L1","color":"#d6212b","mode":"tram","arr":["L1"],"angle":-64.4,"extra":1,"ei":9}},{"type":"Feature","geometry":{"type":"Point","coordinates":[10.262099,56.240847]},"properties":{"lines":"L1","color":"#d6212b","mode":"tram","arr":["L1"],"angle":-62.5,"extra":1,"ei":10}},{"type":"Feature","geometry":{"type":"Point","coordinates":[10.263971,56.242414]},"properties":{"lines":"L1","color":"#d6212b","mode":"tram","arr":["L1"],"angle":-49.9,"extra":1,"ei":11}},{"type":"Feature","geometry":{"type":"Point","coordinates":[10.26641,56.243714]},"properties":{"lines":"L1","color":"#d6212b","mode":"tram","arr":["L1"],"angle":-37.7,"extra":1,"ei":12}},{"type":"Feature","geometry":{"type":"Point","coordinates":[10.269125,56.244836]},"properties":{"lines":"L1","color":"#d6212b","mode":"tram","arr":["L1"],"angle":-36.4,"extra":1,"ei":13,"side":-1}},{"type":"Feature","geometry":{"type":"Point","coordinates":[10.271845,56.245954]},"properties":{"lines":"L1","color":"#d6212b","mode":"tram","arr":["L1"],"angle":-36.3,"extra":1,"ei":14}},{"type":"Feature","geometry":{"type":"Point","coordinates":[10.274564,56.247073]},"properties":{"lines":"L1","color":"#d6212b","mode":"tram","arr":["L1"],"angle":-36.3,"extra":1,"ei":15}},{"type":"Feature","geometry":{"type":"Point","coordinates":[10.277284,56.248191]},"properties":{"lines":"L1","color":"#d6212b","mode":"tram","arr":["L1"],"angle":-36.3,"extra":1,"ei":16}},{"type":"Feature","geometry":{"type":"Point","coordinates":[10.280004,56.24931]},"properties":{"lines":"L1","color":"#d6212b","mode":"tram","arr":["L1"],"angle":-36.3,"extra":1,"ei":17}},{"type":"Feature","geometry":{"type":"Point","coordinates":[10.282723,56.250429]},"properties":{"lines":"L1","color":"#d6212b","mode":"tram","arr":["L1"],"angle":-36.4,"extra":1,"ei":18}},{"type":"Feature","geometry":{"type":"Point","coordinates":[10.285444,56.251546]},"properties":{"lines":"L1","color":"#d6212b","mode":"tram","arr":["L1"],"angle":-36.3,"extra":1,"ei":19}},{"type":"Feature","geometry":{"type":"Point","coordinates":[10.288165,56.252664]},"properties":{"lines":"L1","color":"#d6212b","mode":"tram","arr":["L1"],"angle":-36.3,"extra":1,"ei":20}},{"type":"Feature","geometry":{"type":"Point","coordinates":[10.290883,56.253783]},"properties":{"lines":"L1","color":"#d6212b","mode":"tram","arr":["L1"],"angle":-36.3,"extra":1,"ei":21}},{"type":"Feature","geometry":{"type":"Point","coordinates":[10.293598,56.254905]},"properties":{"lines":"L1","color":"#d6212b","mode":"tram","arr":["L1"],"angle":-37.5,"extra":1,"ei":22}},{"type":"Feature","geometry":{"type":"Point","coordinates":[10.296129,56.256153]},"properties":{"lines":"L1","color":"#d6212b","mode":"tram","arr":["L1"],"angle":-45.3,"extra":1,"ei":23}},{"type":"Feature","geometry":{"type":"Point","coordinates":[10.298333,56.257581]},"properties":{"lines":"L1","color":"#d6212b","mode":"tram","arr":["L1"],"angle":-52.9,"extra":1,"ei":24}},{"type":"Feature","geometry":{"type":"Point","coordinates":[10.300211,56.25915]},"properties":{"lines":"L1","color":"#d6212b","mode":"tram","arr":["L1"],"angle":-58.2,"extra":1,"ei":25}},{"type":"Feature","geometry":{"type":"Point","coordinates":[10.301992,56.260754]},"properties":{"lines":"L1","color":"#d6212b","mode":"tram","arr":["L1"],"angle":-58.1,"extra":1,"ei":26}},{"type":"Feature","geometry":{"type":"Point","coordinates":[10.303777,56.262356]},"properties":{"lines":"L1","color":"#d6212b","mode":"tram","arr":["L1"],"angle":-57.9,"extra":1,"ei":27}},{"type":"Feature","geometry":{"type":"Point","coordinates":[10.305561,56.26396]},"properties":{"lines":"L1","color":"#d6212b","mode":"tram","arr":["L1"],"angle":-58.1,"extra":1,"ei":28}},{"type":"Feature","geometry":{"type":"Point","coordinates":[10.307347,56.265562]},"properties":{"lines":"L1","color":"#d6212b","mode":"tram","arr":["L1"],"angle":-58.1,"extra":1,"ei":29}},{"type":"Feature","geometry":{"type":"Point","coordinates":[10.309132,56.267165]},"properties":{"lines":"L1","color":"#d6212b","mode":"tram","arr":["L1"],"angle":-58.1,"extra":1,"ei":30}},{"type":"Feature","geometry":{"type":"Point","coordinates":[10.312425,56.27046]},"properties":{"lines":"L1","color":"#d6212b","mode":"tram","arr":["L1"],"angle":-62.4,"extra":1,"ei":31}},{"type":"Feature","geometry":{"type":"Point","coordinates":[10.313988,56.272134]},"properties":{"lines":"L1","color":"#d6212b","mode":"tram","arr":["L1"],"angle":-62.4,"extra":1,"ei":32}},{"type":"Feature","geometry":{"type":"Point","coordinates":[10.315551,56.273808]},"properties":{"lines":"L1","color":"#d6212b","mode":"tram","arr":["L1"],"angle":-62.4,"extra":1,"ei":33}},{"type":"Feature","geometry":{"type":"Point","coordinates":[10.317114,56.275482]},"properties":{"lines":"L1","color":"#d6212b","mode":"tram","arr":["L1"],"angle":-62.4,"extra":1,"ei":34}},{"type":"Feature","geometry":{"type":"Point","coordinates":[10.318675,56.277156]},"properties":{"lines":"L1","color":"#d6212b","mode":"tram","arr":["L1"],"angle":-62.4,"extra":1,"ei":35}},{"type":"Feature","geometry":{"type":"Point","coordinates":[10.320239,56.27883]},"properties":{"lines":"L1","color":"#d6212b","mode":"tram","arr":["L1"],"angle":-62.4,"extra":1,"ei":36}},{"type":"Feature","geometry":{"type":"Point","coordinates":[10.321802,56.280504]},"properties":{"lines":"L1","color":"#d6212b","mode":"tram","arr":["L1"],"angle":-62.4,"extra":1,"ei":37}},{"type":"Feature","geometry":{"type":"Point","coordinates":[10.323365,56.282177]},"properties":{"lines":"L1","color":"#d6212b","mode":"tram","arr":["L1"],"angle":-62.4,"extra":1,"ei":38}},{"type":"Feature","geometry":{"type":"Point","coordinates":[10.324928,56.283852]},"properties":{"lines":"L1","color":"#d6212b","mode":"tram","arr":["L1"],"angle":-63,"extra":1,"ei":39}},{"type":"Feature","geometry":{"type":"Point","coordinates":[10.32613,56.285611]},"properties":{"lines":"L1","color":"#d6212b","mode":"tram","arr":["L1"],"angle":-76.8,"extra":1,"ei":40}},{"type":"Feature","geometry":{"type":"Point","coordinates":[10.326475,56.287484]},"properties":{"lines":"L1","color":"#d6212b","mode":"tram","arr":["L1"],"angle":88.3,"extra":1,"ei":41}},{"type":"Feature","geometry":{"type":"Point","coordinates":[10.325993,56.28935]},"properties":{"lines":"L1","color":"#d6212b","mode":"tram","arr":["L1"],"angle":75.1,"extra":1,"ei":42}},{"type":"Feature","geometry":{"type":"Point","coordinates":[10.324708,56.29109]},"properties":{"lines":"L1","color":"#d6212b","mode":"tram","arr":["L1"],"angle":60,"extra":1,"ei":43}},{"type":"Feature","geometry":{"type":"Point","coordinates":[10.322695,56.292602]},"properties":{"lines":"L1","color":"#d6212b","mode":"tram","arr":["L1"],"angle":49.3,"extra":1,"ei":44}},{"type":"Feature","geometry":{"type":"Point","coordinates":[10.320496,56.294035]},"properties":{"lines":"L1","color":"#d6212b","mode":"tram","arr":["L1"],"angle":49.3,"extra":1,"ei":45}},{"type":"Feature","geometry":{"type":"Point","coordinates":[10.318295,56.295466]},"properties":{"lines":"L1","color":"#d6212b","mode":"tram","arr":["L1"],"angle":49.3,"extra":1,"ei":46}},{"type":"Feature","geometry":{"type":"Point","coordinates":[10.316094,56.296898]},"properties":{"lines":"L1","color":"#d6212b","mode":"tram","arr":["L1"],"angle":49.3,"extra":1,"ei":47}},{"type":"Feature","geometry":{"type":"Point","coordinates":[10.313893,56.29833]},"properties":{"lines":"L1","color":"#d6212b","mode":"tram","arr":["L1"],"angle":49.3,"extra":1,"ei":48}},{"type":"Feature","geometry":{"type":"Point","coordinates":[10.311693,56.299762]},"properties":{"lines":"L1","color":"#d6212b","mode":"tram","arr":["L1"],"angle":49.3,"extra":1,"ei":49}},{"type":"Feature","geometry":{"type":"Point","coordinates":[10.309492,56.301194]},"properties":{"lines":"L1","color":"#d6212b","mode":"tram","arr":["L1"],"angle":49.3,"extra":1,"ei":50}},{"type":"Feature","geometry":{"type":"Point","coordinates":[10.307292,56.302627]},"properties":{"lines":"L1","color":"#d6212b","mode":"tram","arr":["L1"],"angle":49.4,"extra":1,"ei":51}},{"type":"Feature","geometry":{"type":"Point","coordinates":[10.305264,56.304131]},"properties":{"lines":"L1","color":"#d6212b","mode":"tram","arr":["L1"],"angle":60.9,"extra":1,"ei":52}},{"type":"Feature","geometry":{"type":"Point","coordinates":[10.304139,56.305902]},"properties":{"lines":"L1","color":"#d6212b","mode":"tram","arr":["L1"],"angle":80,"extra":1,"ei":53}},{"type":"Feature","geometry":{"type":"Point","coordinates":[10.304121,56.307782]},"properties":{"lines":"L1","color":"#d6212b","mode":"tram","arr":["L1"],"angle":-80.8,"extra":1,"ei":54}},{"type":"Feature","geometry":{"type":"Point","coordinates":[10.305176,56.30957]},"properties":{"lines":"L1","color":"#d6212b","mode":"tram","arr":["L1"],"angle":-66.8,"extra":1,"ei":55}},{"type":"Feature","geometry":{"type":"Point","coordinates":[10.306506,56.311306]},"properties":{"lines":"L1","color":"#d6212b","mode":"tram","arr":["L1"],"angle":-66.8,"extra":1,"ei":56}},{"type":"Feature","geometry":{"type":"Point","coordinates":[10.307835,56.313041]},"properties":{"lines":"L1","color":"#d6212b","mode":"tram","arr":["L1"],"angle":-66.8,"extra":1,"ei":57}},{"type":"Feature","geometry":{"type":"Point","coordinates":[10.309164,56.314777]},"properties":{"lines":"L1","color":"#d6212b","mode":"tram","arr":["L1"],"angle":-66.8,"extra":1,"ei":58}},{"type":"Feature","geometry":{"type":"Point","coordinates":[10.310493,56.316513]},"properties":{"lines":"L1","color":"#d6212b","mode":"tram","arr":["L1"],"angle":-66.8,"extra":1,"ei":59}},{"type":"Feature","geometry":{"type":"Point","coordinates":[10.311823,56.318249]},"properties":{"lines":"L1","color":"#d6212b","mode":"tram","arr":["L1"],"angle":-66.8,"extra":1,"ei":60}},{"type":"Feature","geometry":{"type":"Point","coordinates":[10.236211,56.195715]},"properties":{"lines":"L1","color":"#d6212b","mode":"tram","arr":["L1"],"angle":66.1,"extra":1,"ei":0}},{"type":"Feature","geometry":{"type":"Point","coordinates":[10.237409,56.194054]},"properties":{"lines":"L1","color":"#d6212b","mode":"tram","arr":["L1"],"angle":87.1,"extra":1,"ei":1}},{"type":"Feature","geometry":{"type":"Point","coordinates":[10.233402,56.199248]},"properties":{"lines":"L1","color":"#d6212b","mode":"tram","arr":["L1"],"angle":66,"extra":1,"ei":2}},{"type":"Feature","geometry":{"type":"Point","coordinates":[10.232032,56.200974]},"properties":{"lines":"L1","color":"#d6212b","mode":"tram","arr":["L1"],"angle":66,"extra":1,"ei":3}},{"type":"Feature","geometry":{"type":"Point","coordinates":[10.230661,56.2027]},"properties":{"lines":"L1","color":"#d6212b","mode":"tram","arr":["L1"],"angle":66,"extra":1,"ei":4}},{"type":"Feature","geometry":{"type":"Point","coordinates":[10.229671,56.204049]},"properties":{"lines":"L1","color":"#d6212b","mode":"tram","arr":["L1"],"angle":66.6,"extra":1,"ei":0}},{"type":"Feature","geometry":{"type":"Point","coordinates":[10.2283,56.205775]},"properties":{"lines":"L1","color":"#d6212b","mode":"tram","arr":["L1"],"angle":66,"extra":1,"ei":1}},{"type":"Feature","geometry":{"type":"Point","coordinates":[10.225452,56.209196]},"properties":{"lines":"L1","color":"#d6212b","mode":"tram","arr":["L1"],"angle":57.5,"extra":1,"ei":2}},{"type":"Feature","geometry":{"type":"Point","coordinates":[10.313895,56.3208]},"properties":{"lines":"L1","color":"#d6212b","mode":"tram","arr":["L1"],"angle":-66.9,"extra":1,"ei":0}},{"type":"Feature","geometry":{"type":"Point","coordinates":[10.232054,56.230238]},"properties":{"lines":"L1, L2","color":"#d6212b","mode":"tram","arr":["L1","L2"],"angle":-21.2}},{"type":"Feature","geometry":{"type":"Point","coordinates":[10.165929,56.201859]},"properties":{"lines":"L2","color":"#d6212b","mode":"tram","arr":["L2"],"angle":-83.9}},{"type":"Feature","geometry":{"type":"Point","coordinates":[10.172265,56.06619]},"properties":{"lines":"L2","color":"#d6212b","mode":"tram","arr":["L2"],"angle":29.8}},{"type":"Feature","geometry":{"type":"Point","coordinates":[10.163104,56.123575]},"properties":{"lines":"L2","color":"#d6212b","mode":"tram","arr":["L2"],"angle":-40.5}},{"type":"Feature","geometry":{"type":"Point","coordinates":[10.180853,56.003317]},"properties":{"lines":"L2","color":"#d6212b","mode":"tram","arr":["L2"],"angle":-40.4}},{"type":"Feature","geometry":{"type":"Point","coordinates":[10.135916,56.096535]},"properties":{"lines":"L2","color":"#d6212b","mode":"tram","arr":["L2"],"angle":63.5}},{"type":"Feature","geometry":{"type":"Point","coordinates":[10.206979,56.150522]},"properties":{"lines":"L2","color":"#d6212b","mode":"tram","arr":["L2"],"angle":-20.5}},{"type":"Feature","geometry":{"type":"Point","coordinates":[10.150352,55.972613]},"properties":{"lines":"L2","color":"#d6212b","mode":"tram","arr":["L2"],"angle":88.3,"extra":1,"ei":0}},{"type":"Feature","geometry":{"type":"Point","coordinates":[10.150459,55.974499]},"properties":{"lines":"L2","color":"#d6212b","mode":"tram","arr":["L2"],"angle":-84.2,"extra":1,"ei":1,"side":-1}},{"type":"Feature","geometry":{"type":"Point","coordinates":[10.151012,55.976361]},"properties":{"lines":"L2","color":"#d6212b","mode":"tram","arr":["L2"],"angle":-79.5,"extra":1,"ei":2}},{"type":"Feature","geometry":{"type":"Point","coordinates":[10.151666,55.978214]},"properties":{"lines":"L2","color":"#d6212b","mode":"tram","arr":["L2"],"angle":-78.5,"extra":1,"ei":3}},{"type":"Feature","geometry":{"type":"Point","coordinates":[10.152339,55.980065]},"properties":{"lines":"L2","color":"#d6212b","mode":"tram","arr":["L2"],"angle":-78.5,"extra":1,"ei":4}},{"type":"Feature","geometry":{"type":"Point","coordinates":[10.153149,55.981897]},"properties":{"lines":"L2","color":"#d6212b","mode":"tram","arr":["L2"],"angle":-72.4,"extra":1,"ei":5}},{"type":"Feature","geometry":{"type":"Point","coordinates":[10.154313,55.983669]},"properties":{"lines":"L2","color":"#d6212b","mode":"tram","arr":["L2"],"angle":-68.9,"extra":1,"ei":6}},{"type":"Feature","geometry":{"type":"Point","coordinates":[10.155528,55.985431]},"properties":{"lines":"L2","color":"#d6212b","mode":"tram","arr":["L2"],"angle":-68.9,"extra":1,"ei":7}},{"type":"Feature","geometry":{"type":"Point","coordinates":[10.15674,55.987194]},"properties":{"lines":"L2","color":"#d6212b","mode":"tram","arr":["L2"],"angle":-69,"extra":1,"ei":8}},{"type":"Feature","geometry":{"type":"Point","coordinates":[10.15795,55.988957]},"properties":{"lines":"L2","color":"#d6212b","mode":"tram","arr":["L2"],"angle":-69,"extra":1,"ei":9}},{"type":"Feature","geometry":{"type":"Point","coordinates":[10.159158,55.99072]},"properties":{"lines":"L2","color":"#d6212b","mode":"tram","arr":["L2"],"angle":-69,"extra":1,"ei":10}},{"type":"Feature","geometry":{"type":"Point","coordinates":[10.160383,55.99248]},"properties":{"lines":"L2","color":"#d6212b","mode":"tram","arr":["L2"],"angle":-66.4,"extra":1,"ei":11}},{"type":"Feature","geometry":{"type":"Point","coordinates":[10.16206,55.994114]},"properties":{"lines":"L2","color":"#d6212b","mode":"tram","arr":["L2"],"angle":-53.9,"extra":1,"ei":12}},{"type":"Feature","geometry":{"type":"Point","coordinates":[10.164336,55.995504]},"properties":{"lines":"L2","color":"#d6212b","mode":"tram","arr":["L2"],"angle":-41.3,"extra":1,"ei":13}},{"type":"Feature","geometry":{"type":"Point","coordinates":[10.166915,55.996722]},"properties":{"lines":"L2","color":"#d6212b","mode":"tram","arr":["L2"],"angle":-40.2,"extra":1,"ei":14}},{"type":"Feature","geometry":{"type":"Point","coordinates":[10.169494,55.99794]},"properties":{"lines":"L2","color":"#d6212b","mode":"tram","arr":["L2"],"angle":-40.2,"extra":1,"ei":15}},{"type":"Feature","geometry":{"type":"Point","coordinates":[10.172074,55.999158]},"properties":{"lines":"L2","color":"#d6212b","mode":"tram","arr":["L2"],"angle":-40.2,"extra":1,"ei":16}},{"type":"Feature","geometry":{"type":"Point","coordinates":[10.174653,56.000376]},"properties":{"lines":"L2","color":"#d6212b","mode":"tram","arr":["L2"],"angle":-40.2,"extra":1,"ei":17}},{"type":"Feature","geometry":{"type":"Point","coordinates":[10.177231,56.001595]},"properties":{"lines":"L2","color":"#d6212b","mode":"tram","arr":["L2"],"angle":-40.4,"extra":1,"ei":18}},{"type":"Feature","geometry":{"type":"Point","coordinates":[10.185522,56.004762]},"properties":{"lines":"L2","color":"#d6212b","mode":"tram","arr":["L2"],"angle":-21.6,"extra":1,"ei":19}},{"type":"Feature","geometry":{"type":"Point","coordinates":[10.188469,56.005649]},"properties":{"lines":"L2","color":"#d6212b","mode":"tram","arr":["L2"],"angle":-42.9,"extra":1,"ei":20}},{"type":"Feature","geometry":{"type":"Point","coordinates":[10.190213,56.007236]},"properties":{"lines":"L2","color":"#d6212b","mode":"tram","arr":["L2"],"angle":-74.7,"extra":1,"ei":21}},{"type":"Feature","geometry":{"type":"Point","coordinates":[10.190677,56.009105]},"properties":{"lines":"L2","color":"#d6212b","mode":"tram","arr":["L2"],"angle":-83.5,"extra":1,"ei":22}},{"type":"Feature","geometry":{"type":"Point","coordinates":[10.191061,56.010982]},"properties":{"lines":"L2","color":"#d6212b","mode":"tram","arr":["L2"],"angle":-83.3,"extra":1,"ei":23}},{"type":"Feature","geometry":{"type":"Point","coordinates":[10.192083,56.012759]},"properties":{"lines":"L2","color":"#d6212b","mode":"tram","arr":["L2"],"angle":-57.2,"extra":1,"ei":24}},{"type":"Feature","geometry":{"type":"Point","coordinates":[10.193965,56.014325]},"properties":{"lines":"L2","color":"#d6212b","mode":"tram","arr":["L2"],"angle":-63.5,"extra":1,"ei":25}},{"type":"Feature","geometry":{"type":"Point","coordinates":[10.194553,56.016159]},"properties":{"lines":"L2","color":"#d6212b","mode":"tram","arr":["L2"],"angle":83.9,"extra":1,"ei":26}},{"type":"Feature","geometry":{"type":"Point","coordinates":[10.193701,56.017984]},"properties":{"lines":"L2","color":"#d6212b","mode":"tram","arr":["L2"],"angle":73.6,"extra":1,"ei":27}},{"type":"Feature","geometry":{"type":"Point","coordinates":[10.193243,56.019845]},"properties":{"lines":"L2","color":"#d6212b","mode":"tram","arr":["L2"],"angle":89.4,"extra":1,"ei":28}},{"type":"Feature","geometry":{"type":"Point","coordinates":[10.192875,56.021711]},"properties":{"lines":"L2","color":"#d6212b","mode":"tram","arr":["L2"],"angle":70.4,"extra":1,"ei":29}},{"type":"Feature","geometry":{"type":"Point","coordinates":[10.191784,56.023489]},"properties":{"lines":"L2","color":"#d6212b","mode":"tram","arr":["L2"],"angle":83.6,"extra":1,"ei":30}},{"type":"Feature","geometry":{"type":"Point","coordinates":[10.192264,56.025342]},"properties":{"lines":"L2","color":"#d6212b","mode":"tram","arr":["L2"],"angle":-73.1,"extra":1,"ei":31}},{"type":"Feature","geometry":{"type":"Point","coordinates":[10.193242,56.027149]},"properties":{"lines":"L2","color":"#d6212b","mode":"tram","arr":["L2"],"angle":-74.5,"extra":1,"ei":32}},{"type":"Feature","geometry":{"type":"Point","coordinates":[10.19327,56.029013]},"properties":{"lines":"L2","color":"#d6212b","mode":"tram","arr":["L2"],"angle":74.8,"extra":1,"ei":33}},{"type":"Feature","geometry":{"type":"Point","coordinates":[10.192141,56.030792]},"properties":{"lines":"L2","color":"#d6212b","mode":"tram","arr":["L2"],"angle":71.7,"extra":1,"ei":34}},{"type":"Feature","geometry":{"type":"Point","coordinates":[10.191769,56.032654]},"properties":{"lines":"L2","color":"#d6212b","mode":"tram","arr":["L2"],"angle":-83.3,"extra":1,"ei":35}},{"type":"Feature","geometry":{"type":"Point","coordinates":[10.192646,56.034474]},"properties":{"lines":"L2","color":"#d6212b","mode":"tram","arr":["L2"],"angle":-77.1,"extra":1,"ei":36}},{"type":"Feature","geometry":{"type":"Point","coordinates":[10.192518,56.036338]},"properties":{"lines":"L2","color":"#d6212b","mode":"tram","arr":["L2"],"angle":70.9,"extra":1,"ei":37}},{"type":"Feature","geometry":{"type":"Point","coordinates":[10.201651,56.149652]},"properties":{"lines":"L2","color":"#d6212b","mode":"tram","arr":["L2"],"angle":-15.3,"extra":1,"ei":0}},{"type":"Feature","geometry":{"type":"Point","coordinates":[10.198308,56.149459]},"properties":{"lines":"L2","color":"#d6212b","mode":"tram","arr":["L2"],"angle":-0.6,"extra":1,"ei":1,"side":-1}},{"type":"Feature","geometry":{"type":"Point","coordinates":[10.194933,56.149445]},"properties":{"lines":"L2","color":"#d6212b","mode":"tram","arr":["L2"],"angle":0.7,"extra":1,"ei":2}},{"type":"Feature","geometry":{"type":"Point","coordinates":[10.191558,56.149428]},"properties":{"lines":"L2","color":"#d6212b","mode":"tram","arr":["L2"],"angle":-2.1,"extra":1,"ei":3}},{"type":"Feature","geometry":{"type":"Point","coordinates":[10.188234,56.149127]},"properties":{"lines":"L2","color":"#d6212b","mode":"tram","arr":["L2"],"angle":-16.1,"extra":1,"ei":4}},{"type":"Feature","geometry":{"type":"Point","coordinates":[10.185149,56.148377]},"properties":{"lines":"L2","color":"#d6212b","mode":"tram","arr":["L2"],"angle":-30.6,"extra":1,"ei":5}},{"type":"Feature","geometry":{"type":"Point","coordinates":[10.182158,56.147526]},"properties":{"lines":"L2","color":"#d6212b","mode":"tram","arr":["L2"],"angle":-20.9,"extra":1,"ei":6}},{"type":"Feature","geometry":{"type":"Point","coordinates":[10.179539,56.146363]},"properties":{"lines":"L2","color":"#d6212b","mode":"tram","arr":["L2"],"angle":-43.9,"extra":1,"ei":7}},{"type":"Feature","geometry":{"type":"Point","coordinates":[10.177209,56.145002]},"properties":{"lines":"L2","color":"#d6212b","mode":"tram","arr":["L2"],"angle":-56,"extra":1,"ei":8}},{"type":"Feature","geometry":{"type":"Point","coordinates":[10.176104,56.143238]},"properties":{"lines":"L2","color":"#d6212b","mode":"tram","arr":["L2"],"angle":-78.1,"extra":1,"ei":9}},{"type":"Feature","geometry":{"type":"Point","coordinates":[10.175046,56.141452]},"properties":{"lines":"L2","color":"#d6212b","mode":"tram","arr":["L2"],"angle":-67.6,"extra":1,"ei":10}},{"type":"Feature","geometry":{"type":"Point","coordinates":[10.174346,56.139613]},"properties":{"lines":"L2","color":"#d6212b","mode":"tram","arr":["L2"],"angle":-83.9,"extra":1,"ei":11}},{"type":"Feature","geometry":{"type":"Point","coordinates":[10.174188,56.137727]},"properties":{"lines":"L2","color":"#d6212b","mode":"tram","arr":["L2"],"angle":-89.7,"extra":1,"ei":12}},{"type":"Feature","geometry":{"type":"Point","coordinates":[10.174186,56.135838]},"properties":{"lines":"L2","color":"#d6212b","mode":"tram","arr":["L2"],"angle":-89.9,"extra":1,"ei":13}},{"type":"Feature","geometry":{"type":"Point","coordinates":[10.174175,56.13395]},"properties":{"lines":"L2","color":"#d6212b","mode":"tram","arr":["L2"],"angle":-89.2,"extra":1,"ei":14}},{"type":"Feature","geometry":{"type":"Point","coordinates":[10.173872,56.132071]},"properties":{"lines":"L2","color":"#d6212b","mode":"tram","arr":["L2"],"angle":-80,"extra":1,"ei":15}},{"type":"Feature","geometry":{"type":"Point","coordinates":[10.172999,56.13025]},"properties":{"lines":"L2","color":"#d6212b","mode":"tram","arr":["L2"],"angle":-70.2,"extra":1,"ei":16}},{"type":"Feature","geometry":{"type":"Point","coordinates":[10.171597,56.128534]},"properties":{"lines":"L2","color":"#d6212b","mode":"tram","arr":["L2"],"angle":-60.7,"extra":1,"ei":17}},{"type":"Feature","geometry":{"type":"Point","coordinates":[10.169698,56.126976]},"properties":{"lines":"L2","color":"#d6212b","mode":"tram","arr":["L2"],"angle":-51,"extra":1,"ei":18}},{"type":"Feature","geometry":{"type":"Point","coordinates":[10.167365,56.125614]},"properties":{"lines":"L2","color":"#d6212b","mode":"tram","arr":["L2"],"angle":-41.7,"extra":1,"ei":19}},{"type":"Feature","geometry":{"type":"Point","coordinates":[10.164801,56.124386]},"properties":{"lines":"L2","color":"#d6212b","mode":"tram","arr":["L2"],"angle":-40.5,"extra":1,"ei":20}},{"type":"Feature","geometry":{"type":"Point","coordinates":[10.15984,56.121831]},"properties":{"lines":"L2","color":"#d6212b","mode":"tram","arr":["L2"],"angle":-40.5,"extra":1,"ei":21}},{"type":"Feature","geometry":{"type":"Point","coordinates":[10.157207,56.120652]},"properties":{"lines":"L2","color":"#d6212b","mode":"tram","arr":["L2"],"angle":-40.7,"extra":1,"ei":22}},{"type":"Feature","geometry":{"type":"Point","coordinates":[10.154647,56.119421]},"properties":{"lines":"L2","color":"#d6212b","mode":"tram","arr":["L2"],"angle":-40.6,"extra":1,"ei":23}},{"type":"Feature","geometry":{"type":"Point","coordinates":[10.151965,56.118278]},"properties":{"lines":"L2","color":"#d6212b","mode":"tram","arr":["L2"],"angle":-32.9,"extra":1,"ei":24}},{"type":"Feature","geometry":{"type":"Point","coordinates":[10.149007,56.117374]},"properties":{"lines":"L2","color":"#d6212b","mode":"tram","arr":["L2"],"angle":-23.2,"extra":1,"ei":25}},{"type":"Feature","geometry":{"type":"Point","coordinates":[10.145786,56.11682]},"properties":{"lines":"L2","color":"#d6212b","mode":"tram","arr":["L2"],"angle":-12.7,"extra":1,"ei":26}},{"type":"Feature","geometry":{"type":"Point","coordinates":[10.142506,56.116375]},"properties":{"lines":"L2","color":"#d6212b","mode":"tram","arr":["L2"],"angle":-15.3,"extra":1,"ei":27}},{"type":"Feature","geometry":{"type":"Point","coordinates":[10.139297,56.115792]},"properties":{"lines":"L2","color":"#d6212b","mode":"tram","arr":["L2"],"angle":-20.6,"extra":1,"ei":28}},{"type":"Feature","geometry":{"type":"Point","coordinates":[10.136143,56.115119]},"properties":{"lines":"L2","color":"#d6212b","mode":"tram","arr":["L2"],"angle":-20.9,"extra":1,"ei":29}},{"type":"Feature","geometry":{"type":"Point","coordinates":[10.13302,56.114405]},"properties":{"lines":"L2","color":"#d6212b","mode":"tram","arr":["L2"],"angle":-25.5,"extra":1,"ei":30}},{"type":"Feature","geometry":{"type":"Point","coordinates":[10.130073,56.113487]},"properties":{"lines":"L2","color":"#d6212b","mode":"tram","arr":["L2"],"angle":-32.9,"extra":1,"ei":31,"side":-1}},{"type":"Feature","geometry":{"type":"Point","coordinates":[10.127301,56.11241]},"properties":{"lines":"L2","color":"#d6212b","mode":"tram","arr":["L2"],"angle":-37.2,"extra":1,"ei":32,"side":-1}},{"type":"Feature","geometry":{"type":"Point","coordinates":[10.125285,56.110929]},"properties":{"lines":"L2","color":"#d6212b","mode":"tram","arr":["L2"],"angle":-69.1,"extra":1,"ei":33}},{"type":"Feature","geometry":{"type":"Point","coordinates":[10.124982,56.109072]},"properties":{"lines":"L2","color":"#d6212b","mode":"tram","arr":["L2"],"angle":79.2,"extra":1,"ei":34}},{"type":"Feature","geometry":{"type":"Point","coordinates":[10.126347,56.107357]},"properties":{"lines":"L2","color":"#d6212b","mode":"tram","arr":["L2"],"angle":60.4,"extra":1,"ei":35}},{"type":"Feature","geometry":{"type":"Point","coordinates":[10.128016,56.105716]},"properties":{"lines":"L2","color":"#d6212b","mode":"tram","arr":["L2"],"angle":60,"extra":1,"ei":36}},{"type":"Feature","geometry":{"type":"Point","coordinates":[10.129961,56.104175]},"properties":{"lines":"L2","color":"#d6212b","mode":"tram","arr":["L2"],"angle":53.7,"extra":1,"ei":37}},{"type":"Feature","geometry":{"type":"Point","coordinates":[10.131458,56.102491]},"properties":{"lines":"L2","color":"#d6212b","mode":"tram","arr":["L2"],"angle":68,"extra":1,"ei":38}},{"type":"Feature","geometry":{"type":"Point","coordinates":[10.132721,56.100739]},"properties":{"lines":"L2","color":"#d6212b","mode":"tram","arr":["L2"],"angle":68,"extra":1,"ei":39}},{"type":"Feature","geometry":{"type":"Point","coordinates":[10.133984,56.098988]},"properties":{"lines":"L2","color":"#d6212b","mode":"tram","arr":["L2"],"angle":68,"extra":1,"ei":40}},{"type":"Feature","geometry":{"type":"Point","coordinates":[10.213563,56.160434]},"properties":{"lines":"L2","color":"#d6212b","mode":"tram","arr":["L2"],"angle":27,"extra":1,"ei":0}},{"type":"Feature","geometry":{"type":"Point","coordinates":[10.211444,56.161823]},"properties":{"lines":"L2","color":"#d6212b","mode":"tram","arr":["L2"],"angle":65.3,"extra":1,"ei":1}},{"type":"Feature","geometry":{"type":"Point","coordinates":[10.210132,56.163562]},"properties":{"lines":"L2","color":"#d6212b","mode":"tram","arr":["L2"],"angle":67.3,"extra":1,"ei":2}},{"type":"Feature","geometry":{"type":"Point","coordinates":[10.208831,56.165305]},"properties":{"lines":"L2","color":"#d6212b","mode":"tram","arr":["L2"],"angle":68.3,"extra":1,"ei":3}},{"type":"Feature","geometry":{"type":"Point","coordinates":[10.207704,56.167084]},"properties":{"lines":"L2","color":"#d6212b","mode":"tram","arr":["L2"],"angle":69.6,"extra":1,"ei":4}},{"type":"Feature","geometry":{"type":"Point","coordinates":[10.206518,56.168853]},"properties":{"lines":"L2","color":"#d6212b","mode":"tram","arr":["L2"],"angle":69.4,"extra":1,"ei":5}},{"type":"Feature","geometry":{"type":"Point","coordinates":[10.205331,56.170621]},"properties":{"lines":"L2","color":"#d6212b","mode":"tram","arr":["L2"],"angle":69.4,"extra":1,"ei":6}},{"type":"Feature","geometry":{"type":"Point","coordinates":[10.204168,56.172393]},"properties":{"lines":"L2","color":"#d6212b","mode":"tram","arr":["L2"],"angle":70,"extra":1,"ei":7}},{"type":"Feature","geometry":{"type":"Point","coordinates":[10.203039,56.174172]},"properties":{"lines":"L2","color":"#d6212b","mode":"tram","arr":["L2"],"angle":69.5,"extra":1,"ei":8}},{"type":"Feature","geometry":{"type":"Point","coordinates":[10.201852,56.17594]},"properties":{"lines":"L2","color":"#d6212b","mode":"tram","arr":["L2"],"angle":69.2,"extra":1,"ei":9}},{"type":"Feature","geometry":{"type":"Point","coordinates":[10.200662,56.177708]},"properties":{"lines":"L2","color":"#d6212b","mode":"tram","arr":["L2"],"angle":70.8,"extra":1,"ei":10}},{"type":"Feature","geometry":{"type":"Point","coordinates":[10.199493,56.179479]},"properties":{"lines":"L2","color":"#d6212b","mode":"tram","arr":["L2"],"angle":67.3,"extra":1,"ei":11}},{"type":"Feature","geometry":{"type":"Point","coordinates":[10.198216,56.181227]},"properties":{"lines":"L2","color":"#d6212b","mode":"tram","arr":["L2"],"angle":69.4,"extra":1,"ei":12}},{"type":"Feature","geometry":{"type":"Point","coordinates":[10.197036,56.182996]},"properties":{"lines":"L2","color":"#d6212b","mode":"tram","arr":["L2"],"angle":70.3,"extra":1,"ei":13}},{"type":"Feature","geometry":{"type":"Point","coordinates":[10.195865,56.184767]},"properties":{"lines":"L2","color":"#d6212b","mode":"tram","arr":["L2"],"angle":69.3,"extra":1,"ei":14}},{"type":"Feature","geometry":{"type":"Point","coordinates":[10.194622,56.186523]},"properties":{"lines":"L2","color":"#d6212b","mode":"tram","arr":["L2"],"angle":52.1,"extra":1,"ei":15}},{"type":"Feature","geometry":{"type":"Point","coordinates":[10.191584,56.186078]},"properties":{"lines":"L2","color":"#d6212b","mode":"tram","arr":["L2"],"angle":-24.4,"extra":1,"ei":16}},{"type":"Feature","geometry":{"type":"Point","coordinates":[10.189053,56.186345]},"properties":{"lines":"L2","color":"#d6212b","mode":"tram","arr":["L2"],"angle":66.6,"extra":1,"ei":17}},{"type":"Feature","geometry":{"type":"Point","coordinates":[10.187732,56.188083]},"properties":{"lines":"L2","color":"#d6212b","mode":"tram","arr":["L2"],"angle":66.6,"extra":1,"ei":18}},{"type":"Feature","geometry":{"type":"Point","coordinates":[10.185526,56.189451]},"properties":{"lines":"L2","color":"#d6212b","mode":"tram","arr":["L2"],"angle":25.8,"extra":1,"ei":19}},{"type":"Feature","geometry":{"type":"Point","coordinates":[10.18227,56.189934]},"properties":{"lines":"L2","color":"#d6212b","mode":"tram","arr":["L2"],"angle":12.9,"extra":1,"ei":20}},{"type":"Feature","geometry":{"type":"Point","coordinates":[10.179006,56.190402]},"properties":{"lines":"L2","color":"#d6212b","mode":"tram","arr":["L2"],"angle":24.8,"extra":1,"ei":21}},{"type":"Feature","geometry":{"type":"Point","coordinates":[10.176946,56.191823]},"properties":{"lines":"L2","color":"#d6212b","mode":"tram","arr":["L2"],"angle":67.3,"extra":1,"ei":22}},{"type":"Feature","geometry":{"type":"Point","coordinates":[10.175597,56.193552]},"properties":{"lines":"L2","color":"#d6212b","mode":"tram","arr":["L2"],"angle":63.5,"extra":1,"ei":23}},{"type":"Feature","geometry":{"type":"Point","coordinates":[10.174324,56.1953]},"properties":{"lines":"L2","color":"#d6212b","mode":"tram","arr":["L2"],"angle":66.7,"extra":1,"ei":24}},{"type":"Feature","geometry":{"type":"Point","coordinates":[10.172238,56.196752]},"properties":{"lines":"L2","color":"#d6212b","mode":"tram","arr":["L2"],"angle":35,"extra":1,"ei":25}},{"type":"Feature","geometry":{"type":"Point","coordinates":[10.16915,56.197496]},"properties":{"lines":"L2","color":"#d6212b","mode":"tram","arr":["L2"],"angle":19.8,"extra":1,"ei":26}},{"type":"Feature","geometry":{"type":"Point","coordinates":[10.16631,56.198437]},"properties":{"lines":"L2","color":"#d6212b","mode":"tram","arr":["L2"],"angle":56.5,"extra":1,"ei":27}},{"type":"Feature","geometry":{"type":"Point","coordinates":[10.165693,56.200262]},"properties":{"lines":"L2","color":"#d6212b","mode":"tram","arr":["L2"],"angle":-85.9,"extra":1,"ei":28}},{"type":"Feature","geometry":{"type":"Point","coordinates":[10.16641,56.204018]},"properties":{"lines":"L2","color":"#d6212b","mode":"tram","arr":["L2"],"angle":-84.7,"extra":1,"ei":29}},{"type":"Feature","geometry":{"type":"Point","coordinates":[10.166192,56.205893]},"properties":{"lines":"L2","color":"#d6212b","mode":"tram","arr":["L2"],"angle":76.2,"extra":1,"ei":30}},{"type":"Feature","geometry":{"type":"Point","coordinates":[10.165158,56.20769]},"properties":{"lines":"L2","color":"#d6212b","mode":"tram","arr":["L2"],"angle":73.2,"extra":1,"ei":31}},{"type":"Feature","geometry":{"type":"Point","coordinates":[10.164367,56.209525]},"properties":{"lines":"L2","color":"#d6212b","mode":"tram","arr":["L2"],"angle":79.4,"extra":1,"ei":32}},{"type":"Feature","geometry":{"type":"Point","coordinates":[10.16391,56.211395]},"properties":{"lines":"L2","color":"#d6212b","mode":"tram","arr":["L2"],"angle":85,"extra":1,"ei":33}},{"type":"Feature","geometry":{"type":"Point","coordinates":[10.163837,56.213279]},"properties":{"lines":"L2","color":"#d6212b","mode":"tram","arr":["L2"],"angle":-79.2,"extra":1,"ei":34}},{"type":"Feature","geometry":{"type":"Point","coordinates":[10.165033,56.215037]},"properties":{"lines":"L2","color":"#d6212b","mode":"tram","arr":["L2"],"angle":-79.1,"extra":1,"ei":35,"side":-1}},{"type":"Feature","geometry":{"type":"Point","coordinates":[10.164626,56.216889]},"properties":{"lines":"L2","color":"#d6212b","mode":"tram","arr":["L2"],"angle":71.8,"extra":1,"ei":36}},{"type":"Feature","geometry":{"type":"Point","coordinates":[10.161775,56.216983]},"properties":{"lines":"L2","color":"#d6212b","mode":"tram","arr":["L2"],"angle":-4.1,"extra":1,"ei":37}},{"type":"Feature","geometry":{"type":"Point","coordinates":[10.15858,56.21747]},"properties":{"lines":"L2","color":"#d6212b","mode":"tram","arr":["L2"],"angle":32.6,"extra":1,"ei":38}},{"type":"Feature","geometry":{"type":"Point","coordinates":[10.22759,56.229296]},"properties":{"lines":"L2","color":"#d6212b","mode":"tram","arr":["L2"],"angle":-22.7,"extra":1,"ei":0}},{"type":"Feature","geometry":{"type":"Point","coordinates":[10.224474,56.228569]},"properties":{"lines":"L2","color":"#d6212b","mode":"tram","arr":["L2"],"angle":-22.7,"extra":1,"ei":1}},{"type":"Feature","geometry":{"type":"Point","coordinates":[10.221358,56.227843]},"properties":{"lines":"L2","color":"#d6212b","mode":"tram","arr":["L2"],"angle":-22.5,"extra":1,"ei":2}},{"type":"Feature","geometry":{"type":"Point","coordinates":[10.218237,56.227124]},"properties":{"lines":"L2","color":"#d6212b","mode":"tram","arr":["L2"],"angle":-20.8,"extra":1,"ei":3}},{"type":"Feature","geometry":{"type":"Point","coordinates":[10.214969,56.226677]},"properties":{"lines":"L2","color":"#d6212b","mode":"tram","arr":["L2"],"angle":-5.6,"extra":1,"ei":4}},{"type":"Feature","geometry":{"type":"Point","coordinates":[10.211608,56.226758]},"properties":{"lines":"L2","color":"#d6212b","mode":"tram","arr":["L2"],"angle":9.5,"extra":1,"ei":5}},{"type":"Feature","geometry":{"type":"Point","coordinates":[10.208283,56.227083]},"properties":{"lines":"L2","color":"#d6212b","mode":"tram","arr":["L2"],"angle":9.9,"extra":1,"ei":6}},{"type":"Feature","geometry":{"type":"Point","coordinates":[10.204958,56.227408]},"properties":{"lines":"L2","color":"#d6212b","mode":"tram","arr":["L2"],"angle":9.9,"extra":1,"ei":7}},{"type":"Feature","geometry":{"type":"Point","coordinates":[10.201634,56.227572]},"properties":{"lines":"L2","color":"#d6212b","mode":"tram","arr":["L2"],"angle":-20.3,"extra":1,"ei":8}},{"type":"Feature","geometry":{"type":"Point","coordinates":[10.198862,56.226518]},"properties":{"lines":"L2","color":"#d6212b","mode":"tram","arr":["L2"],"angle":-49,"extra":1,"ei":9}},{"type":"Feature","geometry":{"type":"Point","coordinates":[10.196593,56.225139]},"properties":{"lines":"L2","color":"#d6212b","mode":"tram","arr":["L2"],"angle":-32.7,"extra":1,"ei":10}},{"type":"Feature","geometry":{"type":"Point","coordinates":[10.193628,56.224237]},"properties":{"lines":"L2","color":"#d6212b","mode":"tram","arr":["L2"],"angle":-28.2,"extra":1,"ei":11}},{"type":"Feature","geometry":{"type":"Point","coordinates":[10.190605,56.223398]},"properties":{"lines":"L2","color":"#d6212b","mode":"tram","arr":["L2"],"angle":-23.5,"extra":1,"ei":12}},{"type":"Feature","geometry":{"type":"Point","coordinates":[10.187446,56.222735]},"properties":{"lines":"L2","color":"#d6212b","mode":"tram","arr":["L2"],"angle":-17.6,"extra":1,"ei":13}},{"type":"Feature","geometry":{"type":"Point","coordinates":[10.18422,56.222181]},"properties":{"lines":"L2","color":"#d6212b","mode":"tram","arr":["L2"],"angle":-17.3,"extra":1,"ei":14}},{"type":"Feature","geometry":{"type":"Point","coordinates":[10.181078,56.221496]},"properties":{"lines":"L2","color":"#d6212b","mode":"tram","arr":["L2"],"angle":-25.8,"extra":1,"ei":15}},{"type":"Feature","geometry":{"type":"Point","coordinates":[10.17814,56.220568]},"properties":{"lines":"L2","color":"#d6212b","mode":"tram","arr":["L2"],"angle":-30.6,"extra":1,"ei":16}},{"type":"Feature","geometry":{"type":"Point","coordinates":[10.175125,56.219724]},"properties":{"lines":"L2","color":"#d6212b","mode":"tram","arr":["L2"],"angle":-22.1,"extra":1,"ei":17}},{"type":"Feature","geometry":{"type":"Point","coordinates":[10.171975,56.219045]},"properties":{"lines":"L2","color":"#d6212b","mode":"tram","arr":["L2"],"angle":-21,"extra":1,"ei":18}},{"type":"Feature","geometry":{"type":"Point","coordinates":[10.168824,56.218367]},"properties":{"lines":"L2","color":"#d6212b","mode":"tram","arr":["L2"],"angle":-21,"extra":1,"ei":19}},{"type":"Feature","geometry":{"type":"Point","coordinates":[10.191161,56.037674]},"properties":{"lines":"L2","color":"#d6212b","mode":"tram","arr":["L2"],"angle":62.1,"extra":1,"ei":0}},{"type":"Feature","geometry":{"type":"Point","coordinates":[10.189709,56.039384]},"properties":{"lines":"L2","color":"#d6212b","mode":"tram","arr":["L2"],"angle":62.2,"extra":1,"ei":1}},{"type":"Feature","geometry":{"type":"Point","coordinates":[10.188154,56.04106]},"properties":{"lines":"L2","color":"#d6212b","mode":"tram","arr":["L2"],"angle":65.7,"extra":1,"ei":2}},{"type":"Feature","geometry":{"type":"Point","coordinates":[10.18762,56.0429]},"properties":{"lines":"L2","color":"#d6212b","mode":"tram","arr":["L2"],"angle":-83.5,"extra":1,"ei":3}},{"type":"Feature","geometry":{"type":"Point","coordinates":[10.18863,56.044696]},"properties":{"lines":"L2","color":"#d6212b","mode":"tram","arr":["L2"],"angle":-69,"extra":1,"ei":4}},{"type":"Feature","geometry":{"type":"Point","coordinates":[10.18984,56.046459]},"properties":{"lines":"L2","color":"#d6212b","mode":"tram","arr":["L2"],"angle":-69,"extra":1,"ei":5}},{"type":"Feature","geometry":{"type":"Point","coordinates":[10.191051,56.048222]},"properties":{"lines":"L2","color":"#d6212b","mode":"tram","arr":["L2"],"angle":-69,"extra":1,"ei":6}},{"type":"Feature","geometry":{"type":"Point","coordinates":[10.192262,56.049985]},"properties":{"lines":"L2","color":"#d6212b","mode":"tram","arr":["L2"],"angle":-69,"extra":1,"ei":7}},{"type":"Feature","geometry":{"type":"Point","coordinates":[10.19348,56.051746]},"properties":{"lines":"L2","color":"#d6212b","mode":"tram","arr":["L2"],"angle":-67.4,"extra":1,"ei":8}},{"type":"Feature","geometry":{"type":"Point","coordinates":[10.195204,56.053364]},"properties":{"lines":"L2","color":"#d6212b","mode":"tram","arr":["L2"],"angle":-54.5,"extra":1,"ei":9}},{"type":"Feature","geometry":{"type":"Point","coordinates":[10.197156,56.054904]},"properties":{"lines":"L2","color":"#d6212b","mode":"tram","arr":["L2"],"angle":-57.8,"extra":1,"ei":10}},{"type":"Feature","geometry":{"type":"Point","coordinates":[10.198133,56.056687]},"properties":{"lines":"L2","color":"#d6212b","mode":"tram","arr":["L2"],"angle":-88.5,"extra":1,"ei":11}},{"type":"Feature","geometry":{"type":"Point","coordinates":[10.197271,56.058486]},"properties":{"lines":"L2","color":"#d6212b","mode":"tram","arr":["L2"],"angle":60.6,"extra":1,"ei":12}},{"type":"Feature","geometry":{"type":"Point","coordinates":[10.195067,56.059898]},"properties":{"lines":"L2","color":"#d6212b","mode":"tram","arr":["L2"],"angle":36.8,"extra":1,"ei":13}},{"type":"Feature","geometry":{"type":"Point","coordinates":[10.192036,56.060704]},"properties":{"lines":"L2","color":"#d6212b","mode":"tram","arr":["L2"],"angle":17.6,"extra":1,"ei":14}},{"type":"Feature","geometry":{"type":"Point","coordinates":[10.188841,56.061311]},"properties":{"lines":"L2","color":"#d6212b","mode":"tram","arr":["L2"],"angle":23,"extra":1,"ei":15}},{"type":"Feature","geometry":{"type":"Point","coordinates":[10.185774,56.062099]},"properties":{"lines":"L2","color":"#d6212b","mode":"tram","arr":["L2"],"angle":24.8,"extra":1,"ei":16}},{"type":"Feature","geometry":{"type":"Point","coordinates":[10.182712,56.062893]},"properties":{"lines":"L2","color":"#d6212b","mode":"tram","arr":["L2"],"angle":25.3,"extra":1,"ei":17}},{"type":"Feature","geometry":{"type":"Point","coordinates":[10.179743,56.06379]},"properties":{"lines":"L2","color":"#d6212b","mode":"tram","arr":["L2"],"angle":29.8,"extra":1,"ei":18}},{"type":"Feature","geometry":{"type":"Point","coordinates":[10.176815,56.06473]},"properties":{"lines":"L2","color":"#d6212b","mode":"tram","arr":["L2"],"angle":29.9,"extra":1,"ei":19}},{"type":"Feature","geometry":{"type":"Point","coordinates":[10.168032,56.067549]},"properties":{"lines":"L2","color":"#d6212b","mode":"tram","arr":["L2"],"angle":29.9,"extra":1,"ei":20}},{"type":"Feature","geometry":{"type":"Point","coordinates":[10.165104,56.068489]},"properties":{"lines":"L2","color":"#d6212b","mode":"tram","arr":["L2"],"angle":29.7,"extra":1,"ei":21}},{"type":"Feature","geometry":{"type":"Point","coordinates":[10.162174,56.069426]},"properties":{"lines":"L2","color":"#d6212b","mode":"tram","arr":["L2"],"angle":29.8,"extra":1,"ei":22}},{"type":"Feature","geometry":{"type":"Point","coordinates":[10.159246,56.070366]},"properties":{"lines":"L2","color":"#d6212b","mode":"tram","arr":["L2"],"angle":29.8,"extra":1,"ei":23}},{"type":"Feature","geometry":{"type":"Point","coordinates":[10.156335,56.071321]},"properties":{"lines":"L2","color":"#d6212b","mode":"tram","arr":["L2"],"angle":35.6,"extra":1,"ei":24}},{"type":"Feature","geometry":{"type":"Point","coordinates":[10.154267,56.072782]},"properties":{"lines":"L2","color":"#d6212b","mode":"tram","arr":["L2"],"angle":67.7,"extra":1,"ei":25}},{"type":"Feature","geometry":{"type":"Point","coordinates":[10.153611,56.074629]},"properties":{"lines":"L2","color":"#d6212b","mode":"tram","arr":["L2"],"angle":82.3,"extra":1,"ei":26}},{"type":"Feature","geometry":{"type":"Point","coordinates":[10.153156,56.0765]},"properties":{"lines":"L2","color":"#d6212b","mode":"tram","arr":["L2"],"angle":82.3,"extra":1,"ei":27}},{"type":"Feature","geometry":{"type":"Point","coordinates":[10.152702,56.078371]},"properties":{"lines":"L2","color":"#d6212b","mode":"tram","arr":["L2"],"angle":82.2,"extra":1,"ei":28}},{"type":"Feature","geometry":{"type":"Point","coordinates":[10.152378,56.080249]},"properties":{"lines":"L2","color":"#d6212b","mode":"tram","arr":["L2"],"angle":-88.7,"extra":1,"ei":29}},{"type":"Feature","geometry":{"type":"Point","coordinates":[10.152722,56.082127]},"properties":{"lines":"L2","color":"#d6212b","mode":"tram","arr":["L2"],"angle":-83.4,"extra":1,"ei":30}},{"type":"Feature","geometry":{"type":"Point","coordinates":[10.153111,56.084003]},"properties":{"lines":"L2","color":"#d6212b","mode":"tram","arr":["L2"],"angle":-83.4,"extra":1,"ei":31}},{"type":"Feature","geometry":{"type":"Point","coordinates":[10.1535,56.085879]},"properties":{"lines":"L2","color":"#d6212b","mode":"tram","arr":["L2"],"angle":-83.4,"extra":1,"ei":32}},{"type":"Feature","geometry":{"type":"Point","coordinates":[10.153888,56.087755]},"properties":{"lines":"L2","color":"#d6212b","mode":"tram","arr":["L2"],"angle":-83.4,"extra":1,"ei":33}},{"type":"Feature","geometry":{"type":"Point","coordinates":[10.154138,56.089634]},"properties":{"lines":"L2","color":"#d6212b","mode":"tram","arr":["L2"],"angle":84.4,"extra":1,"ei":34}},{"type":"Feature","geometry":{"type":"Point","coordinates":[10.152906,56.091365]},"properties":{"lines":"L2","color":"#d6212b","mode":"tram","arr":["L2"],"angle":52,"extra":1,"ei":35}},{"type":"Feature","geometry":{"type":"Point","coordinates":[10.150225,56.092475]},"properties":{"lines":"L2","color":"#d6212b","mode":"tram","arr":["L2"],"angle":21.8,"extra":1,"ei":36}},{"type":"Feature","geometry":{"type":"Point","coordinates":[10.147061,56.093132]},"properties":{"lines":"L2","color":"#d6212b","mode":"tram","arr":["L2"],"angle":20.3,"extra":1,"ei":37}},{"type":"Feature","geometry":{"type":"Point","coordinates":[10.143895,56.093787]},"properties":{"lines":"L2","color":"#d6212b","mode":"tram","arr":["L2"],"angle":20.3,"extra":1,"ei":38}},{"type":"Feature","geometry":{"type":"Point","coordinates":[10.14073,56.094443]},"properties":{"lines":"L2","color":"#d6212b","mode":"tram","arr":["L2"],"angle":20.3,"extra":1,"ei":39}},{"type":"Feature","geometry":{"type":"Point","coordinates":[10.137724,56.09528]},"properties":{"lines":"L2","color":"#d6212b","mode":"tram","arr":["L2"],"angle":38,"extra":1,"ei":40}}]}