{"type":"FeatureCollection","features":[{"type":"Feature","geometry":{"type":"Point","coordinates":[10.149499,55.971486]},"properties":{"name":"Odder Busterminal","lines":"1, 2, 100, 103, 302, 331, 1002, 1003, 1004, 1008","arr":["1","2","100","103","302","331","1002","1003","1004","1008"],"terminus":1,"mode":"bus","color":"#0059a9","colorDark":"#00294f","angle":96.2,"snapDist":28,"label":1}},{"type":"Feature","geometry":{"type":"Point","coordinates":[10.15513,55.971691]},"properties":{"name":"Vita Park (Odder Kom)","lines":"1","arr":["1"],"terminus":0,"mode":"bus","color":"#0059a9","colorDark":"#00294f","angle":222.9,"snapDist":7,"label":1}},{"type":"Feature","geometry":{"type":"Point","coordinates":[10.159836,55.970467]},"properties":{"name":"Randlevvej/Lundevej (Odder Kom)","lines":"1","arr":["1"],"terminus":0,"mode":"bus","color":"#0059a9","colorDark":"#00294f","angle":120.5,"snapDist":6,"label":1}},{"type":"Feature","geometry":{"type":"Point","coordinates":[10.161721,55.972707]},"properties":{"name":"Østermarksvej (Odder Kom)","lines":"1","arr":["1"],"terminus":0,"mode":"bus","color":"#0059a9","colorDark":"#00294f","angle":25.3,"snapDist":4,"label":1}},{"type":"Feature","geometry":{"type":"Point","coordinates":[10.15665,55.974931]},"properties":{"name":"Østergade (Odder Kom)","lines":"1","arr":["1"],"terminus":0,"mode":"bus","color":"#0059a9","colorDark":"#00294f","angle":126.4,"snapDist":4,"label":1}},{"type":"Feature","geometry":{"type":"Point","coordinates":[10.161626,55.976911]},"properties":{"name":"Parkvej (Odder Kom)","lines":"1, 302, 1004","arr":["1","302","1004"],"terminus":0,"mode":"bus","color":"#0059a9","colorDark":"#00294f","angle":-169,"snapDist":8,"label":1}},{"type":"Feature","geometry":{"type":"Point","coordinates":[10.164525,55.977444]},"properties":{"name":"Kathrineholmsalle fælleshus (Odder Kom)","lines":"1","arr":["1"],"terminus":0,"mode":"bus","color":"#0059a9","colorDark":"#00294f","angle":155,"snapDist":4,"label":1}},{"type":"Feature","geometry":{"type":"Point","coordinates":[10.170561,55.978441]},"properties":{"name":"Kathrineholmsalle (Odder Kom)","lines":"1","arr":["1"],"terminus":0,"mode":"bus","color":"#0059a9","colorDark":"#00294f","angle":167.9,"snapDist":4,"label":1}},{"type":"Feature","geometry":{"type":"Point","coordinates":[10.170593,55.977777]},"properties":{"name":"Katrineholmsalle/Rørthvej (Odder Kom)","lines":"1, 302, 1004","arr":["1","302","1004"],"terminus":0,"mode":"bus","color":"#0059a9","colorDark":"#00294f","angle":345.2,"snapDist":9,"label":1}},{"type":"Feature","geometry":{"type":"Point","coordinates":[10.161853,55.976886]},"properties":{"name":"Parkvej (Odder Kom)","lines":"1, 302, 1004","arr":["1","302","1004"],"terminus":0,"mode":"bus","color":"#0059a9","colorDark":"#00294f","angle":11,"snapDist":8,"label":0}},{"type":"Feature","geometry":{"type":"Point","coordinates":[10.163288,55.980256]},"properties":{"name":"Parkvejens Skole/Nølevvej (Odder Kom)","lines":"1","arr":["1"],"terminus":0,"mode":"bus","color":"#0059a9","colorDark":"#00294f","angle":143,"snapDist":5,"label":1}},{"type":"Feature","geometry":{"type":"Point","coordinates":[10.165971,55.981032]},"properties":{"name":"Kirstinelystvej (Odder Kom)","lines":"1","arr":["1"],"terminus":0,"mode":"bus","color":"#0059a9","colorDark":"#00294f","angle":149.9,"snapDist":6,"label":1}},{"type":"Feature","geometry":{"type":"Point","coordinates":[10.168442,55.982083]},"properties":{"name":"Blegevej (Odder Kom)","lines":"1","arr":["1"],"terminus":0,"mode":"bus","color":"#0059a9","colorDark":"#00294f","angle":142.5,"snapDist":5,"label":1}},{"type":"Feature","geometry":{"type":"Point","coordinates":[10.169498,55.985092]},"properties":{"name":"Ankjær/Nølevvej (Odder Kom)","lines":"1","arr":["1"],"terminus":0,"mode":"bus","color":"#0059a9","colorDark":"#00294f","angle":78.4,"snapDist":6,"label":1}},{"type":"Feature","geometry":{"type":"Point","coordinates":[10.164061,55.985027]},"properties":{"name":"Egholmparken (Odder Kom)","lines":"1","arr":["1"],"terminus":0,"mode":"bus","color":"#0059a9","colorDark":"#00294f","angle":342,"snapDist":7,"label":1}},{"type":"Feature","geometry":{"type":"Point","coordinates":[10.154392,55.983463]},"properties":{"name":"Rude Havvej (Odder Kom)","lines":"1","arr":["1"],"terminus":0,"mode":"bus","color":"#0059a9","colorDark":"#00294f","angle":2.9,"snapDist":3,"label":1}},{"type":"Feature","geometry":{"type":"Point","coordinates":[10.15246,55.983256]},"properties":{"name":"Ballevej/Århusvej (Odder Kom)","lines":"1, 103","arr":["1","103"],"terminus":0,"mode":"bus","color":"#0059a9","colorDark":"#00294f","angle":286.2,"snapDist":13,"label":1}},{"type":"Feature","geometry":{"type":"Point","coordinates":[10.148378,55.979626]},"properties":{"name":"Chr. Lund /Torvald Køhlsvej (Odder Kom)","lines":"1","arr":["1"],"terminus":0,"mode":"bus","color":"#0059a9","colorDark":"#00294f","angle":277.3,"snapDist":6,"label":1}},{"type":"Feature","geometry":{"type":"Point","coordinates":[10.147667,55.976541]},"properties":{"name":"Torvald Køhlsvej (Odder Kom)","lines":"1","arr":["1"],"terminus":0,"mode":"bus","color":"#0059a9","colorDark":"#00294f","angle":277.5,"snapDist":7,"label":1}},{"type":"Feature","geometry":{"type":"Point","coordinates":[10.147807,55.974583]},"properties":{"name":"Nørregade/Torvald Køhlsvej (Odder Kom)","lines":"1","arr":["1"],"terminus":0,"mode":"bus","color":"#0059a9","colorDark":"#00294f","angle":259.4,"snapDist":7,"label":1}},{"type":"Feature","geometry":{"type":"Point","coordinates":[10.150233,55.975259]},"properties":{"name":"Nørregade/Rådhusgade (Odder Kom)","lines":"1, 103, 302, 1004","arr":["1","103","302","1004"],"terminus":0,"mode":"bus","color":"#0059a9","colorDark":"#00294f","angle":97.7,"snapDist":10,"label":1}},{"type":"Feature","geometry":{"type":"Point","coordinates":[10.151613,55.973985]},"properties":{"name":"Ålykkecenteret (Odder Kom)","lines":"1","arr":["1"],"terminus":0,"mode":"bus","color":"#0059a9","colorDark":"#00294f","angle":0.8,"snapDist":6,"label":1}},{"type":"Feature","geometry":{"type":"Point","coordinates":[10.157961,55.969068]},"properties":{"name":"Lundeparken/Lundevej (Odder Kom)","lines":"1","arr":["1"],"terminus":0,"mode":"bus","color":"#0059a9","colorDark":"#00294f","angle":309,"snapDist":9,"label":1}},{"type":"Feature","geometry":{"type":"Point","coordinates":[10.151809,55.968295]},"properties":{"name":"Asylgade/Lundevej (Odder Kom)","lines":"1","arr":["1"],"terminus":0,"mode":"bus","color":"#0059a9","colorDark":"#00294f","angle":2.3,"snapDist":6,"label":1}},{"type":"Feature","geometry":{"type":"Point","coordinates":[10.066836,56.106715]},"properties":{"name":"Kolt/Kolt Kirkevej (Aarhus Kom)","lines":"1A","arr":["1A"],"terminus":1,"mode":"bus","color":"#0059a9","colorDark":"#00294f","angle":160,"snapDist":2,"label":1}},{"type":"Feature","geometry":{"type":"Point","coordinates":[10.071973,56.107218]},"properties":{"name":"Kunnerupvej/Kolt Østervej (Aarhus Kom)","lines":"1A","arr":["1A"],"terminus":0,"mode":"bus","color":"#0059a9","colorDark":"#00294f","angle":172.9,"snapDist":8,"label":1}},{"type":"Feature","geometry":{"type":"Point","coordinates":[10.078225,56.10868]},"properties":{"name":"Tunnelen/Kolt Østervej (Aarhus Kom)","lines":"1A","arr":["1A"],"terminus":0,"mode":"bus","color":"#0059a9","colorDark":"#00294f","angle":153.5,"snapDist":8,"label":1}},{"type":"Feature","geometry":{"type":"Point","coordinates":[10.082751,56.109703]},"properties":{"name":"Kunneruphøj/Kolt Østervej (Aarhus Kom)","lines":"1A","arr":["1A"],"terminus":0,"mode":"bus","color":"#0059a9","colorDark":"#00294f","angle":162.9,"snapDist":7,"label":1}},{"type":"Feature","geometry":{"type":"Point","coordinates":[10.093415,56.111164]},"properties":{"name":"Kolt Østerparken/Kolt Østervej (Aarhus Kom)","lines":"1A","arr":["1A"],"terminus":0,"mode":"bus","color":"#0059a9","colorDark":"#00294f","angle":153.7,"snapDist":12,"label":1}},{"type":"Feature","geometry":{"type":"Point","coordinates":[10.099023,56.111037]},"properties":{"name":"Skovhøj/Vangsbovej (Aarhus Kom)","lines":"1A","arr":["1A"],"terminus":0,"mode":"bus","color":"#0059a9","colorDark":"#00294f","angle":279.7,"snapDist":7,"label":1}},{"type":"Feature","geometry":{"type":"Point","coordinates":[10.098648,56.108902]},"properties":{"name":"Hasselbakken/Vangsbovej (Aarhus Kom)","lines":"1A","arr":["1A"],"terminus":0,"mode":"bus","color":"#0059a9","colorDark":"#00294f","angle":270.1,"snapDist":6,"label":1}},{"type":"Feature","geometry":{"type":"Point","coordinates":[10.099066,56.106657]},"properties":{"name":"Buen/Vangsbovej (Aarhus Kom)","lines":"1A","arr":["1A"],"terminus":0,"mode":"bus","color":"#0059a9","colorDark":"#00294f","angle":266.5,"snapDist":8,"label":1}},{"type":"Feature","geometry":{"type":"Point","coordinates":[10.100728,56.105787]},"properties":{"name":"Koltvej/Hovedvejen (Aarhus Kom)","lines":"1A, 200","arr":["1A","200"],"terminus":0,"mode":"bus","color":"#0059a9","colorDark":"#00294f","angle":166.6,"snapDist":13,"label":1}},{"type":"Feature","geometry":{"type":"Point","coordinates":[10.111515,56.107525]},"properties":{"name":"Jegstrupvej/Hovedvejen (Aarhus Kom)","lines":"1A, 200","arr":["1A","200"],"terminus":0,"mode":"bus","color":"#0059a9","colorDark":"#00294f","angle":161.6,"snapDist":13,"label":1}},{"type":"Feature","geometry":{"type":"Point","coordinates":[10.119452,56.109355]},"properties":{"name":"Sletvej/Møllebakken (Aarhus Kom)","lines":"1A","arr":["1A"],"terminus":0,"mode":"bus","color":"#0059a9","colorDark":"#00294f","angle":145.1,"snapDist":14,"label":1}},{"type":"Feature","geometry":{"type":"Point","coordinates":[10.126427,56.112249]},"properties":{"name":"Hasselager Allé/Skanderborgvej (Aarhus Kom)","lines":"1A, 200","arr":["1A","200"],"terminus":0,"mode":"bus","color":"#0059a9","colorDark":"#00294f","angle":141.6,"snapDist":12,"label":1}},{"type":"Feature","geometry":{"type":"Point","coordinates":[10.134272,56.115483]},"properties":{"name":"Hasselager Centervej/Skanderborgvej (Aarhus Kom)","lines":"1A, 200","arr":["1A","200"],"terminus":0,"mode":"bus","color":"#0059a9","colorDark":"#00294f","angle":141.4,"snapDist":12,"label":1}},{"type":"Feature","geometry":{"type":"Point","coordinates":[10.144251,56.119617]},"properties":{"name":"Søren Lofts Vej/Skanderborgvej (Aarhus Kom)","lines":"1A","arr":["1A"],"terminus":0,"mode":"bus","color":"#0059a9","colorDark":"#00294f","angle":143.6,"snapDist":15,"label":1}},{"type":"Feature","geometry":{"type":"Point","coordinates":[10.147026,56.12072]},"properties":{"name":"Ravnsbjergvej/Skanderborgvej (Aarhus Kom)","lines":"1A, 200","arr":["1A","200"],"terminus":0,"mode":"bus","color":"#0059a9","colorDark":"#00294f","angle":144.4,"snapDist":9,"label":1}},{"type":"Feature","geometry":{"type":"Point","coordinates":[10.152425,56.123251]},"properties":{"name":"Grøndalsvej/Skanderborgvej (Aarhus Kom)","lines":"1A, 200","arr":["1A","200"],"terminus":0,"mode":"bus","color":"#0059a9","colorDark":"#00294f","angle":139.5,"snapDist":13,"label":1}},{"type":"Feature","geometry":{"type":"Point","coordinates":[10.15571,56.124782]},"properties":{"name":"Viby Stadion/Skanderborgvej (Aarhus Kom)","lines":"1A, 14","arr":["1A","14"],"terminus":0,"mode":"bus","color":"#0059a9","colorDark":"#00294f","angle":140,"snapDist":12,"label":1}},{"type":"Feature","geometry":{"type":"Point","coordinates":[10.16293,56.128889]},"properties":{"name":"Viby Torv/Skanderborgvej (Aarhus Kom)","lines":"1A, 4A, 11, 14, 41, 42, 200","arr":["1A","4A","11","14","41","42","200"],"terminus":0,"mode":"bus","color":"#0059a9","colorDark":"#00294f","angle":132.6,"snapDist":12,"label":1}},{"type":"Feature","geometry":{"type":"Point","coordinates":[10.172713,56.134891]},"properties":{"name":"Bygholms Allé/Skanderborgvej (Aarhus Kom)","lines":"1A, 4A, 14, 41","arr":["1A","4A","14","41"],"terminus":0,"mode":"bus","color":"#0059a9","colorDark":"#00294f","angle":135.8,"snapDist":13,"label":1}},{"type":"Feature","geometry":{"type":"Point","coordinates":[10.177627,56.137544]},"properties":{"name":"Kongsvang/Skanderborgvej (Aarhus Kom)","lines":"1A, 2A, 4A, 14, 40, 41","arr":["1A","2A","4A","14","40","41"],"terminus":0,"mode":"bus","color":"#0059a9","colorDark":"#00294f","angle":138.3,"snapDist":13,"label":1}},{"type":"Feature","geometry":{"type":"Point","coordinates":[10.186642,56.142387]},"properties":{"name":"MarselisborgCentret/Skanderborgvej (Aarhus Kom)","lines":"1A, 2A, 4A, 14, 40, 41","arr":["1A","2A","4A","14","40","41"],"terminus":0,"mode":"bus","color":"#0059a9","colorDark":"#00294f","angle":132.7,"snapDist":9,"label":1}},{"type":"Feature","geometry":{"type":"Point","coordinates":[10.189903,56.14417]},"properties":{"name":"Harald Jensens Plads/Skanderborgvej (Aarhus Kom)","lines":"1A, 2A, 4A, 11, 14, 40, 41, 42, 200","arr":["1A","2A","4A","11","14","40","41","42","200"],"terminus":0,"mode":"bus","color":"#0059a9","colorDark":"#00294f","angle":134,"snapDist":13,"label":1}},{"type":"Feature","geometry":{"type":"Point","coordinates":[10.195782,56.147574]},"properties":{"name":"Holbergsgade/Frederiks Allé (Aarhus Kom)","lines":"1A, 2A, 4A, 11, 14, 40, 41, 42","arr":["1A","2A","4A","11","14","40","41","42"],"terminus":0,"mode":"bus","color":"#0059a9","colorDark":"#00294f","angle":127.8,"snapDist":9,"label":1}},{"type":"Feature","geometry":{"type":"Point","coordinates":[10.203171,56.150801]},"properties":{"name":"Park Allé/Banegårdspladsen (Aarhus Kom)","lines":"1A, 46","arr":["1A","46"],"terminus":1,"mode":"bus","color":"#0059a9","colorDark":"#00294f","angle":67.2,"snapDist":1,"label":1}},{"type":"Feature","geometry":{"type":"Point","coordinates":[10.204501,56.153737]},"properties":{"name":"H. H. Seedorffs Stræde (Aarhus Kom)","lines":"1A, 2A, 3A, 4A, 11, 13, 16, 17, 18, 43, 44, 45, 46","arr":["1A","2A","3A","4A","11","13","16","17","18","43","44","45","46"],"terminus":0,"mode":"bus","color":"#0059a9","colorDark":"#00294f","angle":113.9,"snapDist":2,"label":1}},{"type":"Feature","geometry":{"type":"Point","coordinates":[10.206167,56.155481]},"properties":{"name":"Busgaden (Aarhus Kom)","lines":"1A, 2A, 3A, 4A, 11, 13, 16, 17, 18, 43, 44, 45, 46","arr":["1A","2A","3A","4A","11","13","16","17","18","43","44","45","46"],"terminus":0,"mode":"bus","color":"#0059a9","colorDark":"#00294f","angle":114.6,"snapDist":4,"label":1}},{"type":"Feature","geometry":{"type":"Point","coordinates":[10.205392,56.156869]},"properties":{"name":"Emil Vetts Passage (Aarhus Kom)","lines":"1A, 2A, 3A, 4A, 11, 13, 16, 17, 18, 43, 44, 45, 46","arr":["1A","2A","3A","4A","11","13","16","17","18","43","44","45","46"],"terminus":0,"mode":"bus","color":"#0059a9","colorDark":"#00294f","angle":135.2,"snapDist":4,"label":1}},{"type":"Feature","geometry":{"type":"Point","coordinates":[10.205693,56.158462]},"properties":{"name":"Klostertorvet (Aarhus Kom)","lines":"1A, 2A, 3A, 4A, 11, 13, 16, 17, 18, 43, 44, 45, 46, 100, 200","arr":["1A","2A","3A","4A","11","13","16","17","18","43","44","45","46","100","200"],"terminus":0,"mode":"bus","color":"#0059a9","colorDark":"#00294f","angle":105.7,"snapDist":7,"label":1}},{"type":"Feature","geometry":{"type":"Point","coordinates":[10.209214,56.160609]},"properties":{"name":"Nørregade (Aarhus Kom)","lines":"1A, 3A, 16, 17, 18, 46","arr":["1A","3A","16","17","18","46"],"terminus":0,"mode":"bus","color":"#0059a9","colorDark":"#00294f","angle":130.4,"snapDist":4,"label":1}},{"type":"Feature","geometry":{"type":"Point","coordinates":[10.210735,56.162858]},"properties":{"name":"Nørreport/Nørrebrogade (Aarhus Kom)","lines":"1A, 12, 15, 16, 18, 100, 123, 200","arr":["1A","12","15","16","18","100","123","200"],"terminus":0,"mode":"bus","color":"#0059a9","colorDark":"#00294f","angle":68.3,"snapDist":7,"label":1}},{"type":"Feature","geometry":{"type":"Point","coordinates":[10.209564,56.165566]},"properties":{"name":"Nørrebrogade/Nørre Boulevard (Aarhus Kom)","lines":"1A, 15","arr":["1A","15"],"terminus":0,"mode":"bus","color":"#0059a9","colorDark":"#00294f","angle":190.9,"snapDist":6,"label":1}},{"type":"Feature","geometry":{"type":"Point","coordinates":[10.213506,56.166425]},"properties":{"name":"Kirkegårdsvej (Aarhus Kom)","lines":"1A","arr":["1A"],"terminus":0,"mode":"bus","color":"#0059a9","colorDark":"#00294f","angle":111.8,"snapDist":10,"label":1}},{"type":"Feature","geometry":{"type":"Point","coordinates":[10.215781,56.169672]},"properties":{"name":"Niels Juels Gade/Tordenskjoldsgade (Aarhus Kom)","lines":"1A, 46","arr":["1A","46"],"terminus":0,"mode":"bus","color":"#0059a9","colorDark":"#00294f","angle":105.4,"snapDist":9,"label":1}},{"type":"Feature","geometry":{"type":"Point","coordinates":[10.216471,56.172315]},"properties":{"name":"Herluf Trolles Gade/Tordenskjoldsgade (Aarhus Kom)","lines":"1A, 46","arr":["1A","46"],"terminus":0,"mode":"bus","color":"#0059a9","colorDark":"#00294f","angle":101.9,"snapDist":6,"label":1}},{"type":"Feature","geometry":{"type":"Point","coordinates":[10.217168,56.174047]},"properties":{"name":"Skovvangsvej/Tordenskjoldsgade (Aarhus Kom)","lines":"1A, 46","arr":["1A","46"],"terminus":0,"mode":"bus","color":"#0059a9","colorDark":"#00294f","angle":102.4,"snapDist":9,"label":1}},{"type":"Feature","geometry":{"type":"Point","coordinates":[10.218732,56.176775]},"properties":{"name":"Marienlund/Marienlunds Allé (Aarhus Kom)","lines":"1A, 46","arr":["1A","46"],"terminus":0,"mode":"bus","color":"#0059a9","colorDark":"#00294f","angle":90.7,"snapDist":7,"label":0}},{"type":"Feature","geometry":{"type":"Point","coordinates":[10.218049,56.181493]},"properties":{"name":"Risvang Allé/Grenåvej (Aarhus Kom)","lines":"1A, 12, 17, 46","arr":["1A","12","17","46"],"terminus":0,"mode":"bus","color":"#0059a9","colorDark":"#00294f","angle":87.2,"snapDist":9,"label":1}},{"type":"Feature","geometry":{"type":"Point","coordinates":[10.218255,56.185984]},"properties":{"name":"Asylvej/Grenåvej (Aarhus Kom)","lines":"1A, 100, 123","arr":["1A","100","123"],"terminus":0,"mode":"bus","color":"#0059a9","colorDark":"#00294f","angle":92.7,"snapDist":11,"label":1}},{"type":"Feature","geometry":{"type":"Point","coordinates":[10.218579,56.189563]},"properties":{"name":"Veri Center/Grenåvej (Aarhus Kom)","lines":"1A, 18, 100, 123","arr":["1A","18","100","123"],"terminus":0,"mode":"bus","color":"#0059a9","colorDark":"#00294f","angle":91.7,"snapDist":13,"label":1}},{"type":"Feature","geometry":{"type":"Point","coordinates":[10.218797,56.192592]},"properties":{"name":"Tretommervej/Grenåvej (Aarhus Kom)","lines":"1A, 18","arr":["1A","18"],"terminus":0,"mode":"bus","color":"#0059a9","colorDark":"#00294f","angle":93,"snapDist":13,"label":1}},{"type":"Feature","geometry":{"type":"Point","coordinates":[10.219835,56.196008]},"properties":{"name":"Grenåvej/Vejlby Centervej (Aarhus Kom)","lines":"1A, 16","arr":["1A","16"],"terminus":0,"mode":"bus","color":"#0059a9","colorDark":"#00294f","angle":38.2,"snapDist":5,"label":1}},{"type":"Feature","geometry":{"type":"Point","coordinates":[10.220426,56.198464]},"properties":{"name":"Jættehøjen/Nordlandsvej (Aarhus Kom)","lines":"1A","arr":["1A"],"terminus":0,"mode":"bus","color":"#0059a9","colorDark":"#00294f","angle":145.7,"snapDist":6,"label":1}},{"type":"Feature","geometry":{"type":"Point","coordinates":[10.225912,56.20039]},"properties":{"name":"Stålhøjen/Nordlandsvej (Aarhus Kom)","lines":"1A","arr":["1A"],"terminus":0,"mode":"bus","color":"#0059a9","colorDark":"#00294f","angle":164.6,"snapDist":6,"label":1}},{"type":"Feature","geometry":{"type":"Point","coordinates":[10.225965,56.204156]},"properties":{"name":"Torsøvej/Nordlandsvej (Aarhus Kom)","lines":"1A","arr":["1A"],"terminus":0,"mode":"bus","color":"#0059a9","colorDark":"#00294f","angle":66.1,"snapDist":7,"label":1}},{"type":"Feature","geometry":{"type":"Point","coordinates":[10.224268,56.206211]},"properties":{"name":"Viengevej/Nordlandsvej (Aarhus Kom)","lines":"1A","arr":["1A"],"terminus":0,"mode":"bus","color":"#0059a9","colorDark":"#00294f","angle":57.3,"snapDist":5,"label":1}},{"type":"Feature","geometry":{"type":"Point","coordinates":[10.218213,56.207797]},"properties":{"name":"Enemærket/Nordlandsvej (Aarhus Kom)","lines":"1A, 45","arr":["1A","45"],"terminus":0,"mode":"bus","color":"#0059a9","colorDark":"#00294f","angle":12.7,"snapDist":5,"label":1}},{"type":"Feature","geometry":{"type":"Point","coordinates":[10.21211,56.208572]},"properties":{"name":"Krogagre/Nordlandsvej (Aarhus Kom)","lines":"1A, 45","arr":["1A","45"],"terminus":0,"mode":"bus","color":"#0059a9","colorDark":"#00294f","angle":12.4,"snapDist":6,"label":1}},{"type":"Feature","geometry":{"type":"Point","coordinates":[10.211401,56.205743]},"properties":{"name":"Flintebakken/Stenagervej (Aarhus Kom)","lines":"1A, 45","arr":["1A","45"],"terminus":0,"mode":"bus","color":"#0059a9","colorDark":"#00294f","angle":251.9,"snapDist":6,"label":1}},{"type":"Feature","geometry":{"type":"Point","coordinates":[10.213068,56.202457]},"properties":{"name":"Vejlby/Stenagervej (Aarhus Kom)","lines":"1A","arr":["1A"],"terminus":1,"mode":"bus","color":"#0059a9","colorDark":"#00294f","angle":-65.7,"snapDist":10,"label":1}},{"type":"Feature","geometry":{"type":"Point","coordinates":[10.211136,56.206203]},"properties":{"name":"Flintebakken/Stenagervej (Aarhus Kom)","lines":"1A, 45","arr":["1A","45"],"terminus":0,"mode":"bus","color":"#0059a9","colorDark":"#00294f","angle":72.4,"snapDist":7,"label":0}},{"type":"Feature","geometry":{"type":"Point","coordinates":[10.212116,56.208571]},"properties":{"name":"Krogagre/Nordlandsvej (Aarhus Kom)","lines":"1A, 45","arr":["1A","45"],"terminus":0,"mode":"bus","color":"#0059a9","colorDark":"#00294f","angle":192.6,"snapDist":7,"label":0}},{"type":"Feature","geometry":{"type":"Point","coordinates":[10.217882,56.20784]},"properties":{"name":"Enemærket/Nordlandsvej (Aarhus Kom)","lines":"1A, 45","arr":["1A","45"],"terminus":0,"mode":"bus","color":"#0059a9","colorDark":"#00294f","angle":193.2,"snapDist":6,"label":0}},{"type":"Feature","geometry":{"type":"Point","coordinates":[10.224392,56.206097]},"properties":{"name":"Viengevej/Nordlandsvej (Aarhus Kom)","lines":"1A","arr":["1A"],"terminus":0,"mode":"bus","color":"#0059a9","colorDark":"#00294f","angle":242.5,"snapDist":7,"label":0}},{"type":"Feature","geometry":{"type":"Point","coordinates":[10.226052,56.204046]},"properties":{"name":"Torsøvej/Nordlandsvej (Aarhus Kom)","lines":"1A","arr":["1A"],"terminus":0,"mode":"bus","color":"#0059a9","colorDark":"#00294f","angle":246.1,"snapDist":7,"label":0}},{"type":"Feature","geometry":{"type":"Point","coordinates":[10.225122,56.200232]},"properties":{"name":"Stålhøjen/Nordlandsvej (Aarhus Kom)","lines":"1A","arr":["1A"],"terminus":0,"mode":"bus","color":"#0059a9","colorDark":"#00294f","angle":332.7,"snapDist":7,"label":0}},{"type":"Feature","geometry":{"type":"Point","coordinates":[10.220838,56.19862]},"properties":{"name":"Jættehøjen/Nordlandsvej (Aarhus Kom)","lines":"1A","arr":["1A"],"terminus":0,"mode":"bus","color":"#0059a9","colorDark":"#00294f","angle":325.7,"snapDist":7,"label":0}},{"type":"Feature","geometry":{"type":"Point","coordinates":[10.219882,56.195255]},"properties":{"name":"Vejlby Centervej/Grenåvej","lines":"1A, 18, 100, 123, 925X","arr":["1A","18","100","123","925X"],"terminus":0,"mode":"bus","color":"#0059a9","colorDark":"#00294f","angle":297.5,"snapDist":11,"label":1}},{"type":"Feature","geometry":{"type":"Point","coordinates":[10.21854,56.192059]},"properties":{"name":"Tretommervej/Grenåvej (Aarhus Kom)","lines":"1A, 18","arr":["1A","18"],"terminus":0,"mode":"bus","color":"#0059a9","colorDark":"#00294f","angle":271.6,"snapDist":14,"label":0}},{"type":"Feature","geometry":{"type":"Point","coordinates":[10.218275,56.188423]},"properties":{"name":"Veri Center/Grenåvej (Aarhus Kom)","lines":"1A, 100, 123","arr":["1A","100","123"],"terminus":0,"mode":"bus","color":"#0059a9","colorDark":"#00294f","angle":272.4,"snapDist":6,"label":0}},{"type":"Feature","geometry":{"type":"Point","coordinates":[10.218043,56.185298]},"properties":{"name":"Asylvej/Grenåvej (Aarhus Kom)","lines":"1A, 12, 17, 46, 100, 123","arr":["1A","12","17","46","100","123"],"terminus":0,"mode":"bus","color":"#0059a9","colorDark":"#00294f","angle":272.9,"snapDist":6,"label":0}},{"type":"Feature","geometry":{"type":"Point","coordinates":[10.218005,56.180611]},"properties":{"name":"Risvang Allé/Grenåvej (Aarhus Kom)","lines":"1A, 12, 17, 46, 100, 123","arr":["1A","12","17","46","100","123"],"terminus":0,"mode":"bus","color":"#0059a9","colorDark":"#00294f","angle":264.5,"snapDist":11,"label":0}},{"type":"Feature","geometry":{"type":"Point","coordinates":[10.218759,56.177164]},"properties":{"name":"Marienlund/Marienlunds Allé (Aarhus Kom)","lines":"1A, 46","arr":["1A","46"],"terminus":0,"mode":"bus","color":"#0059a9","colorDark":"#00294f","angle":281.2,"snapDist":9,"label":0}},{"type":"Feature","geometry":{"type":"Point","coordinates":[10.217207,56.174147]},"properties":{"name":"Skovvangsvej/Tordenskjoldsgade (Aarhus Kom)","lines":"1A, 46","arr":["1A","46"],"terminus":0,"mode":"bus","color":"#0059a9","colorDark":"#00294f","angle":282.4,"snapDist":6,"label":0}},{"type":"Feature","geometry":{"type":"Point","coordinates":[10.21649,56.172364]},"properties":{"name":"Herluf Trolles Gade/Tordenskjoldsgade (Aarhus Kom)","lines":"1A, 46","arr":["1A","46"],"terminus":0,"mode":"bus","color":"#0059a9","colorDark":"#00294f","angle":282,"snapDist":7,"label":0}},{"type":"Feature","geometry":{"type":"Point","coordinates":[10.215787,56.169684]},"properties":{"name":"Niels Juels Gade/Tordenskjoldsgade (Aarhus Kom)","lines":"1A, 46","arr":["1A","46"],"terminus":0,"mode":"bus","color":"#0059a9","colorDark":"#00294f","angle":285.4,"snapDist":5,"label":0}},{"type":"Feature","geometry":{"type":"Point","coordinates":[10.213689,56.16668]},"properties":{"name":"Kirkegårdsvej (Aarhus Kom)","lines":"1A","arr":["1A"],"terminus":0,"mode":"bus","color":"#0059a9","colorDark":"#00294f","angle":291.8,"snapDist":8,"label":0}},{"type":"Feature","geometry":{"type":"Point","coordinates":[10.209373,56.165586]},"properties":{"name":"Nørrebrogade/Nørre Boulevard (Aarhus Kom)","lines":"1A, 15","arr":["1A","15"],"terminus":0,"mode":"bus","color":"#0059a9","colorDark":"#00294f","angle":10.9,"snapDist":6,"label":0}},{"type":"Feature","geometry":{"type":"Point","coordinates":[10.210826,56.161709]},"properties":{"name":"Nørreport/Nørregade (Aarhus Kom)","lines":"1A, 3A, 16, 17, 18, 46","arr":["1A","3A","16","17","18","46"],"terminus":0,"mode":"bus","color":"#0059a9","colorDark":"#00294f","angle":305.8,"snapDist":6,"label":1}},{"type":"Feature","geometry":{"type":"Point","coordinates":[10.206622,56.160179]},"properties":{"name":"Nørre Allé (Aarhus Kom)","lines":"1A, 3A, 16, 17, 18, 46","arr":["1A","3A","16","17","18","46"],"terminus":0,"mode":"bus","color":"#0059a9","colorDark":"#00294f","angle":348.7,"snapDist":3,"label":1}},{"type":"Feature","geometry":{"type":"Point","coordinates":[10.205718,56.158511]},"properties":{"name":"Klostertorvet (Aarhus Kom)","lines":"1A, 2A, 3A, 4A, 11, 13, 16, 17, 18, 43, 45, 46, 100, 200","arr":["1A","2A","3A","4A","11","13","16","17","18","43","45","46","100","200"],"terminus":0,"mode":"bus","color":"#0059a9","colorDark":"#00294f","angle":285.7,"snapDist":7,"label":0}},{"type":"Feature","geometry":{"type":"Point","coordinates":[10.205302,56.156896]},"properties":{"name":"Emil Vetts Passage (Aarhus Kom)","lines":"1A, 2A, 3A, 4A, 11, 13, 16, 17, 18, 43, 45, 46","arr":["1A","2A","3A","4A","11","13","16","17","18","43","45","46"],"terminus":0,"mode":"bus","color":"#0059a9","colorDark":"#00294f","angle":287.2,"snapDist":3,"label":0}},{"type":"Feature","geometry":{"type":"Point","coordinates":[10.206121,56.155547]},"properties":{"name":"Busgaden (Aarhus Kom)","lines":"1A, 2A, 3A, 4A, 11, 13, 16, 17, 18, 43, 45, 46","arr":["1A","2A","3A","4A","11","13","16","17","18","43","45","46"],"terminus":0,"mode":"bus","color":"#0059a9","colorDark":"#00294f","angle":292.6,"snapDist":1,"label":0}},{"type":"Feature","geometry":{"type":"Point","coordinates":[10.204256,56.15343]},"properties":{"name":"H. H. Seedorffs Stræde (Aarhus Kom)","lines":"1A, 2A, 3A, 4A, 11, 13, 16, 17, 18, 43, 45, 46","arr":["1A","2A","3A","4A","11","13","16","17","18","43","45","46"],"terminus":0,"mode":"bus","color":"#0059a9","colorDark":"#00294f","angle":293.9,"snapDist":8,"label":0}},{"type":"Feature","geometry":{"type":"Point","coordinates":[10.203103,56.150897]},"properties":{"name":"Park Allé/Banegårdspladsen (Aarhus Kom)","lines":"1A, 2A, 4A, 11, 40, 41","arr":["1A","2A","4A","11","40","41"],"terminus":1,"mode":"bus","color":"#0059a9","colorDark":"#00294f","angle":253.6,"snapDist":7,"label":0}},{"type":"Feature","geometry":{"type":"Point","coordinates":[10.193744,56.146271]},"properties":{"name":"Holbergsgade/Frederiks Allé (Aarhus Kom)","lines":"1A, 2A, 4A, 11, 14, 40, 41, 42","arr":["1A","2A","4A","11","14","40","41","42"],"terminus":0,"mode":"bus","color":"#0059a9","colorDark":"#00294f","angle":318,"snapDist":4,"label":0}},{"type":"Feature","geometry":{"type":"Point","coordinates":[10.1884,56.143512]},"properties":{"name":"Harald Jensens Plads/Skanderborgvej (Aarhus Kom)","lines":"1A, 2A, 4A, 14, 40, 41, 200","arr":["1A","2A","4A","14","40","41","200"],"terminus":0,"mode":"bus","color":"#0059a9","colorDark":"#00294f","angle":314.5,"snapDist":10,"label":0}},{"type":"Feature","geometry":{"type":"Point","coordinates":[10.185526,56.141865]},"properties":{"name":"MarselisborgCentret/Skanderborgvej (Aarhus Kom)","lines":"1A, 2A, 4A, 14, 40, 41","arr":["1A","2A","4A","14","40","41"],"terminus":0,"mode":"bus","color":"#0059a9","colorDark":"#00294f","angle":314,"snapDist":9,"label":0}},{"type":"Feature","geometry":{"type":"Point","coordinates":[10.179187,56.138453]},"properties":{"name":"Kongsvang/Skanderborgvej (Aarhus Kom)","lines":"1A, 2A, 4A, 14, 40, 41, 200","arr":["1A","2A","4A","14","40","41","200"],"terminus":0,"mode":"bus","color":"#0059a9","colorDark":"#00294f","angle":320.2,"snapDist":13,"label":0}},{"type":"Feature","geometry":{"type":"Point","coordinates":[10.172106,56.13474]},"properties":{"name":"Bygholms Allé/Skanderborgvej (Aarhus Kom)","lines":"1A, 4A, 14, 41","arr":["1A","4A","14","41"],"terminus":0,"mode":"bus","color":"#0059a9","colorDark":"#00294f","angle":315.8,"snapDist":9,"label":0}},{"type":"Feature","geometry":{"type":"Point","coordinates":[10.161616,56.128151]},"properties":{"name":"Viby Torv/Skanderborgvej (Aarhus Kom)","lines":"1A, 4A, 6A, 14, 41, 200","arr":["1A","4A","6A","14","41","200"],"terminus":0,"mode":"bus","color":"#0059a9","colorDark":"#00294f","angle":298.8,"snapDist":12,"label":0}},{"type":"Feature","geometry":{"type":"Point","coordinates":[10.155579,56.124881]},"properties":{"name":"Viby Stadion/Skanderborgvej (Aarhus Kom)","lines":"1A, 14","arr":["1A","14"],"terminus":0,"mode":"bus","color":"#0059a9","colorDark":"#00294f","angle":320.3,"snapDist":12,"label":0}},{"type":"Feature","geometry":{"type":"Point","coordinates":[10.151296,56.122886]},"properties":{"name":"Grøndalsvej/Skanderborgvej (Aarhus Kom)","lines":"1A, 200","arr":["1A","200"],"terminus":0,"mode":"bus","color":"#0059a9","colorDark":"#00294f","angle":320.4,"snapDist":11,"label":0}},{"type":"Feature","geometry":{"type":"Point","coordinates":[10.145922,56.120471]},"properties":{"name":"Ravnsbjergvej/Skanderborgvej (Aarhus Kom)","lines":"1A, 200","arr":["1A","200"],"terminus":0,"mode":"bus","color":"#0059a9","colorDark":"#00294f","angle":324,"snapDist":11,"label":0}},{"type":"Feature","geometry":{"type":"Point","coordinates":[10.141659,56.118659]},"properties":{"name":"Søren Lofts Vej/Skanderborgvej (Aarhus Kom)","lines":"1A","arr":["1A"],"terminus":0,"mode":"bus","color":"#0059a9","colorDark":"#00294f","angle":322.4,"snapDist":12,"label":0}},{"type":"Feature","geometry":{"type":"Point","coordinates":[10.131893,56.114631]},"properties":{"name":"Hasselager Centervej/Skanderborgvej (Aarhus Kom)","lines":"1A, 200","arr":["1A","200"],"terminus":0,"mode":"bus","color":"#0059a9","colorDark":"#00294f","angle":323.3,"snapDist":11,"label":0}},{"type":"Feature","geometry":{"type":"Point","coordinates":[10.124819,56.11171]},"properties":{"name":"Hasselager Allé/Skanderborgvej (Aarhus Kom)","lines":"1A, 200","arr":["1A","200"],"terminus":0,"mode":"bus","color":"#0059a9","colorDark":"#00294f","angle":323.6,"snapDist":10,"label":0}},{"type":"Feature","geometry":{"type":"Point","coordinates":[10.118052,56.109025]},"properties":{"name":"Sletvej/Møllebakken (Aarhus Kom)","lines":"1A","arr":["1A"],"terminus":0,"mode":"bus","color":"#0059a9","colorDark":"#00294f","angle":325.3,"snapDist":11,"label":0}},{"type":"Feature","geometry":{"type":"Point","coordinates":[10.110943,56.107419]},"properties":{"name":"Jegstrupvej/Hovedvejen (Aarhus Kom)","lines":"1A, 200","arr":["1A","200"],"terminus":0,"mode":"bus","color":"#0059a9","colorDark":"#00294f","angle":341.6,"snapDist":16,"label":0}},{"type":"Feature","geometry":{"type":"Point","coordinates":[10.100969,56.105819]},"properties":{"name":"Koltvej/Hovedvejen (Aarhus Kom)","lines":"1A, 200","arr":["1A","200"],"terminus":0,"mode":"bus","color":"#0059a9","colorDark":"#00294f","angle":346.4,"snapDist":3,"label":0}},{"type":"Feature","geometry":{"type":"Point","coordinates":[10.098977,56.106968]},"properties":{"name":"Buen/Vangsbovej (Aarhus Kom)","lines":"1A","arr":["1A"],"terminus":0,"mode":"bus","color":"#0059a9","colorDark":"#00294f","angle":80.2,"snapDist":4,"label":0}},{"type":"Feature","geometry":{"type":"Point","coordinates":[10.098664,56.109119]},"properties":{"name":"Hasselbakken/Vangsbovej (Aarhus Kom)","lines":"1A","arr":["1A"],"terminus":0,"mode":"bus","color":"#0059a9","colorDark":"#00294f","angle":93.4,"snapDist":5,"label":0}},{"type":"Feature","geometry":{"type":"Point","coordinates":[10.099013,56.111006]},"properties":{"name":"Skovhøj/Vangsbovej (Aarhus Kom)","lines":"1A","arr":["1A"],"terminus":0,"mode":"bus","color":"#0059a9","colorDark":"#00294f","angle":99.8,"snapDist":4,"label":0}},{"type":"Feature","geometry":{"type":"Point","coordinates":[10.091679,56.110726]},"properties":{"name":"Kolt Østerparken/Kolt Østervej (Aarhus Kom)","lines":"1A","arr":["1A"],"terminus":0,"mode":"bus","color":"#0059a9","colorDark":"#00294f","angle":344.5,"snapDist":8,"label":0}},{"type":"Feature","geometry":{"type":"Point","coordinates":[10.083371,56.109809]},"properties":{"name":"Kunneruphøj/Kolt Østervej (Aarhus Kom)","lines":"1A","arr":["1A"],"terminus":0,"mode":"bus","color":"#0059a9","colorDark":"#00294f","angle":342.9,"snapDist":11,"label":0}},{"type":"Feature","geometry":{"type":"Point","coordinates":[10.07821,56.108675]},"properties":{"name":"Tunnelen/Kolt Østervej (Aarhus Kom)","lines":"1A","arr":["1A"],"terminus":0,"mode":"bus","color":"#0059a9","colorDark":"#00294f","angle":333.5,"snapDist":9,"label":0}},{"type":"Feature","geometry":{"type":"Point","coordinates":[10.072001,56.10722]},"properties":{"name":"Kunnerupvej/Kolt Østervej (Aarhus Kom)","lines":"1A","arr":["1A"],"terminus":0,"mode":"bus","color":"#0059a9","colorDark":"#00294f","angle":352.9,"snapDist":5,"label":0}},{"type":"Feature","geometry":{"type":"Point","coordinates":[10.142828,55.970344]},"properties":{"name":"Skovbakkeskolen (Odder Kom)","lines":"2, 331, 1002","arr":["2","331","1002"],"terminus":1,"mode":"bus","color":"#0059a9","colorDark":"#00294f","angle":114.9,"snapDist":2,"label":1}},{"type":"Feature","geometry":{"type":"Point","coordinates":[10.142718,55.972123]},"properties":{"name":"Rosensgade/Nygade (Odder Kom)","lines":"2, 331","arr":["2","331"],"terminus":0,"mode":"bus","color":"#0059a9","colorDark":"#00294f","angle":58.6,"snapDist":7,"label":1}},{"type":"Feature","geometry":{"type":"Point","coordinates":[10.132567,55.971649]},"properties":{"name":"Jonasdalen/Snærildvej (Odder Kom)","lines":"2","arr":["2"],"terminus":0,"mode":"bus","color":"#0059a9","colorDark":"#00294f","angle":7.1,"snapDist":3,"label":1}},{"type":"Feature","geometry":{"type":"Point","coordinates":[10.126439,55.972898]},"properties":{"name":"Vesterled/Snærildvej (Odder Kom)","lines":"2","arr":["2"],"terminus":0,"mode":"bus","color":"#0059a9","colorDark":"#00294f","angle":26.6,"snapDist":2,"label":1}},{"type":"Feature","geometry":{"type":"Point","coordinates":[10.12144,55.97533]},"properties":{"name":"Snærildvej (Odder Kom)","lines":"2, 1002","arr":["2","1002"],"terminus":0,"mode":"bus","color":"#0059a9","colorDark":"#00294f","angle":45.3,"snapDist":6,"label":1}},{"type":"Feature","geometry":{"type":"Point","coordinates":[10.117583,55.978222]},"properties":{"name":"Høghus/Snærildvej (Odder Kom)","lines":"2, 1002","arr":["2","1002"],"terminus":0,"mode":"bus","color":"#0059a9","colorDark":"#00294f","angle":54.2,"snapDist":4,"label":1}},{"type":"Feature","geometry":{"type":"Point","coordinates":[10.115049,55.981567]},"properties":{"name":"Overskov/Snærildvej (Odder Kom)","lines":"2, 1002","arr":["2","1002"],"terminus":0,"mode":"bus","color":"#0059a9","colorDark":"#00294f","angle":60.1,"snapDist":7,"label":1}},{"type":"Feature","geometry":{"type":"Point","coordinates":[10.11999,55.986873]},"properties":{"name":"Bendixminde (Odder Kom)","lines":"2","arr":["2"],"terminus":0,"mode":"bus","color":"#0059a9","colorDark":"#00294f","angle":183.4,"snapDist":11,"label":1}},{"type":"Feature","geometry":{"type":"Point","coordinates":[10.123275,55.979568]},"properties":{"name":"Overskov/Vestermarken (Odder Kom)","lines":"2","arr":["2"],"terminus":0,"mode":"bus","color":"#0059a9","colorDark":"#00294f","angle":139.4,"snapDist":8,"label":1}},{"type":"Feature","geometry":{"type":"Point","coordinates":[10.125389,55.980257]},"properties":{"name":"Løkkegaardsvej/Vestermarken (Odder Kom)","lines":"2","arr":["2"],"terminus":0,"mode":"bus","color":"#0059a9","colorDark":"#00294f","angle":160.8,"snapDist":5,"label":1}},{"type":"Feature","geometry":{"type":"Point","coordinates":[10.128203,55.981073]},"properties":{"name":"Vesterhåb/Vestermarken (Odder Kom)","lines":"2","arr":["2"],"terminus":0,"mode":"bus","color":"#0059a9","colorDark":"#00294f","angle":147.2,"snapDist":3,"label":1}},{"type":"Feature","geometry":{"type":"Point","coordinates":[10.134085,55.980896]},"properties":{"name":"Saloparken/Vennelundsvej (Odder Kom)","lines":"2, 100","arr":["2","100"],"terminus":0,"mode":"bus","color":"#0059a9","colorDark":"#00294f","angle":271,"snapDist":5,"label":1}},{"type":"Feature","geometry":{"type":"Point","coordinates":[10.134259,55.977263]},"properties":{"name":"Frederikshaldparken/Vennelundsvej (Odder Kom)","lines":"2, 100","arr":["2","100"],"terminus":0,"mode":"bus","color":"#0059a9","colorDark":"#00294f","angle":260.4,"snapDist":4,"label":1}},{"type":"Feature","geometry":{"type":"Point","coordinates":[10.135469,55.974189]},"properties":{"name":"Egelunden/Vennelundsvej (Odder Kom)","lines":"2, 100","arr":["2","100"],"terminus":0,"mode":"bus","color":"#0059a9","colorDark":"#00294f","angle":258,"snapDist":4,"label":1}},{"type":"Feature","geometry":{"type":"Point","coordinates":[10.145568,55.973621]},"properties":{"name":"Teglbakken/Nørregade (Odder Kom)","lines":"2, 100, 331","arr":["2","100","331"],"terminus":0,"mode":"bus","color":"#0059a9","colorDark":"#00294f","angle":161.8,"snapDist":8,"label":1}},{"type":"Feature","geometry":{"type":"Point","coordinates":[10.048072,56.327448]},"properties":{"name":"Hadsten St./Østergade","lines":"2, 4, 115, 118, 314","arr":["2","4","115","118","314"],"terminus":1,"mode":"bus","color":"#0059a9","colorDark":"#00294f","angle":30.6,"snapDist":6,"label":1}},{"type":"Feature","geometry":{"type":"Point","coordinates":[10.056314,56.334459]},"properties":{"name":"Hadsten Skole/Hadbjergvej (Favrskov Kom)","lines":"2","arr":["2"],"terminus":0,"mode":"bus","color":"#0059a9","colorDark":"#00294f","angle":169.4,"snapDist":38,"label":1}},{"type":"Feature","geometry":{"type":"Point","coordinates":[10.058894,56.331632]},"properties":{"name":"Sundhedscenter Hadsten","lines":"2, 115","arr":["2","115"],"terminus":0,"mode":"bus","color":"#0059a9","colorDark":"#00294f","angle":271.3,"snapDist":1,"label":1}},{"type":"Feature","geometry":{"type":"Point","coordinates":[10.105545,56.330057]},"properties":{"name":"Hadbjerg Skole/Mejsevej (Favrskov Kom)","lines":"2, 3","arr":["2","3"],"terminus":1,"mode":"bus","color":"#0059a9","colorDark":"#00294f","angle":340.2,"snapDist":24,"label":1}},{"type":"Feature","geometry":{"type":"Point","coordinates":[10.094103,56.308658]},"properties":{"name":"Selling/Tåstrupvej (Favrskov Kom)","lines":"2","arr":["2"],"terminus":0,"mode":"bus","color":"#0059a9","colorDark":"#00294f","angle":292.6,"snapDist":3,"label":1}},{"type":"Feature","geometry":{"type":"Point","coordinates":[10.10678,56.300132]},"properties":{"name":"Tåstrup (Favrskov Kom)","lines":"2","arr":["2"],"terminus":0,"mode":"bus","color":"#0059a9","colorDark":"#00294f","angle":101.4,"snapDist":2,"label":1}},{"type":"Feature","geometry":{"type":"Point","coordinates":[10.135937,56.311829]},"properties":{"name":"Mejlbyvej/Niels W. Gades Vej (Favrskov Kom)","lines":"2","arr":["2"],"terminus":0,"mode":"bus","color":"#0059a9","colorDark":"#00294f","angle":-19.6,"snapDist":8,"label":1}},{"type":"Feature","geometry":{"type":"Point","coordinates":[10.169684,56.312183]},"properties":{"name":"Hallingvej/Mejlbyvej (Favrskov Kom)","lines":"2","arr":["2"],"terminus":0,"mode":"bus","color":"#0059a9","colorDark":"#00294f","angle":174.4,"snapDist":5,"label":1}},{"type":"Feature","geometry":{"type":"Point","coordinates":[10.137835,56.334842]},"properties":{"name":"Langskovvej/Elkjærvej (Favrskov Kom)","lines":"2, 3","arr":["2","3"],"terminus":0,"mode":"bus","color":"#0059a9","colorDark":"#00294f","angle":280.1,"snapDist":6,"label":1}},{"type":"Feature","geometry":{"type":"Point","coordinates":[10.165444,56.10456]},"properties":{"name":"Holme/Karetmagertoften (Aarhus Kom)","lines":"2A","arr":["2A"],"terminus":1,"mode":"bus","color":"#0059a9","colorDark":"#00294f","angle":109.3,"snapDist":4,"label":1}},{"type":"Feature","geometry":{"type":"Point","coordinates":[10.167298,56.106638]},"properties":{"name":"Sadelmagertoften/Bjødstrupvej (Aarhus Kom)","lines":"2A","arr":["2A"],"terminus":0,"mode":"bus","color":"#0059a9","colorDark":"#00294f","angle":108.9,"snapDist":4,"label":1}},{"type":"Feature","geometry":{"type":"Point","coordinates":[10.167862,56.108173]},"properties":{"name":"Urmagertoften/Bjødstrupvej (Aarhus Kom)","lines":"2A","arr":["2A"],"terminus":0,"mode":"bus","color":"#0059a9","colorDark":"#00294f","angle":95.7,"snapDist":6,"label":1}},{"type":"Feature","geometry":{"type":"Point","coordinates":[10.177315,56.110749]},"properties":{"name":"Nygårdsvej (Aarhus Kom)","lines":"2A","arr":["2A"],"terminus":0,"mode":"bus","color":"#0059a9","colorDark":"#00294f","angle":115.3,"snapDist":8,"label":1}},{"type":"Feature","geometry":{"type":"Point","coordinates":[10.175279,56.112806]},"properties":{"name":"Holme Kirke/Bushøjvej (Aarhus Kom)","lines":"2A","arr":["2A"],"terminus":0,"mode":"bus","color":"#0059a9","colorDark":"#00294f","angle":94,"snapDist":1,"label":1}},{"type":"Feature","geometry":{"type":"Point","coordinates":[10.17416,56.115783]},"properties":{"name":"Holme Byvej (Aarhus Kom)","lines":"2A, 13, 40","arr":["2A","13","40"],"terminus":0,"mode":"bus","color":"#0059a9","colorDark":"#00294f","angle":81.6,"snapDist":5,"label":1}},{"type":"Feature","geometry":{"type":"Point","coordinates":[10.17371,56.117207]},"properties":{"name":"Holme Møllevej/Holmevej (Aarhus Kom)","lines":"2A, 17, 40","arr":["2A","17","40"],"terminus":0,"mode":"bus","color":"#0059a9","colorDark":"#00294f","angle":161.4,"snapDist":9,"label":1}},{"type":"Feature","geometry":{"type":"Point","coordinates":[10.179391,56.118435]},"properties":{"name":"Rundhøjskolen/Holmevej (Aarhus Kom)","lines":"2A, 17, 40","arr":["2A","17","40"],"terminus":0,"mode":"bus","color":"#0059a9","colorDark":"#00294f","angle":150.8,"snapDist":8,"label":1}},{"type":"Feature","geometry":{"type":"Point","coordinates":[10.182817,56.119496]},"properties":{"name":"Rundhøj Centret/Holmevej (Aarhus Kom)","lines":"2A, 17, 40","arr":["2A","17","40"],"terminus":0,"mode":"bus","color":"#0059a9","colorDark":"#00294f","angle":149.5,"snapDist":8,"label":1}},{"type":"Feature","geometry":{"type":"Point","coordinates":[10.186772,56.120739]},"properties":{"name":"Poul Sloths Vej/Holmevej (Aarhus Kom)","lines":"2A, 40","arr":["2A","40"],"terminus":0,"mode":"bus","color":"#0059a9","colorDark":"#00294f","angle":150.3,"snapDist":5,"label":1}},{"type":"Feature","geometry":{"type":"Point","coordinates":[10.18577,56.124184]},"properties":{"name":"Vestavej/Rosenvang Allé (Aarhus Kom)","lines":"2A, 16, 18, 40","arr":["2A","16","18","40"],"terminus":0,"mode":"bus","color":"#0059a9","colorDark":"#00294f","angle":70.9,"snapDist":13,"label":1}},{"type":"Feature","geometry":{"type":"Point","coordinates":[10.183662,56.127562]},"properties":{"name":"Fredensvang Runddel/Rosenvangs Allé","lines":"2A, 40","arr":["2A","40"],"terminus":0,"mode":"bus","color":"#0059a9","colorDark":"#00294f","angle":71.3,"snapDist":8,"label":1}},{"type":"Feature","geometry":{"type":"Point","coordinates":[10.182206,56.12986]},"properties":{"name":"Plejehjemmet Rosenvang/Rosenvangs Allé (Aarhus Kom)","lines":"2A, 40","arr":["2A","40"],"terminus":0,"mode":"bus","color":"#0059a9","colorDark":"#00294f","angle":70.8,"snapDist":10,"label":1}},{"type":"Feature","geometry":{"type":"Point","coordinates":[10.181031,56.131753]},"properties":{"name":"Rosenvangskolen/Rosenvangs Allé (Aarhus Kom)","lines":"2A, 40","arr":["2A","40"],"terminus":0,"mode":"bus","color":"#0059a9","colorDark":"#00294f","angle":70.6,"snapDist":4,"label":1}},{"type":"Feature","geometry":{"type":"Point","coordinates":[10.178294,56.135882]},"properties":{"name":"Uffesvej/Rosenvangs Allé (Aarhus Kom)","lines":"2A, 40","arr":["2A","40"],"terminus":0,"mode":"bus","color":"#0059a9","colorDark":"#00294f","angle":65.1,"snapDist":6,"label":1}},{"type":"Feature","geometry":{"type":"Point","coordinates":[10.203341,56.151768]},"properties":{"name":"Park Allé/Rådhuset (Aarhus Kom)","lines":"2A, 3A, 4A, 11, 13, 14, 16, 17, 18, 43, 44, 45, 100, 200","arr":["2A","3A","4A","11","13","14","16","17","18","43","44","45","100","200"],"terminus":1,"mode":"bus","color":"#0059a9","colorDark":"#00294f","angle":105.4,"snapDist":1,"label":1}},{"type":"Feature","geometry":{"type":"Point","coordinates":[10.202944,56.159665]},"properties":{"name":"Lollandsgade/Nørre Allé (Aarhus Kom)","lines":"2A, 4A, 11, 13, 43, 44, 45","arr":["2A","4A","11","13","43","44","45"],"terminus":0,"mode":"bus","color":"#0059a9","colorDark":"#00294f","angle":336.9,"snapDist":8,"label":1}},{"type":"Feature","geometry":{"type":"Point","coordinates":[10.199008,56.158699]},"properties":{"name":"Vesterbro Torv/Langelandsgade (Aarhus Kom)","lines":"2A, 13, 45","arr":["2A","13","45"],"terminus":0,"mode":"bus","color":"#0059a9","colorDark":"#00294f","angle":46.7,"snapDist":6,"label":1}},{"type":"Feature","geometry":{"type":"Point","coordinates":[10.196466,56.16114]},"properties":{"name":"Skt. Marcus Kirkeplads/Langelandsgade (Aarhus Kom)","lines":"2A, 13, 45","arr":["2A","13","45"],"terminus":0,"mode":"bus","color":"#0059a9","colorDark":"#00294f","angle":96.2,"snapDist":8,"label":1}},{"type":"Feature","geometry":{"type":"Point","coordinates":[10.196582,56.164722]},"properties":{"name":"Langelandsgade/Kaserneboulevarden (Aarhus Kom)","lines":"2A, 13, 45","arr":["2A","13","45"],"terminus":0,"mode":"bus","color":"#0059a9","colorDark":"#00294f","angle":16.4,"snapDist":6,"label":1}},{"type":"Feature","geometry":{"type":"Point","coordinates":[10.190172,56.16804]},"properties":{"name":"Vestre Ringgade/Paludan-Müllers Vej (Aarhus Kom)","lines":"2A, 45","arr":["2A","45"],"terminus":0,"mode":"bus","color":"#0059a9","colorDark":"#00294f","angle":49.8,"snapDist":9,"label":1}},{"type":"Feature","geometry":{"type":"Point","coordinates":[10.188693,56.169031]},"properties":{"name":"Storcenter Nord/Paludan Müllers Vej (Aarhus Kom)","lines":"2A, 45","arr":["2A","45"],"terminus":0,"mode":"bus","color":"#0059a9","colorDark":"#00294f","angle":48.4,"snapDist":5,"label":1}},{"type":"Feature","geometry":{"type":"Point","coordinates":[10.183102,56.173035]},"properties":{"name":"Ekkodalen/Paludan Müllers Vej (Aarhus Kom)","lines":"2A, 45","arr":["2A","45"],"terminus":0,"mode":"bus","color":"#0059a9","colorDark":"#00294f","angle":58.9,"snapDist":9,"label":1}},{"type":"Feature","geometry":{"type":"Point","coordinates":[10.178589,56.17654]},"properties":{"name":"Paludan-Müllers Vej/Hasle Ringvej (Aarhus Kom)","lines":"2A, 6A, 45","arr":["2A","6A","45"],"terminus":0,"mode":"bus","color":"#0059a9","colorDark":"#00294f","angle":330.9,"snapDist":13,"label":1}},{"type":"Feature","geometry":{"type":"Point","coordinates":[10.172421,56.175198]},"properties":{"name":"Nykersvej/Hasle Ringvej (Aarhus Kom)","lines":"2A, 6A, 45","arr":["2A","6A","45"],"terminus":0,"mode":"bus","color":"#0059a9","colorDark":"#00294f","angle":341.2,"snapDist":10,"label":1}},{"type":"Feature","geometry":{"type":"Point","coordinates":[10.166112,56.17435]},"properties":{"name":"Hasle Ringvej/Herredsvej (Aarhus Kom)","lines":"2A, 45","arr":["2A","45"],"terminus":0,"mode":"bus","color":"#0059a9","colorDark":"#00294f","angle":103.1,"snapDist":8,"label":1}},{"type":"Feature","geometry":{"type":"Point","coordinates":[10.167178,56.177115]},"properties":{"name":"Trillegården/Herredsvej (Aarhus Kom)","lines":"2A, 45","arr":["2A","45"],"terminus":0,"mode":"bus","color":"#0059a9","colorDark":"#00294f","angle":102.4,"snapDist":8,"label":1}},{"type":"Feature","geometry":{"type":"Point","coordinates":[10.168195,56.179684]},"properties":{"name":"Hasle Bibliotek/Herredsvej (Aarhus Kom)","lines":"2A, 45","arr":["2A","45"],"terminus":0,"mode":"bus","color":"#0059a9","colorDark":"#00294f","angle":102.5,"snapDist":8,"label":1}},{"type":"Feature","geometry":{"type":"Point","coordinates":[10.171582,56.187144]},"properties":{"name":"Aarhus Universitetshospital Skejby indgang B/C/D","lines":"2A, 45","arr":["2A","45"],"terminus":0,"mode":"bus","color":"#0059a9","colorDark":"#00294f","angle":160.8,"snapDist":7,"label":1}},{"type":"Feature","geometry":{"type":"Point","coordinates":[10.176758,56.189763]},"properties":{"name":"Aarhus Universitetshospital Skejby indgang E/F","lines":"2A, 6A","arr":["2A","6A"],"terminus":0,"mode":"bus","color":"#0059a9","colorDark":"#00294f","angle":60.2,"snapDist":9,"label":1}},{"type":"Feature","geometry":{"type":"Point","coordinates":[10.174384,56.19312]},"properties":{"name":"Aarhus Universitetshospital Skejby indgang G","lines":"2A, 6A","arr":["2A","6A"],"terminus":0,"mode":"bus","color":"#0059a9","colorDark":"#00294f","angle":69.4,"snapDist":7,"label":1}},{"type":"Feature","geometry":{"type":"Point","coordinates":[10.16675,56.193627]},"properties":{"name":"Aarhus Universitetshospital Skejby indgang I/J","lines":"2A","arr":["2A"],"terminus":0,"mode":"bus","color":"#0059a9","colorDark":"#00294f","angle":333,"snapDist":14,"label":1}},{"type":"Feature","geometry":{"type":"Point","coordinates":[10.17279,56.211245]},"properties":{"name":"Motorvejen/Randersvej (Aarhus Kom)","lines":"2A, 118","arr":["2A","118"],"terminus":0,"mode":"bus","color":"#0059a9","colorDark":"#00294f","angle":66.3,"snapDist":10,"label":1}},{"type":"Feature","geometry":{"type":"Point","coordinates":[10.164015,56.222269]},"properties":{"name":"Lisbjerg/Elevvej (Aarhus Kom)","lines":"2A, 118","arr":["2A","118"],"terminus":0,"mode":"bus","color":"#0059a9","colorDark":"#00294f","angle":66.4,"snapDist":13,"label":1}},{"type":"Feature","geometry":{"type":"Point","coordinates":[10.154347,56.225748]},"properties":{"name":"Energivej/Engholmvej (Aarhus Kom)","lines":"2A","arr":["2A"],"terminus":0,"mode":"bus","color":"#0059a9","colorDark":"#00294f","angle":25.8,"snapDist":24,"label":1}},{"type":"Feature","geometry":{"type":"Point","coordinates":[10.140138,56.232899]},"properties":{"name":"Ølsted (Aarhus Kom)","lines":"2A","arr":["2A"],"terminus":0,"mode":"bus","color":"#0059a9","colorDark":"#00294f","angle":105.4,"snapDist":3,"label":1}},{"type":"Feature","geometry":{"type":"Point","coordinates":[10.149763,56.25051]},"properties":{"name":"Trige Centervej (Aarhus Kom)","lines":"2A","arr":["2A"],"terminus":0,"mode":"bus","color":"#0059a9","colorDark":"#00294f","angle":24,"snapDist":8,"label":1}},{"type":"Feature","geometry":{"type":"Point","coordinates":[10.144992,56.25272]},"properties":{"name":"Smedebroen (Aarhus Kom)","lines":"2A","arr":["2A"],"terminus":0,"mode":"bus","color":"#0059a9","colorDark":"#00294f","angle":115.6,"snapDist":4,"label":1}},{"type":"Feature","geometry":{"type":"Point","coordinates":[10.147072,56.254656]},"properties":{"name":"Lergravvej (Aarhus Kom)","lines":"2A","arr":["2A"],"terminus":0,"mode":"bus","color":"#0059a9","colorDark":"#00294f","angle":94.4,"snapDist":6,"label":1}},{"type":"Feature","geometry":{"type":"Point","coordinates":[10.141793,56.256527]},"properties":{"name":"Bærmosehøjen (Aarhus Kom)","lines":"2A","arr":["2A"],"terminus":0,"mode":"bus","color":"#0059a9","colorDark":"#00294f","angle":1.3,"snapDist":5,"label":1}},{"type":"Feature","geometry":{"type":"Point","coordinates":[10.137309,56.254304]},"properties":{"name":"Bærmosevej/Holmkærvej (Aarhus Kom)","lines":"2A","arr":["2A"],"terminus":0,"mode":"bus","color":"#0059a9","colorDark":"#00294f","angle":269.7,"snapDist":7,"label":1}},{"type":"Feature","geometry":{"type":"Point","coordinates":[10.139649,56.251591]},"properties":{"name":"Vestermøllevej/Holmkærvej (Aarhus Kom)","lines":"2A","arr":["2A"],"terminus":0,"mode":"bus","color":"#0059a9","colorDark":"#00294f","angle":218.7,"snapDist":7,"label":1}},{"type":"Feature","geometry":{"type":"Point","coordinates":[10.135691,56.247835]},"properties":{"name":"Trige/Vestermøllevej (Aarhus Kom)","lines":"2A","arr":["2A"],"terminus":1,"mode":"bus","color":"#0059a9","colorDark":"#00294f","angle":306.7,"snapDist":6,"label":1}},{"type":"Feature","geometry":{"type":"Point","coordinates":[10.135719,56.247855]},"properties":{"name":"Trige/Vestermøllevej (Aarhus Kom)","lines":"2A","arr":["2A"],"terminus":1,"mode":"bus","color":"#0059a9","colorDark":"#00294f","angle":126.7,"snapDist":6,"label":0}},{"type":"Feature","geometry":{"type":"Point","coordinates":[10.140138,56.251384]},"properties":{"name":"Vestermøllevej/Holmkærvej (Aarhus Kom)","lines":"2A","arr":["2A"],"terminus":0,"mode":"bus","color":"#0059a9","colorDark":"#00294f","angle":37.1,"snapDist":4,"label":0}},{"type":"Feature","geometry":{"type":"Point","coordinates":[10.137313,56.254779]},"properties":{"name":"Bærmosevej/Holmkærvej (Aarhus Kom)","lines":"2A","arr":["2A"],"terminus":0,"mode":"bus","color":"#0059a9","colorDark":"#00294f","angle":90.9,"snapDist":5,"label":0}},{"type":"Feature","geometry":{"type":"Point","coordinates":[10.14194,56.256525]},"properties":{"name":"Bærmosehøjen (Aarhus Kom)","lines":"2A","arr":["2A"],"terminus":0,"mode":"bus","color":"#0059a9","colorDark":"#00294f","angle":181.3,"snapDist":7,"label":0}},{"type":"Feature","geometry":{"type":"Point","coordinates":[10.14709,56.254793]},"properties":{"name":"Lergravvej (Aarhus Kom)","lines":"2A","arr":["2A"],"terminus":0,"mode":"bus","color":"#0059a9","colorDark":"#00294f","angle":274.4,"snapDist":7,"label":0}},{"type":"Feature","geometry":{"type":"Point","coordinates":[10.145017,56.252749]},"properties":{"name":"Smedebroen (Aarhus Kom)","lines":"2A","arr":["2A"],"terminus":0,"mode":"bus","color":"#0059a9","colorDark":"#00294f","angle":295.6,"snapDist":7,"label":0}},{"type":"Feature","geometry":{"type":"Point","coordinates":[10.140089,56.232799]},"properties":{"name":"Ølsted (Aarhus Kom)","lines":"2A","arr":["2A"],"terminus":0,"mode":"bus","color":"#0059a9","colorDark":"#00294f","angle":285.4,"snapDist":5,"label":0}},{"type":"Feature","geometry":{"type":"Point","coordinates":[10.155153,56.22552]},"properties":{"name":"Energivej/Engholmvej (Aarhus Kom)","lines":"2A","arr":["2A"],"terminus":0,"mode":"bus","color":"#0059a9","colorDark":"#00294f","angle":209,"snapDist":14,"label":0}},{"type":"Feature","geometry":{"type":"Point","coordinates":[10.164194,56.222041]},"properties":{"name":"Lisbjerg/Elevvej (Aarhus Kom)","lines":"2A, 118","arr":["2A","118"],"terminus":0,"mode":"bus","color":"#0059a9","colorDark":"#00294f","angle":246.2,"snapDist":13,"label":0}},{"type":"Feature","geometry":{"type":"Point","coordinates":[10.172659,56.211213]},"properties":{"name":"Motorvejen/Randersvej (Aarhus Kom)","lines":"2A, 118","arr":["2A","118"],"terminus":0,"mode":"bus","color":"#0059a9","colorDark":"#00294f","angle":243.7,"snapDist":11,"label":0}},{"type":"Feature","geometry":{"type":"Point","coordinates":[10.166922,56.193418]},"properties":{"name":"Aarhus Universitetshospital Skejby indgang I/J","lines":"2A","arr":["2A"],"terminus":0,"mode":"bus","color":"#0059a9","colorDark":"#00294f","angle":153.9,"snapDist":5,"label":0}},{"type":"Feature","geometry":{"type":"Point","coordinates":[10.174935,56.192142]},"properties":{"name":"Aarhus Universitetshospital Skejby indgang G","lines":"2A, 6A","arr":["2A","6A"],"terminus":0,"mode":"bus","color":"#0059a9","colorDark":"#00294f","angle":248.8,"snapDist":6,"label":0}},{"type":"Feature","geometry":{"type":"Point","coordinates":[10.17629,56.190202]},"properties":{"name":"Aarhus Universitetshospital Skejby indgang E/F","lines":"2A, 6A","arr":["2A","6A"],"terminus":0,"mode":"bus","color":"#0059a9","colorDark":"#00294f","angle":248.9,"snapDist":4,"label":0}},{"type":"Feature","geometry":{"type":"Point","coordinates":[10.171469,56.187267]},"properties":{"name":"Aarhus Universitetshospital Skejby indgang B/C/D","lines":"2A, 45","arr":["2A","45"],"terminus":0,"mode":"bus","color":"#0059a9","colorDark":"#00294f","angle":340.9,"snapDist":1,"label":0}},{"type":"Feature","geometry":{"type":"Point","coordinates":[10.16806,56.179853]},"properties":{"name":"Hasle Bibliotek/Herredsvej (Aarhus Kom)","lines":"2A, 45","arr":["2A","45"],"terminus":0,"mode":"bus","color":"#0059a9","colorDark":"#00294f","angle":282.6,"snapDist":9,"label":0}},{"type":"Feature","geometry":{"type":"Point","coordinates":[10.167042,56.177274]},"properties":{"name":"Trillegården/Herredsvej (Aarhus Kom)","lines":"2A, 45","arr":["2A","45"],"terminus":0,"mode":"bus","color":"#0059a9","colorDark":"#00294f","angle":282.8,"snapDist":10,"label":0}},{"type":"Feature","geometry":{"type":"Point","coordinates":[10.166223,56.17388]},"properties":{"name":"Herredsvej/Hasle Ringvej (Aarhus Kom)","lines":"2A, 6A, 45","arr":["2A","6A","45"],"terminus":0,"mode":"bus","color":"#0059a9","colorDark":"#00294f","angle":160.5,"snapDist":11,"label":1}},{"type":"Feature","geometry":{"type":"Point","coordinates":[10.173421,56.175258]},"properties":{"name":"Nykersvej/Hasle Ringvej (Aarhus Kom)","lines":"2A, 6A, 45","arr":["2A","6A","45"],"terminus":0,"mode":"bus","color":"#0059a9","colorDark":"#00294f","angle":161.3,"snapDist":11,"label":0}},{"type":"Feature","geometry":{"type":"Point","coordinates":[10.179466,56.17635]},"properties":{"name":"Hasle Ringvej/Paludan-Müllers Vej (Aarhus Kom)","lines":"2A, 45","arr":["2A","45"],"terminus":0,"mode":"bus","color":"#0059a9","colorDark":"#00294f","angle":237,"snapDist":15,"label":1}},{"type":"Feature","geometry":{"type":"Point","coordinates":[10.183763,56.172417]},"properties":{"name":"Ekkodalen/Paludan Müllers Vej (Aarhus Kom)","lines":"2A, 45","arr":["2A","45"],"terminus":0,"mode":"bus","color":"#0059a9","colorDark":"#00294f","angle":239.9,"snapDist":10,"label":0}},{"type":"Feature","geometry":{"type":"Point","coordinates":[10.189317,56.168531]},"properties":{"name":"Storcenter Nord/Paludan Müllers Vej (Aarhus Kom)","lines":"2A, 45","arr":["2A","45"],"terminus":0,"mode":"bus","color":"#0059a9","colorDark":"#00294f","angle":229.1,"snapDist":5,"label":0}},{"type":"Feature","geometry":{"type":"Point","coordinates":[10.191578,56.167259]},"properties":{"name":"Vestre Ringgade/Paludan-Müllers Vej (Aarhus Kom)","lines":"2A, 13, 45","arr":["2A","13","45"],"terminus":0,"mode":"bus","color":"#0059a9","colorDark":"#00294f","angle":222.5,"snapDist":9,"label":0}},{"type":"Feature","geometry":{"type":"Point","coordinates":[10.19709,56.164131]},"properties":{"name":"Kaserneboulevarden/Langelandsgade (Aarhus Kom)","lines":"2A, 13, 45","arr":["2A","13","45"],"terminus":0,"mode":"bus","color":"#0059a9","colorDark":"#00294f","angle":277.6,"snapDist":6,"label":1}},{"type":"Feature","geometry":{"type":"Point","coordinates":[10.196905,56.160425]},"properties":{"name":"Skt. Marcus Kirkeplads/Langelandsgade (Aarhus Kom)","lines":"2A, 13, 45","arr":["2A","13","45"],"terminus":0,"mode":"bus","color":"#0059a9","colorDark":"#00294f","angle":239.1,"snapDist":7,"label":0}},{"type":"Feature","geometry":{"type":"Point","coordinates":[10.198963,56.158726]},"properties":{"name":"Vesterbro Torv/Langelandsgade (Aarhus Kom)","lines":"2A, 13, 45","arr":["2A","13","45"],"terminus":0,"mode":"bus","color":"#0059a9","colorDark":"#00294f","angle":226.7,"snapDist":8,"label":0}},{"type":"Feature","geometry":{"type":"Point","coordinates":[10.2028,56.15963]},"properties":{"name":"Lollandsgade/Nørre Allé (Aarhus Kom)","lines":"2A, 4A, 11, 13, 43, 45","arr":["2A","4A","11","13","43","45"],"terminus":0,"mode":"bus","color":"#0059a9","colorDark":"#00294f","angle":156.9,"snapDist":6,"label":0}},{"type":"Feature","geometry":{"type":"Point","coordinates":[10.178584,56.135534]},"properties":{"name":"Uffesvej/Rosenvangs Allé (Aarhus Kom)","lines":"2A, 40","arr":["2A","40"],"terminus":0,"mode":"bus","color":"#0059a9","colorDark":"#00294f","angle":245.4,"snapDist":7,"label":0}},{"type":"Feature","geometry":{"type":"Point","coordinates":[10.18151,56.130993]},"properties":{"name":"Rosenvangskolen/Rosenvangs Allé (Aarhus Kom)","lines":"2A, 40","arr":["2A","40"],"terminus":0,"mode":"bus","color":"#0059a9","colorDark":"#00294f","angle":251.6,"snapDist":11,"label":0}},{"type":"Feature","geometry":{"type":"Point","coordinates":[10.182672,56.129124]},"properties":{"name":"Plejehjemmet Rosenvang/Rosenvangs Allé (Aarhus Kom)","lines":"2A, 40","arr":["2A","40"],"terminus":0,"mode":"bus","color":"#0059a9","colorDark":"#00294f","angle":250.5,"snapDist":11,"label":0}},{"type":"Feature","geometry":{"type":"Point","coordinates":[10.18364,56.127597]},"properties":{"name":"Fredensvang Runddel/Rosenvangs Allé","lines":"2A, 40","arr":["2A","40"],"terminus":0,"mode":"bus","color":"#0059a9","colorDark":"#00294f","angle":250.7,"snapDist":11,"label":0}},{"type":"Feature","geometry":{"type":"Point","coordinates":[10.186232,56.123427]},"properties":{"name":"Vestavej/Rosenvang Allé (Aarhus Kom)","lines":"2A, 16, 18, 40","arr":["2A","16","18","40"],"terminus":0,"mode":"bus","color":"#0059a9","colorDark":"#00294f","angle":251.6,"snapDist":8,"label":0}},{"type":"Feature","geometry":{"type":"Point","coordinates":[10.186651,56.120701]},"properties":{"name":"Poul Sloths Vej/Holmevej (Aarhus Kom)","lines":"2A, 40","arr":["2A","40"],"terminus":0,"mode":"bus","color":"#0059a9","colorDark":"#00294f","angle":331,"snapDist":6,"label":0}},{"type":"Feature","geometry":{"type":"Point","coordinates":[10.18122,56.119004]},"properties":{"name":"Rundhøj Centret/Holmevej (Aarhus Kom)","lines":"2A, 17, 40","arr":["2A","17","40"],"terminus":0,"mode":"bus","color":"#0059a9","colorDark":"#00294f","angle":330.7,"snapDist":9,"label":0}},{"type":"Feature","geometry":{"type":"Point","coordinates":[10.177276,56.117867]},"properties":{"name":"Rundhøjskolen/Holmevej (Aarhus Kom)","lines":"2A, 17, 40","arr":["2A","17","40"],"terminus":0,"mode":"bus","color":"#0059a9","colorDark":"#00294f","angle":340.9,"snapDist":10,"label":0}},{"type":"Feature","geometry":{"type":"Point","coordinates":[10.174272,56.115258]},"properties":{"name":"Holme Byvej (Aarhus Kom)","lines":"2A, 13, 40","arr":["2A","13","40"],"terminus":0,"mode":"bus","color":"#0059a9","colorDark":"#00294f","angle":271.7,"snapDist":7,"label":0}},{"type":"Feature","geometry":{"type":"Point","coordinates":[10.175529,56.112442]},"properties":{"name":"Holme Kirke/Bushøjvej (Aarhus Kom)","lines":"2A","arr":["2A"],"terminus":0,"mode":"bus","color":"#0059a9","colorDark":"#00294f","angle":214.8,"snapDist":6,"label":0}},{"type":"Feature","geometry":{"type":"Point","coordinates":[10.176618,56.110341]},"properties":{"name":"Nygårdsvej (Aarhus Kom)","lines":"2A","arr":["2A"],"terminus":0,"mode":"bus","color":"#0059a9","colorDark":"#00294f","angle":326.8,"snapDist":7,"label":0}},{"type":"Feature","geometry":{"type":"Point","coordinates":[10.16775,56.107595]},"properties":{"name":"Urmagertoften/Bjødstrupvej (Aarhus Kom)","lines":"2A","arr":["2A"],"terminus":0,"mode":"bus","color":"#0059a9","colorDark":"#00294f","angle":278.2,"snapDist":7,"label":0}},{"type":"Feature","geometry":{"type":"Point","coordinates":[10.166936,56.106133]},"properties":{"name":"Sadelmagertoften/Bjødstrupvej (Aarhus Kom)","lines":"2A","arr":["2A"],"terminus":0,"mode":"bus","color":"#0059a9","colorDark":"#00294f","angle":291.5,"snapDist":4,"label":0}},{"type":"Feature","geometry":{"type":"Point","coordinates":[10.148631,56.345259]},"properties":{"name":"Bramstrupvej/Møllevej (Favrskov Kom)","lines":"3","arr":["3"],"terminus":0,"mode":"bus","color":"#0059a9","colorDark":"#00294f","angle":122.1,"snapDist":5,"label":1}},{"type":"Feature","geometry":{"type":"Point","coordinates":[10.151613,56.364466]},"properties":{"name":"Voldum-Rud Vej (Favrskov Kom)","lines":"3","arr":["3"],"terminus":0,"mode":"bus","color":"#0059a9","colorDark":"#00294f","angle":150.9,"snapDist":7,"label":1}},{"type":"Feature","geometry":{"type":"Point","coordinates":[10.162626,56.36493]},"properties":{"name":"Voldum Hallen/Voldum-Rud Vej (Favrskov Kom)","lines":"3","arr":["3"],"terminus":0,"mode":"bus","color":"#0059a9","colorDark":"#00294f","angle":178.2,"snapDist":3,"label":1}},{"type":"Feature","geometry":{"type":"Point","coordinates":[10.231093,56.369314]},"properties":{"name":"Hesselhøjvej/Lynghøjvej (Favrskov Kom)","lines":"3","arr":["3"],"terminus":0,"mode":"bus","color":"#0059a9","colorDark":"#00294f","angle":-54.4,"snapDist":11,"label":1}},{"type":"Feature","geometry":{"type":"Point","coordinates":[10.208894,56.365999]},"properties":{"name":"Rigtrup/Rigtrupvej (Favrskov Kom)","lines":"3","arr":["3"],"terminus":0,"mode":"bus","color":"#0059a9","colorDark":"#00294f","angle":164.7,"snapDist":11,"label":1}},{"type":"Feature","geometry":{"type":"Point","coordinates":[10.175422,56.365509]},"properties":{"name":"Voldum/Rigtrupvej (Favrskov Kom)","lines":"3","arr":["3"],"terminus":0,"mode":"bus","color":"#0059a9","colorDark":"#00294f","angle":156.4,"snapDist":7,"label":1}},{"type":"Feature","geometry":{"type":"Point","coordinates":[10.171445,56.364118]},"properties":{"name":"Voldum Kirke (Favrskov Kom)","lines":"3","arr":["3"],"terminus":1,"mode":"bus","color":"#0059a9","colorDark":"#00294f","angle":260.8,"snapDist":7,"label":1}},{"type":"Feature","geometry":{"type":"Point","coordinates":[10.108446,56.194388]},"properties":{"name":"Tilst Vestervej/Havkærvej (Aarhus Kom)","lines":"3A, 44","arr":["3A","44"],"terminus":1,"mode":"bus","color":"#0059a9","colorDark":"#00294f","angle":253.4,"snapDist":4,"label":1}},{"type":"Feature","geometry":{"type":"Point","coordinates":[10.111642,56.191282]},"properties":{"name":"Folkehuset Tilst/Havkærvej (Aarhus Kom)","lines":"3A, 14, 44","arr":["3A","14","44"],"terminus":0,"mode":"bus","color":"#0059a9","colorDark":"#00294f","angle":210,"snapDist":3,"label":1}},{"type":"Feature","geometry":{"type":"Point","coordinates":[10.111962,56.190154]},"properties":{"name":"Tilst Skole/Tilst Skolevej (Aarhus Kom)","lines":"3A, 44","arr":["3A","44"],"terminus":0,"mode":"bus","color":"#0059a9","colorDark":"#00294f","angle":315.1,"snapDist":6,"label":1}},{"type":"Feature","geometry":{"type":"Point","coordinates":[10.10798,56.188213]},"properties":{"name":"Haurumsvej/Tilst Skolevej (Aarhus Kom)","lines":"3A, 44","arr":["3A","44"],"terminus":0,"mode":"bus","color":"#0059a9","colorDark":"#00294f","angle":320.3,"snapDist":5,"label":1}},{"type":"Feature","geometry":{"type":"Point","coordinates":[10.104685,56.185782]},"properties":{"name":"Brynhøjvænget/Tilst Skolevej (Aarhus Kom)","lines":"3A, 44","arr":["3A","44"],"terminus":0,"mode":"bus","color":"#0059a9","colorDark":"#00294f","angle":298.8,"snapDist":6,"label":1}},{"type":"Feature","geometry":{"type":"Point","coordinates":[10.102708,56.183782]},"properties":{"name":"Viborgvej/Anelystvej (Aarhus Kom)","lines":"3A, 44, 116U","arr":["3A","44","116U"],"terminus":0,"mode":"bus","color":"#0059a9","colorDark":"#00294f","angle":294.3,"snapDist":3,"label":1}},{"type":"Feature","geometry":{"type":"Point","coordinates":[10.100228,56.181691]},"properties":{"name":"Anelystparken/Anelystvej (Aarhus Kom)","lines":"3A, 44","arr":["3A","44"],"terminus":0,"mode":"bus","color":"#0059a9","colorDark":"#00294f","angle":301.8,"snapDist":7,"label":1}},{"type":"Feature","geometry":{"type":"Point","coordinates":[10.095257,56.175211]},"properties":{"name":"Bjørnøvænget/Anelystvej (Aarhus Kom)","lines":"3A, 44","arr":["3A","44"],"terminus":0,"mode":"bus","color":"#0059a9","colorDark":"#00294f","angle":285.1,"snapDist":7,"label":1}},{"type":"Feature","geometry":{"type":"Point","coordinates":[10.097033,56.172645]},"properties":{"name":"Æbeløvej/Skjoldhøjvej (Aarhus Kom)","lines":"3A, 44","arr":["3A","44"],"terminus":0,"mode":"bus","color":"#0059a9","colorDark":"#00294f","angle":187.4,"snapDist":6,"label":1}},{"type":"Feature","geometry":{"type":"Point","coordinates":[10.104464,56.173097]},"properties":{"name":"Nekseløvej/Skjoldhøjvej (Aarhus Kom)","lines":"3A, 44","arr":["3A","44"],"terminus":0,"mode":"bus","color":"#0059a9","colorDark":"#00294f","angle":162,"snapDist":6,"label":1}},{"type":"Feature","geometry":{"type":"Point","coordinates":[10.110788,56.174529]},"properties":{"name":"Skjoldhøjskolen/Skjoldhøjvej (Aarhus Kom)","lines":"3A, 44","arr":["3A","44"],"terminus":0,"mode":"bus","color":"#0059a9","colorDark":"#00294f","angle":164.1,"snapDist":9,"label":1}},{"type":"Feature","geometry":{"type":"Point","coordinates":[10.12033,56.1753]},"properties":{"name":"Holmstrupgårdvej/Jernaldervej (Aarhus Kom)","lines":"3A, 44","arr":["3A","44"],"terminus":0,"mode":"bus","color":"#0059a9","colorDark":"#00294f","angle":182.9,"snapDist":7,"label":1}},{"type":"Feature","geometry":{"type":"Point","coordinates":[10.127202,56.174545]},"properties":{"name":"Stenaldervej/Jernaldervej (Aarhus Kom)","lines":"3A, 44","arr":["3A","44"],"terminus":0,"mode":"bus","color":"#0059a9","colorDark":"#00294f","angle":193.6,"snapDist":10,"label":1}},{"type":"Feature","geometry":{"type":"Point","coordinates":[10.133193,56.173699]},"properties":{"name":"Holmstrup/Jernaldervej (Aarhus Kom)","lines":"3A, 44","arr":["3A","44"],"terminus":0,"mode":"bus","color":"#0059a9","colorDark":"#00294f","angle":194.4,"snapDist":7,"label":1}},{"type":"Feature","geometry":{"type":"Point","coordinates":[10.141142,56.172379]},"properties":{"name":"Runebakken/Jernaldervej (Aarhus Kom)","lines":"3A, 44","arr":["3A","44"],"terminus":0,"mode":"bus","color":"#0059a9","colorDark":"#00294f","angle":197.6,"snapDist":6,"label":1}},{"type":"Feature","geometry":{"type":"Point","coordinates":[10.150029,56.170769]},"properties":{"name":"Ellehøjskolen/Jernaldervej (Aarhus Kom)","lines":"3A, 44","arr":["3A","44"],"terminus":0,"mode":"bus","color":"#0059a9","colorDark":"#00294f","angle":201.8,"snapDist":7,"label":1}},{"type":"Feature","geometry":{"type":"Point","coordinates":[10.154307,56.169061]},"properties":{"name":"Bispehaven/Rymarken (Aarhus Kom)","lines":"3A, 44","arr":["3A","44"],"terminus":0,"mode":"bus","color":"#0059a9","colorDark":"#00294f","angle":222.3,"snapDist":6,"label":1}},{"type":"Feature","geometry":{"type":"Point","coordinates":[10.157593,56.166563]},"properties":{"name":"Ryhavevej/Rymarken (Aarhus Kom)","lines":"3A, 44","arr":["3A","44"],"terminus":0,"mode":"bus","color":"#0059a9","colorDark":"#00294f","angle":239.6,"snapDist":2,"label":1}},{"type":"Feature","geometry":{"type":"Point","coordinates":[10.164571,56.166762]},"properties":{"name":"Hasle Torv/Viborgvej (Aarhus Kom)","lines":"3A, 14, 44, 114","arr":["3A","14","44","114"],"terminus":0,"mode":"bus","color":"#0059a9","colorDark":"#00294f","angle":215.1,"snapDist":10,"label":1}},{"type":"Feature","geometry":{"type":"Point","coordinates":[10.173618,56.163646]},"properties":{"name":"Frydenlunds Allé/Viborgvej (Aarhus Kom)","lines":"3A, 14, 44, 114","arr":["3A","14","44","114"],"terminus":0,"mode":"bus","color":"#0059a9","colorDark":"#00294f","angle":204.4,"snapDist":11,"label":1}},{"type":"Feature","geometry":{"type":"Point","coordinates":[10.183508,56.160742]},"properties":{"name":"Vestre Ringgade/Viborgvej (Aarhus Kom)","lines":"3A, 14, 44, 114, 118","arr":["3A","14","44","114","118"],"terminus":0,"mode":"bus","color":"#0059a9","colorDark":"#00294f","angle":207.1,"snapDist":12,"label":1}},{"type":"Feature","geometry":{"type":"Point","coordinates":[10.190421,56.158587]},"properties":{"name":"Eugen Warmings Vej/Viborgvej (Aarhus Kom)","lines":"3A, 14, 44, 114, 118","arr":["3A","14","44","114","118"],"terminus":0,"mode":"bus","color":"#0059a9","colorDark":"#00294f","angle":210.4,"snapDist":9,"label":1}},{"type":"Feature","geometry":{"type":"Point","coordinates":[10.197524,56.155799]},"properties":{"name":"Mølleparken/Thorvaldsensgade (Aarhus Kom)","lines":"3A, 12, 14, 15, 44, 113, 114, 118","arr":["3A","12","14","15","44","113","114","118"],"terminus":0,"mode":"bus","color":"#0059a9","colorDark":"#00294f","angle":212.2,"snapDist":10,"label":1}},{"type":"Feature","geometry":{"type":"Point","coordinates":[10.211639,56.162227]},"properties":{"name":"Nørreport/Knudrisgade (Aarhus Kom)","lines":"3A, 17, 46","arr":["3A","17","46"],"terminus":0,"mode":"bus","color":"#0059a9","colorDark":"#00294f","angle":122.6,"snapDist":4,"label":1}},{"type":"Feature","geometry":{"type":"Point","coordinates":[10.215078,56.163529]},"properties":{"name":"Østbanetorvet (Aarhus Kom)","lines":"3A, 17, 46","arr":["3A","17","46"],"terminus":0,"mode":"bus","color":"#0059a9","colorDark":"#00294f","angle":206.9,"snapDist":8,"label":1}},{"type":"Feature","geometry":{"type":"Point","coordinates":[10.224394,56.164846]},"properties":{"name":"Bernhardt Jensens Boulevard (Aarhus)","lines":"3A","arr":["3A"],"terminus":0,"mode":"bus","color":"#0059a9","colorDark":"#00294f","angle":135.9,"snapDist":17,"label":1}},{"type":"Feature","geometry":{"type":"Point","coordinates":[10.222044,56.164651]},"properties":{"name":"Aarhus Ø/Nikoline Kochs Plads (Aarhus Kom)","lines":"3A","arr":["3A"],"terminus":1,"mode":"bus","color":"#0059a9","colorDark":"#00294f","angle":315.9,"snapDist":1,"label":1}},{"type":"Feature","geometry":{"type":"Point","coordinates":[10.218775,56.16289]},"properties":{"name":"Hjortholmsvej/Dagmar Petersens Gade (Aarhus Kom)","lines":"3A","arr":["3A"],"terminus":0,"mode":"bus","color":"#0059a9","colorDark":"#00294f","angle":315.9,"snapDist":6,"label":1}},{"type":"Feature","geometry":{"type":"Point","coordinates":[10.21544,56.163554]},"properties":{"name":"Østbanetorvet (Aarhus Kom)","lines":"3A, 17, 46","arr":["3A","17","46"],"terminus":0,"mode":"bus","color":"#0059a9","colorDark":"#00294f","angle":26.2,"snapDist":8,"label":0}},{"type":"Feature","geometry":{"type":"Point","coordinates":[10.203297,56.151681]},"properties":{"name":"Park Allé/Rådhuset (Aarhus Kom)","lines":"3A, 13, 14, 16, 17, 18, 42, 200","arr":["3A","13","14","16","17","18","42","200"],"terminus":1,"mode":"bus","color":"#0059a9","colorDark":"#00294f","angle":285.5,"snapDist":10,"label":0}},{"type":"Feature","geometry":{"type":"Point","coordinates":[10.198334,56.155515]},"properties":{"name":"Mølleparken/Thorvaldsensgade (Aarhus Kom)","lines":"3A, 12, 14, 15, 113, 114, 118","arr":["3A","12","14","15","113","114","118"],"terminus":0,"mode":"bus","color":"#0059a9","colorDark":"#00294f","angle":32.2,"snapDist":4,"label":0}},{"type":"Feature","geometry":{"type":"Point","coordinates":[10.192898,56.15783]},"properties":{"name":"Den Gamle By (Aarhus Kom)","lines":"3A, 14, 44","arr":["3A","14","44"],"terminus":0,"mode":"bus","color":"#0059a9","colorDark":"#00294f","angle":29.7,"snapDist":6,"label":1}},{"type":"Feature","geometry":{"type":"Point","coordinates":[10.189442,56.158901]},"properties":{"name":"Eugen Warmings Vej/Viborgvej (Aarhus Kom)","lines":"3A, 14, 44, 114, 118","arr":["3A","14","44","114","118"],"terminus":0,"mode":"bus","color":"#0059a9","colorDark":"#00294f","angle":29.7,"snapDist":6,"label":0}},{"type":"Feature","geometry":{"type":"Point","coordinates":[10.184999,56.160311]},"properties":{"name":"Tage-Hansens Gade/Viborgvej (Aarhus Kom)","lines":"3A, 14, 44, 114","arr":["3A","14","44","114"],"terminus":0,"mode":"bus","color":"#0059a9","colorDark":"#00294f","angle":29.7,"snapDist":11,"label":1}},{"type":"Feature","geometry":{"type":"Point","coordinates":[10.181362,56.161511]},"properties":{"name":"Vestre Ringgade/Viborgvej (Aarhus Kom)","lines":"3A, 14, 44, 114","arr":["3A","14","44","114"],"terminus":0,"mode":"bus","color":"#0059a9","colorDark":"#00294f","angle":30.1,"snapDist":9,"label":0}},{"type":"Feature","geometry":{"type":"Point","coordinates":[10.174738,56.163361]},"properties":{"name":"Frydenlunds Allé/Viborgvej (Aarhus Kom)","lines":"3A, 14, 44, 114","arr":["3A","14","44","114"],"terminus":0,"mode":"bus","color":"#0059a9","colorDark":"#00294f","angle":24.8,"snapDist":13,"label":0}},{"type":"Feature","geometry":{"type":"Point","coordinates":[10.16275,56.167084]},"properties":{"name":"Hasle Torv/Ryhavevej (Aarhus Kom)","lines":"3A, 44","arr":["3A","44"],"terminus":0,"mode":"bus","color":"#0059a9","colorDark":"#00294f","angle":331.9,"snapDist":9,"label":1}},{"type":"Feature","geometry":{"type":"Point","coordinates":[10.157568,56.166587]},"properties":{"name":"Ryhavevej/Rymarken (Aarhus Kom)","lines":"3A, 44","arr":["3A","44"],"terminus":0,"mode":"bus","color":"#0059a9","colorDark":"#00294f","angle":59.6,"snapDist":20,"label":0}},{"type":"Feature","geometry":{"type":"Point","coordinates":[10.154631,56.169051]},"properties":{"name":"Bispehaven/Rymarken (Aarhus Kom)","lines":"3A, 44","arr":["3A","44"],"terminus":0,"mode":"bus","color":"#0059a9","colorDark":"#00294f","angle":42.1,"snapDist":4,"label":0}},{"type":"Feature","geometry":{"type":"Point","coordinates":[10.148042,56.171149]},"properties":{"name":"Ellehøjskolen/Jernaldervej (Aarhus Kom)","lines":"3A, 44","arr":["3A","44"],"terminus":0,"mode":"bus","color":"#0059a9","colorDark":"#00294f","angle":15.5,"snapDist":7,"label":0}},{"type":"Feature","geometry":{"type":"Point","coordinates":[10.139903,56.172599]},"properties":{"name":"Runebakken/Jernaldervej (Aarhus Kom)","lines":"3A, 44","arr":["3A","44"],"terminus":0,"mode":"bus","color":"#0059a9","colorDark":"#00294f","angle":17.8,"snapDist":6,"label":0}},{"type":"Feature","geometry":{"type":"Point","coordinates":[10.133179,56.173701]},"properties":{"name":"Holmstrup/Jernaldervej (Aarhus Kom)","lines":"3A, 44","arr":["3A","44"],"terminus":0,"mode":"bus","color":"#0059a9","colorDark":"#00294f","angle":14.4,"snapDist":5,"label":0}},{"type":"Feature","geometry":{"type":"Point","coordinates":[10.126989,56.174573]},"properties":{"name":"Stenaldervej/Jernaldervej (Aarhus Kom)","lines":"3A, 44","arr":["3A","44"],"terminus":0,"mode":"bus","color":"#0059a9","colorDark":"#00294f","angle":13.6,"snapDist":9,"label":0}},{"type":"Feature","geometry":{"type":"Point","coordinates":[10.120579,56.175293]},"properties":{"name":"Holmstrupgårdvej/Jernaldervej (Aarhus Kom)","lines":"3A, 44","arr":["3A","44"],"terminus":0,"mode":"bus","color":"#0059a9","colorDark":"#00294f","angle":2.9,"snapDist":7,"label":0}},{"type":"Feature","geometry":{"type":"Point","coordinates":[10.111703,56.174642]},"properties":{"name":"Skjoldhøjskolen/Skjoldhøjvej (Aarhus Kom)","lines":"3A, 44","arr":["3A","44"],"terminus":0,"mode":"bus","color":"#0059a9","colorDark":"#00294f","angle":348.9,"snapDist":9,"label":0}},{"type":"Feature","geometry":{"type":"Point","coordinates":[10.104455,56.173096]},"properties":{"name":"Nekseløvej/Skjoldhøjvej (Aarhus Kom)","lines":"3A, 44","arr":["3A","44"],"terminus":0,"mode":"bus","color":"#0059a9","colorDark":"#00294f","angle":342,"snapDist":5,"label":0}},{"type":"Feature","geometry":{"type":"Point","coordinates":[10.097175,56.172635]},"properties":{"name":"Æbeløvej/Skjoldhøjvej (Aarhus Kom)","lines":"3A, 44","arr":["3A","44"],"terminus":0,"mode":"bus","color":"#0059a9","colorDark":"#00294f","angle":7.4,"snapDist":4,"label":0}},{"type":"Feature","geometry":{"type":"Point","coordinates":[10.095241,56.175177]},"properties":{"name":"Bjørnøvænget/Anelystvej (Aarhus Kom)","lines":"3A, 44","arr":["3A","44"],"terminus":0,"mode":"bus","color":"#0059a9","colorDark":"#00294f","angle":105.1,"snapDist":6,"label":0}},{"type":"Feature","geometry":{"type":"Point","coordinates":[10.101095,56.182186]},"properties":{"name":"Anelystparken/Anelystvej (Aarhus Kom)","lines":"3A, 44","arr":["3A","44"],"terminus":0,"mode":"bus","color":"#0059a9","colorDark":"#00294f","angle":124.2,"snapDist":6,"label":0}},{"type":"Feature","geometry":{"type":"Point","coordinates":[10.104443,56.185539]},"properties":{"name":"Brynhøjvænget/Tilst Skolevej (Aarhus Kom)","lines":"3A, 44, 116U","arr":["3A","44","116U"],"terminus":0,"mode":"bus","color":"#0059a9","colorDark":"#00294f","angle":119.1,"snapDist":8,"label":0}},{"type":"Feature","geometry":{"type":"Point","coordinates":[10.107795,56.188127]},"properties":{"name":"Haurumsvej/Tilst Skolevej (Aarhus Kom)","lines":"3A, 44","arr":["3A","44"],"terminus":0,"mode":"bus","color":"#0059a9","colorDark":"#00294f","angle":140.3,"snapDist":4,"label":0}},{"type":"Feature","geometry":{"type":"Point","coordinates":[10.111717,56.19129]},"properties":{"name":"Folkehuset Tilst/Havkærvej (Aarhus Kom)","lines":"3A, 14, 44","arr":["3A","14","44"],"terminus":0,"mode":"bus","color":"#0059a9","colorDark":"#00294f","angle":54,"snapDist":1,"label":0}},{"type":"Feature","geometry":{"type":"Point","coordinates":[10.037517,56.321097]},"properties":{"name":"Østervangskolen/Overgårdsvej (Favrskov Kom)","lines":"4","arr":["4"],"terminus":1,"mode":"bus","color":"#0059a9","colorDark":"#00294f","angle":96,"snapDist":3,"label":1}},{"type":"Feature","geometry":{"type":"Point","coordinates":[9.996898,56.335888]},"properties":{"name":"Faurskovvej/Rækkevej (Favrskov Kom)","lines":"4","arr":["4"],"terminus":0,"mode":"bus","color":"#0059a9","colorDark":"#00294f","angle":1.5,"snapDist":10,"label":1}},{"type":"Feature","geometry":{"type":"Point","coordinates":[9.978975,56.317353]},"properties":{"name":"Voermøllevej/Knudsbjergvej (Favrskov Kom)","lines":"4","arr":["4"],"terminus":0,"mode":"bus","color":"#0059a9","colorDark":"#00294f","angle":243.6,"snapDist":4,"label":1}},{"type":"Feature","geometry":{"type":"Point","coordinates":[10.059274,56.329814]},"properties":{"name":"Favrskov Gymnasium/Hovvej","lines":"4, 115","arr":["4","115"],"terminus":1,"mode":"bus","color":"#0059a9","colorDark":"#00294f","angle":73.9,"snapDist":4,"label":1}},{"type":"Feature","geometry":{"type":"Point","coordinates":[10.028251,56.327653]},"properties":{"name":"Vestre Ringvej/Uranusvej (Favrskov Kom)","lines":"4","arr":["4"],"terminus":0,"mode":"bus","color":"#0059a9","colorDark":"#00294f","angle":96.3,"snapDist":4,"label":1}},{"type":"Feature","geometry":{"type":"Point","coordinates":[10.029995,56.332669]},"properties":{"name":"Brogårdsvej/Vestre Ringvej (Favrskov Kom)","lines":"4","arr":["4"],"terminus":0,"mode":"bus","color":"#0059a9","colorDark":"#00294f","angle":349.6,"snapDist":2,"label":1}},{"type":"Feature","geometry":{"type":"Point","coordinates":[9.986874,56.33349]},"properties":{"name":"Lyngåvej (Favrskov Kom)","lines":"4","arr":["4"],"terminus":0,"mode":"bus","color":"#0059a9","colorDark":"#00294f","angle":282.6,"snapDist":2,"label":1}},{"type":"Feature","geometry":{"type":"Point","coordinates":[9.967039,56.328094]},"properties":{"name":"Volstrupvej/Voermøllevej (Favrskov Kom)","lines":"4","arr":["4"],"terminus":0,"mode":"bus","color":"#0059a9","colorDark":"#00294f","angle":336.5,"snapDist":3,"label":1}},{"type":"Feature","geometry":{"type":"Point","coordinates":[9.991801,56.319309]},"properties":{"name":"Rækkevej v/Hammelvej (Favrskov Kom)","lines":"4","arr":["4"],"terminus":0,"mode":"bus","color":"#0059a9","colorDark":"#00294f","angle":141,"snapDist":5,"label":1}},{"type":"Feature","geometry":{"type":"Point","coordinates":[9.997464,56.291764]},"properties":{"name":"Vitten (Favrskov Kom)","lines":"4","arr":["4"],"terminus":0,"mode":"bus","color":"#0059a9","colorDark":"#00294f","angle":12.1,"snapDist":5,"label":1}},{"type":"Feature","geometry":{"type":"Point","coordinates":[10.0188,56.296527]},"properties":{"name":"Lynghøjvej (Favrskov Kom)","lines":"4, 6","arr":["4","6"],"terminus":0,"mode":"bus","color":"#0059a9","colorDark":"#00294f","angle":327.2,"snapDist":0,"label":1}},{"type":"Feature","geometry":{"type":"Point","coordinates":[10.045567,56.329409]},"properties":{"name":"Hadsten/Kirkevej","lines":"4, 115","arr":["4","115"],"terminus":0,"mode":"bus","color":"#0059a9","colorDark":"#00294f","angle":30.9,"snapDist":5,"label":1}},{"type":"Feature","geometry":{"type":"Point","coordinates":[10.117152,56.16786]},"properties":{"name":"Brabrand Nord/Spobjergvej (Aarhus Kom)","lines":"4A, 43","arr":["4A","43"],"terminus":1,"mode":"bus","color":"#0059a9","colorDark":"#00294f","angle":246.6,"snapDist":9,"label":1}},{"type":"Feature","geometry":{"type":"Point","coordinates":[10.120404,56.166188]},"properties":{"name":"Sintrupvej/Holmstrupgårdvej (Aarhus Kom)","lines":"4A, 35, 43","arr":["4A","35","43"],"terminus":0,"mode":"bus","color":"#0059a9","colorDark":"#00294f","angle":263.5,"snapDist":9,"label":1}},{"type":"Feature","geometry":{"type":"Point","coordinates":[10.121717,56.163056]},"properties":{"name":"Holmstrupgårdvej/Edwin Rahrs Vej (Aarhus Kom)","lines":"4A, 35, 43","arr":["4A","35","43"],"terminus":0,"mode":"bus","color":"#0059a9","colorDark":"#00294f","angle":194.8,"snapDist":6,"label":1}},{"type":"Feature","geometry":{"type":"Point","coordinates":[10.126132,56.16246]},"properties":{"name":"Grimhøjvej/Edwin Rahrs Vej (Aarhus Kom)","lines":"4A, 35, 43","arr":["4A","35","43"],"terminus":0,"mode":"bus","color":"#0059a9","colorDark":"#00294f","angle":192,"snapDist":9,"label":1}},{"type":"Feature","geometry":{"type":"Point","coordinates":[10.132725,56.162026]},"properties":{"name":"Bazarpladsen/Edwin Rahrs Vej (Aarhus Kom)","lines":"4A, 15, 35, 43","arr":["4A","15","35","43"],"terminus":0,"mode":"bus","color":"#0059a9","colorDark":"#00294f","angle":181.4,"snapDist":9,"label":1}},{"type":"Feature","geometry":{"type":"Point","coordinates":[10.13393,56.160148]},"properties":{"name":"Verdenspladsen/Karen Blixens Blvd. (Aarhus Kom)","lines":"4A, 43","arr":["4A","43"],"terminus":0,"mode":"bus","color":"#0059a9","colorDark":"#00294f","angle":261.4,"snapDist":4,"label":1}},{"type":"Feature","geometry":{"type":"Point","coordinates":[10.136458,56.15527]},"properties":{"name":"City Vest/Tinesvej (Aarhus Kom)","lines":"4A, 43","arr":["4A","43"],"terminus":0,"mode":"bus","color":"#0059a9","colorDark":"#00294f","angle":262.7,"snapDist":3,"label":1}},{"type":"Feature","geometry":{"type":"Point","coordinates":[10.1371,56.153015]},"properties":{"name":"City Vest/Silkeborgvej (Aarhus Kom)","lines":"4A, 11, 12, 43, 113","arr":["4A","11","12","43","113"],"terminus":0,"mode":"bus","color":"#0059a9","colorDark":"#00294f","angle":174.1,"snapDist":14,"label":1}},{"type":"Feature","geometry":{"type":"Point","coordinates":[10.144651,56.153569]},"properties":{"name":"Åby Ringvej/Silkeborgvej (Aarhus Kom)","lines":"4A, 11, 43, 113","arr":["4A","11","43","113"],"terminus":0,"mode":"bus","color":"#0059a9","colorDark":"#00294f","angle":167.8,"snapDist":12,"label":1}},{"type":"Feature","geometry":{"type":"Point","coordinates":[10.155757,56.154475]},"properties":{"name":"Chr. Winthers Vej/Silkeborgvej (Aarhus Kom)","lines":"4A, 11, 43, 113","arr":["4A","11","43","113"],"terminus":0,"mode":"bus","color":"#0059a9","colorDark":"#00294f","angle":172.8,"snapDist":11,"label":1}},{"type":"Feature","geometry":{"type":"Point","coordinates":[10.166127,56.155182]},"properties":{"name":"Haslevej/Silkeborgvej (Aarhus Kom)","lines":"4A, 11, 15, 43, 113","arr":["4A","11","15","43","113"],"terminus":0,"mode":"bus","color":"#0059a9","colorDark":"#00294f","angle":172.7,"snapDist":6,"label":1}},{"type":"Feature","geometry":{"type":"Point","coordinates":[10.180912,56.156155]},"properties":{"name":"Vestre Ringgade/Silkeborgvej (Aarhus Kom)","lines":"4A, 11, 15, 43, 113","arr":["4A","11","15","43","113"],"terminus":0,"mode":"bus","color":"#0059a9","colorDark":"#00294f","angle":177.3,"snapDist":4,"label":1}},{"type":"Feature","geometry":{"type":"Point","coordinates":[10.185967,56.156328]},"properties":{"name":"Aarhus Tech/Dollerupvej (Aarhus Kom)","lines":"4A, 11, 15, 43, 113","arr":["4A","11","15","43","113"],"terminus":0,"mode":"bus","color":"#0059a9","colorDark":"#00294f","angle":175.8,"snapDist":7,"label":1}},{"type":"Feature","geometry":{"type":"Point","coordinates":[10.195166,56.157651]},"properties":{"name":"Den Gamle By (Aarhus Kom)","lines":"4A, 11, 43","arr":["4A","11","43"],"terminus":0,"mode":"bus","color":"#0059a9","colorDark":"#00294f","angle":164.4,"snapDist":6,"label":0}},{"type":"Feature","geometry":{"type":"Point","coordinates":[10.198993,56.158028]},"properties":{"name":"Vesterbro Torv (Aarhus Kom)","lines":"4A, 11, 43","arr":["4A","11","43"],"terminus":0,"mode":"bus","color":"#0059a9","colorDark":"#00294f","angle":151.9,"snapDist":6,"label":1}},{"type":"Feature","geometry":{"type":"Point","coordinates":[10.162252,56.12584]},"properties":{"name":"Folkehuset Viby/Holme Ringvej (Aarhus Kom)","lines":"4A, 6A, 41","arr":["4A","6A","41"],"terminus":0,"mode":"bus","color":"#0059a9","colorDark":"#00294f","angle":261.7,"snapDist":6,"label":1}},{"type":"Feature","geometry":{"type":"Point","coordinates":[10.161015,56.120802]},"properties":{"name":"Pihlkjærsvej/Holme Ringvej (Aarhus Kom)","lines":"4A, 41","arr":["4A","41"],"terminus":0,"mode":"bus","color":"#0059a9","colorDark":"#00294f","angle":294.6,"snapDist":8,"label":1}},{"type":"Feature","geometry":{"type":"Point","coordinates":[10.158163,56.118308]},"properties":{"name":"Runegårdsvej/Søndervangs Allé (Aarhus Kom)","lines":"4A, 41","arr":["4A","41"],"terminus":0,"mode":"bus","color":"#0059a9","colorDark":"#00294f","angle":303.2,"snapDist":9,"label":1}},{"type":"Feature","geometry":{"type":"Point","coordinates":[10.154232,56.115486]},"properties":{"name":"Søndervangen/Søndervangs Allé (Aarhus Kom)","lines":"4A, 41","arr":["4A","41"],"terminus":0,"mode":"bus","color":"#0059a9","colorDark":"#00294f","angle":302.5,"snapDist":11,"label":1}},{"type":"Feature","geometry":{"type":"Point","coordinates":[10.152415,56.113746]},"properties":{"name":"Viby Gymnasium/Søndervangs Allé (Aarhus Kom)","lines":"4A, 41","arr":["4A","41"],"terminus":0,"mode":"bus","color":"#0059a9","colorDark":"#00294f","angle":298.2,"snapDist":14,"label":1}},{"type":"Feature","geometry":{"type":"Point","coordinates":[10.149065,56.109728]},"properties":{"name":"Kjærslund/Søndervangs Allé (Aarhus Kom)","lines":"4A, 41","arr":["4A","41"],"terminus":0,"mode":"bus","color":"#0059a9","colorDark":"#00294f","angle":289.7,"snapDist":6,"label":1}},{"type":"Feature","geometry":{"type":"Point","coordinates":[10.149966,56.107712]},"properties":{"name":"Gunnar Clausens Vej/Christian X's Vej (Aarhus Kom)","lines":"4A, 17, 41","arr":["4A","17","41"],"terminus":0,"mode":"bus","color":"#0059a9","colorDark":"#00294f","angle":305.3,"snapDist":11,"label":1}},{"type":"Feature","geometry":{"type":"Point","coordinates":[10.145934,56.104832]},"properties":{"name":"Sletvej/Christian X's Vej (Aarhus Kom)","lines":"4A, 17, 41","arr":["4A","17","41"],"terminus":0,"mode":"bus","color":"#0059a9","colorDark":"#00294f","angle":308.6,"snapDist":5,"label":1}},{"type":"Feature","geometry":{"type":"Point","coordinates":[10.138087,56.09861]},"properties":{"name":"Mejerivænget/Tranbjerg Hovedgade (Aarhus Kom)","lines":"4A, 17, 41","arr":["4A","17","41"],"terminus":0,"mode":"bus","color":"#0059a9","colorDark":"#00294f","angle":287.5,"snapDist":6,"label":1}},{"type":"Feature","geometry":{"type":"Point","coordinates":[10.136241,56.095372]},"properties":{"name":"Tranbjerg Stationsvej/Tranbjerg Hovedgade (Aarhus)","lines":"4A, 17, 41","arr":["4A","17","41"],"terminus":0,"mode":"bus","color":"#0059a9","colorDark":"#00294f","angle":287.3,"snapDist":7,"label":1}},{"type":"Feature","geometry":{"type":"Point","coordinates":[10.139313,56.094268]},"properties":{"name":"Torvevænget (Aarhus Kom)","lines":"4A","arr":["4A"],"terminus":0,"mode":"bus","color":"#0059a9","colorDark":"#00294f","angle":295.4,"snapDist":6,"label":1}},{"type":"Feature","geometry":{"type":"Point","coordinates":[10.136979,56.09197]},"properties":{"name":"Torve Allé/Torvevænget (Aarhus Kom)","lines":"4A","arr":["4A"],"terminus":0,"mode":"bus","color":"#0059a9","colorDark":"#00294f","angle":306.8,"snapDist":5,"label":1}},{"type":"Feature","geometry":{"type":"Point","coordinates":[10.128158,56.094352]},"properties":{"name":"Tranbjergskolen/Grønløkke Allé (Aarhus Kom)","lines":"4A, 41","arr":["4A","41"],"terminus":0,"mode":"bus","color":"#0059a9","colorDark":"#00294f","angle":17.9,"snapDist":5,"label":1}},{"type":"Feature","geometry":{"type":"Point","coordinates":[10.122476,56.095065]},"properties":{"name":"Skovgårdsvænget/Grønløkke Allé (Aarhus Kom)","lines":"4A, 41","arr":["4A","41"],"terminus":0,"mode":"bus","color":"#0059a9","colorDark":"#00294f","angle":6.8,"snapDist":2,"label":1}},{"type":"Feature","geometry":{"type":"Point","coordinates":[10.117565,56.09148]},"properties":{"name":"Jegstrupvej/Skovgårdsvænget (Aarhus Kom)","lines":"4A, 41","arr":["4A","41"],"terminus":0,"mode":"bus","color":"#0059a9","colorDark":"#00294f","angle":287.8,"snapDist":7,"label":1}},{"type":"Feature","geometry":{"type":"Point","coordinates":[10.116418,56.089434]},"properties":{"name":"Skovgårdsvænget (Aarhus Kom)","lines":"4A, 41","arr":["4A","41"],"terminus":0,"mode":"bus","color":"#0059a9","colorDark":"#00294f","angle":287.5,"snapDist":6,"label":1}},{"type":"Feature","geometry":{"type":"Point","coordinates":[10.115365,56.087569]},"properties":{"name":"Frisenholt/Skovgårdsvænget (Aarhus Kom)","lines":"4A, 41","arr":["4A","41"],"terminus":0,"mode":"bus","color":"#0059a9","colorDark":"#00294f","angle":287.9,"snapDist":5,"label":1}},{"type":"Feature","geometry":{"type":"Point","coordinates":[10.118283,56.085916]},"properties":{"name":"Ingerslevvej/Orholt Allé (Aarhus Kom)","lines":"4A, 41","arr":["4A","41"],"terminus":0,"mode":"bus","color":"#0059a9","colorDark":"#00294f","angle":213,"snapDist":7,"label":1}},{"type":"Feature","geometry":{"type":"Point","coordinates":[10.12273,56.084355]},"properties":{"name":"Landevejen/Tingskov Allé (Aarhus Kom)","lines":"4A, 41","arr":["4A","41"],"terminus":0,"mode":"bus","color":"#0059a9","colorDark":"#00294f","angle":228.6,"snapDist":11,"label":1}},{"type":"Feature","geometry":{"type":"Point","coordinates":[10.128993,56.082812]},"properties":{"name":"Trankær Mosevej/Tingskov Allé","lines":"4A, 41","arr":["4A","41"],"terminus":0,"mode":"bus","color":"#0059a9","colorDark":"#00294f","angle":186.5,"snapDist":5,"label":1}},{"type":"Feature","geometry":{"type":"Point","coordinates":[10.130881,56.08282]},"properties":{"name":"Mosen/Tingskov Allé (Aarhus Kom)","lines":"4A, 41","arr":["4A","41"],"terminus":0,"mode":"bus","color":"#0059a9","colorDark":"#00294f","angle":171.2,"snapDist":6,"label":1}},{"type":"Feature","geometry":{"type":"Point","coordinates":[10.139196,56.083633]},"properties":{"name":"Obstrupvej/Tingsskov Allé (Aarhus Kom)","lines":"4A, 41","arr":["4A","41"],"terminus":0,"mode":"bus","color":"#0059a9","colorDark":"#00294f","angle":180.3,"snapDist":9,"label":1}},{"type":"Feature","geometry":{"type":"Point","coordinates":[10.144031,56.083775]},"properties":{"name":"Horsevænget/Tingskov Allé (Aarhus Kom)","lines":"4A, 41","arr":["4A","41"],"terminus":0,"mode":"bus","color":"#0059a9","colorDark":"#00294f","angle":168.5,"snapDist":7,"label":1}},{"type":"Feature","geometry":{"type":"Point","coordinates":[10.152222,56.084645]},"properties":{"name":"Tranbjerg/Hyrdevænget (Aarhus Kom)","lines":"4A, 41","arr":["4A","41"],"terminus":1,"mode":"bus","color":"#0059a9","colorDark":"#00294f","angle":322.3,"snapDist":4,"label":1}},{"type":"Feature","geometry":{"type":"Point","coordinates":[10.143804,56.083749]},"properties":{"name":"Horsevænget/Tingskov Allé (Aarhus Kom)","lines":"4A","arr":["4A"],"terminus":0,"mode":"bus","color":"#0059a9","colorDark":"#00294f","angle":348.6,"snapDist":7,"label":0}},{"type":"Feature","geometry":{"type":"Point","coordinates":[10.138748,56.083634]},"properties":{"name":"Obstrupvej/Tingsskov Allé (Aarhus Kom)","lines":"4A","arr":["4A"],"terminus":0,"mode":"bus","color":"#0059a9","colorDark":"#00294f","angle":0.4,"snapDist":4,"label":0}},{"type":"Feature","geometry":{"type":"Point","coordinates":[10.130891,56.082821]},"properties":{"name":"Mosen/Tingskov Allé (Aarhus Kom)","lines":"4A","arr":["4A"],"terminus":0,"mode":"bus","color":"#0059a9","colorDark":"#00294f","angle":351.2,"snapDist":9,"label":0}},{"type":"Feature","geometry":{"type":"Point","coordinates":[10.123621,56.084097]},"properties":{"name":"Landevejen/Tingskov Allé (Aarhus Kom)","lines":"4A","arr":["4A"],"terminus":0,"mode":"bus","color":"#0059a9","colorDark":"#00294f","angle":35.3,"snapDist":5,"label":0}},{"type":"Feature","geometry":{"type":"Point","coordinates":[10.118502,56.085839]},"properties":{"name":"Ingerslevvej/Orholt Allé (Aarhus Kom)","lines":"4A","arr":["4A"],"terminus":0,"mode":"bus","color":"#0059a9","colorDark":"#00294f","angle":32.2,"snapDist":9,"label":0}},{"type":"Feature","geometry":{"type":"Point","coordinates":[10.115339,56.087523]},"properties":{"name":"Frisenholt/Skovgårdsvænget (Aarhus Kom)","lines":"4A","arr":["4A"],"terminus":0,"mode":"bus","color":"#0059a9","colorDark":"#00294f","angle":108,"snapDist":5,"label":0}},{"type":"Feature","geometry":{"type":"Point","coordinates":[10.116574,56.089713]},"properties":{"name":"Skovgårdsvænget (Aarhus Kom)","lines":"4A","arr":["4A"],"terminus":0,"mode":"bus","color":"#0059a9","colorDark":"#00294f","angle":107.2,"snapDist":5,"label":0}},{"type":"Feature","geometry":{"type":"Point","coordinates":[10.117871,56.092043]},"properties":{"name":"Jegstrupvej/Skovgårdsvænget (Aarhus Kom)","lines":"4A","arr":["4A"],"terminus":0,"mode":"bus","color":"#0059a9","colorDark":"#00294f","angle":106.8,"snapDist":7,"label":0}},{"type":"Feature","geometry":{"type":"Point","coordinates":[10.12238,56.095071]},"properties":{"name":"Skovgårdsvænget/Grønløkke Allé (Aarhus Kom)","lines":"4A","arr":["4A"],"terminus":0,"mode":"bus","color":"#0059a9","colorDark":"#00294f","angle":186.8,"snapDist":8,"label":0}},{"type":"Feature","geometry":{"type":"Point","coordinates":[10.128034,56.094374]},"properties":{"name":"Tranbjergskolen/Grønløkke Allé (Aarhus Kom)","lines":"4A","arr":["4A"],"terminus":0,"mode":"bus","color":"#0059a9","colorDark":"#00294f","angle":197.9,"snapDist":6,"label":0}},{"type":"Feature","geometry":{"type":"Point","coordinates":[10.136916,56.091924]},"properties":{"name":"Torve Allé/Torvevænget (Aarhus Kom)","lines":"4A","arr":["4A"],"terminus":0,"mode":"bus","color":"#0059a9","colorDark":"#00294f","angle":127.3,"snapDist":5,"label":0}},{"type":"Feature","geometry":{"type":"Point","coordinates":[10.139319,56.094275]},"properties":{"name":"Torvevænget (Aarhus Kom)","lines":"4A","arr":["4A"],"terminus":0,"mode":"bus","color":"#0059a9","colorDark":"#00294f","angle":115.4,"snapDist":5,"label":0}},{"type":"Feature","geometry":{"type":"Point","coordinates":[10.136691,56.096164]},"properties":{"name":"Tranbjerg Stationsvej/Tranbjerg Hovedgade (Aarhus)","lines":"4A, 17, 41","arr":["4A","17","41"],"terminus":0,"mode":"bus","color":"#0059a9","colorDark":"#00294f","angle":107.5,"snapDist":6,"label":0}},{"type":"Feature","geometry":{"type":"Point","coordinates":[10.137915,56.098309]},"properties":{"name":"Mejerivænget/Tranbjerg Hovedgade (Aarhus Kom)","lines":"4A, 17, 41","arr":["4A","17","41"],"terminus":0,"mode":"bus","color":"#0059a9","colorDark":"#00294f","angle":108,"snapDist":6,"label":0}},{"type":"Feature","geometry":{"type":"Point","coordinates":[10.146008,56.104729]},"properties":{"name":"Sletvej/Christian X's Vej (Aarhus Kom)","lines":"4A, 17, 41","arr":["4A","17","41"],"terminus":0,"mode":"bus","color":"#0059a9","colorDark":"#00294f","angle":125.1,"snapDist":10,"label":0}},{"type":"Feature","geometry":{"type":"Point","coordinates":[10.149405,56.108224]},"properties":{"name":"Christian X's Vej/Gunnar Clausens Vej (Aarhus Kom)","lines":"4A, 41","arr":["4A","41"],"terminus":0,"mode":"bus","color":"#0059a9","colorDark":"#00294f","angle":21.9,"snapDist":6,"label":1}},{"type":"Feature","geometry":{"type":"Point","coordinates":[10.149251,56.110018]},"properties":{"name":"Kjærslund/Søndervangs Allé (Aarhus Kom)","lines":"4A, 41","arr":["4A","41"],"terminus":0,"mode":"bus","color":"#0059a9","colorDark":"#00294f","angle":109.7,"snapDist":4,"label":0}},{"type":"Feature","geometry":{"type":"Point","coordinates":[10.15203,56.113368]},"properties":{"name":"Viby Gymnasium/Søndervangs Allé (Aarhus Kom)","lines":"4A, 41","arr":["4A","41"],"terminus":0,"mode":"bus","color":"#0059a9","colorDark":"#00294f","angle":120.7,"snapDist":6,"label":0}},{"type":"Feature","geometry":{"type":"Point","coordinates":[10.154066,56.11534]},"properties":{"name":"Søndervangen/Søndervangs Allé (Aarhus Kom)","lines":"4A, 41","arr":["4A","41"],"terminus":0,"mode":"bus","color":"#0059a9","colorDark":"#00294f","angle":120.3,"snapDist":8,"label":0}},{"type":"Feature","geometry":{"type":"Point","coordinates":[10.157202,56.117495]},"properties":{"name":"Runegårdsvej/Søndervangs Allé (Aarhus Kom)","lines":"4A, 41","arr":["4A","41"],"terminus":0,"mode":"bus","color":"#0059a9","colorDark":"#00294f","angle":122.7,"snapDist":6,"label":0}},{"type":"Feature","geometry":{"type":"Point","coordinates":[10.161269,56.12112]},"properties":{"name":"Pihlkjærsvej/Holme Ringvej (Aarhus Kom)","lines":"4A, 41","arr":["4A","41"],"terminus":0,"mode":"bus","color":"#0059a9","colorDark":"#00294f","angle":112.1,"snapDist":7,"label":0}},{"type":"Feature","geometry":{"type":"Point","coordinates":[10.162261,56.125805]},"properties":{"name":"Folkehuset Viby/Holme Ringvej (Aarhus Kom)","lines":"4A, 6A, 41","arr":["4A","6A","41"],"terminus":0,"mode":"bus","color":"#0059a9","colorDark":"#00294f","angle":81.7,"snapDist":6,"label":0}},{"type":"Feature","geometry":{"type":"Point","coordinates":[10.199022,56.158037]},"properties":{"name":"Vesterbro Torv (Aarhus Kom)","lines":"4A, 11, 43, 44","arr":["4A","11","43","44"],"terminus":0,"mode":"bus","color":"#0059a9","colorDark":"#00294f","angle":331.9,"snapDist":10,"label":0}},{"type":"Feature","geometry":{"type":"Point","coordinates":[10.192842,56.157317]},"properties":{"name":"Den Gamle By (Aarhus Kom)","lines":"4A, 11, 15, 43, 113","arr":["4A","11","15","43","113"],"terminus":0,"mode":"bus","color":"#0059a9","colorDark":"#00294f","angle":341,"snapDist":10,"label":0}},{"type":"Feature","geometry":{"type":"Point","coordinates":[10.187445,56.15648]},"properties":{"name":"Aarhus Tech/Dollerupvej (Aarhus Kom)","lines":"4A, 11, 15, 43, 113","arr":["4A","11","15","43","113"],"terminus":0,"mode":"bus","color":"#0059a9","colorDark":"#00294f","angle":349.6,"snapDist":5,"label":0}},{"type":"Feature","geometry":{"type":"Point","coordinates":[10.18167,56.156284]},"properties":{"name":"Vestre Ringgade/Silkeborgvej (Aarhus Kom)","lines":"4A, 11, 15, 43, 113","arr":["4A","11","15","43","113"],"terminus":0,"mode":"bus","color":"#0059a9","colorDark":"#00294f","angle":356.8,"snapDist":7,"label":0}},{"type":"Feature","geometry":{"type":"Point","coordinates":[10.164884,56.155158]},"properties":{"name":"Haslevej/Silkeborgvej (Aarhus Kom)","lines":"4A, 11, 43, 113","arr":["4A","11","43","113"],"terminus":0,"mode":"bus","color":"#0059a9","colorDark":"#00294f","angle":351.5,"snapDist":7,"label":0}},{"type":"Feature","geometry":{"type":"Point","coordinates":[10.154057,56.154355]},"properties":{"name":"Chr. Winthers Vej/Silkeborgvej (Aarhus Kom)","lines":"4A, 11, 43, 113","arr":["4A","11","43","113"],"terminus":0,"mode":"bus","color":"#0059a9","colorDark":"#00294f","angle":352.8,"snapDist":7,"label":0}},{"type":"Feature","geometry":{"type":"Point","coordinates":[10.142942,56.153532]},"properties":{"name":"Åby Ringvej/Silkeborgvej (Aarhus Kom)","lines":"4A, 11, 12, 43, 113","arr":["4A","11","12","43","113"],"terminus":0,"mode":"bus","color":"#0059a9","colorDark":"#00294f","angle":351.7,"snapDist":7,"label":0}},{"type":"Feature","geometry":{"type":"Point","coordinates":[10.137672,56.153175]},"properties":{"name":"City Vest/Silkeborgvej (Aarhus Kom)","lines":"4A, 43","arr":["4A","43"],"terminus":0,"mode":"bus","color":"#0059a9","colorDark":"#00294f","angle":354.1,"snapDist":12,"label":0}},{"type":"Feature","geometry":{"type":"Point","coordinates":[10.136237,56.15597]},"properties":{"name":"City Vest/Tinesvej (Aarhus Kom)","lines":"4A, 43","arr":["4A","43"],"terminus":0,"mode":"bus","color":"#0059a9","colorDark":"#00294f","angle":68.8,"snapDist":7,"label":0}},{"type":"Feature","geometry":{"type":"Point","coordinates":[10.13393,56.160146]},"properties":{"name":"Verdenspladsen/Karen Blixens Blvd. (Aarhus Kom)","lines":"4A, 43","arr":["4A","43"],"terminus":0,"mode":"bus","color":"#0059a9","colorDark":"#00294f","angle":81.4,"snapDist":3,"label":0}},{"type":"Feature","geometry":{"type":"Point","coordinates":[10.132798,56.16217]},"properties":{"name":"Bazarpladsen/Edwin Rahrs Vej (Aarhus Kom)","lines":"4A, 15, 35, 43","arr":["4A","15","35","43"],"terminus":0,"mode":"bus","color":"#0059a9","colorDark":"#00294f","angle":358.3,"snapDist":5,"label":0}},{"type":"Feature","geometry":{"type":"Point","coordinates":[10.124856,56.162694]},"properties":{"name":"Grimhøjvej/Edwin Rahrs Vej (Aarhus Kom)","lines":"4A, 35, 43","arr":["4A","35","43"],"terminus":0,"mode":"bus","color":"#0059a9","colorDark":"#00294f","angle":13.1,"snapDist":4,"label":0}},{"type":"Feature","geometry":{"type":"Point","coordinates":[10.120977,56.163996]},"properties":{"name":"Edwin Rahrs Vej/Holmstrupgårdvej (Aarhus Kom)","lines":"4A, 35, 43","arr":["4A","35","43"],"terminus":0,"mode":"bus","color":"#0059a9","colorDark":"#00294f","angle":82.4,"snapDist":7,"label":1}},{"type":"Feature","geometry":{"type":"Point","coordinates":[10.120401,56.1662]},"properties":{"name":"Sintrupvej/Holmstrupgårdvej (Aarhus Kom)","lines":"4A, 35, 43","arr":["4A","35","43"],"terminus":0,"mode":"bus","color":"#0059a9","colorDark":"#00294f","angle":81.3,"snapDist":8,"label":0}},{"type":"Feature","geometry":{"type":"Point","coordinates":[10.206024,56.139404]},"properties":{"name":"Tangkrogen/Dalgas Avenue (Aarhus Kom)","lines":"5A","arr":["5A"],"terminus":1,"mode":"bus","color":"#0059a9","colorDark":"#00294f","angle":-33.3,"snapDist":7,"label":1}},{"type":"Feature","geometry":{"type":"Point","coordinates":[10.203112,56.141532]},"properties":{"name":"Dalgas Avenue/Marselis Boulevard (Aarhus Kom)","lines":"5A","arr":["5A"],"terminus":0,"mode":"bus","color":"#0059a9","colorDark":"#00294f","angle":339.7,"snapDist":11,"label":1}},{"type":"Feature","geometry":{"type":"Point","coordinates":[10.194631,56.140713]},"properties":{"name":"Stadion Allé/Søndre Ringgade (Aarhus Kom)","lines":"5A","arr":["5A"],"terminus":0,"mode":"bus","color":"#0059a9","colorDark":"#00294f","angle":83,"snapDist":3,"label":1}},{"type":"Feature","geometry":{"type":"Point","coordinates":[10.192483,56.142075]},"properties":{"name":"Hans Schourups Gade/Søndre Ringgade (Aarhus Kom)","lines":"5A","arr":["5A"],"terminus":0,"mode":"bus","color":"#0059a9","colorDark":"#00294f","angle":47.2,"snapDist":8,"label":1}},{"type":"Feature","geometry":{"type":"Point","coordinates":[10.189862,56.14367]},"properties":{"name":"Harald Jensens Plads/Søndre Ringgade (Aarhus Kom)","lines":"5A","arr":["5A"],"terminus":0,"mode":"bus","color":"#0059a9","colorDark":"#00294f","angle":48.9,"snapDist":11,"label":1}},{"type":"Feature","geometry":{"type":"Point","coordinates":[10.186865,56.145766]},"properties":{"name":"Læssøesgade/Søndre Ringgade (Aarhus Kom)","lines":"5A","arr":["5A"],"terminus":0,"mode":"bus","color":"#0059a9","colorDark":"#00294f","angle":58.7,"snapDist":10,"label":1}},{"type":"Feature","geometry":{"type":"Point","coordinates":[10.182869,56.153901]},"properties":{"name":"Søren Frichs Vej/Vestre Ringgade (Aarhus Kom)","lines":"5A","arr":["5A"],"terminus":0,"mode":"bus","color":"#0059a9","colorDark":"#00294f","angle":88.2,"snapDist":7,"label":1}},{"type":"Feature","geometry":{"type":"Point","coordinates":[10.182893,56.156781]},"properties":{"name":"Silkeborgvej/Vestre Ringgade (Aarhus Kom)","lines":"5A","arr":["5A"],"terminus":0,"mode":"bus","color":"#0059a9","colorDark":"#00294f","angle":91.6,"snapDist":10,"label":1}},{"type":"Feature","geometry":{"type":"Point","coordinates":[10.182987,56.159393]},"properties":{"name":"Thomas Nielsens Gade/Vestre Ringgade (Aarhus Kom)","lines":"5A","arr":["5A"],"terminus":0,"mode":"bus","color":"#0059a9","colorDark":"#00294f","angle":91,"snapDist":9,"label":1}},{"type":"Feature","geometry":{"type":"Point","coordinates":[10.183621,56.161495]},"properties":{"name":"Viborgvej/Vestre Ringgade (Aarhus Kom)","lines":"5A, 118","arr":["5A","118"],"terminus":0,"mode":"bus","color":"#0059a9","colorDark":"#00294f","angle":121,"snapDist":15,"label":1}},{"type":"Feature","geometry":{"type":"Point","coordinates":[10.188114,56.165655]},"properties":{"name":"Møllevang/Veste Ringgade (Aarhus Kom)","lines":"5A, 13","arr":["5A","13"],"terminus":0,"mode":"bus","color":"#0059a9","colorDark":"#00294f","angle":123.9,"snapDist":10,"label":1}},{"type":"Feature","geometry":{"type":"Point","coordinates":[10.191576,56.167952]},"properties":{"name":"Paludan-Müllers Vej/Vestre Ringgade (Aarhus Kom)","lines":"5A","arr":["5A"],"terminus":0,"mode":"bus","color":"#0059a9","colorDark":"#00294f","angle":136.1,"snapDist":12,"label":1}},{"type":"Feature","geometry":{"type":"Point","coordinates":[10.195444,56.16961]},"properties":{"name":"Hangøvej/Vestre Ringgade (Aarhus Kom)","lines":"5A","arr":["5A"],"terminus":0,"mode":"bus","color":"#0059a9","colorDark":"#00294f","angle":148.3,"snapDist":12,"label":1}},{"type":"Feature","geometry":{"type":"Point","coordinates":[10.200545,56.170985]},"properties":{"name":"Studenternes Hus/Nordre Ringgade (Aarhus Kom)","lines":"5A","arr":["5A"],"terminus":0,"mode":"bus","color":"#0059a9","colorDark":"#00294f","angle":162.7,"snapDist":11,"label":1}},{"type":"Feature","geometry":{"type":"Point","coordinates":[10.205471,56.171705]},"properties":{"name":"Aarhus Universitet/Ndr. Ringgade","lines":"5A, 12, 100, 123, 925X","arr":["5A","12","100","123","925X"],"terminus":0,"mode":"bus","color":"#0059a9","colorDark":"#00294f","angle":162,"snapDist":7,"label":1}},{"type":"Feature","geometry":{"type":"Point","coordinates":[10.211389,56.173158]},"properties":{"name":"Trøjborg Centret/Nordre Ringgade (Aarhus Kom)","lines":"5A, 12, 100, 123","arr":["5A","12","100","123"],"terminus":0,"mode":"bus","color":"#0059a9","colorDark":"#00294f","angle":142.3,"snapDist":12,"label":1}},{"type":"Feature","geometry":{"type":"Point","coordinates":[10.214463,56.174431]},"properties":{"name":"Skovvangsvej/Nordre Ringgade (Aarhus Kom)","lines":"5A, 12","arr":["5A","12"],"terminus":0,"mode":"bus","color":"#0059a9","colorDark":"#00294f","angle":143.6,"snapDist":7,"label":1}},{"type":"Feature","geometry":{"type":"Point","coordinates":[10.219156,56.177049]},"properties":{"name":"Marienlund/Marienlunds Allé (Aarhus Kom)","lines":"5A","arr":["5A"],"terminus":1,"mode":"bus","color":"#0059a9","colorDark":"#00294f","angle":125.8,"snapDist":0,"label":1}},{"type":"Feature","geometry":{"type":"Point","coordinates":[10.214438,56.174421]},"properties":{"name":"Skovvangsvej/Nordre Ringgade (Aarhus Kom)","lines":"5A, 12","arr":["5A","12"],"terminus":0,"mode":"bus","color":"#0059a9","colorDark":"#00294f","angle":323.7,"snapDist":7,"label":0}},{"type":"Feature","geometry":{"type":"Point","coordinates":[10.210527,56.172802]},"properties":{"name":"Trøjborg Centret/Nordre Ringgade (Aarhus Kom)","lines":"5A, 12, 100, 123","arr":["5A","12","100","123"],"terminus":0,"mode":"bus","color":"#0059a9","colorDark":"#00294f","angle":325.2,"snapDist":11,"label":0}},{"type":"Feature","geometry":{"type":"Point","coordinates":[10.203908,56.171621]},"properties":{"name":"Aarhus Universitet/Ndr. Ringgade","lines":"5A, 118, 925X","arr":["5A","118","925X"],"terminus":0,"mode":"bus","color":"#0059a9","colorDark":"#00294f","angle":345.4,"snapDist":11,"label":0}},{"type":"Feature","geometry":{"type":"Point","coordinates":[10.199954,56.170993]},"properties":{"name":"Studenternes Hus/Nordre Ringgade (Aarhus Kom)","lines":"5A","arr":["5A"],"terminus":0,"mode":"bus","color":"#0059a9","colorDark":"#00294f","angle":339.6,"snapDist":13,"label":0}},{"type":"Feature","geometry":{"type":"Point","coordinates":[10.194854,56.16961]},"properties":{"name":"Hangøvej/Vestre Ringgade (Aarhus Kom)","lines":"5A","arr":["5A"],"terminus":0,"mode":"bus","color":"#0059a9","colorDark":"#00294f","angle":328.3,"snapDist":9,"label":0}},{"type":"Feature","geometry":{"type":"Point","coordinates":[10.19002,56.167307]},"properties":{"name":"Paludan-Müllers Vej/Vestre Ringgade (Aarhus Kom)","lines":"5A, 13","arr":["5A","13"],"terminus":0,"mode":"bus","color":"#0059a9","colorDark":"#00294f","angle":311.1,"snapDist":10,"label":0}},{"type":"Feature","geometry":{"type":"Point","coordinates":[10.187976,56.165841]},"properties":{"name":"Møllevang/Veste Ringgade (Aarhus Kom)","lines":"5A","arr":["5A"],"terminus":0,"mode":"bus","color":"#0059a9","colorDark":"#00294f","angle":304,"snapDist":9,"label":0}},{"type":"Feature","geometry":{"type":"Point","coordinates":[10.183533,56.161748]},"properties":{"name":"Viborgvej/Vestre Ringgade (Aarhus Kom)","lines":"5A","arr":["5A"],"terminus":0,"mode":"bus","color":"#0059a9","colorDark":"#00294f","angle":300.9,"snapDist":15,"label":0}},{"type":"Feature","geometry":{"type":"Point","coordinates":[10.182671,56.158858]},"properties":{"name":"Thomas Nielsens Gade/Vestre Ringgade (Aarhus Kom)","lines":"5A","arr":["5A"],"terminus":0,"mode":"bus","color":"#0059a9","colorDark":"#00294f","angle":271.1,"snapDist":15,"label":0}},{"type":"Feature","geometry":{"type":"Point","coordinates":[10.182622,56.155391]},"properties":{"name":"Silkeborgvej/Vestre Ringgade (Aarhus Kom)","lines":"5A","arr":["5A"],"terminus":0,"mode":"bus","color":"#0059a9","colorDark":"#00294f","angle":269.9,"snapDist":11,"label":0}},{"type":"Feature","geometry":{"type":"Point","coordinates":[10.182762,56.153008]},"properties":{"name":"Søren Frichs Vej/Vestre Ringgade (Aarhus Kom)","lines":"5A","arr":["5A"],"terminus":0,"mode":"bus","color":"#0059a9","colorDark":"#00294f","angle":266.1,"snapDist":13,"label":0}},{"type":"Feature","geometry":{"type":"Point","coordinates":[10.18673,56.145666]},"properties":{"name":"Læssøesgade/Søndre Ringgade (Aarhus Kom)","lines":"5A","arr":["5A"],"terminus":0,"mode":"bus","color":"#0059a9","colorDark":"#00294f","angle":236.3,"snapDist":7,"label":0}},{"type":"Feature","geometry":{"type":"Point","coordinates":[10.1897,56.143589]},"properties":{"name":"Harald Jensens Plads/Søndre Ringgade (Aarhus Kom)","lines":"5A, 11, 42","arr":["5A","11","42"],"terminus":0,"mode":"bus","color":"#0059a9","colorDark":"#00294f","angle":229.7,"snapDist":15,"label":0}},{"type":"Feature","geometry":{"type":"Point","coordinates":[10.19278,56.141736]},"properties":{"name":"Hans Schourups Gade/Søndre Ringgade (Aarhus Kom)","lines":"5A","arr":["5A"],"terminus":0,"mode":"bus","color":"#0059a9","colorDark":"#00294f","angle":227.2,"snapDist":9,"label":0}},{"type":"Feature","geometry":{"type":"Point","coordinates":[10.195363,56.140282]},"properties":{"name":"Stadion Allé/Marselis Boulevard (Aarhus Kom)","lines":"5A, 16, 18","arr":["5A","16","18"],"terminus":0,"mode":"bus","color":"#0059a9","colorDark":"#00294f","angle":169.6,"snapDist":11,"label":1}},{"type":"Feature","geometry":{"type":"Point","coordinates":[10.20384,56.141135]},"properties":{"name":"Marselis Boulevard/Dalgas Avenue (Aarhus Kom)","lines":"5A","arr":["5A"],"terminus":0,"mode":"bus","color":"#0059a9","colorDark":"#00294f","angle":248.2,"snapDist":9,"label":1}},{"type":"Feature","geometry":{"type":"Point","coordinates":[10.060308,56.263352]},"properties":{"name":"Hinnerup St./Banegårdspl.","lines":"6, 7, 8","arr":["6","7","8"],"terminus":1,"mode":"bus","color":"#0059a9","colorDark":"#00294f","angle":-40.1,"snapDist":7,"label":1}},{"type":"Feature","geometry":{"type":"Point","coordinates":[10.059899,56.272339]},"properties":{"name":"Mågevej/Rylevej (Favrskov Kom)","lines":"6, 115","arr":["6","115"],"terminus":0,"mode":"bus","color":"#0059a9","colorDark":"#00294f","angle":34.9,"snapDist":3,"label":1}},{"type":"Feature","geometry":{"type":"Point","coordinates":[10.072235,56.283023]},"properties":{"name":"Haar (Favrskov Kom)","lines":"6","arr":["6"],"terminus":0,"mode":"bus","color":"#0059a9","colorDark":"#00294f","angle":104.1,"snapDist":1,"label":1}},{"type":"Feature","geometry":{"type":"Point","coordinates":[10.087076,56.288844]},"properties":{"name":"Haarvadbro/Sahara (Favrskov Kom)","lines":"6","arr":["6"],"terminus":0,"mode":"bus","color":"#0059a9","colorDark":"#00294f","angle":150.9,"snapDist":5,"label":1}},{"type":"Feature","geometry":{"type":"Point","coordinates":[10.060968,56.297103]},"properties":{"name":"Sandby (Favrskov Kom)","lines":"6","arr":["6"],"terminus":0,"mode":"bus","color":"#0059a9","colorDark":"#00294f","angle":100.4,"snapDist":0,"label":1}},{"type":"Feature","geometry":{"type":"Point","coordinates":[10.040563,56.296062]},"properties":{"name":"Skanderborgvej (Favrskov Kom)","lines":"6","arr":["6"],"terminus":0,"mode":"bus","color":"#0059a9","colorDark":"#00294f","angle":284.2,"snapDist":0,"label":1}},{"type":"Feature","geometry":{"type":"Point","coordinates":[9.971674,56.295616]},"properties":{"name":"Snedestrupvej (Favrskov Kom)","lines":"6","arr":["6"],"terminus":0,"mode":"bus","color":"#0059a9","colorDark":"#00294f","angle":92.1,"snapDist":3,"label":1}},{"type":"Feature","geometry":{"type":"Point","coordinates":[9.984007,56.291226]},"properties":{"name":"Bækholmsvej/Vittenvej (Favrskov Kom)","lines":"6","arr":["6"],"terminus":0,"mode":"bus","color":"#0059a9","colorDark":"#00294f","angle":342.4,"snapDist":0,"label":1}},{"type":"Feature","geometry":{"type":"Point","coordinates":[9.997833,56.29172]},"properties":{"name":"Vitten (Favrskov Kom)","lines":"6","arr":["6"],"terminus":0,"mode":"bus","color":"#0059a9","colorDark":"#00294f","angle":192.1,"snapDist":10,"label":0}},{"type":"Feature","geometry":{"type":"Point","coordinates":[10.03931,56.27951]},"properties":{"name":"Haldum (Favrskov Kom)","lines":"6","arr":["6"],"terminus":0,"mode":"bus","color":"#0059a9","colorDark":"#00294f","angle":193.8,"snapDist":3,"label":1}},{"type":"Feature","geometry":{"type":"Point","coordinates":[10.054685,56.272602]},"properties":{"name":"H-H Skolen, Hinnerup (Favrskov Kom)","lines":"6","arr":["6"],"terminus":0,"mode":"bus","color":"#0059a9","colorDark":"#00294f","angle":284.7,"snapDist":7,"label":1}},{"type":"Feature","geometry":{"type":"Point","coordinates":[10.059855,56.275748]},"properties":{"name":"Storkevej/Rylevej (Favrskov Kom)","lines":"6, 115","arr":["6","115"],"terminus":0,"mode":"bus","color":"#0059a9","colorDark":"#00294f","angle":119,"snapDist":5,"label":1}},{"type":"Feature","geometry":{"type":"Point","coordinates":[10.062428,56.263242]},"properties":{"name":"Storegade/Ådalsvej","lines":"6, 7, 200","arr":["6","7","200"],"terminus":1,"mode":"bus","color":"#0059a9","colorDark":"#00294f","angle":198.1,"snapDist":6,"label":1}},{"type":"Feature","geometry":{"type":"Point","coordinates":[10.070095,56.259877]},"properties":{"name":"Rønbækskolen/Ådalsvej (Favrskov Kom)","lines":"6, 8, 200","arr":["6","8","200"],"terminus":0,"mode":"bus","color":"#0059a9","colorDark":"#00294f","angle":251.1,"snapDist":8,"label":1}},{"type":"Feature","geometry":{"type":"Point","coordinates":[10.083314,56.23484]},"properties":{"name":"Præstemarkskolen/Kvottrupvej (Favrskov Kom)","lines":"6, 7, 8","arr":["6","7","8"],"terminus":1,"mode":"bus","color":"#0059a9","colorDark":"#00294f","angle":297.2,"snapDist":7,"label":1}},{"type":"Feature","geometry":{"type":"Point","coordinates":[10.05925,56.263177]},"properties":{"name":"Hinnerup st./Skovvej (Favrskov Kom)","lines":"6","arr":["6"],"terminus":0,"mode":"bus","color":"#0059a9","colorDark":"#00294f","angle":128.7,"snapDist":2,"label":1}},{"type":"Feature","geometry":{"type":"Point","coordinates":[10.060473,56.272133]},"properties":{"name":"Mågevej/Rylevej (Favrskov Kom)","lines":"6","arr":["6"],"terminus":0,"mode":"bus","color":"#0059a9","colorDark":"#00294f","angle":-148.3,"snapDist":9,"label":0}},{"type":"Feature","geometry":{"type":"Point","coordinates":[10.073437,56.275916]},"properties":{"name":"Møllevangen/Nørregade (Favrskov Kom)","lines":"6","arr":["6"],"terminus":0,"mode":"bus","color":"#0059a9","colorDark":"#00294f","angle":178.5,"snapDist":8,"label":1}},{"type":"Feature","geometry":{"type":"Point","coordinates":[10.096065,56.267543]},"properties":{"name":"Grundfør/Herredsvej (Favrskov Kom)","lines":"6","arr":["6"],"terminus":0,"mode":"bus","color":"#0059a9","colorDark":"#00294f","angle":-174.1,"snapDist":7,"label":1}},{"type":"Feature","geometry":{"type":"Point","coordinates":[10.059495,56.275265]},"properties":{"name":"Storkevej/Rylevej (Favrskov Kom)","lines":"6","arr":["6"],"terminus":0,"mode":"bus","color":"#0059a9","colorDark":"#00294f","angle":-75.4,"snapDist":8,"label":0}},{"type":"Feature","geometry":{"type":"Point","coordinates":[10.039391,56.279499]},"properties":{"name":"Haldum (Favrskov Kom)","lines":"6","arr":["6"],"terminus":0,"mode":"bus","color":"#0059a9","colorDark":"#00294f","angle":13.8,"snapDist":2,"label":0}},{"type":"Feature","geometry":{"type":"Point","coordinates":[10.075834,56.261488]},"properties":{"name":"Hinnerup Plejecenter (Favrskov Kom)","lines":"6, 8","arr":["6","8"],"terminus":0,"mode":"bus","color":"#0059a9","colorDark":"#00294f","angle":322.2,"snapDist":4,"label":1}},{"type":"Feature","geometry":{"type":"Point","coordinates":[10.214219,56.109349]},"properties":{"name":"Skåde/Emiliedalsvej (Aarhus Kom)","lines":"6A","arr":["6A"],"terminus":1,"mode":"bus","color":"#0059a9","colorDark":"#00294f","angle":275.4,"snapDist":4,"label":1}},{"type":"Feature","geometry":{"type":"Point","coordinates":[10.210173,56.107645]},"properties":{"name":"Emiliedalen/Emiliedalsvej (Aarhus Kom)","lines":"6A","arr":["6A"],"terminus":0,"mode":"bus","color":"#0059a9","colorDark":"#00294f","angle":350.9,"snapDist":5,"label":1}},{"type":"Feature","geometry":{"type":"Point","coordinates":[10.20739,56.106645]},"properties":{"name":"Emiliedalsvej/Oddervej (Aarhus Kom)","lines":"6A, 100, 103, 302","arr":["6A","100","103","302"],"terminus":0,"mode":"bus","color":"#0059a9","colorDark":"#00294f","angle":279.7,"snapDist":8,"label":1}},{"type":"Feature","geometry":{"type":"Point","coordinates":[10.20687,56.104168]},"properties":{"name":"Skåde Skole/Oddervej (Aarhus Kom)","lines":"6A, 16, 100, 103, 302","arr":["6A","16","100","103","302"],"terminus":0,"mode":"bus","color":"#0059a9","colorDark":"#00294f","angle":266.7,"snapDist":8,"label":1}},{"type":"Feature","geometry":{"type":"Point","coordinates":[10.206882,56.102503]},"properties":{"name":"Oddervej/Ringvej Syd (Aarhus Kom)","lines":"6A, 40","arr":["6A","40"],"terminus":0,"mode":"bus","color":"#0059a9","colorDark":"#00294f","angle":354.1,"snapDist":10,"label":1}},{"type":"Feature","geometry":{"type":"Point","coordinates":[10.191732,56.107048]},"properties":{"name":"Nordlige Bjergevej/Ringvej Syd (Aarhus Kom)","lines":"6A, 40","arr":["6A","40"],"terminus":0,"mode":"bus","color":"#0059a9","colorDark":"#00294f","angle":23.5,"snapDist":10,"label":1}},{"type":"Feature","geometry":{"type":"Point","coordinates":[10.179107,56.10911]},"properties":{"name":"Holme Parkvej/Ringvej Syd (Aarhus Kom)","lines":"6A, 13, 40","arr":["6A","13","40"],"terminus":0,"mode":"bus","color":"#0059a9","colorDark":"#00294f","angle":0.3,"snapDist":9,"label":1}},{"type":"Feature","geometry":{"type":"Point","coordinates":[10.166824,56.10887]},"properties":{"name":"Bjødstrupvej/Ringvej Syd (Aarhus Kom)","lines":"6A","arr":["6A"],"terminus":0,"mode":"bus","color":"#0059a9","colorDark":"#00294f","angle":17.2,"snapDist":8,"label":1}},{"type":"Feature","geometry":{"type":"Point","coordinates":[10.156366,56.112638]},"properties":{"name":"Christian X's Vej/Ringvej Syd (Aarhus Kom)","lines":"6A","arr":["6A"],"terminus":0,"mode":"bus","color":"#0059a9","colorDark":"#00294f","angle":38.2,"snapDist":9,"label":1}},{"type":"Feature","geometry":{"type":"Point","coordinates":[10.152527,56.114396]},"properties":{"name":"Søndervangs Allé/Ringvej Syd (Aarhus Kom)","lines":"6A","arr":["6A"],"terminus":0,"mode":"bus","color":"#0059a9","colorDark":"#00294f","angle":41.4,"snapDist":12,"label":1}},{"type":"Feature","geometry":{"type":"Point","coordinates":[10.152151,56.117931]},"properties":{"name":"Mega Syd/Ringvej Syd (Aarhus Kom)","lines":"6A","arr":["6A"],"terminus":0,"mode":"bus","color":"#0059a9","colorDark":"#00294f","angle":133.7,"snapDist":8,"label":1}},{"type":"Feature","geometry":{"type":"Point","coordinates":[10.15693,56.119474]},"properties":{"name":"Sønderhøj (Aarhus Kom)","lines":"6A","arr":["6A"],"terminus":0,"mode":"bus","color":"#0059a9","colorDark":"#00294f","angle":139.4,"snapDist":5,"label":1}},{"type":"Feature","geometry":{"type":"Point","coordinates":[10.159309,56.12115]},"properties":{"name":"Viby Station (Aarhus Kom)","lines":"6A","arr":["6A"],"terminus":0,"mode":"bus","color":"#0059a9","colorDark":"#00294f","angle":118.9,"snapDist":2,"label":1}},{"type":"Feature","geometry":{"type":"Point","coordinates":[10.161838,56.128918]},"properties":{"name":"Viby Torv/Viby Ringvej (Aarhus Kom)","lines":"6A, 11, 42","arr":["6A","11","42"],"terminus":0,"mode":"bus","color":"#0059a9","colorDark":"#00294f","angle":41.7,"snapDist":9,"label":1}},{"type":"Feature","geometry":{"type":"Point","coordinates":[10.159041,56.130822]},"properties":{"name":"Ormslevvej/Viby Ringvej (Aarhus Kom)","lines":"6A","arr":["6A"],"terminus":0,"mode":"bus","color":"#0059a9","colorDark":"#00294f","angle":52.2,"snapDist":8,"label":1}},{"type":"Feature","geometry":{"type":"Point","coordinates":[10.153103,56.143721]},"properties":{"name":"Tomsagervej/Viby Ringvej (Aarhus Kom)","lines":"6A","arr":["6A"],"terminus":0,"mode":"bus","color":"#0059a9","colorDark":"#00294f","angle":77,"snapDist":11,"label":1}},{"type":"Feature","geometry":{"type":"Point","coordinates":[10.151832,56.146801]},"properties":{"name":"Søren Frichsvej/Viby Ringvej (Aarhus Kom)","lines":"6A, 12","arr":["6A","12"],"terminus":0,"mode":"bus","color":"#0059a9","colorDark":"#00294f","angle":66.5,"snapDist":10,"label":1}},{"type":"Feature","geometry":{"type":"Point","coordinates":[10.148527,56.148967]},"properties":{"name":"Åbyhøjgård/Viby Ringvej (Aarhus Kom)","lines":"6A, 12","arr":["6A","12"],"terminus":0,"mode":"bus","color":"#0059a9","colorDark":"#00294f","angle":45.3,"snapDist":8,"label":1}},{"type":"Feature","geometry":{"type":"Point","coordinates":[10.143713,56.153986]},"properties":{"name":"Silkeborgvej/Åby Ringvej (Aarhus Kom)","lines":"6A","arr":["6A"],"terminus":0,"mode":"bus","color":"#0059a9","colorDark":"#00294f","angle":76.6,"snapDist":12,"label":1}},{"type":"Feature","geometry":{"type":"Point","coordinates":[10.143297,56.158601]},"properties":{"name":"Globus1/Åby Ringvej (Aarhus Kom)","lines":"6A","arr":["6A"],"terminus":0,"mode":"bus","color":"#0059a9","colorDark":"#00294f","angle":91.7,"snapDist":13,"label":1}},{"type":"Feature","geometry":{"type":"Point","coordinates":[10.144941,56.1629]},"properties":{"name":"Edwin Rahrs Vej/Åby Ringvej (Aarhus Kom)","lines":"6A","arr":["6A"],"terminus":0,"mode":"bus","color":"#0059a9","colorDark":"#00294f","angle":113.4,"snapDist":14,"label":1}},{"type":"Feature","geometry":{"type":"Point","coordinates":[10.149355,56.166432]},"properties":{"name":"Åby Ringvej/Bautavej (Aarhus Kom)","lines":"6A","arr":["6A"],"terminus":0,"mode":"bus","color":"#0059a9","colorDark":"#00294f","angle":131.2,"snapDist":12,"label":1}},{"type":"Feature","geometry":{"type":"Point","coordinates":[10.154296,56.169609]},"properties":{"name":"Bispehaven/Åby Ringvej (Aarhus Kom)","lines":"6A","arr":["6A"],"terminus":0,"mode":"bus","color":"#0059a9","colorDark":"#00294f","angle":131.1,"snapDist":15,"label":1}},{"type":"Feature","geometry":{"type":"Point","coordinates":[10.157026,56.171301]},"properties":{"name":"Viborgvej/Hasle Ringvej (Aarhus Kom)","lines":"6A","arr":["6A"],"terminus":0,"mode":"bus","color":"#0059a9","colorDark":"#00294f","angle":135.1,"snapDist":11,"label":1}},{"type":"Feature","geometry":{"type":"Point","coordinates":[10.179746,56.176736]},"properties":{"name":"Paludan-Müllers Vej/Hasle Ringvej (Aarhus Kom)","lines":"6A","arr":["6A"],"terminus":0,"mode":"bus","color":"#0059a9","colorDark":"#00294f","angle":146.9,"snapDist":10,"label":0}},{"type":"Feature","geometry":{"type":"Point","coordinates":[10.182516,56.177792]},"properties":{"name":"Brendstrupvej/Hasle Ringvej (Aarhus Kom)","lines":"6A","arr":["6A"],"terminus":0,"mode":"bus","color":"#0059a9","colorDark":"#00294f","angle":144.7,"snapDist":10,"label":1}},{"type":"Feature","geometry":{"type":"Point","coordinates":[10.188338,56.181718]},"properties":{"name":"Skøjtehallen/Halmstadgade (Aarhus Kom)","lines":"6A","arr":["6A"],"terminus":0,"mode":"bus","color":"#0059a9","colorDark":"#00294f","angle":148.1,"snapDist":8,"label":1}},{"type":"Feature","geometry":{"type":"Point","coordinates":[10.190566,56.184093]},"properties":{"name":"Aarhus Tech/Halmstadgade","lines":"6A","arr":["6A"],"terminus":0,"mode":"bus","color":"#0059a9","colorDark":"#00294f","angle":69.5,"snapDist":6,"label":1}},{"type":"Feature","geometry":{"type":"Point","coordinates":[10.183242,56.189874]},"properties":{"name":"Olof Palmes Allé (Aarhus Kom)","lines":"6A","arr":["6A"],"terminus":0,"mode":"bus","color":"#0059a9","colorDark":"#00294f","angle":13.6,"snapDist":5,"label":1}},{"type":"Feature","geometry":{"type":"Point","coordinates":[10.170095,56.193604]},"properties":{"name":"Aarhus Universitetshospital Skejby indgang H","lines":"6A","arr":["6A"],"terminus":1,"mode":"bus","color":"#0059a9","colorDark":"#00294f","angle":158.6,"snapDist":0,"label":1}},{"type":"Feature","geometry":{"type":"Point","coordinates":[10.183931,56.189591]},"properties":{"name":"Olof Palmes Allé (Aarhus Kom)","lines":"6A","arr":["6A"],"terminus":0,"mode":"bus","color":"#0059a9","colorDark":"#00294f","angle":193.2,"snapDist":2,"label":0}},{"type":"Feature","geometry":{"type":"Point","coordinates":[10.19063,56.183999]},"properties":{"name":"Aarhus Tech/Halmstadgade","lines":"6A","arr":["6A"],"terminus":0,"mode":"bus","color":"#0059a9","colorDark":"#00294f","angle":249.6,"snapDist":9,"label":0}},{"type":"Feature","geometry":{"type":"Point","coordinates":[10.189227,56.182027]},"properties":{"name":"Skøjtehallen/Halmstadgade (Aarhus Kom)","lines":"6A","arr":["6A"],"terminus":0,"mode":"bus","color":"#0059a9","colorDark":"#00294f","angle":327.9,"snapDist":6,"label":0}},{"type":"Feature","geometry":{"type":"Point","coordinates":[10.182677,56.177988]},"properties":{"name":"Brendstrupvej/Hasle Ringvej (Aarhus Kom)","lines":"6A","arr":["6A"],"terminus":0,"mode":"bus","color":"#0059a9","colorDark":"#00294f","angle":324.3,"snapDist":6,"label":0}},{"type":"Feature","geometry":{"type":"Point","coordinates":[10.165298,56.173824]},"properties":{"name":"Herredsvej/Hasle Ringvej (Aarhus Kom)","lines":"6A","arr":["6A"],"terminus":0,"mode":"bus","color":"#0059a9","colorDark":"#00294f","angle":339.8,"snapDist":16,"label":0}},{"type":"Feature","geometry":{"type":"Point","coordinates":[10.155912,56.170847]},"properties":{"name":"Viborgvej/Åby Ringvej (Aarhus Kom)","lines":"6A","arr":["6A"],"terminus":0,"mode":"bus","color":"#0059a9","colorDark":"#00294f","angle":310.7,"snapDist":12,"label":1}},{"type":"Feature","geometry":{"type":"Point","coordinates":[10.153375,56.169212]},"properties":{"name":"Bispehaven/Åby Ringvej (Aarhus Kom)","lines":"6A","arr":["6A"],"terminus":0,"mode":"bus","color":"#0059a9","colorDark":"#00294f","angle":310.9,"snapDist":13,"label":0}},{"type":"Feature","geometry":{"type":"Point","coordinates":[10.148261,56.165924]},"properties":{"name":"Bautavej/Åby Ringvej (Aarhus Kom)","lines":"6A","arr":["6A"],"terminus":0,"mode":"bus","color":"#0059a9","colorDark":"#00294f","angle":310.9,"snapDist":15,"label":1}},{"type":"Feature","geometry":{"type":"Point","coordinates":[10.144138,56.16212]},"properties":{"name":"Edwin Rahrs Vej/Åby Ringvej (Aarhus Kom)","lines":"6A","arr":["6A"],"terminus":0,"mode":"bus","color":"#0059a9","colorDark":"#00294f","angle":288.1,"snapDist":14,"label":0}},{"type":"Feature","geometry":{"type":"Point","coordinates":[10.143041,56.157894]},"properties":{"name":"Globus1/Åby Ringvej (Aarhus Kom)","lines":"6A","arr":["6A"],"terminus":0,"mode":"bus","color":"#0059a9","colorDark":"#00294f","angle":270,"snapDist":14,"label":0}},{"type":"Feature","geometry":{"type":"Point","coordinates":[10.143831,56.153139]},"properties":{"name":"Silkeborgvej/Viby Ringvej (Aarhus Kom)","lines":"6A, 12","arr":["6A","12"],"terminus":0,"mode":"bus","color":"#0059a9","colorDark":"#00294f","angle":253.3,"snapDist":13,"label":1}},{"type":"Feature","geometry":{"type":"Point","coordinates":[10.148051,56.149066]},"properties":{"name":"Åbyhøjgård/Viby Ringvej (Aarhus Kom)","lines":"6A, 12","arr":["6A","12"],"terminus":0,"mode":"bus","color":"#0059a9","colorDark":"#00294f","angle":225.3,"snapDist":11,"label":0}},{"type":"Feature","geometry":{"type":"Point","coordinates":[10.152138,56.145712]},"properties":{"name":"Søren Frichsvej/Viby Ringvej (Aarhus Kom)","lines":"6A","arr":["6A"],"terminus":0,"mode":"bus","color":"#0059a9","colorDark":"#00294f","angle":258.4,"snapDist":9,"label":0}},{"type":"Feature","geometry":{"type":"Point","coordinates":[10.153283,56.142737]},"properties":{"name":"Tomsagervej/Viby Ringvej (Aarhus Kom)","lines":"6A","arr":["6A"],"terminus":0,"mode":"bus","color":"#0059a9","colorDark":"#00294f","angle":257.6,"snapDist":13,"label":0}},{"type":"Feature","geometry":{"type":"Point","coordinates":[10.159503,56.130292]},"properties":{"name":"Ormslevvej/Viby Ringvej (Aarhus Kom)","lines":"6A","arr":["6A"],"terminus":0,"mode":"bus","color":"#0059a9","colorDark":"#00294f","angle":231.4,"snapDist":13,"label":0}},{"type":"Feature","geometry":{"type":"Point","coordinates":[10.160419,56.121934]},"properties":{"name":"Viby Station (Aarhus Kom)","lines":"6A","arr":["6A"],"terminus":0,"mode":"bus","color":"#0059a9","colorDark":"#00294f","angle":323,"snapDist":5,"label":0}},{"type":"Feature","geometry":{"type":"Point","coordinates":[10.15653,56.119284]},"properties":{"name":"Sønderhøj (Aarhus Kom)","lines":"6A","arr":["6A"],"terminus":0,"mode":"bus","color":"#0059a9","colorDark":"#00294f","angle":320,"snapDist":6,"label":0}},{"type":"Feature","geometry":{"type":"Point","coordinates":[10.152305,56.118038]},"properties":{"name":"Mega Syd/Ringvej Syd (Aarhus Kom)","lines":"6A","arr":["6A"],"terminus":0,"mode":"bus","color":"#0059a9","colorDark":"#00294f","angle":329.8,"snapDist":9,"label":0}},{"type":"Feature","geometry":{"type":"Point","coordinates":[10.153149,56.113959]},"properties":{"name":"Søndervangs Allé/Ringvej Syd (Aarhus Kom)","lines":"6A","arr":["6A"],"terminus":0,"mode":"bus","color":"#0059a9","colorDark":"#00294f","angle":217.7,"snapDist":11,"label":0}},{"type":"Feature","geometry":{"type":"Point","coordinates":[10.156991,56.112206]},"properties":{"name":"Christian X's Vej/Ringvej Syd (Aarhus Kom)","lines":"6A","arr":["6A"],"terminus":0,"mode":"bus","color":"#0059a9","colorDark":"#00294f","angle":215.7,"snapDist":12,"label":0}},{"type":"Feature","geometry":{"type":"Point","coordinates":[10.169075,56.108622]},"properties":{"name":"Bjødstrupvej/Ringvej Syd (Aarhus Kom)","lines":"6A, 40","arr":["6A","40"],"terminus":0,"mode":"bus","color":"#0059a9","colorDark":"#00294f","angle":188.4,"snapDist":9,"label":0}},{"type":"Feature","geometry":{"type":"Point","coordinates":[10.17965,56.109109]},"properties":{"name":"Holme Parkvej/Ringvej Syd (Aarhus Kom)","lines":"6A, 13, 40","arr":["6A","13","40"],"terminus":0,"mode":"bus","color":"#0059a9","colorDark":"#00294f","angle":180.1,"snapDist":7,"label":0}},{"type":"Feature","geometry":{"type":"Point","coordinates":[10.193203,56.106636]},"properties":{"name":"Nordlige Bjergevej/Ringvej Syd (Aarhus Kom)","lines":"6A, 40","arr":["6A","40"],"terminus":0,"mode":"bus","color":"#0059a9","colorDark":"#00294f","angle":202.9,"snapDist":4,"label":0}},{"type":"Feature","geometry":{"type":"Point","coordinates":[10.20719,56.103092]},"properties":{"name":"Skåde Skole/Oddervej (Aarhus Kom)","lines":"6A, 16, 100, 103, 302","arr":["6A","16","100","103","302"],"terminus":0,"mode":"bus","color":"#0059a9","colorDark":"#00294f","angle":73.4,"snapDist":3,"label":0}},{"type":"Feature","geometry":{"type":"Point","coordinates":[10.208251,56.107493]},"properties":{"name":"Oddervej/Emiliedalsvej (Aarhus Kom)","lines":"6A","arr":["6A"],"terminus":0,"mode":"bus","color":"#0059a9","colorDark":"#00294f","angle":175.9,"snapDist":4,"label":1}},{"type":"Feature","geometry":{"type":"Point","coordinates":[10.212189,56.108212]},"properties":{"name":"Emiliedalen/Emiliedalsvej (Aarhus Kom)","lines":"6A","arr":["6A"],"terminus":0,"mode":"bus","color":"#0059a9","colorDark":"#00294f","angle":143.4,"snapDist":3,"label":0}},{"type":"Feature","geometry":{"type":"Point","coordinates":[10.061087,56.263491]},"properties":{"name":"Storegade/Ådalsvej","lines":"7, 115, 200","arr":["7","115","200"],"terminus":1,"mode":"bus","color":"#0059a9","colorDark":"#00294f","angle":17.2,"snapDist":6,"label":0}},{"type":"Feature","geometry":{"type":"Point","coordinates":[10.047672,56.247391]},"properties":{"name":"Norring/Anneksvej (Favrskov Kom)","lines":"7","arr":["7"],"terminus":0,"mode":"bus","color":"#0059a9","colorDark":"#00294f","angle":177.8,"snapDist":7,"label":1}},{"type":"Feature","geometry":{"type":"Point","coordinates":[9.996636,56.249869]},"properties":{"name":"Postvej/Rævsagervej (Favrskov Kom)","lines":"7","arr":["7"],"terminus":0,"mode":"bus","color":"#0059a9","colorDark":"#00294f","angle":-1.2,"snapDist":6,"label":1}},{"type":"Feature","geometry":{"type":"Point","coordinates":[9.958242,56.256759]},"properties":{"name":"Postvej/Bredgårdsvej (Favrskov Kom)","lines":"7, 9","arr":["7","9"],"terminus":0,"mode":"bus","color":"#0059a9","colorDark":"#00294f","angle":204.7,"snapDist":6,"label":1}},{"type":"Feature","geometry":{"type":"Point","coordinates":[9.969328,56.262068]},"properties":{"name":"Solkærvej 31/38 (Favrskov Kom)","lines":"7","arr":["7"],"terminus":0,"mode":"bus","color":"#0059a9","colorDark":"#00294f","angle":178.9,"snapDist":2,"label":1}},{"type":"Feature","geometry":{"type":"Point","coordinates":[9.979054,56.263325]},"properties":{"name":"Solkærvej 30 (Favrskov Kom)","lines":"7","arr":["7"],"terminus":0,"mode":"bus","color":"#0059a9","colorDark":"#00294f","angle":342.1,"snapDist":5,"label":1}},{"type":"Feature","geometry":{"type":"Point","coordinates":[9.999262,56.265433]},"properties":{"name":"Tinning (Favrskov Kom)","lines":"7","arr":["7"],"terminus":0,"mode":"bus","color":"#0059a9","colorDark":"#00294f","angle":330.9,"snapDist":2,"label":1}},{"type":"Feature","geometry":{"type":"Point","coordinates":[10.023638,56.251829]},"properties":{"name":"Foldby/Plejecentret","lines":"7","arr":["7"],"terminus":0,"mode":"bus","color":"#0059a9","colorDark":"#00294f","angle":359.9,"snapDist":5,"label":1}},{"type":"Feature","geometry":{"type":"Point","coordinates":[10.030425,56.249866]},"properties":{"name":"Foldby/Korsholm Skole (Favrskov Kom)","lines":"7","arr":["7"],"terminus":0,"mode":"bus","color":"#0059a9","colorDark":"#00294f","angle":-157.6,"snapDist":8,"label":1}},{"type":"Feature","geometry":{"type":"Point","coordinates":[10.070765,56.249347]},"properties":{"name":"Damsbrovej/Århusvej (Favrskov Kom)","lines":"7, 200","arr":["7","200"],"terminus":0,"mode":"bus","color":"#0059a9","colorDark":"#00294f","angle":66.8,"snapDist":4,"label":1}},{"type":"Feature","geometry":{"type":"Point","coordinates":[10.069685,56.260503]},"properties":{"name":"Rønbækskolen/Ådalsvej (Favrskov Kom)","lines":"7, 8, 115, 200","arr":["7","8","115","200"],"terminus":0,"mode":"bus","color":"#0059a9","colorDark":"#00294f","angle":63.7,"snapDist":11,"label":0}},{"type":"Feature","geometry":{"type":"Point","coordinates":[10.089599,56.235889]},"properties":{"name":"Grønhøjvej/Dyreparken (Favrskov Kom)","lines":"7","arr":["7"],"terminus":0,"mode":"bus","color":"#0059a9","colorDark":"#00294f","angle":196.6,"snapDist":12,"label":1}},{"type":"Feature","geometry":{"type":"Point","coordinates":[10.070986,56.25582]},"properties":{"name":"Rønvangen/Ådalsvej (Favrskov Kom)","lines":"8, 200","arr":["8","200"],"terminus":0,"mode":"bus","color":"#0059a9","colorDark":"#00294f","angle":264.6,"snapDist":10,"label":1}},{"type":"Feature","geometry":{"type":"Point","coordinates":[10.099715,56.269028]},"properties":{"name":"Grundfør/Algade (Favrskov Kom)","lines":"8","arr":["8"],"terminus":0,"mode":"bus","color":"#0059a9","colorDark":"#00294f","angle":200.2,"snapDist":3,"label":1}},{"type":"Feature","geometry":{"type":"Point","coordinates":[10.109502,56.262036]},"properties":{"name":"Th. Nielsens Vej (Favrskov Kom)","lines":"8","arr":["8"],"terminus":0,"mode":"bus","color":"#0059a9","colorDark":"#00294f","angle":231.1,"snapDist":1,"label":1}},{"type":"Feature","geometry":{"type":"Point","coordinates":[10.102374,56.2325]},"properties":{"name":"Alfa/Århusvej (Favrskov Kom)","lines":"8, 200","arr":["8","200"],"terminus":0,"mode":"bus","color":"#0059a9","colorDark":"#00294f","angle":29.8,"snapDist":19,"label":1}},{"type":"Feature","geometry":{"type":"Point","coordinates":[10.087558,56.237102]},"properties":{"name":"Søften/Engen","lines":"8, 200","arr":["8","200"],"terminus":0,"mode":"bus","color":"#0059a9","colorDark":"#00294f","angle":53.4,"snapDist":3,"label":1}},{"type":"Feature","geometry":{"type":"Point","coordinates":[10.097223,56.266921]},"properties":{"name":"Byvænget/Rønbækvej (Favrskov Kom)","lines":"8","arr":["8"],"terminus":0,"mode":"bus","color":"#0059a9","colorDark":"#00294f","angle":86.1,"snapDist":0,"label":1}},{"type":"Feature","geometry":{"type":"Point","coordinates":[10.129394,56.27058]},"properties":{"name":"Herstvej (Favrskov Kom)","lines":"8","arr":["8"],"terminus":0,"mode":"bus","color":"#0059a9","colorDark":"#00294f","angle":172.4,"snapDist":2,"label":1}},{"type":"Feature","geometry":{"type":"Point","coordinates":[10.120424,56.28148]},"properties":{"name":"Resengårdsvej/Sandballevej (Favrskov Kom)","lines":"8","arr":["8"],"terminus":0,"mode":"bus","color":"#0059a9","colorDark":"#00294f","angle":15.5,"snapDist":8,"label":1}},{"type":"Feature","geometry":{"type":"Point","coordinates":[10.111568,56.275049]},"properties":{"name":"Sandballevej (Favrskov Kom)","lines":"8","arr":["8"],"terminus":0,"mode":"bus","color":"#0059a9","colorDark":"#00294f","angle":125.7,"snapDist":0,"label":1}},{"type":"Feature","geometry":{"type":"Point","coordinates":[10.100001,56.268969]},"properties":{"name":"Grundfør/Algade (Favrskov Kom)","lines":"8","arr":["8"],"terminus":0,"mode":"bus","color":"#0059a9","colorDark":"#00294f","angle":20.1,"snapDist":3,"label":0}},{"type":"Feature","geometry":{"type":"Point","coordinates":[10.085587,56.273985]},"properties":{"name":"Haraldslundvej/Møllevej (Favrskov Kom)","lines":"8","arr":["8"],"terminus":0,"mode":"bus","color":"#0059a9","colorDark":"#00294f","angle":28.5,"snapDist":1,"label":1}},{"type":"Feature","geometry":{"type":"Point","coordinates":[10.075717,56.26144]},"properties":{"name":"Hinnerup Plejecenter (Favrskov Kom)","lines":"8","arr":["8"],"terminus":0,"mode":"bus","color":"#0059a9","colorDark":"#00294f","angle":143.6,"snapDist":5,"label":0}},{"type":"Feature","geometry":{"type":"Point","coordinates":[10.092577,56.235397]},"properties":{"name":"Dyreparken/Grønhøjvej (Favrskov Kom)","lines":"8","arr":["8"],"terminus":0,"mode":"bus","color":"#0059a9","colorDark":"#00294f","angle":195.5,"snapDist":5,"label":1}},{"type":"Feature","geometry":{"type":"Point","coordinates":[10.107638,56.239423]},"properties":{"name":"Ølstedvej/Alfa (Favrskov Kom)","lines":"8","arr":["8"],"terminus":0,"mode":"bus","color":"#0059a9","colorDark":"#00294f","angle":92.4,"snapDist":1,"label":1}},{"type":"Feature","geometry":{"type":"Point","coordinates":[9.969404,56.223294]},"properties":{"name":"Møllebakken/Lærkereden (Favrskov Kom)","lines":"9","arr":["9"],"terminus":1,"mode":"bus","color":"#0059a9","colorDark":"#00294f","angle":299.2,"snapDist":4,"label":1}},{"type":"Feature","geometry":{"type":"Point","coordinates":[9.981726,56.220244]},"properties":{"name":"Lading/Skjoldhøjvej (Favrskov Kom)","lines":"9, 114","arr":["9","114"],"terminus":0,"mode":"bus","color":"#0059a9","colorDark":"#00294f","angle":5.3,"snapDist":8,"label":1}},{"type":"Feature","geometry":{"type":"Point","coordinates":[10.023907,56.213132]},"properties":{"name":"Sabro Skolevej (Aarhus Kom)","lines":"9, 14","arr":["9","14"],"terminus":1,"mode":"bus","color":"#0059a9","colorDark":"#00294f","angle":114.1,"snapDist":7,"label":1}},{"type":"Feature","geometry":{"type":"Point","coordinates":[10.028932,56.223225]},"properties":{"name":"Mødalsvej/Hadstenvej (Favrskov Kom)","lines":"9","arr":["9"],"terminus":0,"mode":"bus","color":"#0059a9","colorDark":"#00294f","angle":110.4,"snapDist":8,"label":1}},{"type":"Feature","geometry":{"type":"Point","coordinates":[10.010432,56.230924]},"properties":{"name":"Skjoldelev/Hovvejen (Favrskov Kom)","lines":"9","arr":["9"],"terminus":0,"mode":"bus","color":"#0059a9","colorDark":"#00294f","angle":55.2,"snapDist":2,"label":1}},{"type":"Feature","geometry":{"type":"Point","coordinates":[9.979838,56.237668]},"properties":{"name":"Elhøjvej/Markusminde (Favrskov Kom)","lines":"9","arr":["9"],"terminus":0,"mode":"bus","color":"#0059a9","colorDark":"#00294f","angle":280.6,"snapDist":2,"label":1}},{"type":"Feature","geometry":{"type":"Point","coordinates":[9.971988,56.222137]},"properties":{"name":"Lading/Møllebakken (Favrskov Kom)","lines":"9, 114","arr":["9","114"],"terminus":0,"mode":"bus","color":"#0059a9","colorDark":"#00294f","angle":32.7,"snapDist":10,"label":1}},{"type":"Feature","geometry":{"type":"Point","coordinates":[9.958757,56.22609]},"properties":{"name":"Fajstrup (Favrskov Kom)","lines":"9, 114","arr":["9","114"],"terminus":0,"mode":"bus","color":"#0059a9","colorDark":"#00294f","angle":26.4,"snapDist":9,"label":1}},{"type":"Feature","geometry":{"type":"Point","coordinates":[9.88417,56.235544]},"properties":{"name":"Voldby Forsamlingshus (Favrskov Kom)","lines":"9, 114","arr":["9","114"],"terminus":0,"mode":"bus","color":"#0059a9","colorDark":"#00294f","angle":349.7,"snapDist":11,"label":1}},{"type":"Feature","geometry":{"type":"Point","coordinates":[9.858772,56.249071]},"properties":{"name":"Søndervangskolen/Anbækvej (Favrskov Kom)","lines":"9, 114","arr":["9","114"],"terminus":1,"mode":"bus","color":"#0059a9","colorDark":"#00294f","angle":96.4,"snapDist":7,"label":1}},{"type":"Feature","geometry":{"type":"Point","coordinates":[9.86236,56.256707]},"properties":{"name":"Hammel Rtb.","lines":"9, 114, 314","arr":["9","114","314"],"terminus":1,"mode":"bus","color":"#0059a9","colorDark":"#00294f","angle":98.3,"snapDist":17,"label":1}},{"type":"Feature","geometry":{"type":"Point","coordinates":[9.855218,56.235372]},"properties":{"name":"Anbæk/Anbækvej (Favrskov Kom)","lines":"9, 114","arr":["9","114"],"terminus":0,"mode":"bus","color":"#0059a9","colorDark":"#00294f","angle":94.5,"snapDist":5,"label":1}},{"type":"Feature","geometry":{"type":"Point","coordinates":[9.962229,56.240789]},"properties":{"name":"Nordrevej/Markusminde (Favrskov Kom)","lines":"9","arr":["9"],"terminus":0,"mode":"bus","color":"#0059a9","colorDark":"#00294f","angle":261.4,"snapDist":8,"label":1}},{"type":"Feature","geometry":{"type":"Point","coordinates":[10.100191,56.129614]},"properties":{"name":"Stavtrup/Ormslevvej (Aarhus Kom)","lines":"11, 42","arr":["11","42"],"terminus":1,"mode":"bus","color":"#0059a9","colorDark":"#00294f","angle":4.5,"snapDist":2,"label":1}},{"type":"Feature","geometry":{"type":"Point","coordinates":[10.062922,56.125781]},"properties":{"name":"Buggegårdsvej/Ormslevvej (Aarhus Kom)","lines":"11","arr":["11"],"terminus":0,"mode":"bus","color":"#0059a9","colorDark":"#00294f","angle":157.7,"snapDist":6,"label":1}},{"type":"Feature","geometry":{"type":"Point","coordinates":[10.059264,56.124925]},"properties":{"name":"Ormslev Kirke/Ormslevvej (Aarhus Kom)","lines":"11","arr":["11"],"terminus":0,"mode":"bus","color":"#0059a9","colorDark":"#00294f","angle":335.9,"snapDist":5,"label":1}},{"type":"Feature","geometry":{"type":"Point","coordinates":[10.043864,56.123334]},"properties":{"name":"Åbo (Aarhus Kom)","lines":"11","arr":["11"],"terminus":0,"mode":"bus","color":"#0059a9","colorDark":"#00294f","angle":6,"snapDist":4,"label":1}},{"type":"Feature","geometry":{"type":"Point","coordinates":[10.043668,56.123346]},"properties":{"name":"Åbo (Aarhus Kom)","lines":"11","arr":["11"],"terminus":0,"mode":"bus","color":"#0059a9","colorDark":"#00294f","angle":-174,"snapDist":5,"label":0}},{"type":"Feature","geometry":{"type":"Point","coordinates":[10.059474,56.124978]},"properties":{"name":"Ormslev Kirke/Ormslevvej (Aarhus Kom)","lines":"11","arr":["11"],"terminus":0,"mode":"bus","color":"#0059a9","colorDark":"#00294f","angle":155.9,"snapDist":9,"label":0}},{"type":"Feature","geometry":{"type":"Point","coordinates":[10.062699,56.12573]},"properties":{"name":"Buggegårdsvej/Ormslevvej (Aarhus Kom)","lines":"11","arr":["11"],"terminus":0,"mode":"bus","color":"#0059a9","colorDark":"#00294f","angle":157.7,"snapDist":6,"label":0}},{"type":"Feature","geometry":{"type":"Point","coordinates":[10.103408,56.129019]},"properties":{"name":"Fredensborgparken/Ormslevvej (Aarhus Kom)","lines":"11, 42","arr":["11","42"],"terminus":0,"mode":"bus","color":"#0059a9","colorDark":"#00294f","angle":188.6,"snapDist":9,"label":1}},{"type":"Feature","geometry":{"type":"Point","coordinates":[10.110757,56.128762]},"properties":{"name":"Råhøjparken/Ormslevvej (Aarhus Kom)","lines":"11, 42","arr":["11","42"],"terminus":0,"mode":"bus","color":"#0059a9","colorDark":"#00294f","angle":183.2,"snapDist":9,"label":1}},{"type":"Feature","geometry":{"type":"Point","coordinates":[10.115683,56.12908]},"properties":{"name":"Højvangskolen/Klokkeskovvej (Aarhus Kom)","lines":"11, 42","arr":["11","42"],"terminus":0,"mode":"bus","color":"#0059a9","colorDark":"#00294f","angle":98.5,"snapDist":5,"label":1}},{"type":"Feature","geometry":{"type":"Point","coordinates":[10.116257,56.132912]},"properties":{"name":"Råhøjvej/Klokkeskovvej (Aarhus Kom)","lines":"11, 42","arr":["11","42"],"terminus":0,"mode":"bus","color":"#0059a9","colorDark":"#00294f","angle":86.7,"snapDist":4,"label":1}},{"type":"Feature","geometry":{"type":"Point","coordinates":[10.118015,56.136083]},"properties":{"name":"Klokkeskovvej/Jarlsmindevej (Aarhus Kom)","lines":"11, 42","arr":["11","42"],"terminus":0,"mode":"bus","color":"#0059a9","colorDark":"#00294f","angle":210.7,"snapDist":9,"label":1}},{"type":"Feature","geometry":{"type":"Point","coordinates":[10.121877,56.134843]},"properties":{"name":"Tornhøjvej/Jarlsmindevej (Aarhus Kom)","lines":"11, 42","arr":["11","42"],"terminus":0,"mode":"bus","color":"#0059a9","colorDark":"#00294f","angle":210.3,"snapDist":7,"label":1}},{"type":"Feature","geometry":{"type":"Point","coordinates":[10.125009,56.131706]},"properties":{"name":"Rugbjergvej/Jarlsmindevej (Aarhus Kom)","lines":"11, 42","arr":["11","42"],"terminus":0,"mode":"bus","color":"#0059a9","colorDark":"#00294f","angle":260.1,"snapDist":7,"label":1}},{"type":"Feature","geometry":{"type":"Point","coordinates":[10.125245,56.129133]},"properties":{"name":"Højvangsvej/Jarlsmindevej (Aarhus Kom)","lines":"11, 42","arr":["11","42"],"terminus":0,"mode":"bus","color":"#0059a9","colorDark":"#00294f","angle":280.3,"snapDist":5,"label":1}},{"type":"Feature","geometry":{"type":"Point","coordinates":[10.135623,56.126164]},"properties":{"name":"Bøgeskov Høvej/Ormslevvej (Aarhus Kom)","lines":"11, 42","arr":["11","42"],"terminus":0,"mode":"bus","color":"#0059a9","colorDark":"#00294f","angle":221.6,"snapDist":7,"label":1}},{"type":"Feature","geometry":{"type":"Point","coordinates":[10.143663,56.128652]},"properties":{"name":"Hømosevej/Ormslevvej (Aarhus Kom)","lines":"11, 42","arr":["11","42"],"terminus":0,"mode":"bus","color":"#0059a9","colorDark":"#00294f","angle":171.3,"snapDist":7,"label":1}},{"type":"Feature","geometry":{"type":"Point","coordinates":[10.148971,56.129167]},"properties":{"name":"Stensagervej/Ormslevvej (Aarhus Kom)","lines":"11, 42","arr":["11","42"],"terminus":0,"mode":"bus","color":"#0059a9","colorDark":"#00294f","angle":166.5,"snapDist":9,"label":1}},{"type":"Feature","geometry":{"type":"Point","coordinates":[10.154783,56.129953]},"properties":{"name":"Aarhus Handelsgymnasium/Ormslevvej","lines":"11, 42","arr":["11","42"],"terminus":0,"mode":"bus","color":"#0059a9","colorDark":"#00294f","angle":166,"snapDist":9,"label":1}},{"type":"Feature","geometry":{"type":"Point","coordinates":[10.157571,56.130307]},"properties":{"name":"Nordbyvej/Ormslevvej (Aarhus Kom)","lines":"11, 42","arr":["11","42"],"terminus":0,"mode":"bus","color":"#0059a9","colorDark":"#00294f","angle":167.1,"snapDist":7,"label":1}},{"type":"Feature","geometry":{"type":"Point","coordinates":[10.167656,56.129801]},"properties":{"name":"Birkedalsvej/Grundtvigsvej (Aarhus Kom)","lines":"11, 42","arr":["11","42"],"terminus":0,"mode":"bus","color":"#0059a9","colorDark":"#00294f","angle":167.6,"snapDist":9,"label":1}},{"type":"Feature","geometry":{"type":"Point","coordinates":[10.174676,56.130412]},"properties":{"name":"Kaj Munks Vej/Vilhelm Becks Vej (Aarhus Kom)","lines":"11, 13, 42","arr":["11","13","42"],"terminus":0,"mode":"bus","color":"#0059a9","colorDark":"#00294f","angle":171.4,"snapDist":5,"label":1}},{"type":"Feature","geometry":{"type":"Point","coordinates":[10.182063,56.131521]},"properties":{"name":"Rosenvangskolen/Vilhelm Becks Vej (Aarhus Kom)","lines":"11, 13, 42","arr":["11","13","42"],"terminus":0,"mode":"bus","color":"#0059a9","colorDark":"#00294f","angle":164.1,"snapDist":6,"label":1}},{"type":"Feature","geometry":{"type":"Point","coordinates":[10.188644,56.132561]},"properties":{"name":"Aarhus Cyklebane/Vilhelm Becks Vej","lines":"11, 13, 42","arr":["11","13","42"],"terminus":0,"mode":"bus","color":"#0059a9","colorDark":"#00294f","angle":164.3,"snapDist":6,"label":1}},{"type":"Feature","geometry":{"type":"Point","coordinates":[10.189944,56.136525]},"properties":{"name":"Skovbrynet/Jyllands Allé (Aarhus Kom)","lines":"11, 13, 16, 42","arr":["11","13","16","42"],"terminus":0,"mode":"bus","color":"#0059a9","colorDark":"#00294f","angle":93.6,"snapDist":8,"label":1}},{"type":"Feature","geometry":{"type":"Point","coordinates":[10.190117,56.138206]},"properties":{"name":"Ellemarksvej/Jyllands Allé (Aarhus Kom)","lines":"11, 13, 16, 42","arr":["11","13","16","42"],"terminus":0,"mode":"bus","color":"#0059a9","colorDark":"#00294f","angle":94.4,"snapDist":10,"label":1}},{"type":"Feature","geometry":{"type":"Point","coordinates":[10.190548,56.141401]},"properties":{"name":"P.P. Ørums Gade/Jyllands Allé (Aarhus Kom)","lines":"11, 13, 42","arr":["11","13","42"],"terminus":0,"mode":"bus","color":"#0059a9","colorDark":"#00294f","angle":95.2,"snapDist":8,"label":1}},{"type":"Feature","geometry":{"type":"Point","coordinates":[10.198666,56.149868]},"properties":{"name":"Søgade/Frederiks Allé (Aarhus Kom)","lines":"11, 14, 200","arr":["11","14","200"],"terminus":0,"mode":"bus","color":"#0059a9","colorDark":"#00294f","angle":108.5,"snapDist":6,"label":1}},{"type":"Feature","geometry":{"type":"Point","coordinates":[10.175255,56.155852]},"properties":{"name":"Birkeparken/Silkeborgvej (Aarhus Kom)","lines":"11, 15","arr":["11","15"],"terminus":0,"mode":"bus","color":"#0059a9","colorDark":"#00294f","angle":352.7,"snapDist":13,"label":1}},{"type":"Feature","geometry":{"type":"Point","coordinates":[10.169331,56.155461]},"properties":{"name":"Åbyhøj Torv/Silkeborgvej (Aarhus Kom)","lines":"11, 15","arr":["11","15"],"terminus":0,"mode":"bus","color":"#0059a9","colorDark":"#00294f","angle":353.1,"snapDist":5,"label":1}},{"type":"Feature","geometry":{"type":"Point","coordinates":[10.158205,56.154648]},"properties":{"name":"Åbyhøj Kirke/Silkeborgvej (Aarhus Kom)","lines":"11","arr":["11"],"terminus":0,"mode":"bus","color":"#0059a9","colorDark":"#00294f","angle":352.8,"snapDist":8,"label":1}},{"type":"Feature","geometry":{"type":"Point","coordinates":[10.147177,56.15387]},"properties":{"name":"Jeppe Aakjærs Vej/Silkeborgvej (Aarhus Kom)","lines":"11","arr":["11"],"terminus":0,"mode":"bus","color":"#0059a9","colorDark":"#00294f","angle":352.8,"snapDist":4,"label":1}},{"type":"Feature","geometry":{"type":"Point","coordinates":[10.135851,56.153071]},"properties":{"name":"City Vest/Silkeborgvej (Aarhus Kom)","lines":"11, 113","arr":["11","113"],"terminus":0,"mode":"bus","color":"#0059a9","colorDark":"#00294f","angle":354.1,"snapDist":13,"label":0}},{"type":"Feature","geometry":{"type":"Point","coordinates":[10.126653,56.15246]},"properties":{"name":"Røgelvej/Silkeborgvej (Aarhus Kom)","lines":"11, 113","arr":["11","113"],"terminus":0,"mode":"bus","color":"#0059a9","colorDark":"#00294f","angle":358.8,"snapDist":10,"label":1}},{"type":"Feature","geometry":{"type":"Point","coordinates":[10.116932,56.152747]},"properties":{"name":"Stenbækvej/Silkeborgvej (Aarhus Kom)","lines":"11, 113","arr":["11","113"],"terminus":0,"mode":"bus","color":"#0059a9","colorDark":"#00294f","angle":352.5,"snapDist":13,"label":1}},{"type":"Feature","geometry":{"type":"Point","coordinates":[10.106295,56.153872]},"properties":{"name":"Tunnelen/Silkeborgvej (Aarhus Kom)","lines":"11, 113","arr":["11","113"],"terminus":0,"mode":"bus","color":"#0059a9","colorDark":"#00294f","angle":10.4,"snapDist":11,"label":1}},{"type":"Feature","geometry":{"type":"Point","coordinates":[10.094278,56.15332]},"properties":{"name":"Sødalsvej/Silkeborgvej (Aarhus Kom)","lines":"11, 12, 113","arr":["11","12","113"],"terminus":0,"mode":"bus","color":"#0059a9","colorDark":"#00294f","angle":353.3,"snapDist":13,"label":1}},{"type":"Feature","geometry":{"type":"Point","coordinates":[10.088583,56.152944]},"properties":{"name":"Tre Ege/Silkeborgvej (Aarhus Kom)","lines":"11, 12, 113","arr":["11","12","113"],"terminus":0,"mode":"bus","color":"#0059a9","colorDark":"#00294f","angle":353.2,"snapDist":12,"label":1}},{"type":"Feature","geometry":{"type":"Point","coordinates":[10.082045,56.152512]},"properties":{"name":"Årslev Skov/Silkeborgvej (Aarhus Kom)","lines":"11, 12","arr":["11","12"],"terminus":0,"mode":"bus","color":"#0059a9","colorDark":"#00294f","angle":353.6,"snapDist":10,"label":1}},{"type":"Feature","geometry":{"type":"Point","coordinates":[10.068845,56.152124]},"properties":{"name":"Årslev/Silkeborgvej (Aarhus Kom)","lines":"11, 113","arr":["11","113"],"terminus":0,"mode":"bus","color":"#0059a9","colorDark":"#00294f","angle":9.6,"snapDist":13,"label":1}},{"type":"Feature","geometry":{"type":"Point","coordinates":[10.055998,56.152839]},"properties":{"name":"Rosbjergvej/Silkeborgvej (Aarhus Kom)","lines":"11, 113","arr":["11","113"],"terminus":0,"mode":"bus","color":"#0059a9","colorDark":"#00294f","angle":3.5,"snapDist":5,"label":1}},{"type":"Feature","geometry":{"type":"Point","coordinates":[10.038583,56.153443]},"properties":{"name":"Årslev Kro/Silkeborgvej (Aarhus Kom)","lines":"11, 113","arr":["11","113"],"terminus":0,"mode":"bus","color":"#0059a9","colorDark":"#00294f","angle":1.7,"snapDist":5,"label":1}},{"type":"Feature","geometry":{"type":"Point","coordinates":[10.008026,56.151852]},"properties":{"name":"Stillingvej/Framlev Korsvej (Aarhus Kom)","lines":"11, 113","arr":["11","113"],"terminus":0,"mode":"bus","color":"#0059a9","colorDark":"#00294f","angle":356.6,"snapDist":6,"label":1}},{"type":"Feature","geometry":{"type":"Point","coordinates":[10.004414,56.150872]},"properties":{"name":"Grønhøjvej/Gl. Stillingvej (Aarhus Kom)","lines":"11","arr":["11"],"terminus":0,"mode":"bus","color":"#0059a9","colorDark":"#00294f","angle":301,"snapDist":6,"label":1}},{"type":"Feature","geometry":{"type":"Point","coordinates":[10.001324,56.147991]},"properties":{"name":"Lærkesvinget/Gammel Stillingvej (Aarhus Kom)","lines":"11","arr":["11"],"terminus":0,"mode":"bus","color":"#0059a9","colorDark":"#00294f","angle":300.9,"snapDist":7,"label":1}},{"type":"Feature","geometry":{"type":"Point","coordinates":[10.000066,56.145668]},"properties":{"name":"Næshøjskolen/Gammel Stillingvej (Aarhus Kom)","lines":"11","arr":["11"],"terminus":0,"mode":"bus","color":"#0059a9","colorDark":"#00294f","angle":273.3,"snapDist":8,"label":1}},{"type":"Feature","geometry":{"type":"Point","coordinates":[10.000715,56.142818]},"properties":{"name":"Edelhoffvej/Gl. Stillingvej (Aarhus Kom)","lines":"11","arr":["11"],"terminus":0,"mode":"bus","color":"#0059a9","colorDark":"#00294f","angle":264.1,"snapDist":9,"label":1}},{"type":"Feature","geometry":{"type":"Point","coordinates":[9.995333,56.140537]},"properties":{"name":"Nyvangsvej/Vestervej (Aarhus Kom)","lines":"11","arr":["11"],"terminus":0,"mode":"bus","color":"#0059a9","colorDark":"#00294f","angle":322.2,"snapDist":3,"label":1}},{"type":"Feature","geometry":{"type":"Point","coordinates":[9.995962,56.138024]},"properties":{"name":"Højlundvej/Kettingvej (Aarhus Kom)","lines":"11","arr":["11"],"terminus":0,"mode":"bus","color":"#0059a9","colorDark":"#00294f","angle":255.7,"snapDist":4,"label":1}},{"type":"Feature","geometry":{"type":"Point","coordinates":[9.995706,56.136814]},"properties":{"name":"Kettingvej/Ketting Parkvej (Aarhus Kom)","lines":"11","arr":["11"],"terminus":0,"mode":"bus","color":"#0059a9","colorDark":"#00294f","angle":349.8,"snapDist":7,"label":1}},{"type":"Feature","geometry":{"type":"Point","coordinates":[9.992429,56.140691]},"properties":{"name":"Ketting Parkvej (Aarhus Kom)","lines":"11","arr":["11"],"terminus":0,"mode":"bus","color":"#0059a9","colorDark":"#00294f","angle":90.3,"snapDist":8,"label":1}},{"type":"Feature","geometry":{"type":"Point","coordinates":[9.990189,56.142933]},"properties":{"name":"Næshøjvej/Rødlundvej (Aarhus Kom)","lines":"11","arr":["11"],"terminus":0,"mode":"bus","color":"#0059a9","colorDark":"#00294f","angle":27.2,"snapDist":5,"label":1}},{"type":"Feature","geometry":{"type":"Point","coordinates":[9.987502,56.144066]},"properties":{"name":"Harlev/Rødlundvej Syd (Aarhus Kom)","lines":"11","arr":["11"],"terminus":1,"mode":"bus","color":"#0059a9","colorDark":"#00294f","angle":83.5,"snapDist":7,"label":1}},{"type":"Feature","geometry":{"type":"Point","coordinates":[9.990843,56.142747]},"properties":{"name":"Næshøjvej/Rødlundvej (Aarhus Kom)","lines":"11","arr":["11"],"terminus":0,"mode":"bus","color":"#0059a9","colorDark":"#00294f","angle":207,"snapDist":6,"label":0}},{"type":"Feature","geometry":{"type":"Point","coordinates":[9.992428,56.14054]},"properties":{"name":"Ketting Parkvej (Aarhus Kom)","lines":"11","arr":["11"],"terminus":0,"mode":"bus","color":"#0059a9","colorDark":"#00294f","angle":270.3,"snapDist":9,"label":0}},{"type":"Feature","geometry":{"type":"Point","coordinates":[9.995604,56.136804]},"properties":{"name":"Kettingvej/Ketting Parkvej (Aarhus Kom)","lines":"11","arr":["11"],"terminus":0,"mode":"bus","color":"#0059a9","colorDark":"#00294f","angle":169.8,"snapDist":10,"label":0}},{"type":"Feature","geometry":{"type":"Point","coordinates":[9.995967,56.138013]},"properties":{"name":"Højlundvej/Kettingvej (Aarhus Kom)","lines":"11","arr":["11"],"terminus":0,"mode":"bus","color":"#0059a9","colorDark":"#00294f","angle":75.7,"snapDist":4,"label":0}},{"type":"Feature","geometry":{"type":"Point","coordinates":[9.995445,56.140585]},"properties":{"name":"Nyvangsvej/Vestervej (Aarhus Kom)","lines":"11","arr":["11"],"terminus":0,"mode":"bus","color":"#0059a9","colorDark":"#00294f","angle":142.2,"snapDist":5,"label":0}},{"type":"Feature","geometry":{"type":"Point","coordinates":[10.00075,56.142616]},"properties":{"name":"Edelhoffvej/Gl. Stillingvej (Aarhus Kom)","lines":"11","arr":["11"],"terminus":0,"mode":"bus","color":"#0059a9","colorDark":"#00294f","angle":86.1,"snapDist":6,"label":0}},{"type":"Feature","geometry":{"type":"Point","coordinates":[10.000107,56.146058]},"properties":{"name":"Næshøjskolen/Gammel Stillingvej (Aarhus Kom)","lines":"11","arr":["11"],"terminus":0,"mode":"bus","color":"#0059a9","colorDark":"#00294f","angle":93.3,"snapDist":2,"label":0}},{"type":"Feature","geometry":{"type":"Point","coordinates":[10.001219,56.147894]},"properties":{"name":"Lærkesvinget/Gammel Stillingvej (Aarhus Kom)","lines":"11","arr":["11"],"terminus":0,"mode":"bus","color":"#0059a9","colorDark":"#00294f","angle":120.9,"snapDist":7,"label":0}},{"type":"Feature","geometry":{"type":"Point","coordinates":[10.004358,56.15082]},"properties":{"name":"Grønhøjvej/Gl. Stillingvej (Aarhus Kom)","lines":"11","arr":["11"],"terminus":0,"mode":"bus","color":"#0059a9","colorDark":"#00294f","angle":121,"snapDist":8,"label":0}},{"type":"Feature","geometry":{"type":"Point","coordinates":[10.00802,56.151851]},"properties":{"name":"Stillingvej/Framlev Korsvej (Aarhus Kom)","lines":"11, 113","arr":["11","113"],"terminus":0,"mode":"bus","color":"#0059a9","colorDark":"#00294f","angle":175,"snapDist":9,"label":0}},{"type":"Feature","geometry":{"type":"Point","coordinates":[10.03962,56.153423]},"properties":{"name":"Årslev Kro/Silkeborgvej (Aarhus Kom)","lines":"11, 113","arr":["11","113"],"terminus":0,"mode":"bus","color":"#0059a9","colorDark":"#00294f","angle":183.7,"snapDist":9,"label":0}},{"type":"Feature","geometry":{"type":"Point","coordinates":[10.058659,56.152652]},"properties":{"name":"Rosbjergvej/Silkeborgvej (Aarhus Kom)","lines":"11, 113","arr":["11","113"],"terminus":0,"mode":"bus","color":"#0059a9","colorDark":"#00294f","angle":183.9,"snapDist":7,"label":0}},{"type":"Feature","geometry":{"type":"Point","coordinates":[10.073611,56.151962]},"properties":{"name":"Årslev/Silkeborgvej (Aarhus Kom)","lines":"11, 113","arr":["11","113"],"terminus":0,"mode":"bus","color":"#0059a9","colorDark":"#00294f","angle":164.5,"snapDist":9,"label":1}},{"type":"Feature","geometry":{"type":"Point","coordinates":[10.084374,56.152664]},"properties":{"name":"Årslev Skov/Silkeborgvej (Aarhus Kom)","lines":"11, 12","arr":["11","12"],"terminus":0,"mode":"bus","color":"#0059a9","colorDark":"#00294f","angle":173.2,"snapDist":9,"label":0}},{"type":"Feature","geometry":{"type":"Point","coordinates":[10.088746,56.152955]},"properties":{"name":"Tre Ege/Silkeborgvej (Aarhus Kom)","lines":"11, 12, 113","arr":["11","12","113"],"terminus":0,"mode":"bus","color":"#0059a9","colorDark":"#00294f","angle":173.2,"snapDist":9,"label":0}},{"type":"Feature","geometry":{"type":"Point","coordinates":[10.093647,56.153279]},"properties":{"name":"Sødalsvej/Silkeborgvej (Aarhus Kom)","lines":"11, 12, 113","arr":["11","12","113"],"terminus":0,"mode":"bus","color":"#0059a9","colorDark":"#00294f","angle":173.4,"snapDist":10,"label":0}},{"type":"Feature","geometry":{"type":"Point","coordinates":[10.105231,56.153967]},"properties":{"name":"Tunnelen/Silkeborgvej (Aarhus Kom)","lines":"11, 113","arr":["11","113"],"terminus":0,"mode":"bus","color":"#0059a9","colorDark":"#00294f","angle":188.8,"snapDist":14,"label":0}},{"type":"Feature","geometry":{"type":"Point","coordinates":[10.118311,56.152806]},"properties":{"name":"Stenbækvej/Silkeborgvej (Aarhus Kom)","lines":"11, 113","arr":["11","113"],"terminus":0,"mode":"bus","color":"#0059a9","colorDark":"#00294f","angle":183.2,"snapDist":13,"label":0}},{"type":"Feature","geometry":{"type":"Point","coordinates":[10.12778,56.152502]},"properties":{"name":"Røgelvej/Silkeborgvej (Aarhus Kom)","lines":"11, 113","arr":["11","113"],"terminus":0,"mode":"bus","color":"#0059a9","colorDark":"#00294f","angle":173,"snapDist":13,"label":0}},{"type":"Feature","geometry":{"type":"Point","coordinates":[10.16052,56.154811]},"properties":{"name":"Åbyhøj Kirke/Silkeborgvej (Aarhus Kom)","lines":"11","arr":["11"],"terminus":0,"mode":"bus","color":"#0059a9","colorDark":"#00294f","angle":172.8,"snapDist":9,"label":0}},{"type":"Feature","geometry":{"type":"Point","coordinates":[10.170998,56.155536]},"properties":{"name":"Helgesvej/Silkeborgvej (Aarhus Kom)","lines":"11, 15","arr":["11","15"],"terminus":0,"mode":"bus","color":"#0059a9","colorDark":"#00294f","angle":172.4,"snapDist":6,"label":1}},{"type":"Feature","geometry":{"type":"Point","coordinates":[10.176714,56.15593]},"properties":{"name":"Birkeparken/Silkeborgvej (Aarhus Kom)","lines":"11, 15","arr":["11","15"],"terminus":0,"mode":"bus","color":"#0059a9","colorDark":"#00294f","angle":178.4,"snapDist":13,"label":0}},{"type":"Feature","geometry":{"type":"Point","coordinates":[10.199049,56.150231]},"properties":{"name":"Søgade/Frederiks Allé (Aarhus Kom)","lines":"11, 14, 200","arr":["11","14","200"],"terminus":0,"mode":"bus","color":"#0059a9","colorDark":"#00294f","angle":302,"snapDist":9,"label":0}},{"type":"Feature","geometry":{"type":"Point","coordinates":[10.190562,56.141487]},"properties":{"name":"P.P. Ørums Gade/Jyllands Allé (Aarhus Kom)","lines":"11, 13, 42","arr":["11","13","42"],"terminus":0,"mode":"bus","color":"#0059a9","colorDark":"#00294f","angle":275.2,"snapDist":9,"label":0}},{"type":"Feature","geometry":{"type":"Point","coordinates":[10.190168,56.13858]},"properties":{"name":"Ellemarksvej/Jyllands Allé (Aarhus Kom)","lines":"11, 13, 16, 42","arr":["11","13","16","42"],"terminus":0,"mode":"bus","color":"#0059a9","colorDark":"#00294f","angle":274.4,"snapDist":12,"label":0}},{"type":"Feature","geometry":{"type":"Point","coordinates":[10.189739,56.13601]},"properties":{"name":"Skovbrynet/Jyllands Allé (Aarhus Kom)","lines":"11, 13, 16, 18, 42","arr":["11","13","16","18","42"],"terminus":0,"mode":"bus","color":"#0059a9","colorDark":"#00294f","angle":265.3,"snapDist":9,"label":0}},{"type":"Feature","geometry":{"type":"Point","coordinates":[10.188708,56.132572]},"properties":{"name":"Aarhus Cyklebane/Vilhelm Becks Vej","lines":"11, 13, 42","arr":["11","13","42"],"terminus":0,"mode":"bus","color":"#0059a9","colorDark":"#00294f","angle":344.3,"snapDist":4,"label":0}},{"type":"Feature","geometry":{"type":"Point","coordinates":[10.182474,56.131587]},"properties":{"name":"Rosenvangskolen/Vilhelm Becks Vej (Aarhus Kom)","lines":"11, 13, 42","arr":["11","13","42"],"terminus":0,"mode":"bus","color":"#0059a9","colorDark":"#00294f","angle":344,"snapDist":5,"label":0}},{"type":"Feature","geometry":{"type":"Point","coordinates":[10.175278,56.130481]},"properties":{"name":"Kaj Munks Vej/Vilhelm Becks Vej (Aarhus Kom)","lines":"11, 13, 42","arr":["11","13","42"],"terminus":0,"mode":"bus","color":"#0059a9","colorDark":"#00294f","angle":347,"snapDist":6,"label":0}},{"type":"Feature","geometry":{"type":"Point","coordinates":[10.167702,56.129807]},"properties":{"name":"Birkedalsvej/Grundtvigsvej (Aarhus Kom)","lines":"11, 42","arr":["11","42"],"terminus":0,"mode":"bus","color":"#0059a9","colorDark":"#00294f","angle":347.6,"snapDist":8,"label":0}},{"type":"Feature","geometry":{"type":"Point","coordinates":[10.157707,56.130325]},"properties":{"name":"Nordbyvej/Ormslevvej (Aarhus Kom)","lines":"11, 42","arr":["11","42"],"terminus":0,"mode":"bus","color":"#0059a9","colorDark":"#00294f","angle":347.1,"snapDist":7,"label":0}},{"type":"Feature","geometry":{"type":"Point","coordinates":[10.153989,56.129846]},"properties":{"name":"Aarhus Handelsgymnasium/Ormslevvej","lines":"11, 42","arr":["11","42"],"terminus":0,"mode":"bus","color":"#0059a9","colorDark":"#00294f","angle":347,"snapDist":6,"label":0}},{"type":"Feature","geometry":{"type":"Point","coordinates":[10.149185,56.129195]},"properties":{"name":"Stensagervej/Ormslevvej (Aarhus Kom)","lines":"11, 42","arr":["11","42"],"terminus":0,"mode":"bus","color":"#0059a9","colorDark":"#00294f","angle":346.7,"snapDist":4,"label":0}},{"type":"Feature","geometry":{"type":"Point","coordinates":[10.142874,56.128582]},"properties":{"name":"Hømosevej/Ormslevvej (Aarhus Kom)","lines":"11, 42","arr":["11","42"],"terminus":0,"mode":"bus","color":"#0059a9","colorDark":"#00294f","angle":350.5,"snapDist":5,"label":0}},{"type":"Feature","geometry":{"type":"Point","coordinates":[10.136479,56.1258]},"properties":{"name":"Bøgeskov Høvej/Ormslevvej (Aarhus Kom)","lines":"11, 42","arr":["11","42"],"terminus":0,"mode":"bus","color":"#0059a9","colorDark":"#00294f","angle":32.9,"snapDist":12,"label":0}},{"type":"Feature","geometry":{"type":"Point","coordinates":[10.125235,56.129103]},"properties":{"name":"Højvangsvej/Jarlsmindevej (Aarhus Kom)","lines":"11, 42","arr":["11","42"],"terminus":0,"mode":"bus","color":"#0059a9","colorDark":"#00294f","angle":100.3,"snapDist":5,"label":0}},{"type":"Feature","geometry":{"type":"Point","coordinates":[10.125164,56.131212]},"properties":{"name":"Rugbjergvej/Jarlsmindevej (Aarhus Kom)","lines":"11, 42","arr":["11","42"],"terminus":0,"mode":"bus","color":"#0059a9","colorDark":"#00294f","angle":80.1,"snapDist":8,"label":0}},{"type":"Feature","geometry":{"type":"Point","coordinates":[10.121932,56.134826]},"properties":{"name":"Tornhøjvej/Jarlsmindevej (Aarhus Kom)","lines":"11, 42","arr":["11","42"],"terminus":0,"mode":"bus","color":"#0059a9","colorDark":"#00294f","angle":30.3,"snapDist":4,"label":0}},{"type":"Feature","geometry":{"type":"Point","coordinates":[10.118546,56.135908]},"properties":{"name":"Klokkeskovvej/Jarlsmindevej (Aarhus Kom)","lines":"11, 42","arr":["11","42"],"terminus":0,"mode":"bus","color":"#0059a9","colorDark":"#00294f","angle":29.8,"snapDist":3,"label":0}},{"type":"Feature","geometry":{"type":"Point","coordinates":[10.116254,56.132945]},"properties":{"name":"Råhøjvej/Klokkeskovvej (Aarhus Kom)","lines":"11, 42","arr":["11","42"],"terminus":0,"mode":"bus","color":"#0059a9","colorDark":"#00294f","angle":266.7,"snapDist":6,"label":0}},{"type":"Feature","geometry":{"type":"Point","coordinates":[10.115186,56.128628]},"properties":{"name":"Højvangskolen/Ormslevvej (Aarhus Kom)","lines":"11, 42","arr":["11","42"],"terminus":0,"mode":"bus","color":"#0059a9","colorDark":"#00294f","angle":352.4,"snapDist":6,"label":1}},{"type":"Feature","geometry":{"type":"Point","coordinates":[10.110731,56.128763]},"properties":{"name":"Råhøjparken/Ormslevvej (Aarhus Kom)","lines":"11, 42","arr":["11","42"],"terminus":0,"mode":"bus","color":"#0059a9","colorDark":"#00294f","angle":3.2,"snapDist":6,"label":0}},{"type":"Feature","geometry":{"type":"Point","coordinates":[10.105638,56.128923]},"properties":{"name":"Fredensborgparken/Ormslevvej (Aarhus Kom)","lines":"11, 42","arr":["11","42"],"terminus":0,"mode":"bus","color":"#0059a9","colorDark":"#00294f","angle":3.1,"snapDist":3,"label":0}},{"type":"Feature","geometry":{"type":"Point","coordinates":[10.214825,56.300579]},"properties":{"name":"Mejlby/Gl. Kaløvej (Aarhus Kom)","lines":"12, 16","arr":["12","16"],"terminus":1,"mode":"bus","color":"#0059a9","colorDark":"#00294f","angle":347,"snapDist":7,"label":1}},{"type":"Feature","geometry":{"type":"Point","coordinates":[10.216851,56.297162]},"properties":{"name":"Mejlbyparken/Mejlbyvej (Aarhus Kom)","lines":"12, 16","arr":["12","16"],"terminus":0,"mode":"bus","color":"#0059a9","colorDark":"#00294f","angle":255.7,"snapDist":8,"label":1}},{"type":"Feature","geometry":{"type":"Point","coordinates":[10.218116,56.292811]},"properties":{"name":"Parosvej/Mejlbyvej (Aarhus Kom)","lines":"12, 16","arr":["12","16"],"terminus":0,"mode":"bus","color":"#0059a9","colorDark":"#00294f","angle":269.4,"snapDist":9,"label":1}},{"type":"Feature","geometry":{"type":"Point","coordinates":[10.218015,56.288442]},"properties":{"name":"Hårup Skole/Mejlbyvej (Aarhus Kom)","lines":"12, 16","arr":["12","16"],"terminus":0,"mode":"bus","color":"#0059a9","colorDark":"#00294f","angle":271.4,"snapDist":9,"label":1}},{"type":"Feature","geometry":{"type":"Point","coordinates":[10.217437,56.285272]},"properties":{"name":"Spartavej/Mejlbyvej (Aarhus Kom)","lines":"12, 16","arr":["12","16"],"terminus":0,"mode":"bus","color":"#0059a9","colorDark":"#00294f","angle":279.7,"snapDist":10,"label":1}},{"type":"Feature","geometry":{"type":"Point","coordinates":[10.216272,56.282608]},"properties":{"name":"Risvangsvej/Mejlbyvej (Aarhus Kom)","lines":"12, 16","arr":["12","16"],"terminus":0,"mode":"bus","color":"#0059a9","colorDark":"#00294f","angle":250,"snapDist":10,"label":1}},{"type":"Feature","geometry":{"type":"Point","coordinates":[10.234106,56.276839]},"properties":{"name":"Esbenvej/Mejlbyvej (Aarhus Kom)","lines":"12","arr":["12"],"terminus":0,"mode":"bus","color":"#0059a9","colorDark":"#00294f","angle":225.3,"snapDist":6,"label":1}},{"type":"Feature","geometry":{"type":"Point","coordinates":[10.238791,56.27332]},"properties":{"name":"Bendstrup (Aarhus Kom)","lines":"12","arr":["12"],"terminus":0,"mode":"bus","color":"#0059a9","colorDark":"#00294f","angle":247,"snapDist":5,"label":1}},{"type":"Feature","geometry":{"type":"Point","coordinates":[10.267387,56.263994]},"properties":{"name":"Hesselballe (Aarhus Kom)","lines":"12","arr":["12"],"terminus":0,"mode":"bus","color":"#0059a9","colorDark":"#00294f","angle":242.8,"snapDist":5,"label":1}},{"type":"Feature","geometry":{"type":"Point","coordinates":[10.26461,56.252471]},"properties":{"name":"Hjortshøj Kirke/Smedebakken (Aarhus Kom)","lines":"12, 46","arr":["12","46"],"terminus":0,"mode":"bus","color":"#0059a9","colorDark":"#00294f","angle":257.2,"snapDist":7,"label":1}},{"type":"Feature","geometry":{"type":"Point","coordinates":[10.266913,56.249933]},"properties":{"name":"Hjortshøj Møllevej (Aarhus Kom)","lines":"12, 32, 46","arr":["12","32","46"],"terminus":0,"mode":"bus","color":"#0059a9","colorDark":"#00294f","angle":261.3,"snapDist":5,"label":1}},{"type":"Feature","geometry":{"type":"Point","coordinates":[10.267469,56.247392]},"properties":{"name":"Hundkærvej/Virupvej (Aarhus Kom)","lines":"12, 32, 46","arr":["12","32","46"],"terminus":0,"mode":"bus","color":"#0059a9","colorDark":"#00294f","angle":279.6,"snapDist":9,"label":1}},{"type":"Feature","geometry":{"type":"Point","coordinates":[10.268575,56.244855]},"properties":{"name":"Hjortshøj Station (Aarhus Kom)","lines":"12, 32, 46","arr":["12","32","46"],"terminus":0,"mode":"bus","color":"#0059a9","colorDark":"#00294f","angle":325.9,"snapDist":7,"label":1}},{"type":"Feature","geometry":{"type":"Point","coordinates":[10.26274,56.242592]},"properties":{"name":"Folkehuset/Hjortshøj Stationsvej (Aarhus Kom)","lines":"12, 32, 46","arr":["12","32","46"],"terminus":0,"mode":"bus","color":"#0059a9","colorDark":"#00294f","angle":350.6,"snapDist":5,"label":1}},{"type":"Feature","geometry":{"type":"Point","coordinates":[10.267129,56.228677]},"properties":{"name":"Egå Møllevej/Mejlbyvej (Aarhus Kom)","lines":"12, 32, 46","arr":["12","32","46"],"terminus":0,"mode":"bus","color":"#0059a9","colorDark":"#00294f","angle":261.9,"snapDist":9,"label":1}},{"type":"Feature","geometry":{"type":"Point","coordinates":[10.266702,56.218124]},"properties":{"name":"Nordvangen/Mejlbyvej (Aarhus Kom)","lines":"12, 32, 46","arr":["12","32","46"],"terminus":0,"mode":"bus","color":"#0059a9","colorDark":"#00294f","angle":278.2,"snapDist":4,"label":1}},{"type":"Feature","geometry":{"type":"Point","coordinates":[10.266283,56.215957]},"properties":{"name":"Egå Kirke/Mejlbyvej (Aarhus Kom)","lines":"12, 32, 46","arr":["12","32","46"],"terminus":0,"mode":"bus","color":"#0059a9","colorDark":"#00294f","angle":265.5,"snapDist":9,"label":1}},{"type":"Feature","geometry":{"type":"Point","coordinates":[10.269673,56.210044]},"properties":{"name":"Egaa Gymnasium/Mejlbyvej (Aarhus Kom)","lines":"12, 32, 46","arr":["12","32","46"],"terminus":1,"mode":"bus","color":"#0059a9","colorDark":"#00294f","angle":263.1,"snapDist":12,"label":1}},{"type":"Feature","geometry":{"type":"Point","coordinates":[10.271198,56.207736]},"properties":{"name":"Grenåvej/Mejlbyvej (Aarhus Kom)","lines":"12, 17, 46","arr":["12","17","46"],"terminus":0,"mode":"bus","color":"#0059a9","colorDark":"#00294f","angle":245.4,"snapDist":13,"label":1}},{"type":"Feature","geometry":{"type":"Point","coordinates":[10.2698,56.205345]},"properties":{"name":"Brohaven/Brovej (Aarhus Kom)","lines":"12, 46","arr":["12","46"],"terminus":0,"mode":"bus","color":"#0059a9","colorDark":"#00294f","angle":292,"snapDist":6,"label":1}},{"type":"Feature","geometry":{"type":"Point","coordinates":[10.267156,56.202386]},"properties":{"name":"Ryvangs Allé/Nordre Standvej (Aarhus Kom)","lines":"12, 46","arr":["12","46"],"terminus":0,"mode":"bus","color":"#0059a9","colorDark":"#00294f","angle":342.8,"snapDist":9,"label":1}},{"type":"Feature","geometry":{"type":"Point","coordinates":[10.262389,56.201574]},"properties":{"name":"Sejrs Allé/Nordre Strandvej (Aarhus Kom)","lines":"12, 46","arr":["12","46"],"terminus":0,"mode":"bus","color":"#0059a9","colorDark":"#00294f","angle":342.8,"snapDist":9,"label":1}},{"type":"Feature","geometry":{"type":"Point","coordinates":[10.257823,56.200351]},"properties":{"name":"Strandbyvej/Nordre Strandvej (Aarhus Kom)","lines":"12, 17, 46","arr":["12","17","46"],"terminus":0,"mode":"bus","color":"#0059a9","colorDark":"#00294f","angle":318,"snapDist":10,"label":1}},{"type":"Feature","geometry":{"type":"Point","coordinates":[10.253666,56.198244]},"properties":{"name":"Klintevej/Nordre Strandvej (Aarhus Kom)","lines":"12, 17, 46","arr":["12","17","46"],"terminus":0,"mode":"bus","color":"#0059a9","colorDark":"#00294f","angle":317.8,"snapDist":9,"label":1}},{"type":"Feature","geometry":{"type":"Point","coordinates":[10.24973,56.196246]},"properties":{"name":"Themsvej/Nordre Strandvej (Aarhus Kom)","lines":"12, 17, 46","arr":["12","17","46"],"terminus":0,"mode":"bus","color":"#0059a9","colorDark":"#00294f","angle":317.8,"snapDist":9,"label":1}},{"type":"Feature","geometry":{"type":"Point","coordinates":[10.24455,56.193685]},"properties":{"name":"Bellevuehallerne/Nordre Strandvej (Aarhus Kom)","lines":"12","arr":["12"],"terminus":0,"mode":"bus","color":"#0059a9","colorDark":"#00294f","angle":48.1,"snapDist":4,"label":1}},{"type":"Feature","geometry":{"type":"Point","coordinates":[10.24182,56.192228]},"properties":{"name":"Fortevej/Nordre Strandvej (Aarhus Kom)","lines":"12","arr":["12"],"terminus":0,"mode":"bus","color":"#0059a9","colorDark":"#00294f","angle":316.8,"snapDist":8,"label":1}},{"type":"Feature","geometry":{"type":"Point","coordinates":[10.238384,56.189166]},"properties":{"name":"Skolevangs Allé/Rolighedsvej (Aarhus Kom)","lines":"12","arr":["12"],"terminus":0,"mode":"bus","color":"#0059a9","colorDark":"#00294f","angle":277.5,"snapDist":11,"label":1}},{"type":"Feature","geometry":{"type":"Point","coordinates":[10.236114,56.184075]},"properties":{"name":"Stationsgade/Rolighedsvej (Aarhus Kom)","lines":"12","arr":["12"],"terminus":0,"mode":"bus","color":"#0059a9","colorDark":"#00294f","angle":293.4,"snapDist":6,"label":1}},{"type":"Feature","geometry":{"type":"Point","coordinates":[10.229338,56.18463]},"properties":{"name":"Harald Selmers Vej (Aarhus Kom)","lines":"12","arr":["12"],"terminus":0,"mode":"bus","color":"#0059a9","colorDark":"#00294f","angle":19.1,"snapDist":6,"label":1}},{"type":"Feature","geometry":{"type":"Point","coordinates":[10.223858,56.18535]},"properties":{"name":"Vestre Skovvej/Asylvej (Aarhus Kom)","lines":"12, 17, 46","arr":["12","17","46"],"terminus":0,"mode":"bus","color":"#0059a9","colorDark":"#00294f","angle":7,"snapDist":5,"label":1}},{"type":"Feature","geometry":{"type":"Point","coordinates":[10.204667,56.171275]},"properties":{"name":"Aarhus Universitet/Randersvej","lines":"12, 16, 18, 100, 123, 200","arr":["12","16","18","100","123","200"],"terminus":0,"mode":"bus","color":"#0059a9","colorDark":"#00294f","angle":248.9,"snapDist":15,"label":1}},{"type":"Feature","geometry":{"type":"Point","coordinates":[10.207604,56.1669]},"properties":{"name":"Universitetsparken/Nørrebrogade (Aarhus Kom)","lines":"12, 16, 18, 100, 123, 200","arr":["12","16","18","100","123","200"],"terminus":0,"mode":"bus","color":"#0059a9","colorDark":"#00294f","angle":251.1,"snapDist":14,"label":1}},{"type":"Feature","geometry":{"type":"Point","coordinates":[10.211709,56.161237]},"properties":{"name":"Nørreport (Aarhus Kom)","lines":"12, 15, 123","arr":["12","15","123"],"terminus":0,"mode":"bus","color":"#0059a9","colorDark":"#00294f","angle":242.2,"snapDist":6,"label":1}},{"type":"Feature","geometry":{"type":"Point","coordinates":[10.213793,56.159149]},"properties":{"name":"Navitas/Kystvejen (Aarhus Kom)","lines":"12, 15, 123","arr":["12","15","123"],"terminus":0,"mode":"bus","color":"#0059a9","colorDark":"#00294f","angle":286.6,"snapDist":7,"label":1}},{"type":"Feature","geometry":{"type":"Point","coordinates":[10.212728,56.153985]},"properties":{"name":"Dokk1 (Aarhus Kom)","lines":"12, 15, 123","arr":["12","15","123"],"terminus":0,"mode":"bus","color":"#0059a9","colorDark":"#00294f","angle":251.9,"snapDist":6,"label":1}},{"type":"Feature","geometry":{"type":"Point","coordinates":[10.210443,56.152076]},"properties":{"name":"Aarhus Rutebilstation/Sønder Allé","lines":"12, 15","arr":["12","15"],"terminus":0,"mode":"bus","color":"#0059a9","colorDark":"#00294f","angle":17.4,"snapDist":4,"label":0}},{"type":"Feature","geometry":{"type":"Point","coordinates":[10.204161,56.15067]},"properties":{"name":"Aarhus Banegårdsplads","lines":"12, 15","arr":["12","15"],"terminus":0,"mode":"bus","color":"#0059a9","colorDark":"#00294f","angle":344.5,"snapDist":8,"label":0}},{"type":"Feature","geometry":{"type":"Point","coordinates":[10.193362,56.154547]},"properties":{"name":"Skovgaardsgade/Carl Blochs Gade (Aarhus Kom)","lines":"12","arr":["12"],"terminus":0,"mode":"bus","color":"#0059a9","colorDark":"#00294f","angle":307.7,"snapDist":9,"label":1}},{"type":"Feature","geometry":{"type":"Point","coordinates":[10.189128,56.15231]},"properties":{"name":"Thomas Koppels Gade/S. Frichs Vej (Aarhus Kom)","lines":"12","arr":["12"],"terminus":0,"mode":"bus","color":"#0059a9","colorDark":"#00294f","angle":19.4,"snapDist":5,"label":1}},{"type":"Feature","geometry":{"type":"Point","coordinates":[10.181943,56.153434]},"properties":{"name":"Vestre Ringgade/Søren Frichs Vej (Aarhus Kom)","lines":"12","arr":["12"],"terminus":0,"mode":"bus","color":"#0059a9","colorDark":"#00294f","angle":11.7,"snapDist":5,"label":1}},{"type":"Feature","geometry":{"type":"Point","coordinates":[10.17679,56.152214]},"properties":{"name":"Frichsparken/Søren Frichs Vej (Aarhus Kom)","lines":"12","arr":["12"],"terminus":0,"mode":"bus","color":"#0059a9","colorDark":"#00294f","angle":321.5,"snapDist":3,"label":1}},{"type":"Feature","geometry":{"type":"Point","coordinates":[10.168924,56.150622]},"properties":{"name":"Huginsvej/Søren Frichs Vej (Aarhus Kom)","lines":"12","arr":["12"],"terminus":0,"mode":"bus","color":"#0059a9","colorDark":"#00294f","angle":343.2,"snapDist":8,"label":1}},{"type":"Feature","geometry":{"type":"Point","coordinates":[10.159787,56.148332]},"properties":{"name":"Chr. Winthers Vej/Søren Frichs Vej (Aarhus Kom)","lines":"12","arr":["12"],"terminus":0,"mode":"bus","color":"#0059a9","colorDark":"#00294f","angle":320.8,"snapDist":11,"label":1}},{"type":"Feature","geometry":{"type":"Point","coordinates":[10.135254,56.152522]},"properties":{"name":"City Vest/Louisevej (Aarhus Kom)","lines":"12","arr":["12"],"terminus":0,"mode":"bus","color":"#0059a9","colorDark":"#00294f","angle":4.9,"snapDist":8,"label":1}},{"type":"Feature","geometry":{"type":"Point","coordinates":[10.134895,56.150889]},"properties":{"name":"Annettevej/Louisevej (Aarhus Kom)","lines":"12","arr":["12"],"terminus":0,"mode":"bus","color":"#0059a9","colorDark":"#00294f","angle":252.9,"snapDist":7,"label":1}},{"type":"Feature","geometry":{"type":"Point","coordinates":[10.134877,56.1494]},"properties":{"name":"Sødalskolen/Brabrand Skovvej (Aarhus Kom)","lines":"12","arr":["12"],"terminus":0,"mode":"bus","color":"#0059a9","colorDark":"#00294f","angle":345.4,"snapDist":7,"label":1}},{"type":"Feature","geometry":{"type":"Point","coordinates":[10.129137,56.149256]},"properties":{"name":"Brabrand Skovvej (Aarhus Kom)","lines":"12","arr":["12"],"terminus":0,"mode":"bus","color":"#0059a9","colorDark":"#00294f","angle":31.4,"snapDist":5,"label":1}},{"type":"Feature","geometry":{"type":"Point","coordinates":[10.12414,56.149629]},"properties":{"name":"Tunnelen/Engdalsvej (Aarhus Kom)","lines":"12","arr":["12"],"terminus":0,"mode":"bus","color":"#0059a9","colorDark":"#00294f","angle":24.3,"snapDist":4,"label":1}},{"type":"Feature","geometry":{"type":"Point","coordinates":[10.119174,56.150274]},"properties":{"name":"Brabrand Idrætsanlæg/Engdalsvej (Aarhus Kom)","lines":"12","arr":["12"],"terminus":0,"mode":"bus","color":"#0059a9","colorDark":"#00294f","angle":5.2,"snapDist":4,"label":1}},{"type":"Feature","geometry":{"type":"Point","coordinates":[10.113565,56.151179]},"properties":{"name":"Engbakken/Engdalsvej (Aarhus Kom)","lines":"12","arr":["12"],"terminus":0,"mode":"bus","color":"#0059a9","colorDark":"#00294f","angle":8.5,"snapDist":3,"label":1}},{"type":"Feature","geometry":{"type":"Point","coordinates":[10.112095,56.152842]},"properties":{"name":"Engbakken/Hovedgaden (Aarhus Kom)","lines":"12","arr":["12"],"terminus":0,"mode":"bus","color":"#0059a9","colorDark":"#00294f","angle":33,"snapDist":9,"label":1}},{"type":"Feature","geometry":{"type":"Point","coordinates":[10.107782,56.153336]},"properties":{"name":"Engdalskolen/Hovedgaden (Aarhus Kom)","lines":"12","arr":["12"],"terminus":0,"mode":"bus","color":"#0059a9","colorDark":"#00294f","angle":4.9,"snapDist":7,"label":1}},{"type":"Feature","geometry":{"type":"Point","coordinates":[10.103784,56.153286]},"properties":{"name":"Brabrandhus/Hovedgaden (Aarhus Kom)","lines":"12","arr":["12"],"terminus":0,"mode":"bus","color":"#0059a9","colorDark":"#00294f","angle":343.8,"snapDist":8,"label":1}},{"type":"Feature","geometry":{"type":"Point","coordinates":[10.100634,56.153251]},"properties":{"name":"Voldbækvej/Hovedgaden (Aarhus Kom)","lines":"12","arr":["12"],"terminus":0,"mode":"bus","color":"#0059a9","colorDark":"#00294f","angle":11.3,"snapDist":7,"label":1}},{"type":"Feature","geometry":{"type":"Point","coordinates":[10.067989,56.160112]},"properties":{"name":"Fragtmandscentralen/Logistikparken (Aarhus Kom)","lines":"12","arr":["12"],"terminus":0,"mode":"bus","color":"#0059a9","colorDark":"#00294f","angle":358.5,"snapDist":2,"label":1}},{"type":"Feature","geometry":{"type":"Point","coordinates":[10.061578,56.160005]},"properties":{"name":"Rosbjergvej/Logistikparken (Aarhus Kom)","lines":"12","arr":["12"],"terminus":0,"mode":"bus","color":"#0059a9","colorDark":"#00294f","angle":358.2,"snapDist":3,"label":1}},{"type":"Feature","geometry":{"type":"Point","coordinates":[10.05916,56.162617]},"properties":{"name":"Logistikparken/Rosbjergvej","lines":"12","arr":["12"],"terminus":1,"mode":"bus","color":"#0059a9","colorDark":"#00294f","angle":266.1,"snapDist":0,"label":1}},{"type":"Feature","geometry":{"type":"Point","coordinates":[10.061571,56.159931]},"properties":{"name":"Rosbjergvej/Logistikparken (Aarhus Kom)","lines":"12","arr":["12"],"terminus":0,"mode":"bus","color":"#0059a9","colorDark":"#00294f","angle":178.2,"snapDist":4,"label":0}},{"type":"Feature","geometry":{"type":"Point","coordinates":[10.069267,56.159679]},"properties":{"name":"Fragtmandscentralen/Logistikparken (Aarhus Kom)","lines":"12","arr":["12"],"terminus":0,"mode":"bus","color":"#0059a9","colorDark":"#00294f","angle":260.5,"snapDist":8,"label":0}},{"type":"Feature","geometry":{"type":"Point","coordinates":[10.10049,56.153267]},"properties":{"name":"Voldbækvej/Hovedgaden (Aarhus Kom)","lines":"12","arr":["12"],"terminus":0,"mode":"bus","color":"#0059a9","colorDark":"#00294f","angle":191.3,"snapDist":10,"label":0}},{"type":"Feature","geometry":{"type":"Point","coordinates":[10.103544,56.153247]},"properties":{"name":"Brabrandhus/Hovedgaden (Aarhus Kom)","lines":"12","arr":["12"],"terminus":0,"mode":"bus","color":"#0059a9","colorDark":"#00294f","angle":163.8,"snapDist":9,"label":0}},{"type":"Feature","geometry":{"type":"Point","coordinates":[10.107911,56.153329]},"properties":{"name":"Engdalskolen/Hovedgaden (Aarhus Kom)","lines":"12","arr":["12"],"terminus":0,"mode":"bus","color":"#0059a9","colorDark":"#00294f","angle":184.9,"snapDist":8,"label":0}},{"type":"Feature","geometry":{"type":"Point","coordinates":[10.111972,56.152885]},"properties":{"name":"Engbakken/Hovedgaden (Aarhus Kom)","lines":"12","arr":["12"],"terminus":0,"mode":"bus","color":"#0059a9","colorDark":"#00294f","angle":212.2,"snapDist":11,"label":0}},{"type":"Feature","geometry":{"type":"Point","coordinates":[10.114191,56.151131]},"properties":{"name":"Engbakken/Engdalsvej (Aarhus Kom)","lines":"12","arr":["12"],"terminus":0,"mode":"bus","color":"#0059a9","colorDark":"#00294f","angle":187.7,"snapDist":5,"label":0}},{"type":"Feature","geometry":{"type":"Point","coordinates":[10.118896,56.150288]},"properties":{"name":"Brabrand Idrætsanlæg/Engdalsvej (Aarhus Kom)","lines":"12","arr":["12"],"terminus":0,"mode":"bus","color":"#0059a9","colorDark":"#00294f","angle":185.2,"snapDist":5,"label":0}},{"type":"Feature","geometry":{"type":"Point","coordinates":[10.124185,56.149618]},"properties":{"name":"Tunnelen/Engdalsvej (Aarhus Kom)","lines":"12","arr":["12"],"terminus":0,"mode":"bus","color":"#0059a9","colorDark":"#00294f","angle":204.3,"snapDist":5,"label":0}},{"type":"Feature","geometry":{"type":"Point","coordinates":[10.128978,56.149311]},"properties":{"name":"Brabrand Skovvej (Aarhus Kom)","lines":"12","arr":["12"],"terminus":0,"mode":"bus","color":"#0059a9","colorDark":"#00294f","angle":213,"snapDist":7,"label":0}},{"type":"Feature","geometry":{"type":"Point","coordinates":[10.134925,56.149407]},"properties":{"name":"Sødalskolen/Brabrand Skovvej (Aarhus Kom)","lines":"12","arr":["12"],"terminus":0,"mode":"bus","color":"#0059a9","colorDark":"#00294f","angle":165.4,"snapDist":5,"label":0}},{"type":"Feature","geometry":{"type":"Point","coordinates":[10.134507,56.151581]},"properties":{"name":"Annettevej/Louisevej (Aarhus Kom)","lines":"12","arr":["12"],"terminus":0,"mode":"bus","color":"#0059a9","colorDark":"#00294f","angle":72.6,"snapDist":3,"label":0}},{"type":"Feature","geometry":{"type":"Point","coordinates":[10.152613,56.146545]},"properties":{"name":"Viby Ringvej/Søren Frichsvej (Aarhus Kom)","lines":"12","arr":["12"],"terminus":0,"mode":"bus","color":"#0059a9","colorDark":"#00294f","angle":149.9,"snapDist":6,"label":1}},{"type":"Feature","geometry":{"type":"Point","coordinates":[10.161075,56.148782]},"properties":{"name":"Chr. Winthers Vej/Søren Frichs Vej (Aarhus Kom)","lines":"12","arr":["12"],"terminus":0,"mode":"bus","color":"#0059a9","colorDark":"#00294f","angle":147.5,"snapDist":8,"label":0}},{"type":"Feature","geometry":{"type":"Point","coordinates":[10.167914,56.150452]},"properties":{"name":"Huginsvej/Søren Frichs Vej (Aarhus Kom)","lines":"12","arr":["12"],"terminus":0,"mode":"bus","color":"#0059a9","colorDark":"#00294f","angle":163.2,"snapDist":9,"label":0}},{"type":"Feature","geometry":{"type":"Point","coordinates":[10.178447,56.152733]},"properties":{"name":"Frichsparken/Søren Frichs Vej (Aarhus Kom)","lines":"12","arr":["12"],"terminus":0,"mode":"bus","color":"#0059a9","colorDark":"#00294f","angle":143.2,"snapDist":6,"label":0}},{"type":"Feature","geometry":{"type":"Point","coordinates":[10.183893,56.15311]},"properties":{"name":"Vestre Ringgade/Søren Frichs Vej (Aarhus Kom)","lines":"12","arr":["12"],"terminus":0,"mode":"bus","color":"#0059a9","colorDark":"#00294f","angle":188.9,"snapDist":5,"label":0}},{"type":"Feature","geometry":{"type":"Point","coordinates":[10.190019,56.152451]},"properties":{"name":"Thomas Koppels Gade/S. Frichs Vej (Aarhus Kom)","lines":"12","arr":["12"],"terminus":0,"mode":"bus","color":"#0059a9","colorDark":"#00294f","angle":133.4,"snapDist":9,"label":0}},{"type":"Feature","geometry":{"type":"Point","coordinates":[10.194057,56.155057]},"properties":{"name":"Skovgaardsgade/Carl Blochs Gade (Aarhus Kom)","lines":"12","arr":["12"],"terminus":0,"mode":"bus","color":"#0059a9","colorDark":"#00294f","angle":127.9,"snapDist":7,"label":0}},{"type":"Feature","geometry":{"type":"Point","coordinates":[10.203816,56.150519]},"properties":{"name":"Aarhus Banegårdsplads","lines":"12, 15, 103, 302","arr":["12","15","103","302"],"terminus":0,"mode":"bus","color":"#0059a9","colorDark":"#00294f","angle":164.3,"snapDist":6,"label":0}},{"type":"Feature","geometry":{"type":"Point","coordinates":[10.209497,56.152195]},"properties":{"name":"Aarhus Rutebilstation/Sønder Allé","lines":"12, 15, 103, 302","arr":["12","15","103","302"],"terminus":1,"mode":"bus","color":"#0059a9","colorDark":"#00294f","angle":201.6,"snapDist":3,"label":1}},{"type":"Feature","geometry":{"type":"Point","coordinates":[10.212827,56.154004]},"properties":{"name":"Dokk1 (Aarhus Kom)","lines":"12, 15, 123","arr":["12","15","123"],"terminus":0,"mode":"bus","color":"#0059a9","colorDark":"#00294f","angle":74.1,"snapDist":2,"label":0}},{"type":"Feature","geometry":{"type":"Point","coordinates":[10.213766,56.158842]},"properties":{"name":"Navitas/Kystvejen (Aarhus Kom)","lines":"12, 15, 123","arr":["12","15","123"],"terminus":0,"mode":"bus","color":"#0059a9","colorDark":"#00294f","angle":106.8,"snapDist":3,"label":0}},{"type":"Feature","geometry":{"type":"Point","coordinates":[10.207242,56.167917]},"properties":{"name":"Universitetsparken/Nørrebrogade (Aarhus Kom)","lines":"12, 16, 18, 100, 123, 200","arr":["12","16","18","100","123","200"],"terminus":0,"mode":"bus","color":"#0059a9","colorDark":"#00294f","angle":69.4,"snapDist":6,"label":0}},{"type":"Feature","geometry":{"type":"Point","coordinates":[10.218041,56.177236]},"properties":{"name":"Marienlund/Nordre Ringgade (Aarhus Kom)","lines":"12, 100, 123","arr":["12","100","123"],"terminus":0,"mode":"bus","color":"#0059a9","colorDark":"#00294f","angle":116.7,"snapDist":15,"label":1}},{"type":"Feature","geometry":{"type":"Point","coordinates":[10.219939,56.185619]},"properties":{"name":"Grenåvej/Asylvej (Aarhus Kom)","lines":"12, 17, 46","arr":["12","17","46"],"terminus":0,"mode":"bus","color":"#0059a9","colorDark":"#00294f","angle":187,"snapDist":7,"label":1}},{"type":"Feature","geometry":{"type":"Point","coordinates":[10.225682,56.18535]},"properties":{"name":"Vestre Skovvej/Asylvej (Aarhus Kom)","lines":"12, 17, 46","arr":["12","17","46"],"terminus":0,"mode":"bus","color":"#0059a9","colorDark":"#00294f","angle":162.8,"snapDist":7,"label":0}},{"type":"Feature","geometry":{"type":"Point","coordinates":[10.229871,56.184527]},"properties":{"name":"Harald Selmers Vej (Aarhus Kom)","lines":"12","arr":["12"],"terminus":0,"mode":"bus","color":"#0059a9","colorDark":"#00294f","angle":199,"snapDist":7,"label":0}},{"type":"Feature","geometry":{"type":"Point","coordinates":[10.235123,56.183945]},"properties":{"name":"Stationsgade/Harald Selmers Vej (Aarhus Kom)","lines":"12","arr":["12"],"terminus":0,"mode":"bus","color":"#0059a9","colorDark":"#00294f","angle":184,"snapDist":8,"label":1}},{"type":"Feature","geometry":{"type":"Point","coordinates":[10.238349,56.189016]},"properties":{"name":"Skolevangs Allé/Rolighedsvej (Aarhus Kom)","lines":"12","arr":["12"],"terminus":0,"mode":"bus","color":"#0059a9","colorDark":"#00294f","angle":97.5,"snapDist":10,"label":0}},{"type":"Feature","geometry":{"type":"Point","coordinates":[10.241706,56.192168]},"properties":{"name":"Fortevej/Nordre Strandvej (Aarhus Kom)","lines":"12","arr":["12"],"terminus":0,"mode":"bus","color":"#0059a9","colorDark":"#00294f","angle":136.8,"snapDist":8,"label":0}},{"type":"Feature","geometry":{"type":"Point","coordinates":[10.246638,56.194682]},"properties":{"name":"Bellevuehallerne/Nordre Strandvej (Aarhus Kom)","lines":"12, 17, 46","arr":["12","17","46"],"terminus":0,"mode":"bus","color":"#0059a9","colorDark":"#00294f","angle":138,"snapDist":8,"label":0}},{"type":"Feature","geometry":{"type":"Point","coordinates":[10.249423,56.196091]},"properties":{"name":"Themsvej/Nordre Strandvej (Aarhus Kom)","lines":"12, 17, 46","arr":["12","17","46"],"terminus":0,"mode":"bus","color":"#0059a9","colorDark":"#00294f","angle":137.8,"snapDist":5,"label":0}},{"type":"Feature","geometry":{"type":"Point","coordinates":[10.253546,56.198183]},"properties":{"name":"Klintevej/Nordre Strandvej (Aarhus Kom)","lines":"12, 17, 46","arr":["12","17","46"],"terminus":0,"mode":"bus","color":"#0059a9","colorDark":"#00294f","angle":137.8,"snapDist":10,"label":0}},{"type":"Feature","geometry":{"type":"Point","coordinates":[10.257694,56.200286]},"properties":{"name":"Strandbyvej/Nordre Strandvej (Aarhus Kom)","lines":"12, 17, 46","arr":["12","17","46"],"terminus":0,"mode":"bus","color":"#0059a9","colorDark":"#00294f","angle":137.9,"snapDist":6,"label":0}},{"type":"Feature","geometry":{"type":"Point","coordinates":[10.262946,56.201668]},"properties":{"name":"Sejrs Allé/Nordre Strandvej (Aarhus Kom)","lines":"12, 46","arr":["12","46"],"terminus":0,"mode":"bus","color":"#0059a9","colorDark":"#00294f","angle":163.2,"snapDist":9,"label":0}},{"type":"Feature","geometry":{"type":"Point","coordinates":[10.268838,56.203229]},"properties":{"name":"Nordre Strandvej/Brovej (Aarhus Kom)","lines":"12, 46","arr":["12","46"],"terminus":0,"mode":"bus","color":"#0059a9","colorDark":"#00294f","angle":101.6,"snapDist":7,"label":1}},{"type":"Feature","geometry":{"type":"Point","coordinates":[10.269781,56.205318]},"properties":{"name":"Brohaven/Brovej (Aarhus Kom)","lines":"12, 46","arr":["12","46"],"terminus":0,"mode":"bus","color":"#0059a9","colorDark":"#00294f","angle":112,"snapDist":8,"label":0}},{"type":"Feature","geometry":{"type":"Point","coordinates":[10.270684,56.208361]},"properties":{"name":"Grenåvej/Mejlbyvej (Aarhus Kom)","lines":"12, 46","arr":["12","46"],"terminus":0,"mode":"bus","color":"#0059a9","colorDark":"#00294f","angle":65.4,"snapDist":11,"label":0}},{"type":"Feature","geometry":{"type":"Point","coordinates":[10.269639,56.210253]},"properties":{"name":"Egaa Gymnasium/Mejlbyvej (Aarhus Kom)","lines":"12, 32, 46","arr":["12","32","46"],"terminus":1,"mode":"bus","color":"#0059a9","colorDark":"#00294f","angle":85.9,"snapDist":12,"label":0}},{"type":"Feature","geometry":{"type":"Point","coordinates":[10.266272,56.216032]},"properties":{"name":"Egå Kirke/Mejlbyvej (Aarhus Kom)","lines":"12, 32, 46","arr":["12","32","46"],"terminus":0,"mode":"bus","color":"#0059a9","colorDark":"#00294f","angle":85.5,"snapDist":8,"label":0}},{"type":"Feature","geometry":{"type":"Point","coordinates":[10.266707,56.218142]},"properties":{"name":"Nordvangen/Mejlbyvej (Aarhus Kom)","lines":"12, 32, 46","arr":["12","32","46"],"terminus":0,"mode":"bus","color":"#0059a9","colorDark":"#00294f","angle":98.2,"snapDist":4,"label":0}},{"type":"Feature","geometry":{"type":"Point","coordinates":[10.266761,56.229595]},"properties":{"name":"Egå Møllevej/Mejlbyvej (Aarhus Kom)","lines":"12, 32, 46","arr":["12","32","46"],"terminus":0,"mode":"bus","color":"#0059a9","colorDark":"#00294f","angle":71,"snapDist":6,"label":0}},{"type":"Feature","geometry":{"type":"Point","coordinates":[10.263397,56.242688]},"properties":{"name":"Folkehuset/Hjortshøj Stationsvej (Aarhus Kom)","lines":"12, 32, 46","arr":["12","32","46"],"terminus":0,"mode":"bus","color":"#0059a9","colorDark":"#00294f","angle":161.5,"snapDist":5,"label":0}},{"type":"Feature","geometry":{"type":"Point","coordinates":[10.268844,56.244965]},"properties":{"name":"Hjortshøj Station (Aarhus Kom)","lines":"12, 32, 46","arr":["12","32","46"],"terminus":0,"mode":"bus","color":"#0059a9","colorDark":"#00294f","angle":143.3,"snapDist":8,"label":0}},{"type":"Feature","geometry":{"type":"Point","coordinates":[10.267945,56.246308]},"properties":{"name":"Hundkærvej/Virupvej (Aarhus Kom)","lines":"12, 32, 46","arr":["12","32","46"],"terminus":0,"mode":"bus","color":"#0059a9","colorDark":"#00294f","angle":55.9,"snapDist":3,"label":0}},{"type":"Feature","geometry":{"type":"Point","coordinates":[10.266886,56.250028]},"properties":{"name":"Hjortshøj Møllevej (Aarhus Kom)","lines":"12, 32, 46","arr":["12","32","46"],"terminus":0,"mode":"bus","color":"#0059a9","colorDark":"#00294f","angle":81.3,"snapDist":4,"label":0}},{"type":"Feature","geometry":{"type":"Point","coordinates":[10.264524,56.252663]},"properties":{"name":"Hjortshøj Kirke/Smedebakken (Aarhus Kom)","lines":"12, 46","arr":["12","46"],"terminus":0,"mode":"bus","color":"#0059a9","colorDark":"#00294f","angle":70.5,"snapDist":3,"label":0}},{"type":"Feature","geometry":{"type":"Point","coordinates":[10.267385,56.263996]},"properties":{"name":"Hesselballe (Aarhus Kom)","lines":"12","arr":["12"],"terminus":0,"mode":"bus","color":"#0059a9","colorDark":"#00294f","angle":62.8,"snapDist":3,"label":0}},{"type":"Feature","geometry":{"type":"Point","coordinates":[10.238282,56.273987]},"properties":{"name":"Bendstrup (Aarhus Kom)","lines":"12","arr":["12"],"terminus":0,"mode":"bus","color":"#0059a9","colorDark":"#00294f","angle":66.9,"snapDist":6,"label":0}},{"type":"Feature","geometry":{"type":"Point","coordinates":[10.234156,56.276811]},"properties":{"name":"Esbenvej/Mejlbyvej (Aarhus Kom)","lines":"12","arr":["12"],"terminus":0,"mode":"bus","color":"#0059a9","colorDark":"#00294f","angle":45.3,"snapDist":5,"label":0}},{"type":"Feature","geometry":{"type":"Point","coordinates":[10.216239,56.282663]},"properties":{"name":"Risvangsvej/Mejlbyvej (Aarhus Kom)","lines":"12, 16","arr":["12","16"],"terminus":0,"mode":"bus","color":"#0059a9","colorDark":"#00294f","angle":72.3,"snapDist":7,"label":0}},{"type":"Feature","geometry":{"type":"Point","coordinates":[10.217751,56.286081]},"properties":{"name":"Spartavej/Mejlbyvej (Aarhus Kom)","lines":"12, 16","arr":["12","16"],"terminus":0,"mode":"bus","color":"#0059a9","colorDark":"#00294f","angle":102.9,"snapDist":4,"label":0}},{"type":"Feature","geometry":{"type":"Point","coordinates":[10.218026,56.288686]},"properties":{"name":"Hårup Skole/Mejlbyvej (Aarhus Kom)","lines":"12, 16","arr":["12","16"],"terminus":0,"mode":"bus","color":"#0059a9","colorDark":"#00294f","angle":91.4,"snapDist":10,"label":0}},{"type":"Feature","geometry":{"type":"Point","coordinates":[10.217942,56.293724]},"properties":{"name":"Parosvej/Mejlbyvej (Aarhus Kom)","lines":"12, 16","arr":["12","16"],"terminus":0,"mode":"bus","color":"#0059a9","colorDark":"#00294f","angle":82,"snapDist":9,"label":0}},{"type":"Feature","geometry":{"type":"Point","coordinates":[10.216524,56.297817]},"properties":{"name":"Mejlbyparken/Mejlbyvej (Aarhus Kom)","lines":"12, 16","arr":["12","16"],"terminus":0,"mode":"bus","color":"#0059a9","colorDark":"#00294f","angle":74.1,"snapDist":8,"label":0}},{"type":"Feature","geometry":{"type":"Point","coordinates":[10.17288,56.102161]},"properties":{"name":"Holme Parkvej (Aarhus Kom)","lines":"13","arr":["13"],"terminus":1,"mode":"bus","color":"#0059a9","colorDark":"#00294f","angle":26.9,"snapDist":7,"label":1}},{"type":"Feature","geometry":{"type":"Point","coordinates":[10.175548,56.105177]},"properties":{"name":"Holme Parkvej 83 (Aarhus Kom)","lines":"13","arr":["13"],"terminus":0,"mode":"bus","color":"#0059a9","colorDark":"#00294f","angle":46.4,"snapDist":5,"label":1}},{"type":"Feature","geometry":{"type":"Point","coordinates":[10.177929,56.107587]},"properties":{"name":"Holme Parkvej 164 (Aarhus Kom)","lines":"13","arr":["13"],"terminus":0,"mode":"bus","color":"#0059a9","colorDark":"#00294f","angle":156.7,"snapDist":5,"label":1}},{"type":"Feature","geometry":{"type":"Point","coordinates":[10.188161,56.108889]},"properties":{"name":"Bushøjvænget/Saralyst Allé (Aarhus Kom)","lines":"13, 16","arr":["13","16"],"terminus":0,"mode":"bus","color":"#0059a9","colorDark":"#00294f","angle":107.7,"snapDist":10,"label":1}},{"type":"Feature","geometry":{"type":"Point","coordinates":[10.189252,56.111873]},"properties":{"name":"Tunnelen/Saralyst Allé (Aarhus Kom)","lines":"13, 16","arr":["13","16"],"terminus":0,"mode":"bus","color":"#0059a9","colorDark":"#00294f","angle":105.3,"snapDist":9,"label":1}},{"type":"Feature","geometry":{"type":"Point","coordinates":[10.18772,56.114009]},"properties":{"name":"Kvædevej/Hjulbjergvej (Aarhus Kom)","lines":"13","arr":["13"],"terminus":0,"mode":"bus","color":"#0059a9","colorDark":"#00294f","angle":8.8,"snapDist":5,"label":1}},{"type":"Feature","geometry":{"type":"Point","coordinates":[10.18199,56.114501]},"properties":{"name":"Plejehjemmet Sct. Olaf/Hjulbjergvej (Aarhus Kom)","lines":"13","arr":["13"],"terminus":0,"mode":"bus","color":"#0059a9","colorDark":"#00294f","angle":9.1,"snapDist":6,"label":1}},{"type":"Feature","geometry":{"type":"Point","coordinates":[10.172311,56.118041]},"properties":{"name":"Rundhøj Allé/Holme Møllevej (Aarhus Kom)","lines":"13","arr":["13"],"terminus":0,"mode":"bus","color":"#0059a9","colorDark":"#00294f","angle":72.2,"snapDist":5,"label":1}},{"type":"Feature","geometry":{"type":"Point","coordinates":[10.171974,56.121903]},"properties":{"name":"Jyllands Allé/Holme Møllevej (Aarhus Kom)","lines":"13","arr":["13"],"terminus":0,"mode":"bus","color":"#0059a9","colorDark":"#00294f","angle":97,"snapDist":9,"label":1}},{"type":"Feature","geometry":{"type":"Point","coordinates":[10.171418,56.124819]},"properties":{"name":"Holme Møllevej/Christian X's Vej (Aarhus Kom)","lines":"13","arr":["13"],"terminus":0,"mode":"bus","color":"#0059a9","colorDark":"#00294f","angle":103.9,"snapDist":13,"label":1}},{"type":"Feature","geometry":{"type":"Point","coordinates":[10.17228,56.126729]},"properties":{"name":"Balagervej/Christian X's Vej (Aarhus Kom)","lines":"13","arr":["13"],"terminus":0,"mode":"bus","color":"#0059a9","colorDark":"#00294f","angle":103.3,"snapDist":11,"label":1}},{"type":"Feature","geometry":{"type":"Point","coordinates":[10.173442,56.129243]},"properties":{"name":"Vilhelm Becks Vej/Christian X's Vej (Aarhus Kom)","lines":"13","arr":["13"],"terminus":0,"mode":"bus","color":"#0059a9","colorDark":"#00294f","angle":104.1,"snapDist":11,"label":1}},{"type":"Feature","geometry":{"type":"Point","coordinates":[10.191615,56.143029]},"properties":{"name":"Ålborggade (Aarhus Kom)","lines":"13","arr":["13"],"terminus":0,"mode":"bus","color":"#0059a9","colorDark":"#00294f","angle":141.4,"snapDist":5,"label":1}},{"type":"Feature","geometry":{"type":"Point","coordinates":[10.194374,56.144325]},"properties":{"name":"Skt. Lukas Kirke/Ingerslevs Blvd. (Aarhus Kom)","lines":"13","arr":["13"],"terminus":0,"mode":"bus","color":"#0059a9","colorDark":"#00294f","angle":171.9,"snapDist":8,"label":1}},{"type":"Feature","geometry":{"type":"Point","coordinates":[10.199332,56.145059]},"properties":{"name":"Ingerslevs Plads/Odensegade (Aarhus Kom)","lines":"13","arr":["13"],"terminus":0,"mode":"bus","color":"#0059a9","colorDark":"#00294f","angle":169.3,"snapDist":8,"label":1}},{"type":"Feature","geometry":{"type":"Point","coordinates":[10.204276,56.145842]},"properties":{"name":"Skt. Pauls Kirkeplads (Aarhus Kom)","lines":"13, 16, 17, 18, 100, 103, 302","arr":["13","16","17","18","100","103","302"],"terminus":0,"mode":"bus","color":"#0059a9","colorDark":"#00294f","angle":84.7,"snapDist":2,"label":1}},{"type":"Feature","geometry":{"type":"Point","coordinates":[10.203527,56.147984]},"properties":{"name":"Jægergårdsgade/M. P. Bruuns Gade (Aarhus Kom)","lines":"13, 16, 17, 18, 100, 103, 302","arr":["13","16","17","18","100","103","302"],"terminus":0,"mode":"bus","color":"#0059a9","colorDark":"#00294f","angle":83.2,"snapDist":6,"label":1}},{"type":"Feature","geometry":{"type":"Point","coordinates":[10.192393,56.166846]},"properties":{"name":"Emil Aarestrups Vej/P.-Müllers Vej (Aarhus Kom)","lines":"13, 45","arr":["13","45"],"terminus":0,"mode":"bus","color":"#0059a9","colorDark":"#00294f","angle":42.2,"snapDist":9,"label":1}},{"type":"Feature","geometry":{"type":"Point","coordinates":[10.185059,56.165619]},"properties":{"name":"Møllevangskolen/Fuglebakkevej (Aarhus Kom)","lines":"13","arr":["13"],"terminus":0,"mode":"bus","color":"#0059a9","colorDark":"#00294f","angle":13.5,"snapDist":8,"label":1}},{"type":"Feature","geometry":{"type":"Point","coordinates":[10.179793,56.16652]},"properties":{"name":"Fasanvej/Fuglebakkevej (Aarhus Kom)","lines":"13","arr":["13"],"terminus":0,"mode":"bus","color":"#0059a9","colorDark":"#00294f","angle":17.1,"snapDist":5,"label":1}},{"type":"Feature","geometry":{"type":"Point","coordinates":[10.175726,56.16725]},"properties":{"name":"Frydenlunds Allé/Fuglebakkevej (Aarhus Kom)","lines":"13","arr":["13"],"terminus":0,"mode":"bus","color":"#0059a9","colorDark":"#00294f","angle":354.6,"snapDist":5,"label":1}},{"type":"Feature","geometry":{"type":"Point","coordinates":[10.172413,56.168885]},"properties":{"name":"Østrevej/Fuglebakkevej (Aarhus Kom)","lines":"13","arr":["13"],"terminus":0,"mode":"bus","color":"#0059a9","colorDark":"#00294f","angle":79.7,"snapDist":4,"label":1}},{"type":"Feature","geometry":{"type":"Point","coordinates":[10.172179,56.171816]},"properties":{"name":"Frydenlund/Fuglebakkevej (Aarhus Kom)","lines":"13","arr":["13"],"terminus":1,"mode":"bus","color":"#0059a9","colorDark":"#00294f","angle":250.2,"snapDist":6,"label":1}},{"type":"Feature","geometry":{"type":"Point","coordinates":[10.172526,56.168546]},"properties":{"name":"Østrevej/Fuglebakkevej (Aarhus Kom)","lines":"13","arr":["13"],"terminus":0,"mode":"bus","color":"#0059a9","colorDark":"#00294f","angle":259.4,"snapDist":8,"label":0}},{"type":"Feature","geometry":{"type":"Point","coordinates":[10.175124,56.167217]},"properties":{"name":"Frydenlunds Allé/Fuglebakkevej (Aarhus Kom)","lines":"13","arr":["13"],"terminus":0,"mode":"bus","color":"#0059a9","colorDark":"#00294f","angle":174.1,"snapDist":6,"label":0}},{"type":"Feature","geometry":{"type":"Point","coordinates":[10.179514,56.166568]},"properties":{"name":"Fasanvej/Fuglebakkevej (Aarhus Kom)","lines":"13","arr":["13"],"terminus":0,"mode":"bus","color":"#0059a9","colorDark":"#00294f","angle":197.9,"snapDist":7,"label":0}},{"type":"Feature","geometry":{"type":"Point","coordinates":[10.185292,56.165588]},"properties":{"name":"Møllevangskolen/Fuglebakkevej (Aarhus Kom)","lines":"13","arr":["13"],"terminus":0,"mode":"bus","color":"#0059a9","colorDark":"#00294f","angle":193.6,"snapDist":8,"label":0}},{"type":"Feature","geometry":{"type":"Point","coordinates":[10.19326,56.166363]},"properties":{"name":"Emil Aarestrups Vej/P.-Müllers Vej (Aarhus Kom)","lines":"13, 45","arr":["13","45"],"terminus":0,"mode":"bus","color":"#0059a9","colorDark":"#00294f","angle":222.2,"snapDist":6,"label":0}},{"type":"Feature","geometry":{"type":"Point","coordinates":[10.203519,56.14802]},"properties":{"name":"Jægergårdsgade/M. P. Bruuns Gade (Aarhus Kom)","lines":"13, 16, 17, 18, 100, 103, 302","arr":["13","16","17","18","100","103","302"],"terminus":0,"mode":"bus","color":"#0059a9","colorDark":"#00294f","angle":263.2,"snapDist":10,"label":0}},{"type":"Feature","geometry":{"type":"Point","coordinates":[10.203644,56.145865]},"properties":{"name":"Skt. Pauls Kirkeplads (Aarhus Kom)","lines":"13, 16, 17, 18, 100, 103, 302","arr":["13","16","17","18","100","103","302"],"terminus":0,"mode":"bus","color":"#0059a9","colorDark":"#00294f","angle":263.4,"snapDist":5,"label":0}},{"type":"Feature","geometry":{"type":"Point","coordinates":[10.199489,56.145075]},"properties":{"name":"Ingerslevs Plads/Odensegade (Aarhus Kom)","lines":"13","arr":["13"],"terminus":0,"mode":"bus","color":"#0059a9","colorDark":"#00294f","angle":349.3,"snapDist":5,"label":0}},{"type":"Feature","geometry":{"type":"Point","coordinates":[10.194162,56.144636]},"properties":{"name":"Skt. Lukas Kirke/Ingerslevs Blvd. (Aarhus Kom)","lines":"13","arr":["13"],"terminus":0,"mode":"bus","color":"#0059a9","colorDark":"#00294f","angle":351.8,"snapDist":6,"label":0}},{"type":"Feature","geometry":{"type":"Point","coordinates":[10.19147,56.143081]},"properties":{"name":"Ålborggade (Aarhus Kom)","lines":"13","arr":["13"],"terminus":0,"mode":"bus","color":"#0059a9","colorDark":"#00294f","angle":350.2,"snapDist":2,"label":0}},{"type":"Feature","geometry":{"type":"Point","coordinates":[10.173651,56.129704]},"properties":{"name":"Vilhelm Becks Vej/Christian X's Vej (Aarhus Kom)","lines":"13","arr":["13"],"terminus":0,"mode":"bus","color":"#0059a9","colorDark":"#00294f","angle":284.1,"snapDist":9,"label":0}},{"type":"Feature","geometry":{"type":"Point","coordinates":[10.17184,56.125775]},"properties":{"name":"Balagervej/Christian X's Vej (Aarhus Kom)","lines":"13","arr":["13"],"terminus":0,"mode":"bus","color":"#0059a9","colorDark":"#00294f","angle":284.5,"snapDist":10,"label":0}},{"type":"Feature","geometry":{"type":"Point","coordinates":[10.172061,56.124188]},"properties":{"name":"Christian X's Vej/Holme Møllevej (Aarhus Kom)","lines":"13","arr":["13"],"terminus":0,"mode":"bus","color":"#0059a9","colorDark":"#00294f","angle":268.5,"snapDist":7,"label":1}},{"type":"Feature","geometry":{"type":"Point","coordinates":[10.171971,56.121889]},"properties":{"name":"Jyllands Allé/Holme Møllevej (Aarhus Kom)","lines":"13","arr":["13"],"terminus":0,"mode":"bus","color":"#0059a9","colorDark":"#00294f","angle":277,"snapDist":5,"label":0}},{"type":"Feature","geometry":{"type":"Point","coordinates":[10.172263,56.118148]},"properties":{"name":"Rundhøj Allé/Holme Møllevej (Aarhus Kom)","lines":"13","arr":["13"],"terminus":0,"mode":"bus","color":"#0059a9","colorDark":"#00294f","angle":257.1,"snapDist":6,"label":0}},{"type":"Feature","geometry":{"type":"Point","coordinates":[10.181671,56.11453]},"properties":{"name":"Plejehjemmet Sct. Olaf/Hjulbjergvej (Aarhus Kom)","lines":"13","arr":["13"],"terminus":0,"mode":"bus","color":"#0059a9","colorDark":"#00294f","angle":189.1,"snapDist":9,"label":0}},{"type":"Feature","geometry":{"type":"Point","coordinates":[10.188282,56.113961]},"properties":{"name":"Kvædevej/Hjulbjergvej (Aarhus Kom)","lines":"13","arr":["13"],"terminus":0,"mode":"bus","color":"#0059a9","colorDark":"#00294f","angle":188.8,"snapDist":2,"label":0}},{"type":"Feature","geometry":{"type":"Point","coordinates":[10.189298,56.111967]},"properties":{"name":"Tunnelen/Saralyst Allé (Aarhus Kom)","lines":"13, 16","arr":["13","16"],"terminus":0,"mode":"bus","color":"#0059a9","colorDark":"#00294f","angle":285.3,"snapDist":10,"label":0}},{"type":"Feature","geometry":{"type":"Point","coordinates":[10.188167,56.108898]},"properties":{"name":"Bushøjvænget/Saralyst Allé (Aarhus Kom)","lines":"13","arr":["13"],"terminus":0,"mode":"bus","color":"#0059a9","colorDark":"#00294f","angle":287.7,"snapDist":7,"label":0}},{"type":"Feature","geometry":{"type":"Point","coordinates":[10.17673,56.107429]},"properties":{"name":"Holme Parkvej 164 (Aarhus Kom)","lines":"13","arr":["13"],"terminus":0,"mode":"bus","color":"#0059a9","colorDark":"#00294f","angle":347.7,"snapDist":2,"label":0}},{"type":"Feature","geometry":{"type":"Point","coordinates":[10.175628,56.10513]},"properties":{"name":"Holme Parkvej 83 (Aarhus Kom)","lines":"13","arr":["13"],"terminus":0,"mode":"bus","color":"#0059a9","colorDark":"#00294f","angle":226.4,"snapDist":6,"label":0}},{"type":"Feature","geometry":{"type":"Point","coordinates":[10.025656,56.215569]},"properties":{"name":"Folkehuset Sabro/Sabro Kirkevej (Aarhus Kom)","lines":"14","arr":["14"],"terminus":0,"mode":"bus","color":"#0059a9","colorDark":"#00294f","angle":175.1,"snapDist":9,"label":1}},{"type":"Feature","geometry":{"type":"Point","coordinates":[10.031295,56.215847]},"properties":{"name":"Kirsebærvej/Sabro Kirkevej (Aarhus Kom)","lines":"14","arr":["14"],"terminus":0,"mode":"bus","color":"#0059a9","colorDark":"#00294f","angle":174.8,"snapDist":6,"label":1}},{"type":"Feature","geometry":{"type":"Point","coordinates":[10.03596,56.214538]},"properties":{"name":"Astervej/Vistoftvej (Aarhus Kom)","lines":"14","arr":["14"],"terminus":0,"mode":"bus","color":"#0059a9","colorDark":"#00294f","angle":277.1,"snapDist":6,"label":1}},{"type":"Feature","geometry":{"type":"Point","coordinates":[10.037068,56.212119]},"properties":{"name":"Sabro Skovvej/Vistoftvej (Aarhus Kom)","lines":"14","arr":["14"],"terminus":0,"mode":"bus","color":"#0059a9","colorDark":"#00294f","angle":256.6,"snapDist":5,"label":1}},{"type":"Feature","geometry":{"type":"Point","coordinates":[10.037072,56.20818]},"properties":{"name":"Vistoftparken/Vistoftvej (Aarhus Kom)","lines":"14","arr":["14"],"terminus":0,"mode":"bus","color":"#0059a9","colorDark":"#00294f","angle":297.8,"snapDist":5,"label":1}},{"type":"Feature","geometry":{"type":"Point","coordinates":[10.046647,56.204761]},"properties":{"name":"Sabrovej/Viborgvej (Aarhus Kom)","lines":"14, 114","arr":["14","114"],"terminus":0,"mode":"bus","color":"#0059a9","colorDark":"#00294f","angle":207.7,"snapDist":14,"label":1}},{"type":"Feature","geometry":{"type":"Point","coordinates":[10.056686,56.201442]},"properties":{"name":"Gammel Viborgvej 143 (Aarhus Kom)","lines":"14, 114","arr":["14","114"],"terminus":0,"mode":"bus","color":"#0059a9","colorDark":"#00294f","angle":216.7,"snapDist":8,"label":1}},{"type":"Feature","geometry":{"type":"Point","coordinates":[10.061038,56.199653]},"properties":{"name":"Kærsvinget/Gammel Viborgvej (Aarhus Kom)","lines":"14, 114","arr":["14","114"],"terminus":0,"mode":"bus","color":"#0059a9","colorDark":"#00294f","angle":216.6,"snapDist":11,"label":1}},{"type":"Feature","geometry":{"type":"Point","coordinates":[10.067565,56.196956]},"properties":{"name":"Mundelstrup/Gl. Viborgvej (Aarhus Kom)","lines":"14, 114","arr":["14","114"],"terminus":0,"mode":"bus","color":"#0059a9","colorDark":"#00294f","angle":216.8,"snapDist":6,"label":1}},{"type":"Feature","geometry":{"type":"Point","coordinates":[10.075553,56.193667]},"properties":{"name":"Motorvejen/Gl. Viborgvej (Aarhus Kom)","lines":"14, 114","arr":["14","114"],"terminus":0,"mode":"bus","color":"#0059a9","colorDark":"#00294f","angle":216.7,"snapDist":11,"label":1}},{"type":"Feature","geometry":{"type":"Point","coordinates":[10.083262,56.19048]},"properties":{"name":"Sortevej/Gammel Viborgvej (Aarhus Kom)","lines":"14, 114","arr":["14","114"],"terminus":0,"mode":"bus","color":"#0059a9","colorDark":"#00294f","angle":216.8,"snapDist":11,"label":1}},{"type":"Feature","geometry":{"type":"Point","coordinates":[10.090454,56.188701]},"properties":{"name":"Frømosevej/Tilst Vestervej (Aarhus Kom)","lines":"14","arr":["14"],"terminus":0,"mode":"bus","color":"#0059a9","colorDark":"#00294f","angle":141.5,"snapDist":6,"label":1}},{"type":"Feature","geometry":{"type":"Point","coordinates":[10.096352,56.191417]},"properties":{"name":"Græsvangen/Tilst Vestervej (Aarhus Kom)","lines":"14","arr":["14"],"terminus":0,"mode":"bus","color":"#0059a9","colorDark":"#00294f","angle":137.5,"snapDist":7,"label":1}},{"type":"Feature","geometry":{"type":"Point","coordinates":[10.104543,56.193542]},"properties":{"name":"Søhøjen/Tilst Vestervej (Aarhus Kom)","lines":"14","arr":["14"],"terminus":0,"mode":"bus","color":"#0059a9","colorDark":"#00294f","angle":158.6,"snapDist":6,"label":1}},{"type":"Feature","geometry":{"type":"Point","coordinates":[10.113903,56.190413]},"properties":{"name":"Tåstumvænget/Havkærvej (Aarhus Kom)","lines":"14","arr":["14"],"terminus":0,"mode":"bus","color":"#0059a9","colorDark":"#00294f","angle":212.3,"snapDist":8,"label":1}},{"type":"Feature","geometry":{"type":"Point","coordinates":[10.119573,56.188106]},"properties":{"name":"Kileparken/Havkærvej (Aarhus Kom)","lines":"14","arr":["14"],"terminus":0,"mode":"bus","color":"#0059a9","colorDark":"#00294f","angle":227.9,"snapDist":7,"label":1}},{"type":"Feature","geometry":{"type":"Point","coordinates":[10.120637,56.18729]},"properties":{"name":"Havkærparken/Havkærvej (Aarhus Kom)","lines":"14","arr":["14"],"terminus":0,"mode":"bus","color":"#0059a9","colorDark":"#00294f","angle":239.2,"snapDist":11,"label":1}},{"type":"Feature","geometry":{"type":"Point","coordinates":[10.122923,56.185131]},"properties":{"name":"Havkærvænget/Havkærvej (Aarhus Kom)","lines":"14","arr":["14"],"terminus":0,"mode":"bus","color":"#0059a9","colorDark":"#00294f","angle":239.2,"snapDist":8,"label":1}},{"type":"Feature","geometry":{"type":"Point","coordinates":[10.129511,56.185855]},"properties":{"name":"Honningvænget/Blomstervej (Aarhus Kom)","lines":"14","arr":["14"],"terminus":0,"mode":"bus","color":"#0059a9","colorDark":"#00294f","angle":181.2,"snapDist":6,"label":1}},{"type":"Feature","geometry":{"type":"Point","coordinates":[10.134053,56.184883]},"properties":{"name":"Bredskiftevej/Blomstervej (Aarhus Kom)","lines":"14","arr":["14"],"terminus":0,"mode":"bus","color":"#0059a9","colorDark":"#00294f","angle":202.8,"snapDist":7,"label":1}},{"type":"Feature","geometry":{"type":"Point","coordinates":[10.137087,56.177583]},"properties":{"name":"Bredskiftevej/Viborgvej (Aarhus Kom)","lines":"14, 114","arr":["14","114"],"terminus":0,"mode":"bus","color":"#0059a9","colorDark":"#00294f","angle":203,"snapDist":4,"label":1}},{"type":"Feature","geometry":{"type":"Point","coordinates":[10.151513,56.173479]},"properties":{"name":"Sommervej/Viborgvej (Aarhus Kom)","lines":"14, 114","arr":["14","114"],"terminus":0,"mode":"bus","color":"#0059a9","colorDark":"#00294f","angle":220.2,"snapDist":13,"label":1}},{"type":"Feature","geometry":{"type":"Point","coordinates":[10.157073,56.170739]},"properties":{"name":"Hasle Ringvej/Viborgvej (Aarhus Kom)","lines":"14, 114","arr":["14","114"],"terminus":0,"mode":"bus","color":"#0059a9","colorDark":"#00294f","angle":218.6,"snapDist":14,"label":1}},{"type":"Feature","geometry":{"type":"Point","coordinates":[10.169261,56.164947]},"properties":{"name":"Højkolvej/Viborgvej (Aarhus Kom)","lines":"14","arr":["14"],"terminus":0,"mode":"bus","color":"#0059a9","colorDark":"#00294f","angle":213.8,"snapDist":17,"label":1}},{"type":"Feature","geometry":{"type":"Point","coordinates":[10.182469,56.140094]},"properties":{"name":"Marselis Boulevard/Skanderborgvej (Aarhus Kom)","lines":"14","arr":["14"],"terminus":0,"mode":"bus","color":"#0059a9","colorDark":"#00294f","angle":313,"snapDist":8,"label":1}},{"type":"Feature","geometry":{"type":"Point","coordinates":[10.176055,56.136874]},"properties":{"name":"Christian X's Vej/Skanderborgvej (Aarhus Kom)","lines":"14","arr":["14"],"terminus":0,"mode":"bus","color":"#0059a9","colorDark":"#00294f","angle":316,"snapDist":14,"label":1}},{"type":"Feature","geometry":{"type":"Point","coordinates":[10.168715,56.132709]},"properties":{"name":"Brorsonsvej/Skanderborgvej (Aarhus Kom)","lines":"14","arr":["14"],"terminus":0,"mode":"bus","color":"#0059a9","colorDark":"#00294f","angle":308.8,"snapDist":8,"label":1}},{"type":"Feature","geometry":{"type":"Point","coordinates":[10.165765,56.130774]},"properties":{"name":"Viby Bibliotek/Skanderborgvej (Aarhus Kom)","lines":"14","arr":["14"],"terminus":0,"mode":"bus","color":"#0059a9","colorDark":"#00294f","angle":311.3,"snapDist":11,"label":1}},{"type":"Feature","geometry":{"type":"Point","coordinates":[10.159397,56.1265]},"properties":{"name":"Nordbyvej/Skanderborgvej (Aarhus Kom)","lines":"14","arr":["14"],"terminus":0,"mode":"bus","color":"#0059a9","colorDark":"#00294f","angle":321.9,"snapDist":12,"label":1}},{"type":"Feature","geometry":{"type":"Point","coordinates":[10.150735,56.123675]},"properties":{"name":"Vårkærvej/Grøndalsvej (Aarhus Kom)","lines":"14","arr":["14"],"terminus":0,"mode":"bus","color":"#0059a9","colorDark":"#00294f","angle":37.8,"snapDist":4,"label":1}},{"type":"Feature","geometry":{"type":"Point","coordinates":[10.146181,56.122876]},"properties":{"name":"Ravnsbjergvej/Grøndalsvej (Aarhus Kom)","lines":"14","arr":["14"],"terminus":0,"mode":"bus","color":"#0059a9","colorDark":"#00294f","angle":337.2,"snapDist":5,"label":1}},{"type":"Feature","geometry":{"type":"Point","coordinates":[10.141917,56.121435]},"properties":{"name":"Grøfthøjparken/Grøndalsvej (Aarhus Kom)","lines":"14","arr":["14"],"terminus":0,"mode":"bus","color":"#0059a9","colorDark":"#00294f","angle":310.6,"snapDist":9,"label":1}},{"type":"Feature","geometry":{"type":"Point","coordinates":[10.135843,56.121449]},"properties":{"name":"Bøgeskov Høvej/Grøndalsvej (Aarhus Kom)","lines":"14","arr":["14"],"terminus":0,"mode":"bus","color":"#0059a9","colorDark":"#00294f","angle":34.2,"snapDist":7,"label":1}},{"type":"Feature","geometry":{"type":"Point","coordinates":[10.133366,56.120645]},"properties":{"name":"Bøgeskovparken/Bøgeskov Høvej (Aarhus Kom)","lines":"14","arr":["14"],"terminus":0,"mode":"bus","color":"#0059a9","colorDark":"#00294f","angle":271.9,"snapDist":7,"label":1}},{"type":"Feature","geometry":{"type":"Point","coordinates":[10.131763,56.119429]},"properties":{"name":"Bøgeskov Høvej/Engelundsvej (Aarhus Kom)","lines":"14","arr":["14"],"terminus":0,"mode":"bus","color":"#0059a9","colorDark":"#00294f","angle":9.6,"snapDist":6,"label":1}},{"type":"Feature","geometry":{"type":"Point","coordinates":[10.126507,56.120712]},"properties":{"name":"Onsholtvej/Engelundsvej (Aarhus Kom)","lines":"14","arr":["14"],"terminus":0,"mode":"bus","color":"#0059a9","colorDark":"#00294f","angle":83.8,"snapDist":5,"label":1}},{"type":"Feature","geometry":{"type":"Point","coordinates":[10.128785,56.123308]},"properties":{"name":"Dalhøjvænget/Onsholtvej (Aarhus Kom)","lines":"14","arr":["14"],"terminus":0,"mode":"bus","color":"#0059a9","colorDark":"#00294f","angle":149.5,"snapDist":4,"label":1}},{"type":"Feature","geometry":{"type":"Point","coordinates":[10.13272,56.12353]},"properties":{"name":"Grøfthøj/Bøgeskov Høvej (Aarhus Kom)","lines":"14","arr":["14"],"terminus":1,"mode":"bus","color":"#0059a9","colorDark":"#00294f","angle":298.9,"snapDist":8,"label":1}},{"type":"Feature","geometry":{"type":"Point","coordinates":[10.128824,56.12332]},"properties":{"name":"Dalhøjvænget/Onsholtvej (Aarhus Kom)","lines":"14","arr":["14"],"terminus":0,"mode":"bus","color":"#0059a9","colorDark":"#00294f","angle":329.5,"snapDist":2,"label":0}},{"type":"Feature","geometry":{"type":"Point","coordinates":[10.126705,56.120359]},"properties":{"name":"Onsholtvej/Engelundsvej (Aarhus Kom)","lines":"14","arr":["14"],"terminus":0,"mode":"bus","color":"#0059a9","colorDark":"#00294f","angle":240.9,"snapDist":4,"label":0}},{"type":"Feature","geometry":{"type":"Point","coordinates":[10.131821,56.119424]},"properties":{"name":"Bøgeskov Høvej/Engelundsvej (Aarhus Kom)","lines":"14","arr":["14"],"terminus":0,"mode":"bus","color":"#0059a9","colorDark":"#00294f","angle":189.6,"snapDist":4,"label":0}},{"type":"Feature","geometry":{"type":"Point","coordinates":[10.133354,56.12057]},"properties":{"name":"Bøgeskovparken/Bøgeskov Høvej (Aarhus Kom)","lines":"14","arr":["14"],"terminus":0,"mode":"bus","color":"#0059a9","colorDark":"#00294f","angle":95.3,"snapDist":6,"label":0}},{"type":"Feature","geometry":{"type":"Point","coordinates":[10.135474,56.121581]},"properties":{"name":"Bøgeskov Høvej/Grøndalsvej (Aarhus Kom)","lines":"14","arr":["14"],"terminus":0,"mode":"bus","color":"#0059a9","colorDark":"#00294f","angle":211.5,"snapDist":9,"label":0}},{"type":"Feature","geometry":{"type":"Point","coordinates":[10.141303,56.12101]},"properties":{"name":"Grøfthøjparken/Grøndalsvej (Aarhus Kom)","lines":"14","arr":["14"],"terminus":0,"mode":"bus","color":"#0059a9","colorDark":"#00294f","angle":128.5,"snapDist":6,"label":0}},{"type":"Feature","geometry":{"type":"Point","coordinates":[10.146475,56.122945]},"properties":{"name":"Ravnsbjergvej/Grøndalsvej (Aarhus Kom)","lines":"14","arr":["14"],"terminus":0,"mode":"bus","color":"#0059a9","colorDark":"#00294f","angle":157.2,"snapDist":7,"label":0}},{"type":"Feature","geometry":{"type":"Point","coordinates":[10.150436,56.123674]},"properties":{"name":"Vårkærvej/Grøndalsvej (Aarhus Kom)","lines":"14","arr":["14"],"terminus":0,"mode":"bus","color":"#0059a9","colorDark":"#00294f","angle":218.8,"snapDist":8,"label":0}},{"type":"Feature","geometry":{"type":"Point","coordinates":[10.159229,56.126272]},"properties":{"name":"Nordbyvej/Skanderborgvej (Aarhus Kom)","lines":"14","arr":["14"],"terminus":0,"mode":"bus","color":"#0059a9","colorDark":"#00294f","angle":144.7,"snapDist":12,"label":0}},{"type":"Feature","geometry":{"type":"Point","coordinates":[10.166464,56.131026]},"properties":{"name":"Viby Bibliotek/Skanderborgvej (Aarhus Kom)","lines":"14","arr":["14"],"terminus":0,"mode":"bus","color":"#0059a9","colorDark":"#00294f","angle":131.4,"snapDist":16,"label":0}},{"type":"Feature","geometry":{"type":"Point","coordinates":[10.169796,56.133246]},"properties":{"name":"Brorsonsvej/Skanderborgvej (Aarhus Kom)","lines":"14","arr":["14"],"terminus":0,"mode":"bus","color":"#0059a9","colorDark":"#00294f","angle":129.9,"snapDist":10,"label":0}},{"type":"Feature","geometry":{"type":"Point","coordinates":[10.182776,56.140155]},"properties":{"name":"Marselis Boulevard/Skanderborgvej (Aarhus Kom)","lines":"14, 200","arr":["14","200"],"terminus":0,"mode":"bus","color":"#0059a9","colorDark":"#00294f","angle":130.1,"snapDist":9,"label":0}},{"type":"Feature","geometry":{"type":"Point","coordinates":[10.16878,56.165132]},"properties":{"name":"Højkolvej/Viborgvej (Aarhus Kom)","lines":"14","arr":["14"],"terminus":0,"mode":"bus","color":"#0059a9","colorDark":"#00294f","angle":35.2,"snapDist":10,"label":0}},{"type":"Feature","geometry":{"type":"Point","coordinates":[10.163056,56.167629]},"properties":{"name":"Hasle Torv/Viborgvej (Aarhus Kom)","lines":"14, 114","arr":["14","114"],"terminus":0,"mode":"bus","color":"#0059a9","colorDark":"#00294f","angle":53.4,"snapDist":7,"label":0}},{"type":"Feature","geometry":{"type":"Point","coordinates":[10.155818,56.171533]},"properties":{"name":"Hasle Ringvej/Viborgvej (Aarhus Kom)","lines":"14, 114","arr":["14","114"],"terminus":0,"mode":"bus","color":"#0059a9","colorDark":"#00294f","angle":41.7,"snapDist":10,"label":0}},{"type":"Feature","geometry":{"type":"Point","coordinates":[10.150472,56.174152]},"properties":{"name":"Sommervej/Viborgvej (Aarhus Kom)","lines":"14, 114","arr":["14","114"],"terminus":0,"mode":"bus","color":"#0059a9","colorDark":"#00294f","angle":40.4,"snapDist":10,"label":0}},{"type":"Feature","geometry":{"type":"Point","coordinates":[10.136696,56.17856]},"properties":{"name":"Bredskiftevej/Viborgvej (Aarhus Kom)","lines":"14","arr":["14"],"terminus":0,"mode":"bus","color":"#0059a9","colorDark":"#00294f","angle":84.4,"snapDist":3,"label":0}},{"type":"Feature","geometry":{"type":"Point","coordinates":[10.133264,56.185068]},"properties":{"name":"Bredskiftevej/Blomstervej (Aarhus Kom)","lines":"14","arr":["14"],"terminus":0,"mode":"bus","color":"#0059a9","colorDark":"#00294f","angle":22.8,"snapDist":7,"label":0}},{"type":"Feature","geometry":{"type":"Point","coordinates":[10.129207,56.185687]},"properties":{"name":"Honningvænget/Blomstervej (Aarhus Kom)","lines":"14","arr":["14"],"terminus":0,"mode":"bus","color":"#0059a9","colorDark":"#00294f","angle":268.8,"snapDist":6,"label":0}},{"type":"Feature","geometry":{"type":"Point","coordinates":[10.123483,56.184071]},"properties":{"name":"Havkærvænget/Havkærvej (Aarhus Kom)","lines":"14","arr":["14"],"terminus":0,"mode":"bus","color":"#0059a9","colorDark":"#00294f","angle":88.4,"snapDist":9,"label":0}},{"type":"Feature","geometry":{"type":"Point","coordinates":[10.120886,56.187051]},"properties":{"name":"Havkærparken/Havkærvej (Aarhus Kom)","lines":"14","arr":["14"],"terminus":0,"mode":"bus","color":"#0059a9","colorDark":"#00294f","angle":60.5,"snapDist":9,"label":0}},{"type":"Feature","geometry":{"type":"Point","coordinates":[10.118418,56.188731]},"properties":{"name":"Kileparken/Havkærvej (Aarhus Kom)","lines":"14","arr":["14"],"terminus":0,"mode":"bus","color":"#0059a9","colorDark":"#00294f","angle":37.7,"snapDist":6,"label":0}},{"type":"Feature","geometry":{"type":"Point","coordinates":[10.115493,56.189853]},"properties":{"name":"Tåstumvænget/Havkærvej (Aarhus Kom)","lines":"14","arr":["14"],"terminus":0,"mode":"bus","color":"#0059a9","colorDark":"#00294f","angle":34,"snapDist":6,"label":0}},{"type":"Feature","geometry":{"type":"Point","coordinates":[10.103462,56.193311]},"properties":{"name":"Søhøjen/Tilst Vestervej (Aarhus Kom)","lines":"14","arr":["14"],"terminus":0,"mode":"bus","color":"#0059a9","colorDark":"#00294f","angle":339.4,"snapDist":5,"label":0}},{"type":"Feature","geometry":{"type":"Point","coordinates":[10.096078,56.191273]},"properties":{"name":"Græsvangen/Tilst Vestervej (Aarhus Kom)","lines":"14","arr":["14"],"terminus":0,"mode":"bus","color":"#0059a9","colorDark":"#00294f","angle":314.7,"snapDist":6,"label":0}},{"type":"Feature","geometry":{"type":"Point","coordinates":[10.090425,56.188688]},"properties":{"name":"Frømosevej/Tilst Vestervej (Aarhus Kom)","lines":"14","arr":["14"],"terminus":0,"mode":"bus","color":"#0059a9","colorDark":"#00294f","angle":321.5,"snapDist":10,"label":0}},{"type":"Feature","geometry":{"type":"Point","coordinates":[10.083394,56.190425]},"properties":{"name":"Sortevej/Gammel Viborgvej (Aarhus Kom)","lines":"14, 114","arr":["14","114"],"terminus":0,"mode":"bus","color":"#0059a9","colorDark":"#00294f","angle":36.8,"snapDist":9,"label":0}},{"type":"Feature","geometry":{"type":"Point","coordinates":[10.074508,56.1941]},"properties":{"name":"Motorvejen/Gl. Viborgvej (Aarhus Kom)","lines":"14, 114","arr":["14","114"],"terminus":0,"mode":"bus","color":"#0059a9","colorDark":"#00294f","angle":36.7,"snapDist":12,"label":0}},{"type":"Feature","geometry":{"type":"Point","coordinates":[10.065598,56.197783]},"properties":{"name":"Mundelstrup/Gl. Viborgvej (Aarhus Kom)","lines":"14, 114","arr":["14","114"],"terminus":0,"mode":"bus","color":"#0059a9","colorDark":"#00294f","angle":36.3,"snapDist":9,"label":0}},{"type":"Feature","geometry":{"type":"Point","coordinates":[10.059915,56.200116]},"properties":{"name":"Kærsvinget/Gammel Viborgvej (Aarhus Kom)","lines":"14, 114","arr":["14","114"],"terminus":0,"mode":"bus","color":"#0059a9","colorDark":"#00294f","angle":36.6,"snapDist":10,"label":0}},{"type":"Feature","geometry":{"type":"Point","coordinates":[10.05565,56.201871]},"properties":{"name":"Gammel Viborgvej 143 (Aarhus Kom)","lines":"14, 114","arr":["14","114"],"terminus":0,"mode":"bus","color":"#0059a9","colorDark":"#00294f","angle":36.6,"snapDist":11,"label":0}},{"type":"Feature","geometry":{"type":"Point","coordinates":[10.043404,56.205701]},"properties":{"name":"Sabrovej/Viborgvej (Aarhus Kom)","lines":"14, 114","arr":["14","114"],"terminus":0,"mode":"bus","color":"#0059a9","colorDark":"#00294f","angle":27.4,"snapDist":8,"label":1}},{"type":"Feature","geometry":{"type":"Point","coordinates":[10.037597,56.20877]},"properties":{"name":"Vistoftparken/Vistoftvej (Aarhus Kom)","lines":"14","arr":["14"],"terminus":0,"mode":"bus","color":"#0059a9","colorDark":"#00294f","angle":112.5,"snapDist":5,"label":0}},{"type":"Feature","geometry":{"type":"Point","coordinates":[10.037051,56.212159]},"properties":{"name":"Sabro Skovvej/Vistoftvej (Aarhus Kom)","lines":"14","arr":["14"],"terminus":0,"mode":"bus","color":"#0059a9","colorDark":"#00294f","angle":76.5,"snapDist":6,"label":0}},{"type":"Feature","geometry":{"type":"Point","coordinates":[10.03602,56.214807]},"properties":{"name":"Astervej/Vistoftvej (Aarhus Kom)","lines":"14","arr":["14"],"terminus":0,"mode":"bus","color":"#0059a9","colorDark":"#00294f","angle":97.1,"snapDist":4,"label":0}},{"type":"Feature","geometry":{"type":"Point","coordinates":[10.031862,56.215875]},"properties":{"name":"Kirsebærvej/Sabro Kirkevej (Aarhus Kom)","lines":"14","arr":["14"],"terminus":0,"mode":"bus","color":"#0059a9","colorDark":"#00294f","angle":355.1,"snapDist":5,"label":0}},{"type":"Feature","geometry":{"type":"Point","coordinates":[10.02474,56.215534]},"properties":{"name":"Folkehuset Sabro/Sabro Kirkevej (Aarhus Kom)","lines":"14","arr":["14"],"terminus":0,"mode":"bus","color":"#0059a9","colorDark":"#00294f","angle":356.4,"snapDist":5,"label":0}},{"type":"Feature","geometry":{"type":"Point","coordinates":[10.187663,56.206559]},"properties":{"name":"Skejby Nordlandsvej (Aarhus Kom)","lines":"15","arr":["15"],"terminus":1,"mode":"bus","color":"#0059a9","colorDark":"#00294f","angle":345,"snapDist":5,"label":1}},{"type":"Feature","geometry":{"type":"Point","coordinates":[10.182209,56.203845]},"properties":{"name":"Johann Gutenbergs Vej/Graham Bells Vej (Aarhus Kom)","lines":"15","arr":["15"],"terminus":0,"mode":"bus","color":"#0059a9","colorDark":"#00294f","angle":246.3,"snapDist":10,"label":1}},{"type":"Feature","geometry":{"type":"Point","coordinates":[10.183603,56.202071]},"properties":{"name":"Lyngåskolen/Graham Bells Vej (Aarhus Kom)","lines":"15","arr":["15"],"terminus":0,"mode":"bus","color":"#0059a9","colorDark":"#00294f","angle":246.4,"snapDist":8,"label":1}},{"type":"Feature","geometry":{"type":"Point","coordinates":[10.193475,56.199902]},"properties":{"name":"Skejbytoften/Skejby Busvej (Aarhus Kom)","lines":"15","arr":["15"],"terminus":0,"mode":"bus","color":"#0059a9","colorDark":"#00294f","angle":243.9,"snapDist":8,"label":1}},{"type":"Feature","geometry":{"type":"Point","coordinates":[10.194396,56.198101]},"properties":{"name":"Kordegarden/Skejby Busvej (Aarhus Kom)","lines":"15","arr":["15"],"terminus":0,"mode":"bus","color":"#0059a9","colorDark":"#00294f","angle":260.3,"snapDist":5,"label":1}},{"type":"Feature","geometry":{"type":"Point","coordinates":[10.195225,56.195807]},"properties":{"name":"Skejbyhøj/Skejby Busvej (Aarhus Kom)","lines":"15","arr":["15"],"terminus":0,"mode":"bus","color":"#0059a9","colorDark":"#00294f","angle":257.4,"snapDist":6,"label":1}},{"type":"Feature","geometry":{"type":"Point","coordinates":[10.196163,56.193959]},"properties":{"name":"Skejby Centret/Skejby Busvej (Aarhus Kom)","lines":"15","arr":["15"],"terminus":0,"mode":"bus","color":"#0059a9","colorDark":"#00294f","angle":249,"snapDist":5,"label":1}},{"type":"Feature","geometry":{"type":"Point","coordinates":[10.198246,56.191429]},"properties":{"name":"Skelager Kirke/Skejby Busvej (Aarhus Kom)","lines":"15","arr":["15"],"terminus":0,"mode":"bus","color":"#0059a9","colorDark":"#00294f","angle":243.5,"snapDist":6,"label":1}},{"type":"Feature","geometry":{"type":"Point","coordinates":[10.199918,56.189645]},"properties":{"name":"Nyringen/Skejby Busvej (Aarhus Kom)","lines":"15","arr":["15"],"terminus":0,"mode":"bus","color":"#0059a9","colorDark":"#00294f","angle":239.4,"snapDist":7,"label":1}},{"type":"Feature","geometry":{"type":"Point","coordinates":[10.197335,56.187387]},"properties":{"name":"Nydamsvej/Vorregårds Allé (Aarhus Kom)","lines":"15, 16","arr":["15","16"],"terminus":0,"mode":"bus","color":"#0059a9","colorDark":"#00294f","angle":218.6,"snapDist":7,"label":1}},{"type":"Feature","geometry":{"type":"Point","coordinates":[10.203663,56.183815]},"properties":{"name":"Vejlby Ringvej/Vorregårds Allé (Aarhus Kom)","lines":"15","arr":["15"],"terminus":0,"mode":"bus","color":"#0059a9","colorDark":"#00294f","angle":207.8,"snapDist":11,"label":1}},{"type":"Feature","geometry":{"type":"Point","coordinates":[10.208462,56.182781]},"properties":{"name":"Risvang (Aarhus Kom)","lines":"15","arr":["15"],"terminus":0,"mode":"bus","color":"#0059a9","colorDark":"#00294f","angle":260.6,"snapDist":7,"label":1}},{"type":"Feature","geometry":{"type":"Point","coordinates":[10.209236,56.180521]},"properties":{"name":"Nordvestpassagen/Bethesdavej (Aarhus Kom)","lines":"15","arr":["15"],"terminus":0,"mode":"bus","color":"#0059a9","colorDark":"#00294f","angle":259.2,"snapDist":8,"label":1}},{"type":"Feature","geometry":{"type":"Point","coordinates":[10.210579,56.176294]},"properties":{"name":"Abildgade/Bethesdavej (Aarhus Kom)","lines":"15","arr":["15"],"terminus":0,"mode":"bus","color":"#0059a9","colorDark":"#00294f","angle":265.6,"snapDist":6,"label":1}},{"type":"Feature","geometry":{"type":"Point","coordinates":[10.21064,56.173542]},"properties":{"name":"Trøjborg Centret/Aldersrovej (Aarhus Kom)","lines":"15","arr":["15"],"terminus":0,"mode":"bus","color":"#0059a9","colorDark":"#00294f","angle":257.5,"snapDist":10,"label":1}},{"type":"Feature","geometry":{"type":"Point","coordinates":[10.211869,56.169673]},"properties":{"name":"Trøjborgvej/Larsen-Ledets Gade (Aarhus Kom)","lines":"15","arr":["15"],"terminus":0,"mode":"bus","color":"#0059a9","colorDark":"#00294f","angle":294.7,"snapDist":12,"label":1}},{"type":"Feature","geometry":{"type":"Point","coordinates":[10.210383,56.167884]},"properties":{"name":"Peter Sabroes Gade (Aarhus Kom)","lines":"15","arr":["15"],"terminus":0,"mode":"bus","color":"#0059a9","colorDark":"#00294f","angle":249.6,"snapDist":7,"label":1}},{"type":"Feature","geometry":{"type":"Point","coordinates":[10.165367,56.156189]},"properties":{"name":"Trygsvej/Haslevej (Aarhus Kom)","lines":"15","arr":["15"],"terminus":0,"mode":"bus","color":"#0059a9","colorDark":"#00294f","angle":78.2,"snapDist":6,"label":1}},{"type":"Feature","geometry":{"type":"Point","coordinates":[10.163658,56.160738]},"properties":{"name":"Jønhøjparken/Haslevej (Aarhus Kom)","lines":"15","arr":["15"],"terminus":0,"mode":"bus","color":"#0059a9","colorDark":"#00294f","angle":77.3,"snapDist":4,"label":1}},{"type":"Feature","geometry":{"type":"Point","coordinates":[10.159176,56.16137]},"properties":{"name":"Klokkerbakken/Klokkervej (Aarhus Kom)","lines":"15","arr":["15"],"terminus":0,"mode":"bus","color":"#0059a9","colorDark":"#00294f","angle":343.7,"snapDist":6,"label":1}},{"type":"Feature","geometry":{"type":"Point","coordinates":[10.150418,56.159769]},"properties":{"name":"St. Blichers Vej/Klokkervej (Aarhus Kom)","lines":"15","arr":["15"],"terminus":0,"mode":"bus","color":"#0059a9","colorDark":"#00294f","angle":336.3,"snapDist":5,"label":1}},{"type":"Feature","geometry":{"type":"Point","coordinates":[10.1455,56.158583]},"properties":{"name":"Digterparken/Dr. Holsts Vej (Aarhus Kom)","lines":"15","arr":["15"],"terminus":0,"mode":"bus","color":"#0059a9","colorDark":"#00294f","angle":338.4,"snapDist":7,"label":1}},{"type":"Feature","geometry":{"type":"Point","coordinates":[10.142404,56.158129]},"properties":{"name":"Globus1/Gudrunsvej (Aarhus Kom)","lines":"15","arr":["15"],"terminus":0,"mode":"bus","color":"#0059a9","colorDark":"#00294f","angle":349.4,"snapDist":6,"label":1}},{"type":"Feature","geometry":{"type":"Point","coordinates":[10.140698,56.160127]},"properties":{"name":"Inger Christensens Gade/Gudrunsvej (Aarhus Kom)","lines":"15, 35","arr":["15","35"],"terminus":0,"mode":"bus","color":"#0059a9","colorDark":"#00294f","angle":81.4,"snapDist":3,"label":1}},{"type":"Feature","geometry":{"type":"Point","coordinates":[10.136683,56.162461]},"properties":{"name":"Broen/Edwin Rahrs Vej (Aarhus Kom)","lines":"15, 35","arr":["15","35"],"terminus":0,"mode":"bus","color":"#0059a9","colorDark":"#00294f","angle":349.1,"snapDist":5,"label":1}},{"type":"Feature","geometry":{"type":"Point","coordinates":[10.123909,56.155723]},"properties":{"name":"Ligustervej/Hejredalsvej (Aarhus Kom)","lines":"15, 35","arr":["15","35"],"terminus":0,"mode":"bus","color":"#0059a9","colorDark":"#00294f","angle":304.5,"snapDist":7,"label":1}},{"type":"Feature","geometry":{"type":"Point","coordinates":[10.118107,56.153911]},"properties":{"name":"Stenbækvej/Hejredalsvej (Aarhus Kom)","lines":"15, 35","arr":["15","35"],"terminus":0,"mode":"bus","color":"#0059a9","colorDark":"#00294f","angle":348.6,"snapDist":9,"label":1}},{"type":"Feature","geometry":{"type":"Point","coordinates":[10.113756,56.154119]},"properties":{"name":"Udsigten/J. P. Larsens Vej (Aarhus Kom)","lines":"15, 35","arr":["15","35"],"terminus":0,"mode":"bus","color":"#0059a9","colorDark":"#00294f","angle":9.1,"snapDist":6,"label":1}},{"type":"Feature","geometry":{"type":"Point","coordinates":[10.107175,56.154679]},"properties":{"name":"Skovbakkevej/J. P. Larsens Vej","lines":"15, 35","arr":["15","35"],"terminus":0,"mode":"bus","color":"#0059a9","colorDark":"#00294f","angle":7.3,"snapDist":5,"label":1}},{"type":"Feature","geometry":{"type":"Point","coordinates":[10.103253,56.155098]},"properties":{"name":"Hoffmannsvej/J. P. Larsens Vej (Aarhus Kom)","lines":"15, 35","arr":["15","35"],"terminus":0,"mode":"bus","color":"#0059a9","colorDark":"#00294f","angle":10.7,"snapDist":5,"label":1}},{"type":"Feature","geometry":{"type":"Point","coordinates":[10.100731,56.155827]},"properties":{"name":"Høiriisgårdsvej/Langdalsvej (Aarhus Kom)","lines":"15, 35","arr":["15","35"],"terminus":0,"mode":"bus","color":"#0059a9","colorDark":"#00294f","angle":80.1,"snapDist":8,"label":1}},{"type":"Feature","geometry":{"type":"Point","coordinates":[10.10029,56.157411]},"properties":{"name":"Lykkensdalsvej/Langdalsvej (Aarhus Kom)","lines":"15, 35","arr":["15","35"],"terminus":0,"mode":"bus","color":"#0059a9","colorDark":"#00294f","angle":85.1,"snapDist":6,"label":1}},{"type":"Feature","geometry":{"type":"Point","coordinates":[10.102044,56.160326]},"properties":{"name":"Labyrinten/Landalsvej (Aarhus Kom)","lines":"15, 35","arr":["15","35"],"terminus":0,"mode":"bus","color":"#0059a9","colorDark":"#00294f","angle":112.6,"snapDist":7,"label":1}},{"type":"Feature","geometry":{"type":"Point","coordinates":[10.100068,56.164534]},"properties":{"name":"Langdalsvej/Edwin Rahrs Vej (Aarhus Kom)","lines":"15, 35","arr":["15","35"],"terminus":0,"mode":"bus","color":"#0059a9","colorDark":"#00294f","angle":356.1,"snapDist":6,"label":1}},{"type":"Feature","geometry":{"type":"Point","coordinates":[10.094488,56.162059]},"properties":{"name":"Porskær/Helenelyst","lines":"15, 35","arr":["15","35"],"terminus":0,"mode":"bus","color":"#0059a9","colorDark":"#00294f","angle":272.2,"snapDist":5,"label":1}},{"type":"Feature","geometry":{"type":"Point","coordinates":[10.092277,56.159665]},"properties":{"name":"Brabrand Vest/Helenelyst (Aarhus Kom)","lines":"15, 35","arr":["15","35"],"terminus":1,"mode":"bus","color":"#0059a9","colorDark":"#00294f","angle":101.3,"snapDist":7,"label":1}},{"type":"Feature","geometry":{"type":"Point","coordinates":[10.094491,56.162106]},"properties":{"name":"Porskær/Helenelyst","lines":"15, 35","arr":["15","35"],"terminus":0,"mode":"bus","color":"#0059a9","colorDark":"#00294f","angle":92.2,"snapDist":4,"label":0}},{"type":"Feature","geometry":{"type":"Point","coordinates":[10.101078,56.163866]},"properties":{"name":"Edwin Rahrs Vej/Langdalsvej (Aarhus Kom)","lines":"15, 35","arr":["15","35"],"terminus":0,"mode":"bus","color":"#0059a9","colorDark":"#00294f","angle":249,"snapDist":7,"label":1}},{"type":"Feature","geometry":{"type":"Point","coordinates":[10.102195,56.160547]},"properties":{"name":"Labyrinten/Landalsvej (Aarhus Kom)","lines":"15, 35","arr":["15","35"],"terminus":0,"mode":"bus","color":"#0059a9","colorDark":"#00294f","angle":288.4,"snapDist":6,"label":0}},{"type":"Feature","geometry":{"type":"Point","coordinates":[10.100238,56.157835]},"properties":{"name":"Lykkensdalsvej/Langdalsvej (Aarhus Kom)","lines":"15, 35","arr":["15","35"],"terminus":0,"mode":"bus","color":"#0059a9","colorDark":"#00294f","angle":267.5,"snapDist":8,"label":0}},{"type":"Feature","geometry":{"type":"Point","coordinates":[10.100655,56.156069]},"properties":{"name":"Høiriisgårdsvej/Langdalsvej (Aarhus Kom)","lines":"15, 35","arr":["15","35"],"terminus":0,"mode":"bus","color":"#0059a9","colorDark":"#00294f","angle":260.1,"snapDist":7,"label":0}},{"type":"Feature","geometry":{"type":"Point","coordinates":[10.103161,56.155108]},"properties":{"name":"Hoffmannsvej/J. P. Larsens Vej (Aarhus Kom)","lines":"15, 35","arr":["15","35"],"terminus":0,"mode":"bus","color":"#0059a9","colorDark":"#00294f","angle":190.7,"snapDist":8,"label":0}},{"type":"Feature","geometry":{"type":"Point","coordinates":[10.108713,56.154551]},"properties":{"name":"Skovbakkevej/J. P. Larsens Vej","lines":"15, 35","arr":["15","35"],"terminus":0,"mode":"bus","color":"#0059a9","colorDark":"#00294f","angle":190,"snapDist":8,"label":0}},{"type":"Feature","geometry":{"type":"Point","coordinates":[10.113801,56.154115]},"properties":{"name":"Udsigten/J. P. Larsens Vej (Aarhus Kom)","lines":"15, 35","arr":["15","35"],"terminus":0,"mode":"bus","color":"#0059a9","colorDark":"#00294f","angle":189.1,"snapDist":7,"label":0}},{"type":"Feature","geometry":{"type":"Point","coordinates":[10.118034,56.153902]},"properties":{"name":"Stenbækvej/Hejredalsvej (Aarhus Kom)","lines":"15, 35","arr":["15","35"],"terminus":0,"mode":"bus","color":"#0059a9","colorDark":"#00294f","angle":168.6,"snapDist":8,"label":0}},{"type":"Feature","geometry":{"type":"Point","coordinates":[10.124517,56.156333]},"properties":{"name":"Ligustervej/Hejredalsvej (Aarhus Kom)","lines":"15, 35","arr":["15","35"],"terminus":0,"mode":"bus","color":"#0059a9","colorDark":"#00294f","angle":113.5,"snapDist":7,"label":0}},{"type":"Feature","geometry":{"type":"Point","coordinates":[10.137487,56.162399]},"properties":{"name":"Broen/Edwin Rahrs Vej (Aarhus Kom)","lines":"15, 35","arr":["15","35"],"terminus":0,"mode":"bus","color":"#0059a9","colorDark":"#00294f","angle":169.9,"snapDist":5,"label":0}},{"type":"Feature","geometry":{"type":"Point","coordinates":[10.140675,56.160212]},"properties":{"name":"Inger Christensens Gade/Gudrunsvej (Aarhus Kom)","lines":"15, 35","arr":["15","35"],"terminus":0,"mode":"bus","color":"#0059a9","colorDark":"#00294f","angle":261.4,"snapDist":5,"label":0}},{"type":"Feature","geometry":{"type":"Point","coordinates":[10.14239,56.158128]},"properties":{"name":"Globus1/Gudrunsvej (Aarhus Kom)","lines":"15","arr":["15"],"terminus":0,"mode":"bus","color":"#0059a9","colorDark":"#00294f","angle":169.4,"snapDist":8,"label":0}},{"type":"Feature","geometry":{"type":"Point","coordinates":[10.145416,56.158565]},"properties":{"name":"Digterparken/Dr. Holsts Vej (Aarhus Kom)","lines":"15","arr":["15"],"terminus":0,"mode":"bus","color":"#0059a9","colorDark":"#00294f","angle":159.6,"snapDist":7,"label":0}},{"type":"Feature","geometry":{"type":"Point","coordinates":[10.15329,56.160411]},"properties":{"name":"St. Blichers Vej/Klokkervej (Aarhus Kom)","lines":"15","arr":["15"],"terminus":0,"mode":"bus","color":"#0059a9","colorDark":"#00294f","angle":160.7,"snapDist":5,"label":0}},{"type":"Feature","geometry":{"type":"Point","coordinates":[10.160002,56.161504]},"properties":{"name":"Klokkerbakken/Klokkervej (Aarhus Kom)","lines":"15","arr":["15"],"terminus":0,"mode":"bus","color":"#0059a9","colorDark":"#00294f","angle":164,"snapDist":7,"label":0}},{"type":"Feature","geometry":{"type":"Point","coordinates":[10.163909,56.16009]},"properties":{"name":"Jønhøjparken/Haslevej (Aarhus Kom)","lines":"15","arr":["15"],"terminus":0,"mode":"bus","color":"#0059a9","colorDark":"#00294f","angle":258.8,"snapDist":6,"label":0}},{"type":"Feature","geometry":{"type":"Point","coordinates":[10.165348,56.156239]},"properties":{"name":"Trygsvej/Haslevej (Aarhus Kom)","lines":"15","arr":["15"],"terminus":0,"mode":"bus","color":"#0059a9","colorDark":"#00294f","angle":258.2,"snapDist":6,"label":0}},{"type":"Feature","geometry":{"type":"Point","coordinates":[10.210446,56.168408]},"properties":{"name":"Peter Sabroes Gade (Aarhus Kom)","lines":"15","arr":["15"],"terminus":0,"mode":"bus","color":"#0059a9","colorDark":"#00294f","angle":121,"snapDist":6,"label":0}},{"type":"Feature","geometry":{"type":"Point","coordinates":[10.211701,56.170935]},"properties":{"name":"Niels Juels Gade/Aldersrovej (Aarhus Kom)","lines":"15","arr":["15"],"terminus":0,"mode":"bus","color":"#0059a9","colorDark":"#00294f","angle":77.7,"snapDist":7,"label":1}},{"type":"Feature","geometry":{"type":"Point","coordinates":[10.210642,56.173538]},"properties":{"name":"Trøjborg Centret/Aldersrovej (Aarhus Kom)","lines":"15","arr":["15"],"terminus":0,"mode":"bus","color":"#0059a9","colorDark":"#00294f","angle":77.5,"snapDist":9,"label":0}},{"type":"Feature","geometry":{"type":"Point","coordinates":[10.210498,56.17671]},"properties":{"name":"Abildgade/Bethesdavej (Aarhus Kom)","lines":"15","arr":["15"],"terminus":0,"mode":"bus","color":"#0059a9","colorDark":"#00294f","angle":80.5,"snapDist":7,"label":0}},{"type":"Feature","geometry":{"type":"Point","coordinates":[10.209065,56.181017]},"properties":{"name":"Nordvestpassagen/Bethesdavej (Aarhus Kom)","lines":"15","arr":["15"],"terminus":0,"mode":"bus","color":"#0059a9","colorDark":"#00294f","angle":79.1,"snapDist":7,"label":0}},{"type":"Feature","geometry":{"type":"Point","coordinates":[10.2078,56.18332]},"properties":{"name":"Risvang (Aarhus Kom)","lines":"15","arr":["15"],"terminus":0,"mode":"bus","color":"#0059a9","colorDark":"#00294f","angle":15.3,"snapDist":5,"label":0}},{"type":"Feature","geometry":{"type":"Point","coordinates":[10.202604,56.184468]},"properties":{"name":"Vejlby Ringvej/Vorregårds Allé (Aarhus Kom)","lines":"15, 16","arr":["15","16"],"terminus":0,"mode":"bus","color":"#0059a9","colorDark":"#00294f","angle":51.9,"snapDist":4,"label":0}},{"type":"Feature","geometry":{"type":"Point","coordinates":[10.197724,56.187212]},"properties":{"name":"Nydamsvej/Vorregårds Allé (Aarhus Kom)","lines":"15, 16","arr":["15","16"],"terminus":0,"mode":"bus","color":"#0059a9","colorDark":"#00294f","angle":39.1,"snapDist":7,"label":0}},{"type":"Feature","geometry":{"type":"Point","coordinates":[10.199837,56.189721]},"properties":{"name":"Nyringen/Skejby Busvej (Aarhus Kom)","lines":"15","arr":["15"],"terminus":0,"mode":"bus","color":"#0059a9","colorDark":"#00294f","angle":59.4,"snapDist":3,"label":0}},{"type":"Feature","geometry":{"type":"Point","coordinates":[10.198115,56.191576]},"properties":{"name":"Skelager Kirke/Skejby Busvej (Aarhus Kom)","lines":"15","arr":["15"],"terminus":0,"mode":"bus","color":"#0059a9","colorDark":"#00294f","angle":63.4,"snapDist":5,"label":0}},{"type":"Feature","geometry":{"type":"Point","coordinates":[10.195953,56.194328]},"properties":{"name":"Skejby Centret/Skejby Busvej (Aarhus Kom)","lines":"15","arr":["15"],"terminus":0,"mode":"bus","color":"#0059a9","colorDark":"#00294f","angle":72.9,"snapDist":4,"label":0}},{"type":"Feature","geometry":{"type":"Point","coordinates":[10.195253,56.195737]},"properties":{"name":"Skejbyhøj/Skejby Busvej (Aarhus Kom)","lines":"15","arr":["15"],"terminus":0,"mode":"bus","color":"#0059a9","colorDark":"#00294f","angle":77.4,"snapDist":5,"label":0}},{"type":"Feature","geometry":{"type":"Point","coordinates":[10.19437,56.198192]},"properties":{"name":"Kordegarden/Skejby Busvej (Aarhus Kom)","lines":"15","arr":["15"],"terminus":0,"mode":"bus","color":"#0059a9","colorDark":"#00294f","angle":81.9,"snapDist":6,"label":0}},{"type":"Feature","geometry":{"type":"Point","coordinates":[10.193492,56.199883]},"properties":{"name":"Skejbytoften/Skejby Busvej (Aarhus Kom)","lines":"15","arr":["15"],"terminus":0,"mode":"bus","color":"#0059a9","colorDark":"#00294f","angle":63.9,"snapDist":4,"label":0}},{"type":"Feature","geometry":{"type":"Point","coordinates":[10.183551,56.202137]},"properties":{"name":"Lyngåskolen/Graham Bells Vej (Aarhus Kom)","lines":"15","arr":["15"],"terminus":0,"mode":"bus","color":"#0059a9","colorDark":"#00294f","angle":66.4,"snapDist":6,"label":0}},{"type":"Feature","geometry":{"type":"Point","coordinates":[10.182188,56.203872]},"properties":{"name":"Johann Gutenbergs Vej/Graham Bells Vej (Aarhus Kom)","lines":"15","arr":["15"],"terminus":0,"mode":"bus","color":"#0059a9","colorDark":"#00294f","angle":66.3,"snapDist":7,"label":0}},{"type":"Feature","geometry":{"type":"Point","coordinates":[10.21071,56.269487]},"properties":{"name":"Grimsbrovej/Bøgglidsvej (Aarhus Kom)","lines":"16","arr":["16"],"terminus":0,"mode":"bus","color":"#0059a9","colorDark":"#00294f","angle":284.7,"snapDist":7,"label":1}},{"type":"Feature","geometry":{"type":"Point","coordinates":[10.206576,56.267223]},"properties":{"name":"Todbjerg/Bøgglidsvej (Aarhus Kom)","lines":"16","arr":["16"],"terminus":0,"mode":"bus","color":"#0059a9","colorDark":"#00294f","angle":279.4,"snapDist":7,"label":1}},{"type":"Feature","geometry":{"type":"Point","coordinates":[10.199328,56.242185]},"properties":{"name":"Hovmuren (Aarhus Kom)","lines":"16","arr":["16"],"terminus":0,"mode":"bus","color":"#0059a9","colorDark":"#00294f","angle":284.9,"snapDist":6,"label":1}},{"type":"Feature","geometry":{"type":"Point","coordinates":[10.200918,56.240179]},"properties":{"name":"Elev Skole/Høvej (Aarhus Kom)","lines":"16","arr":["16"],"terminus":0,"mode":"bus","color":"#0059a9","colorDark":"#00294f","angle":239.1,"snapDist":8,"label":1}},{"type":"Feature","geometry":{"type":"Point","coordinates":[10.204486,56.236973]},"properties":{"name":"Stokbrovej/Høvej (Aarhus Kom)","lines":"16","arr":["16"],"terminus":0,"mode":"bus","color":"#0059a9","colorDark":"#00294f","angle":238.6,"snapDist":6,"label":1}},{"type":"Feature","geometry":{"type":"Point","coordinates":[10.208331,56.233507]},"properties":{"name":"Elstedvej/Høvej","lines":"16","arr":["16"],"terminus":0,"mode":"bus","color":"#0059a9","colorDark":"#00294f","angle":237.9,"snapDist":5,"label":1}},{"type":"Feature","geometry":{"type":"Point","coordinates":[10.218309,56.236169]},"properties":{"name":"Elstedvej/Lille Elstedvej (Aarhus Kom)","lines":"16","arr":["16"],"terminus":0,"mode":"bus","color":"#0059a9","colorDark":"#00294f","angle":222.9,"snapDist":8,"label":1}},{"type":"Feature","geometry":{"type":"Point","coordinates":[10.222439,56.233903]},"properties":{"name":"Bystævnet/Lille Elstedvej (Aarhus Kom)","lines":"16","arr":["16"],"terminus":0,"mode":"bus","color":"#0059a9","colorDark":"#00294f","angle":154.6,"snapDist":6,"label":1}},{"type":"Feature","geometry":{"type":"Point","coordinates":[10.228179,56.234127]},"properties":{"name":"Lystrup Bibliotek/Bystævnet (Aarhus Kom)","lines":"16","arr":["16"],"terminus":0,"mode":"bus","color":"#0059a9","colorDark":"#00294f","angle":179.8,"snapDist":5,"label":1}},{"type":"Feature","geometry":{"type":"Point","coordinates":[10.231277,56.235053]},"properties":{"name":"Lystrupvej/Lystrup Centervej (Aarhus Kom)","lines":"16, 18, 45","arr":["16","18","45"],"terminus":0,"mode":"bus","color":"#0059a9","colorDark":"#00294f","angle":109.6,"snapDist":5,"label":1}},{"type":"Feature","geometry":{"type":"Point","coordinates":[10.234682,56.237046]},"properties":{"name":"Lystrup Centervej (Aarhus Kom)","lines":"16, 18, 45","arr":["16","18","45"],"terminus":0,"mode":"bus","color":"#0059a9","colorDark":"#00294f","angle":161.7,"snapDist":6,"label":1}},{"type":"Feature","geometry":{"type":"Point","coordinates":[10.238271,56.234597]},"properties":{"name":"Hovmarken/Sønderskovvej (Aarhus Kom)","lines":"16, 32, 45","arr":["16","32","45"],"terminus":0,"mode":"bus","color":"#0059a9","colorDark":"#00294f","angle":251.1,"snapDist":8,"label":1}},{"type":"Feature","geometry":{"type":"Point","coordinates":[10.236947,56.230573]},"properties":{"name":"Lystruplund/Sønderskovvej (Aarhus Kom)","lines":"16, 45","arr":["16","45"],"terminus":0,"mode":"bus","color":"#0059a9","colorDark":"#00294f","angle":276.3,"snapDist":7,"label":1}},{"type":"Feature","geometry":{"type":"Point","coordinates":[10.237029,56.226628]},"properties":{"name":"Lægårdsvej/Sønderskovvej (Aarhus Kom)","lines":"16, 45","arr":["16","45"],"terminus":0,"mode":"bus","color":"#0059a9","colorDark":"#00294f","angle":277,"snapDist":5,"label":1}},{"type":"Feature","geometry":{"type":"Point","coordinates":[10.235722,56.207218]},"properties":{"name":"Vejlbjergvej/Lystrupvej (Aarhus Kom)","lines":"16, 18","arr":["16","18"],"terminus":0,"mode":"bus","color":"#0059a9","colorDark":"#00294f","angle":262.3,"snapDist":12,"label":1}},{"type":"Feature","geometry":{"type":"Point","coordinates":[10.236743,56.202916]},"properties":{"name":"Spergelvej/Lystrupvej (Aarhus Kom)","lines":"16, 18","arr":["16","18"],"terminus":0,"mode":"bus","color":"#0059a9","colorDark":"#00294f","angle":259.7,"snapDist":11,"label":1}},{"type":"Feature","geometry":{"type":"Point","coordinates":[10.236956,56.199372]},"properties":{"name":"Lystrupvej/Grenåvej (Aarhus Kom)","lines":"16, 18, 100, 123","arr":["16","18","100","123"],"terminus":0,"mode":"bus","color":"#0059a9","colorDark":"#00294f","angle":338.1,"snapDist":9,"label":1}},{"type":"Feature","geometry":{"type":"Point","coordinates":[10.229419,56.197848]},"properties":{"name":"Fortegården/Grenåvej (Aarhus Kom)","lines":"16, 18, 100, 123","arr":["16","18","100","123"],"terminus":0,"mode":"bus","color":"#0059a9","colorDark":"#00294f","angle":345.4,"snapDist":10,"label":1}},{"type":"Feature","geometry":{"type":"Point","coordinates":[10.214494,56.197044]},"properties":{"name":"Stenagervej/Vejlby Centervej (Aarhus Kom)","lines":"16, 45","arr":["16","45"],"terminus":0,"mode":"bus","color":"#0059a9","colorDark":"#00294f","angle":7.4,"snapDist":6,"label":1}},{"type":"Feature","geometry":{"type":"Point","coordinates":[10.208765,56.195771]},"properties":{"name":"Risskov Gymnasium/Vejlby Centervej (Aarhus Kom)","lines":"16","arr":["16"],"terminus":0,"mode":"bus","color":"#0059a9","colorDark":"#00294f","angle":308.9,"snapDist":9,"label":1}},{"type":"Feature","geometry":{"type":"Point","coordinates":[10.205117,56.192632]},"properties":{"name":"Vejlby-Risskov Hallen/Vejlby Centervej (Aarhus Kom)","lines":"16","arr":["16"],"terminus":0,"mode":"bus","color":"#0059a9","colorDark":"#00294f","angle":297.6,"snapDist":9,"label":1}},{"type":"Feature","geometry":{"type":"Point","coordinates":[10.202763,56.183923]},"properties":{"name":"Vorregårds Allé/Vejlby Ringvej (Aarhus Kom)","lines":"16, 18","arr":["16","18"],"terminus":0,"mode":"bus","color":"#0059a9","colorDark":"#00294f","angle":330.5,"snapDist":14,"label":1}},{"type":"Feature","geometry":{"type":"Point","coordinates":[10.197866,56.181473]},"properties":{"name":"Vandtårnet/Randersvej (Aarhus Kom)","lines":"16, 18, 118, 200","arr":["16","18","118","200"],"terminus":0,"mode":"bus","color":"#0059a9","colorDark":"#00294f","angle":248.1,"snapDist":11,"label":1}},{"type":"Feature","geometry":{"type":"Point","coordinates":[10.2002,56.1781]},"properties":{"name":"Stockholmsgade/Randersvej (Aarhus Kom)","lines":"16, 18, 118, 200","arr":["16","18","118","200"],"terminus":0,"mode":"bus","color":"#0059a9","colorDark":"#00294f","angle":248.5,"snapDist":11,"label":1}},{"type":"Feature","geometry":{"type":"Point","coordinates":[10.203915,56.14225]},"properties":{"name":"Marselis Boulevard/Dalgas Avenue (Aarhus Kom)","lines":"16, 17, 18, 100, 103, 302","arr":["16","17","18","100","103","302"],"terminus":0,"mode":"bus","color":"#0059a9","colorDark":"#00294f","angle":283.4,"snapDist":7,"label":0}},{"type":"Feature","geometry":{"type":"Point","coordinates":[10.189429,56.132325]},"properties":{"name":"Aarhus Cyklebane/Jyllands Allé","lines":"16, 18","arr":["16","18"],"terminus":0,"mode":"bus","color":"#0059a9","colorDark":"#00294f","angle":290.3,"snapDist":8,"label":1}},{"type":"Feature","geometry":{"type":"Point","coordinates":[10.187164,56.129772]},"properties":{"name":"Lyravej/Jyllands Allé (Aarhus Kom)","lines":"16, 18","arr":["16","18"],"terminus":0,"mode":"bus","color":"#0059a9","colorDark":"#00294f","angle":296.4,"snapDist":7,"label":1}},{"type":"Feature","geometry":{"type":"Point","coordinates":[10.185188,56.127574]},"properties":{"name":"Fredensvang Runddel/Jyllands Allé (Aarhus Kom)","lines":"16, 18","arr":["16","18"],"terminus":0,"mode":"bus","color":"#0059a9","colorDark":"#00294f","angle":296.8,"snapDist":7,"label":1}},{"type":"Feature","geometry":{"type":"Point","coordinates":[10.18974,56.120821]},"properties":{"name":"Saralystparken/Rosenvangs Allé (Aarhus Kom)","lines":"16, 18","arr":["16","18"],"terminus":0,"mode":"bus","color":"#0059a9","colorDark":"#00294f","angle":222.4,"snapDist":7,"label":1}},{"type":"Feature","geometry":{"type":"Point","coordinates":[10.191141,56.117726]},"properties":{"name":"Kridthøjvej/Saralyst Allé (Aarhus Kom)","lines":"16","arr":["16"],"terminus":0,"mode":"bus","color":"#0059a9","colorDark":"#00294f","angle":267.1,"snapDist":7,"label":1}},{"type":"Feature","geometry":{"type":"Point","coordinates":[10.190266,56.114553]},"properties":{"name":"Jens Søndergaards Vej/Saralyst Allé (Aarhus Kom)","lines":"16","arr":["16"],"terminus":0,"mode":"bus","color":"#0059a9","colorDark":"#00294f","angle":276.3,"snapDist":6,"label":1}},{"type":"Feature","geometry":{"type":"Point","coordinates":[10.188401,56.10859]},"properties":{"name":"Saralyst Allé/Bushøjvænget (Aarhus Kom)","lines":"16","arr":["16"],"terminus":0,"mode":"bus","color":"#0059a9","colorDark":"#00294f","angle":211.4,"snapDist":8,"label":1}},{"type":"Feature","geometry":{"type":"Point","coordinates":[10.190759,56.107789]},"properties":{"name":"Roukær Allé/Bushøjvænget (Aarhus Kom)","lines":"16","arr":["16"],"terminus":0,"mode":"bus","color":"#0059a9","colorDark":"#00294f","angle":211.3,"snapDist":8,"label":1}},{"type":"Feature","geometry":{"type":"Point","coordinates":[10.194395,56.106647]},"properties":{"name":"Nødkær Allé/Bushøjvænget (Aarhus Kom)","lines":"16","arr":["16"],"terminus":0,"mode":"bus","color":"#0059a9","colorDark":"#00294f","angle":207.9,"snapDist":8,"label":1}},{"type":"Feature","geometry":{"type":"Point","coordinates":[10.197199,56.105979]},"properties":{"name":"Folkehuset Skåde/Bushøjvænget (Aarhus Kom)","lines":"16","arr":["16"],"terminus":0,"mode":"bus","color":"#0059a9","colorDark":"#00294f","angle":197,"snapDist":8,"label":1}},{"type":"Feature","geometry":{"type":"Point","coordinates":[10.202846,56.107297]},"properties":{"name":"Stennehøj Allé/Stenvej (Aarhus Kom)","lines":"16","arr":["16"],"terminus":0,"mode":"bus","color":"#0059a9","colorDark":"#00294f","angle":105,"snapDist":2,"label":1}},{"type":"Feature","geometry":{"type":"Point","coordinates":[10.206614,56.107606]},"properties":{"name":"Skådeparken/Stenvej (Aarhus Kom)","lines":"16","arr":["16"],"terminus":0,"mode":"bus","color":"#0059a9","colorDark":"#00294f","angle":189.9,"snapDist":4,"label":1}},{"type":"Feature","geometry":{"type":"Point","coordinates":[10.208348,56.100568]},"properties":{"name":"Brunbakkevej/Oddervej (Aarhus Kom)","lines":"16, 40, 100, 103, 302","arr":["16","40","100","103","302"],"terminus":0,"mode":"bus","color":"#0059a9","colorDark":"#00294f","angle":255.1,"snapDist":9,"label":1}},{"type":"Feature","geometry":{"type":"Point","coordinates":[10.208594,56.093496]},"properties":{"name":"Skåde Rideskole/Hørretvej (Aarhus Kom)","lines":"16, 40","arr":["16","40"],"terminus":0,"mode":"bus","color":"#0059a9","colorDark":"#00294f","angle":359.5,"snapDist":9,"label":1}},{"type":"Feature","geometry":{"type":"Point","coordinates":[10.197662,56.091124]},"properties":{"name":"Stenege/Hørretvej (Aarhus Kom)","lines":"16, 40","arr":["16","40"],"terminus":0,"mode":"bus","color":"#0059a9","colorDark":"#00294f","angle":330.9,"snapDist":9,"label":1}},{"type":"Feature","geometry":{"type":"Point","coordinates":[10.191615,56.089659]},"properties":{"name":"Storhøj/Hørretvej (Aarhus Kom)","lines":"16, 40","arr":["16","40"],"terminus":0,"mode":"bus","color":"#0059a9","colorDark":"#00294f","angle":328.5,"snapDist":4,"label":1}},{"type":"Feature","geometry":{"type":"Point","coordinates":[10.176882,56.081552]},"properties":{"name":"Hørret/Hørretvej (Aarhus Kom)","lines":"16, 40","arr":["16","40"],"terminus":0,"mode":"bus","color":"#0059a9","colorDark":"#00294f","angle":321.1,"snapDist":5,"label":1}},{"type":"Feature","geometry":{"type":"Point","coordinates":[10.167462,56.075277]},"properties":{"name":"Hørretløkkevej/Hørretvej (Aarhus Kom)","lines":"16, 40","arr":["16","40"],"terminus":0,"mode":"bus","color":"#0059a9","colorDark":"#00294f","angle":303.2,"snapDist":5,"label":1}},{"type":"Feature","geometry":{"type":"Point","coordinates":[10.16651,56.073115]},"properties":{"name":"Visbjerg Hegn/Mårslet Byvej (Aarhus Kom)","lines":"16, 40","arr":["16","40"],"terminus":0,"mode":"bus","color":"#0059a9","colorDark":"#00294f","angle":266.4,"snapDist":6,"label":1}},{"type":"Feature","geometry":{"type":"Point","coordinates":[10.164881,56.072215]},"properties":{"name":"Borrevænget/Hørretvej (Aarhus Kom)","lines":"16, 40","arr":["16","40"],"terminus":0,"mode":"bus","color":"#0059a9","colorDark":"#00294f","angle":14.8,"snapDist":5,"label":1}},{"type":"Feature","geometry":{"type":"Point","coordinates":[10.163113,56.070271]},"properties":{"name":"Præsteengen/Hørretvej (Aarhus Kom)","lines":"16, 40","arr":["16","40"],"terminus":0,"mode":"bus","color":"#0059a9","colorDark":"#00294f","angle":285.2,"snapDist":6,"label":1}},{"type":"Feature","geometry":{"type":"Point","coordinates":[10.161073,56.06677]},"properties":{"name":"Obstrupvej/Hørretvej (Aarhus Kom)","lines":"16, 40","arr":["16","40"],"terminus":0,"mode":"bus","color":"#0059a9","colorDark":"#00294f","angle":280.4,"snapDist":8,"label":1}},{"type":"Feature","geometry":{"type":"Point","coordinates":[10.157902,56.063871]},"properties":{"name":"Agervej/Tandervej (Aarhus Kom)","lines":"16, 40","arr":["16","40"],"terminus":0,"mode":"bus","color":"#0059a9","colorDark":"#00294f","angle":312.5,"snapDist":6,"label":1}},{"type":"Feature","geometry":{"type":"Point","coordinates":[10.155752,56.061769]},"properties":{"name":"Damgårdstoften/Tandervej (Aarhus Kom)","lines":"16, 40","arr":["16","40"],"terminus":0,"mode":"bus","color":"#0059a9","colorDark":"#00294f","angle":292.9,"snapDist":6,"label":1}},{"type":"Feature","geometry":{"type":"Point","coordinates":[10.164524,56.058318]},"properties":{"name":"Mårslet/Nymarks Allé (Aarhus Kom)","lines":"16, 40","arr":["16","40"],"terminus":1,"mode":"bus","color":"#0059a9","colorDark":"#00294f","angle":263.4,"snapDist":6,"label":1}},{"type":"Feature","geometry":{"type":"Point","coordinates":[10.15575,56.061766]},"properties":{"name":"Damgårdstoften/Tandervej (Aarhus Kom)","lines":"16, 40","arr":["16","40"],"terminus":0,"mode":"bus","color":"#0059a9","colorDark":"#00294f","angle":112.9,"snapDist":3,"label":0}},{"type":"Feature","geometry":{"type":"Point","coordinates":[10.15805,56.063961]},"properties":{"name":"Agervej/Tandervej (Aarhus Kom)","lines":"16, 40","arr":["16","40"],"terminus":0,"mode":"bus","color":"#0059a9","colorDark":"#00294f","angle":132.5,"snapDist":1,"label":0}},{"type":"Feature","geometry":{"type":"Point","coordinates":[10.161007,56.066569]},"properties":{"name":"Obstrupvej/Hørretvej (Aarhus Kom)","lines":"16, 40","arr":["16","40"],"terminus":0,"mode":"bus","color":"#0059a9","colorDark":"#00294f","angle":100.4,"snapDist":2,"label":0}},{"type":"Feature","geometry":{"type":"Point","coordinates":[10.163127,56.070296]},"properties":{"name":"Præsteengen/Hørretvej (Aarhus Kom)","lines":"16, 40","arr":["16","40"],"terminus":0,"mode":"bus","color":"#0059a9","colorDark":"#00294f","angle":107.8,"snapDist":8,"label":0}},{"type":"Feature","geometry":{"type":"Point","coordinates":[10.165222,56.072193]},"properties":{"name":"Borrevænget/Hørretvej (Aarhus Kom)","lines":"16, 40","arr":["16","40"],"terminus":0,"mode":"bus","color":"#0059a9","colorDark":"#00294f","angle":181.1,"snapDist":8,"label":0}},{"type":"Feature","geometry":{"type":"Point","coordinates":[10.16664,56.07274]},"properties":{"name":"Visbjerg Hegn/Mårslet Byvej (Aarhus Kom)","lines":"16, 40","arr":["16","40"],"terminus":0,"mode":"bus","color":"#0059a9","colorDark":"#00294f","angle":75.1,"snapDist":4,"label":0}},{"type":"Feature","geometry":{"type":"Point","coordinates":[10.168207,56.075839]},"properties":{"name":"Hørretløkkevej/Hørretvej (Aarhus Kom)","lines":"16, 40","arr":["16","40"],"terminus":0,"mode":"bus","color":"#0059a9","colorDark":"#00294f","angle":122.2,"snapDist":5,"label":0}},{"type":"Feature","geometry":{"type":"Point","coordinates":[10.176722,56.08148]},"properties":{"name":"Hørret/Hørretvej (Aarhus Kom)","lines":"16, 40","arr":["16","40"],"terminus":0,"mode":"bus","color":"#0059a9","colorDark":"#00294f","angle":141.1,"snapDist":4,"label":0}},{"type":"Feature","geometry":{"type":"Point","coordinates":[10.190295,56.088926]},"properties":{"name":"Storhøj/Hørretvej (Aarhus Kom)","lines":"16, 40","arr":["16","40"],"terminus":0,"mode":"bus","color":"#0059a9","colorDark":"#00294f","angle":129,"snapDist":6,"label":0}},{"type":"Feature","geometry":{"type":"Point","coordinates":[10.197216,56.090972]},"properties":{"name":"Stenege/Hørretvej (Aarhus Kom)","lines":"16, 40","arr":["16","40"],"terminus":0,"mode":"bus","color":"#0059a9","colorDark":"#00294f","angle":147.2,"snapDist":7,"label":0}},{"type":"Feature","geometry":{"type":"Point","coordinates":[10.20855,56.093495]},"properties":{"name":"Skåde Rideskole/Hørretvej (Aarhus Kom)","lines":"16, 40","arr":["16","40"],"terminus":0,"mode":"bus","color":"#0059a9","colorDark":"#00294f","angle":176.9,"snapDist":7,"label":0}},{"type":"Feature","geometry":{"type":"Point","coordinates":[10.208789,56.099646]},"properties":{"name":"Brunbakkevej/Oddervej (Aarhus Kom)","lines":"16, 40, 100, 103, 302","arr":["16","40","100","103","302"],"terminus":0,"mode":"bus","color":"#0059a9","colorDark":"#00294f","angle":75.1,"snapDist":9,"label":0}},{"type":"Feature","geometry":{"type":"Point","coordinates":[10.206481,56.107619]},"properties":{"name":"Skådeparken/Stenvej (Aarhus Kom)","lines":"16","arr":["16"],"terminus":0,"mode":"bus","color":"#0059a9","colorDark":"#00294f","angle":9.9,"snapDist":5,"label":0}},{"type":"Feature","geometry":{"type":"Point","coordinates":[10.202802,56.107199]},"properties":{"name":"Stennehøj Allé/Stenvej (Aarhus Kom)","lines":"16","arr":["16"],"terminus":0,"mode":"bus","color":"#0059a9","colorDark":"#00294f","angle":283.9,"snapDist":6,"label":0}},{"type":"Feature","geometry":{"type":"Point","coordinates":[10.197114,56.105994]},"properties":{"name":"Folkehuset Skåde/Bushøjvænget (Aarhus Kom)","lines":"16","arr":["16"],"terminus":0,"mode":"bus","color":"#0059a9","colorDark":"#00294f","angle":17,"snapDist":11,"label":0}},{"type":"Feature","geometry":{"type":"Point","coordinates":[10.194355,56.106659]},"properties":{"name":"Nødkær Allé/Bushøjvænget (Aarhus Kom)","lines":"16","arr":["16"],"terminus":0,"mode":"bus","color":"#0059a9","colorDark":"#00294f","angle":27.9,"snapDist":9,"label":0}},{"type":"Feature","geometry":{"type":"Point","coordinates":[10.190745,56.107794]},"properties":{"name":"Roukær Allé/Bushøjvænget (Aarhus Kom)","lines":"16","arr":["16"],"terminus":0,"mode":"bus","color":"#0059a9","colorDark":"#00294f","angle":31.3,"snapDist":7,"label":0}},{"type":"Feature","geometry":{"type":"Point","coordinates":[10.190279,56.114617]},"properties":{"name":"Jens Søndergaards Vej/Saralyst Allé (Aarhus Kom)","lines":"16","arr":["16"],"terminus":0,"mode":"bus","color":"#0059a9","colorDark":"#00294f","angle":96.3,"snapDist":6,"label":0}},{"type":"Feature","geometry":{"type":"Point","coordinates":[10.191154,56.117583]},"properties":{"name":"Kridthøjvej/Saralyst Allé (Aarhus Kom)","lines":"16","arr":["16"],"terminus":0,"mode":"bus","color":"#0059a9","colorDark":"#00294f","angle":87.1,"snapDist":6,"label":0}},{"type":"Feature","geometry":{"type":"Point","coordinates":[10.189254,56.121071]},"properties":{"name":"Saralystparken/Rosenvangs Allé (Aarhus Kom)","lines":"16, 18","arr":["16","18"],"terminus":0,"mode":"bus","color":"#0059a9","colorDark":"#00294f","angle":42.9,"snapDist":6,"label":0}},{"type":"Feature","geometry":{"type":"Point","coordinates":[10.184917,56.127275]},"properties":{"name":"Fredensvang Runddel/Jyllands Allé (Aarhus Kom)","lines":"16, 18","arr":["16","18"],"terminus":0,"mode":"bus","color":"#0059a9","colorDark":"#00294f","angle":116.9,"snapDist":6,"label":0}},{"type":"Feature","geometry":{"type":"Point","coordinates":[10.188124,56.130801]},"properties":{"name":"Lyravej/Jyllands Allé (Aarhus Kom)","lines":"16, 18","arr":["16","18"],"terminus":0,"mode":"bus","color":"#0059a9","colorDark":"#00294f","angle":112.8,"snapDist":6,"label":0}},{"type":"Feature","geometry":{"type":"Point","coordinates":[10.190028,56.133036]},"properties":{"name":"Aarhus Cyklebane/Jyllands Allé","lines":"16, 18","arr":["16","18"],"terminus":0,"mode":"bus","color":"#0059a9","colorDark":"#00294f","angle":100.8,"snapDist":7,"label":0}},{"type":"Feature","geometry":{"type":"Point","coordinates":[10.203837,56.142035]},"properties":{"name":"Marselis Boulevard/Dalgas Avenue (Aarhus Kom)","lines":"16, 17, 18, 100, 103, 302","arr":["16","17","18","100","103","302"],"terminus":0,"mode":"bus","color":"#0059a9","colorDark":"#00294f","angle":87.6,"snapDist":9,"label":0}},{"type":"Feature","geometry":{"type":"Point","coordinates":[10.204412,56.172242]},"properties":{"name":"Aarhus Universitet/Randersvej","lines":"16, 18, 118, 200","arr":["16","18","118","200"],"terminus":0,"mode":"bus","color":"#0059a9","colorDark":"#00294f","angle":68.5,"snapDist":11,"label":0}},{"type":"Feature","geometry":{"type":"Point","coordinates":[10.199991,56.178956]},"properties":{"name":"Stockholmsgade/Randersvej (Aarhus Kom)","lines":"16, 18, 118, 200","arr":["16","18","118","200"],"terminus":0,"mode":"bus","color":"#0059a9","colorDark":"#00294f","angle":67.5,"snapDist":2,"label":0}},{"type":"Feature","geometry":{"type":"Point","coordinates":[10.197947,56.182573]},"properties":{"name":"Vandtårnet/Randersvej (Aarhus Kom)","lines":"16, 18","arr":["16","18"],"terminus":0,"mode":"bus","color":"#0059a9","colorDark":"#00294f","angle":157.7,"snapDist":8,"label":0}},{"type":"Feature","geometry":{"type":"Point","coordinates":[10.205106,56.19236]},"properties":{"name":"Vejlby-Risskov Hallen/Vejlby Centervej (Aarhus Kom)","lines":"16","arr":["16"],"terminus":0,"mode":"bus","color":"#0059a9","colorDark":"#00294f","angle":115.4,"snapDist":7,"label":0}},{"type":"Feature","geometry":{"type":"Point","coordinates":[10.209619,56.19616]},"properties":{"name":"Risskov Gymnasium/Vejlby Centervej (Aarhus Kom)","lines":"16, 45","arr":["16","45"],"terminus":0,"mode":"bus","color":"#0059a9","colorDark":"#00294f","angle":130.9,"snapDist":7,"label":0}},{"type":"Feature","geometry":{"type":"Point","coordinates":[10.21645,56.196723]},"properties":{"name":"Stenagervej/Vejlby Centervej (Aarhus Kom)","lines":"16","arr":["16"],"terminus":0,"mode":"bus","color":"#0059a9","colorDark":"#00294f","angle":194.9,"snapDist":6,"label":0}},{"type":"Feature","geometry":{"type":"Point","coordinates":[10.22092,56.195865]},"properties":{"name":"Vejlby Centervej/Grenåvej","lines":"16, 18, 100, 123, 925X","arr":["16","18","100","123","925X"],"terminus":0,"mode":"bus","color":"#0059a9","colorDark":"#00294f","angle":133.7,"snapDist":10,"label":0}},{"type":"Feature","geometry":{"type":"Point","coordinates":[10.230947,56.19798]},"properties":{"name":"Fortegården/Grenåvej (Aarhus Kom)","lines":"16, 18, 100, 123","arr":["16","18","100","123"],"terminus":0,"mode":"bus","color":"#0059a9","colorDark":"#00294f","angle":163.1,"snapDist":12,"label":0}},{"type":"Feature","geometry":{"type":"Point","coordinates":[10.237365,56.200304]},"properties":{"name":"Grenåvej/Lystrupvej (Aarhus Kom)","lines":"16, 18","arr":["16","18"],"terminus":0,"mode":"bus","color":"#0059a9","colorDark":"#00294f","angle":85.2,"snapDist":8,"label":1}},{"type":"Feature","geometry":{"type":"Point","coordinates":[10.236644,56.20329]},"properties":{"name":"Spergelvej/Lystrupvej (Aarhus Kom)","lines":"16, 18","arr":["16","18"],"terminus":0,"mode":"bus","color":"#0059a9","colorDark":"#00294f","angle":82.5,"snapDist":9,"label":0}},{"type":"Feature","geometry":{"type":"Point","coordinates":[10.235897,56.206486]},"properties":{"name":"Vejlbjergvej/Lystrupvej (Aarhus Kom)","lines":"16, 18","arr":["16","18"],"terminus":0,"mode":"bus","color":"#0059a9","colorDark":"#00294f","angle":82.6,"snapDist":10,"label":0}},{"type":"Feature","geometry":{"type":"Point","coordinates":[10.237047,56.226709]},"properties":{"name":"Lægårdsvej/Sønderskovvej (Aarhus Kom)","lines":"16","arr":["16"],"terminus":0,"mode":"bus","color":"#0059a9","colorDark":"#00294f","angle":97,"snapDist":5,"label":0}},{"type":"Feature","geometry":{"type":"Point","coordinates":[10.236981,56.230718]},"properties":{"name":"Lystruplund/Sønderskovvej (Aarhus Kom)","lines":"16","arr":["16"],"terminus":0,"mode":"bus","color":"#0059a9","colorDark":"#00294f","angle":97.7,"snapDist":5,"label":0}},{"type":"Feature","geometry":{"type":"Point","coordinates":[10.238349,56.234471]},"properties":{"name":"Hovmarken/Sønderskovvej (Aarhus Kom)","lines":"16, 32","arr":["16","32"],"terminus":0,"mode":"bus","color":"#0059a9","colorDark":"#00294f","angle":71.1,"snapDist":4,"label":0}},{"type":"Feature","geometry":{"type":"Point","coordinates":[10.23466,56.237042]},"properties":{"name":"Lystrup Centervej (Aarhus Kom)","lines":"16, 18","arr":["16","18"],"terminus":0,"mode":"bus","color":"#0059a9","colorDark":"#00294f","angle":341.5,"snapDist":6,"label":0}},{"type":"Feature","geometry":{"type":"Point","coordinates":[10.231282,56.23506]},"properties":{"name":"Lystrupvej/Lystrup Centervej (Aarhus Kom)","lines":"16, 18","arr":["16","18"],"terminus":0,"mode":"bus","color":"#0059a9","colorDark":"#00294f","angle":289.6,"snapDist":8,"label":0}},{"type":"Feature","geometry":{"type":"Point","coordinates":[10.228133,56.234127]},"properties":{"name":"Lystrup Bibliotek/Bystævnet (Aarhus Kom)","lines":"16","arr":["16"],"terminus":0,"mode":"bus","color":"#0059a9","colorDark":"#00294f","angle":359.8,"snapDist":6,"label":0}},{"type":"Feature","geometry":{"type":"Point","coordinates":[10.222392,56.23389]},"properties":{"name":"Bystævnet/Lille Elstedvej (Aarhus Kom)","lines":"16","arr":["16"],"terminus":0,"mode":"bus","color":"#0059a9","colorDark":"#00294f","angle":334.6,"snapDist":6,"label":0}},{"type":"Feature","geometry":{"type":"Point","coordinates":[10.218501,56.23607]},"properties":{"name":"Elstedvej/Lille Elstedvej (Aarhus Kom)","lines":"16","arr":["16"],"terminus":0,"mode":"bus","color":"#0059a9","colorDark":"#00294f","angle":42.9,"snapDist":4,"label":0}},{"type":"Feature","geometry":{"type":"Point","coordinates":[10.208492,56.233364]},"properties":{"name":"Elstedvej/Høvej","lines":"16","arr":["16"],"terminus":0,"mode":"bus","color":"#0059a9","colorDark":"#00294f","angle":57.9,"snapDist":2,"label":0}},{"type":"Feature","geometry":{"type":"Point","coordinates":[10.204177,56.237243]},"properties":{"name":"Stokbrovej/Høvej (Aarhus Kom)","lines":"16","arr":["16"],"terminus":0,"mode":"bus","color":"#0059a9","colorDark":"#00294f","angle":60.4,"snapDist":4,"label":0}},{"type":"Feature","geometry":{"type":"Point","coordinates":[10.200921,56.240176]},"properties":{"name":"Elev Skole/Høvej (Aarhus Kom)","lines":"16","arr":["16"],"terminus":0,"mode":"bus","color":"#0059a9","colorDark":"#00294f","angle":59.1,"snapDist":6,"label":0}},{"type":"Feature","geometry":{"type":"Point","coordinates":[10.199248,56.242016]},"properties":{"name":"Hovmuren (Aarhus Kom)","lines":"16","arr":["16"],"terminus":0,"mode":"bus","color":"#0059a9","colorDark":"#00294f","angle":104.9,"snapDist":3,"label":0}},{"type":"Feature","geometry":{"type":"Point","coordinates":[10.206689,56.267579]},"properties":{"name":"Todbjerg/Bøgglidsvej (Aarhus Kom)","lines":"16","arr":["16"],"terminus":0,"mode":"bus","color":"#0059a9","colorDark":"#00294f","angle":101.6,"snapDist":3,"label":0}},{"type":"Feature","geometry":{"type":"Point","coordinates":[10.210736,56.269541]},"properties":{"name":"Grimsbrovej/Bøgglidsvej (Aarhus Kom)","lines":"16","arr":["16"],"terminus":0,"mode":"bus","color":"#0059a9","colorDark":"#00294f","angle":104.7,"snapDist":6,"label":0}},{"type":"Feature","geometry":{"type":"Point","coordinates":[10.340245,56.258]},"properties":{"name":"Studstrup/Præstekravevej (Aarhus Kom)","lines":"17","arr":["17"],"terminus":1,"mode":"bus","color":"#0059a9","colorDark":"#00294f","angle":353.3,"snapDist":4,"label":1}},{"type":"Feature","geometry":{"type":"Point","coordinates":[10.33599,56.257659]},"properties":{"name":"Præstekravevej/Studstrupvej (Aarhus Kom)","lines":"17","arr":["17"],"terminus":0,"mode":"bus","color":"#0059a9","colorDark":"#00294f","angle":352.2,"snapDist":5,"label":1}},{"type":"Feature","geometry":{"type":"Point","coordinates":[10.3334,56.255298]},"properties":{"name":"Ny Studstrupvej/Studstrupvej (Aarhus Kom)","lines":"17","arr":["17"],"terminus":0,"mode":"bus","color":"#0059a9","colorDark":"#00294f","angle":309,"snapDist":6,"label":1}},{"type":"Feature","geometry":{"type":"Point","coordinates":[10.319473,56.250441]},"properties":{"name":"Åstrup (Aarhus Kom)","lines":"17","arr":["17"],"terminus":0,"mode":"bus","color":"#0059a9","colorDark":"#00294f","angle":248.5,"snapDist":6,"label":1}},{"type":"Feature","geometry":{"type":"Point","coordinates":[10.334633,56.245206]},"properties":{"name":"Kaløvig Lystbådehavn/Åstrup Strandvej (Aarhus Kom)","lines":"17","arr":["17"],"terminus":0,"mode":"bus","color":"#0059a9","colorDark":"#00294f","angle":271.4,"snapDist":8,"label":1}},{"type":"Feature","geometry":{"type":"Point","coordinates":[10.333406,56.241826]},"properties":{"name":"Under Rønnene/Åstrup Strandvej (Aarhus Kom)","lines":"17","arr":["17"],"terminus":0,"mode":"bus","color":"#0059a9","colorDark":"#00294f","angle":291.1,"snapDist":5,"label":1}},{"type":"Feature","geometry":{"type":"Point","coordinates":[10.332015,56.239801]},"properties":{"name":"Nålestien/Åstrup Strandvej (Aarhus Kom)","lines":"17","arr":["17"],"terminus":0,"mode":"bus","color":"#0059a9","colorDark":"#00294f","angle":290.9,"snapDist":5,"label":1}},{"type":"Feature","geometry":{"type":"Point","coordinates":[10.329599,56.235203]},"properties":{"name":"Sneppevej/Plantagevej (Aarhus Kom)","lines":"17","arr":["17"],"terminus":0,"mode":"bus","color":"#0059a9","colorDark":"#00294f","angle":275.4,"snapDist":5,"label":1}},{"type":"Feature","geometry":{"type":"Point","coordinates":[10.326356,56.23155]},"properties":{"name":"Havlundsvej/Strandvangsvej (Aarhus Kom)","lines":"17","arr":["17"],"terminus":0,"mode":"bus","color":"#0059a9","colorDark":"#00294f","angle":300.9,"snapDist":6,"label":1}},{"type":"Feature","geometry":{"type":"Point","coordinates":[10.320922,56.230339]},"properties":{"name":"Skabiosevej/Strandvangsvej (Aarhus Kom)","lines":"17","arr":["17"],"terminus":0,"mode":"bus","color":"#0059a9","colorDark":"#00294f","angle":353.7,"snapDist":5,"label":1}},{"type":"Feature","geometry":{"type":"Point","coordinates":[10.314042,56.229799]},"properties":{"name":"Havbakkevej/Skæring Busvej (Aarhus Kom)","lines":"17","arr":["17"],"terminus":0,"mode":"bus","color":"#0059a9","colorDark":"#00294f","angle":72.6,"snapDist":4,"label":1}},{"type":"Feature","geometry":{"type":"Point","coordinates":[10.312915,56.233428]},"properties":{"name":"Skæring Hedevej/Skæring Busvej (Aarhus Kom)","lines":"17","arr":["17"],"terminus":0,"mode":"bus","color":"#0059a9","colorDark":"#00294f","angle":72.6,"snapDist":6,"label":1}},{"type":"Feature","geometry":{"type":"Point","coordinates":[10.309764,56.233462]},"properties":{"name":"Skæring Sandager/Skæring Hedevej (Aarhus Kom)","lines":"17","arr":["17"],"terminus":0,"mode":"bus","color":"#0059a9","colorDark":"#00294f","angle":357.2,"snapDist":5,"label":1}},{"type":"Feature","geometry":{"type":"Point","coordinates":[10.30548,56.233519]},"properties":{"name":"Skæring Kirkevej/Skæring Hedevej (Aarhus Kom)","lines":"17","arr":["17"],"terminus":0,"mode":"bus","color":"#0059a9","colorDark":"#00294f","angle":5.3,"snapDist":4,"label":1}},{"type":"Feature","geometry":{"type":"Point","coordinates":[10.302121,56.233822]},"properties":{"name":"Skæring Parkvej/Skæring Hedevej (Aarhus Kom)","lines":"17","arr":["17"],"terminus":0,"mode":"bus","color":"#0059a9","colorDark":"#00294f","angle":13.2,"snapDist":6,"label":1}},{"type":"Feature","geometry":{"type":"Point","coordinates":[10.297472,56.23124]},"properties":{"name":"Skæring Hedevej (Aarhus Kom)","lines":"17","arr":["17"],"terminus":0,"mode":"bus","color":"#0059a9","colorDark":"#00294f","angle":266.7,"snapDist":8,"label":1}},{"type":"Feature","geometry":{"type":"Point","coordinates":[10.302028,56.229416]},"properties":{"name":"Folkehuset Skæring/Skæring Havvej (Aarhus Kom)","lines":"17","arr":["17"],"terminus":0,"mode":"bus","color":"#0059a9","colorDark":"#00294f","angle":206.8,"snapDist":8,"label":1}},{"type":"Feature","geometry":{"type":"Point","coordinates":[10.305101,56.228298]},"properties":{"name":"Lavendelvej/Skæring Havvej (Aarhus Kom)","lines":"17","arr":["17"],"terminus":0,"mode":"bus","color":"#0059a9","colorDark":"#00294f","angle":219.9,"snapDist":7,"label":1}},{"type":"Feature","geometry":{"type":"Point","coordinates":[10.303299,56.22529]},"properties":{"name":"Skæring Skole/Skæring Strandvej (Aarhus Kom)","lines":"17","arr":["17"],"terminus":0,"mode":"bus","color":"#0059a9","colorDark":"#00294f","angle":302.9,"snapDist":9,"label":1}},{"type":"Feature","geometry":{"type":"Point","coordinates":[10.297607,56.220744]},"properties":{"name":"Toftegårdsvej/Skæring Strandvej (Aarhus Kom)","lines":"17","arr":["17"],"terminus":0,"mode":"bus","color":"#0059a9","colorDark":"#00294f","angle":307.5,"snapDist":5,"label":1}},{"type":"Feature","geometry":{"type":"Point","coordinates":[10.293526,56.217767]},"properties":{"name":"Kystparken/Skæring Strandvej (Aarhus Kom)","lines":"17","arr":["17"],"terminus":0,"mode":"bus","color":"#0059a9","colorDark":"#00294f","angle":307.2,"snapDist":6,"label":1}},{"type":"Feature","geometry":{"type":"Point","coordinates":[10.287835,56.212467]},"properties":{"name":"Søtoften/Egå Strandvej (Aarhus Kom)","lines":"17","arr":["17"],"terminus":0,"mode":"bus","color":"#0059a9","colorDark":"#00294f","angle":310.1,"snapDist":6,"label":1}},{"type":"Feature","geometry":{"type":"Point","coordinates":[10.284621,56.209988]},"properties":{"name":"Egå Marina/Egå Strandvej (Aarhus Kom)","lines":"17","arr":["17"],"terminus":0,"mode":"bus","color":"#0059a9","colorDark":"#00294f","angle":298.5,"snapDist":10,"label":1}},{"type":"Feature","geometry":{"type":"Point","coordinates":[10.280436,56.206195]},"properties":{"name":"Solvejen/Egå Strandvej (Aarhus Kom)","lines":"17","arr":["17"],"terminus":0,"mode":"bus","color":"#0059a9","colorDark":"#00294f","angle":328.7,"snapDist":5,"label":1}},{"type":"Feature","geometry":{"type":"Point","coordinates":[10.273739,56.206352]},"properties":{"name":"Blomstervangen/Egå Strandvej (Aarhus Kom)","lines":"17","arr":["17"],"terminus":0,"mode":"bus","color":"#0059a9","colorDark":"#00294f","angle":15.8,"snapDist":4,"label":1}},{"type":"Feature","geometry":{"type":"Point","coordinates":[10.270527,56.208023]},"properties":{"name":"Mejlbyvej/Grenåvej","lines":"17, 100, 123, 925X","arr":["17","100","123","925X"],"terminus":0,"mode":"bus","color":"#0059a9","colorDark":"#00294f","angle":333.1,"snapDist":9,"label":1}},{"type":"Feature","geometry":{"type":"Point","coordinates":[10.262305,56.205743]},"properties":{"name":"Brobjergparken/Grenåvej (Aarhus Kom)","lines":"17, 100, 123","arr":["17","100","123"],"terminus":0,"mode":"bus","color":"#0059a9","colorDark":"#00294f","angle":333.3,"snapDist":13,"label":1}},{"type":"Feature","geometry":{"type":"Point","coordinates":[10.256744,56.202394]},"properties":{"name":"Åmindevej/Ådalsvej (Aarhus Kom)","lines":"17","arr":["17"],"terminus":0,"mode":"bus","color":"#0059a9","colorDark":"#00294f","angle":235.4,"snapDist":6,"label":1}},{"type":"Feature","geometry":{"type":"Point","coordinates":[10.245434,56.194385]},"properties":{"name":"Bellevuehallerne/Vestre Strandalle (Aarhus Kom)","lines":"17, 46","arr":["17","46"],"terminus":0,"mode":"bus","color":"#0059a9","colorDark":"#00294f","angle":15,"snapDist":7,"label":1}},{"type":"Feature","geometry":{"type":"Point","coordinates":[10.238764,56.194861]},"properties":{"name":"Hørgårdsvej/Vestre Strandallé (Aarhus Kom)","lines":"17, 46","arr":["17","46"],"terminus":0,"mode":"bus","color":"#0059a9","colorDark":"#00294f","angle":350.9,"snapDist":9,"label":1}},{"type":"Feature","geometry":{"type":"Point","coordinates":[10.234798,56.19394]},"properties":{"name":"Ellebjergvej/Vestre Strandallé (Aarhus Kom)","lines":"17, 46","arr":["17","46"],"terminus":0,"mode":"bus","color":"#0059a9","colorDark":"#00294f","angle":327.4,"snapDist":6,"label":1}},{"type":"Feature","geometry":{"type":"Point","coordinates":[10.228598,56.191267]},"properties":{"name":"Risskov Skole/Skovagervej (Aarhus Kom)","lines":"17, 46","arr":["17","46"],"terminus":0,"mode":"bus","color":"#0059a9","colorDark":"#00294f","angle":279.1,"snapDist":9,"label":1}},{"type":"Feature","geometry":{"type":"Point","coordinates":[10.227896,56.188816]},"properties":{"name":"Højtoftevej/Skovagervej (Aarhus Kom)","lines":"17, 46","arr":["17","46"],"terminus":0,"mode":"bus","color":"#0059a9","colorDark":"#00294f","angle":279.2,"snapDist":5,"label":1}},{"type":"Feature","geometry":{"type":"Point","coordinates":[10.227279,56.186697]},"properties":{"name":"Bækkelundsvej/Skovagervej","lines":"17, 46","arr":["17","46"],"terminus":0,"mode":"bus","color":"#0059a9","colorDark":"#00294f","angle":279.1,"snapDist":9,"label":1}},{"type":"Feature","geometry":{"type":"Point","coordinates":[10.219468,56.177062]},"properties":{"name":"Marienlund/Dronning Margrethes Vej (Aarhus Kom)","lines":"17","arr":["17"],"terminus":0,"mode":"bus","color":"#0059a9","colorDark":"#00294f","angle":240.2,"snapDist":7,"label":1}},{"type":"Feature","geometry":{"type":"Point","coordinates":[10.220072,56.171211]},"properties":{"name":"Otte Ruds Gade/Dr. Margrethes Vej (Aarhus Kom)","lines":"17","arr":["17"],"terminus":0,"mode":"bus","color":"#0059a9","colorDark":"#00294f","angle":284.8,"snapDist":8,"label":1}},{"type":"Feature","geometry":{"type":"Point","coordinates":[10.218182,56.166963]},"properties":{"name":"Langelinieparken/Skovvejen (Aarhus Kom)","lines":"17, 46","arr":["17","46"],"terminus":0,"mode":"bus","color":"#0059a9","colorDark":"#00294f","angle":275.6,"snapDist":6,"label":1}},{"type":"Feature","geometry":{"type":"Point","coordinates":[10.20697,56.138816]},"properties":{"name":"Tangkrogen/Strandvejen (Aarhus Kom)","lines":"17, 31, 100, 103, 302","arr":["17","31","100","103","302"],"terminus":0,"mode":"bus","color":"#0059a9","colorDark":"#00294f","angle":260.2,"snapDist":19,"label":1}},{"type":"Feature","geometry":{"type":"Point","coordinates":[10.208803,56.135491]},"properties":{"name":"Stefanshjemmet/Strandvejen (Aarhus Kom)","lines":"17, 31, 100, 103, 302","arr":["17","31","100","103","302"],"terminus":0,"mode":"bus","color":"#0059a9","colorDark":"#00294f","angle":244.6,"snapDist":10,"label":1}},{"type":"Feature","geometry":{"type":"Point","coordinates":[10.207224,56.133363]},"properties":{"name":"Niels W. Gades Vej/Carl Nielsens Vej (Aarhus Kom)","lines":"17","arr":["17"],"terminus":0,"mode":"bus","color":"#0059a9","colorDark":"#00294f","angle":295.5,"snapDist":9,"label":1}},{"type":"Feature","geometry":{"type":"Point","coordinates":[10.202023,56.129763]},"properties":{"name":"Mindeparken/Carl Nielsens Vej (Aarhus Kom)","lines":"17","arr":["17"],"terminus":0,"mode":"bus","color":"#0059a9","colorDark":"#00294f","angle":310,"snapDist":7,"label":1}},{"type":"Feature","geometry":{"type":"Point","coordinates":[10.197347,56.126788]},"properties":{"name":"Væddeløbsbanen/Carl Nielsens Vej (Aarhus Kom)","lines":"17","arr":["17"],"terminus":0,"mode":"bus","color":"#0059a9","colorDark":"#00294f","angle":311.4,"snapDist":8,"label":1}},{"type":"Feature","geometry":{"type":"Point","coordinates":[10.195122,56.125382]},"properties":{"name":"Saralyst Allé/Holmevej (Aarhus Kom)","lines":"17","arr":["17"],"terminus":0,"mode":"bus","color":"#0059a9","colorDark":"#00294f","angle":311.6,"snapDist":14,"label":1}},{"type":"Feature","geometry":{"type":"Point","coordinates":[10.189518,56.121929]},"properties":{"name":"Saralystparken/Holmevej (Aarhus Kom)","lines":"17","arr":["17"],"terminus":0,"mode":"bus","color":"#0059a9","colorDark":"#00294f","angle":320.2,"snapDist":6,"label":1}},{"type":"Feature","geometry":{"type":"Point","coordinates":[10.174048,56.117269]},"properties":{"name":"Holme Møllevej/Holmevej (Aarhus Kom)","lines":"17","arr":["17"],"terminus":0,"mode":"bus","color":"#0059a9","colorDark":"#00294f","angle":341.7,"snapDist":9,"label":0}},{"type":"Feature","geometry":{"type":"Point","coordinates":[10.167924,56.116147]},"properties":{"name":"Holmegårdsvej/Holmevej (Aarhus Kom)","lines":"17","arr":["17"],"terminus":0,"mode":"bus","color":"#0059a9","colorDark":"#00294f","angle":341.7,"snapDist":4,"label":1}},{"type":"Feature","geometry":{"type":"Point","coordinates":[10.162943,56.115611]},"properties":{"name":"Teglgårdsvej/Holmevej (Aarhus Kom)","lines":"17","arr":["17"],"terminus":0,"mode":"bus","color":"#0059a9","colorDark":"#00294f","angle":355.3,"snapDist":7,"label":1}},{"type":"Feature","geometry":{"type":"Point","coordinates":[10.155987,56.111971]},"properties":{"name":"Ringvej Syd/Christian X's Vej (Aarhus Kom)","lines":"17","arr":["17"],"terminus":0,"mode":"bus","color":"#0059a9","colorDark":"#00294f","angle":305.7,"snapDist":11,"label":1}},{"type":"Feature","geometry":{"type":"Point","coordinates":[10.134968,56.093686]},"properties":{"name":"Tranbjerg Hovedgade/Grønløkke Allé (Aarhus Kom)","lines":"17, 41","arr":["17","41"],"terminus":0,"mode":"bus","color":"#0059a9","colorDark":"#00294f","angle":318.4,"snapDist":7,"label":1}},{"type":"Feature","geometry":{"type":"Point","coordinates":[10.132605,56.091375]},"properties":{"name":"Tranbjerg Kirke/Landevejen (Aarhus Kom)","lines":"17","arr":["17"],"terminus":0,"mode":"bus","color":"#0059a9","colorDark":"#00294f","angle":305.8,"snapDist":13,"label":1}},{"type":"Feature","geometry":{"type":"Point","coordinates":[10.121315,56.084125]},"properties":{"name":"Tingskov Allé/Landevejen (Aarhus Kom)","lines":"17","arr":["17"],"terminus":0,"mode":"bus","color":"#0059a9","colorDark":"#00294f","angle":313.8,"snapDist":10,"label":1}},{"type":"Feature","geometry":{"type":"Point","coordinates":[10.098197,56.067528]},"properties":{"name":"Skovgårdsvej/Gammel Horsensvej (Aarhus Kom)","lines":"17","arr":["17"],"terminus":0,"mode":"bus","color":"#0059a9","colorDark":"#00294f","angle":314.3,"snapDist":4,"label":1}},{"type":"Feature","geometry":{"type":"Point","coordinates":[10.093527,56.063026]},"properties":{"name":"Tiset Kirke/Gammel Horsensvej (Aarhus Kom)","lines":"17","arr":["17"],"terminus":0,"mode":"bus","color":"#0059a9","colorDark":"#00294f","angle":296.6,"snapDist":6,"label":1}},{"type":"Feature","geometry":{"type":"Point","coordinates":[10.083254,56.045223]},"properties":{"name":"Solbjerg Hovedgade/Solbjerg Hedevej (Aarhus Kom)","lines":"17","arr":["17"],"terminus":0,"mode":"bus","color":"#0059a9","colorDark":"#00294f","angle":188,"snapDist":6,"label":1}},{"type":"Feature","geometry":{"type":"Point","coordinates":[10.086797,56.044934]},"properties":{"name":"Solbjerg Hedevej (Aarhus Kom)","lines":"17","arr":["17"],"terminus":0,"mode":"bus","color":"#0059a9","colorDark":"#00294f","angle":188.4,"snapDist":7,"label":1}},{"type":"Feature","geometry":{"type":"Point","coordinates":[10.090359,56.043334]},"properties":{"name":"Egevangen (Aarhus Kom)","lines":"17","arr":["17"],"terminus":0,"mode":"bus","color":"#0059a9","colorDark":"#00294f","angle":283.7,"snapDist":6,"label":1}},{"type":"Feature","geometry":{"type":"Point","coordinates":[10.090429,56.040916]},"properties":{"name":"Egevangens Busvej (Aarhus Kom)","lines":"17","arr":["17"],"terminus":0,"mode":"bus","color":"#0059a9","colorDark":"#00294f","angle":260.5,"snapDist":4,"label":1}},{"type":"Feature","geometry":{"type":"Point","coordinates":[10.091073,56.038986]},"properties":{"name":"Kærgårdsparken (Aarhus Kom)","lines":"17","arr":["17"],"terminus":0,"mode":"bus","color":"#0059a9","colorDark":"#00294f","angle":179.7,"snapDist":10,"label":1}},{"type":"Feature","geometry":{"type":"Point","coordinates":[10.096114,56.039172]},"properties":{"name":"Kærgårdsparkens Busvej (Aarhus Kom)","lines":"17","arr":["17"],"terminus":0,"mode":"bus","color":"#0059a9","colorDark":"#00294f","angle":184.9,"snapDist":7,"label":1}},{"type":"Feature","geometry":{"type":"Point","coordinates":[10.095864,56.035356]},"properties":{"name":"Solbjerg/Lystenlund (Aarhus Kom)","lines":"17, 41","arr":["17","41"],"terminus":1,"mode":"bus","color":"#0059a9","colorDark":"#00294f","angle":144.7,"snapDist":7,"label":1}},{"type":"Feature","geometry":{"type":"Point","coordinates":[10.096001,56.039177]},"properties":{"name":"Kærgårdsparkens Busvej (Aarhus Kom)","lines":"17, 41","arr":["17","41"],"terminus":0,"mode":"bus","color":"#0059a9","colorDark":"#00294f","angle":4.9,"snapDist":7,"label":0}},{"type":"Feature","geometry":{"type":"Point","coordinates":[10.090956,56.038986]},"properties":{"name":"Kærgårdsparken (Aarhus Kom)","lines":"17, 41","arr":["17","41"],"terminus":0,"mode":"bus","color":"#0059a9","colorDark":"#00294f","angle":3.7,"snapDist":10,"label":0}},{"type":"Feature","geometry":{"type":"Point","coordinates":[10.090441,56.040875]},"properties":{"name":"Egevangens Busvej (Aarhus Kom)","lines":"17, 41","arr":["17","41"],"terminus":0,"mode":"bus","color":"#0059a9","colorDark":"#00294f","angle":80.5,"snapDist":5,"label":0}},{"type":"Feature","geometry":{"type":"Point","coordinates":[10.090311,56.043245]},"properties":{"name":"Egevangen (Aarhus Kom)","lines":"17, 41","arr":["17","41"],"terminus":0,"mode":"bus","color":"#0059a9","colorDark":"#00294f","angle":107.1,"snapDist":6,"label":0}},{"type":"Feature","geometry":{"type":"Point","coordinates":[10.087039,56.044914]},"properties":{"name":"Solbjerg Hedevej (Aarhus Kom)","lines":"17, 41","arr":["17","41"],"terminus":0,"mode":"bus","color":"#0059a9","colorDark":"#00294f","angle":8.4,"snapDist":7,"label":0}},{"type":"Feature","geometry":{"type":"Point","coordinates":[10.082406,56.04563]},"properties":{"name":"Solbjerg Hedevej/Solbjerg Hovedgade (Aarhus Kom)","lines":"17, 41","arr":["17","41"],"terminus":0,"mode":"bus","color":"#0059a9","colorDark":"#00294f","angle":112.2,"snapDist":4,"label":1}},{"type":"Feature","geometry":{"type":"Point","coordinates":[10.093572,56.063076]},"properties":{"name":"Tiset Kirke/Gammel Horsensvej (Aarhus Kom)","lines":"17, 41","arr":["17","41"],"terminus":0,"mode":"bus","color":"#0059a9","colorDark":"#00294f","angle":118.4,"snapDist":4,"label":0}},{"type":"Feature","geometry":{"type":"Point","coordinates":[10.098122,56.067486]},"properties":{"name":"Skovgårdsvej/Gammel Horsensvej (Aarhus Kom)","lines":"17, 41","arr":["17","41"],"terminus":0,"mode":"bus","color":"#0059a9","colorDark":"#00294f","angle":134.4,"snapDist":3,"label":0}},{"type":"Feature","geometry":{"type":"Point","coordinates":[10.123069,56.084955]},"properties":{"name":"Tingskov Allé/Landevejen (Aarhus Kom)","lines":"17, 41","arr":["17","41"],"terminus":0,"mode":"bus","color":"#0059a9","colorDark":"#00294f","angle":133.7,"snapDist":10,"label":0}},{"type":"Feature","geometry":{"type":"Point","coordinates":[10.132994,56.091463]},"properties":{"name":"Tranbjerg Kirke/Landevejen (Aarhus Kom)","lines":"17, 41","arr":["17","41"],"terminus":0,"mode":"bus","color":"#0059a9","colorDark":"#00294f","angle":126.1,"snapDist":10,"label":0}},{"type":"Feature","geometry":{"type":"Point","coordinates":[10.135305,56.09387]},"properties":{"name":"Tranbjerg Hovedgade/Grønløkke Allé (Aarhus Kom)","lines":"17, 41","arr":["17","41"],"terminus":0,"mode":"bus","color":"#0059a9","colorDark":"#00294f","angle":131.3,"snapDist":8,"label":0}},{"type":"Feature","geometry":{"type":"Point","coordinates":[10.150907,56.108237]},"properties":{"name":"Gunnar Clausens Vej/Christian X's Vej (Aarhus Kom)","lines":"17","arr":["17"],"terminus":0,"mode":"bus","color":"#0059a9","colorDark":"#00294f","angle":128,"snapDist":10,"label":0}},{"type":"Feature","geometry":{"type":"Point","coordinates":[10.157294,56.11273]},"properties":{"name":"Ringvej Syd/Christian X's Vej (Aarhus Kom)","lines":"17","arr":["17"],"terminus":0,"mode":"bus","color":"#0059a9","colorDark":"#00294f","angle":125.7,"snapDist":10,"label":0}},{"type":"Feature","geometry":{"type":"Point","coordinates":[10.162939,56.115611]},"properties":{"name":"Teglgårdsvej/Holmevej (Aarhus Kom)","lines":"17","arr":["17"],"terminus":0,"mode":"bus","color":"#0059a9","colorDark":"#00294f","angle":175.3,"snapDist":5,"label":0}},{"type":"Feature","geometry":{"type":"Point","coordinates":[10.168086,56.116177]},"properties":{"name":"Holmegårdsvej/Holmevej (Aarhus Kom)","lines":"17","arr":["17"],"terminus":0,"mode":"bus","color":"#0059a9","colorDark":"#00294f","angle":161.9,"snapDist":8,"label":0}},{"type":"Feature","geometry":{"type":"Point","coordinates":[10.189072,56.121721]},"properties":{"name":"Saralystparken/Holmevej (Aarhus Kom)","lines":"17","arr":["17"],"terminus":0,"mode":"bus","color":"#0059a9","colorDark":"#00294f","angle":139.5,"snapDist":7,"label":0}},{"type":"Feature","geometry":{"type":"Point","coordinates":[10.193135,56.123606]},"properties":{"name":"Saralyst Allé/Holmevej (Aarhus Kom)","lines":"17","arr":["17"],"terminus":0,"mode":"bus","color":"#0059a9","colorDark":"#00294f","angle":139.9,"snapDist":7,"label":1}},{"type":"Feature","geometry":{"type":"Point","coordinates":[10.197909,56.127143]},"properties":{"name":"Væddeløbsbanen/Carl Nielsens Vej (Aarhus Kom)","lines":"17","arr":["17"],"terminus":0,"mode":"bus","color":"#0059a9","colorDark":"#00294f","angle":131.4,"snapDist":6,"label":0}},{"type":"Feature","geometry":{"type":"Point","coordinates":[10.203209,56.130562]},"properties":{"name":"Mindeparken/Carl Nielsens Vej (Aarhus Kom)","lines":"17","arr":["17"],"terminus":0,"mode":"bus","color":"#0059a9","colorDark":"#00294f","angle":131.5,"snapDist":6,"label":0}},{"type":"Feature","geometry":{"type":"Point","coordinates":[10.207452,56.133634]},"properties":{"name":"Niels W. Gades Vej/Carl Nielsens Vej (Aarhus Kom)","lines":"17","arr":["17"],"terminus":0,"mode":"bus","color":"#0059a9","colorDark":"#00294f","angle":114.9,"snapDist":9,"label":0}},{"type":"Feature","geometry":{"type":"Point","coordinates":[10.208948,56.135321]},"properties":{"name":"Stefanshjemmet/Strandvejen (Aarhus Kom)","lines":"17, 31, 100, 103, 302","arr":["17","31","100","103","302"],"terminus":0,"mode":"bus","color":"#0059a9","colorDark":"#00294f","angle":64.9,"snapDist":9,"label":0}},{"type":"Feature","geometry":{"type":"Point","coordinates":[10.206256,56.139483]},"properties":{"name":"Tangkrogen/Dalgas Avenue (Aarhus Kom)","lines":"17, 100, 103, 302","arr":["17","100","103","302"],"terminus":0,"mode":"bus","color":"#0059a9","colorDark":"#00294f","angle":53.6,"snapDist":5,"label":0}},{"type":"Feature","geometry":{"type":"Point","coordinates":[10.218127,56.165945]},"properties":{"name":"Langelinieparken/Skovvejen (Aarhus Kom)","lines":"17, 46","arr":["17","46"],"terminus":0,"mode":"bus","color":"#0059a9","colorDark":"#00294f","angle":91.3,"snapDist":8,"label":0}},{"type":"Feature","geometry":{"type":"Point","coordinates":[10.220139,56.171107]},"properties":{"name":"Otte Ruds Gade/Dr. Margrethes Vej (Aarhus Kom)","lines":"17","arr":["17"],"terminus":0,"mode":"bus","color":"#0059a9","colorDark":"#00294f","angle":104.9,"snapDist":8,"label":0}},{"type":"Feature","geometry":{"type":"Point","coordinates":[10.219868,56.17678]},"properties":{"name":"Marienlund/Dronning Margrethes Vej (Aarhus Kom)","lines":"17","arr":["17"],"terminus":0,"mode":"bus","color":"#0059a9","colorDark":"#00294f","angle":59.7,"snapDist":6,"label":0}},{"type":"Feature","geometry":{"type":"Point","coordinates":[10.227259,56.186629]},"properties":{"name":"Bækkelundsvej/Skovagervej","lines":"17, 46","arr":["17","46"],"terminus":0,"mode":"bus","color":"#0059a9","colorDark":"#00294f","angle":99.1,"snapDist":8,"label":0}},{"type":"Feature","geometry":{"type":"Point","coordinates":[10.228045,56.189336]},"properties":{"name":"Højtoftevej/Skovagervej (Aarhus Kom)","lines":"17, 46","arr":["17","46"],"terminus":0,"mode":"bus","color":"#0059a9","colorDark":"#00294f","angle":99,"snapDist":9,"label":0}},{"type":"Feature","geometry":{"type":"Point","coordinates":[10.23123,56.192647]},"properties":{"name":"Risskov Skole/Vestre Strandalle (Aarhus Kom)","lines":"17, 46","arr":["17","46"],"terminus":0,"mode":"bus","color":"#0059a9","colorDark":"#00294f","angle":147.7,"snapDist":10,"label":1}},{"type":"Feature","geometry":{"type":"Point","coordinates":[10.234281,56.193755]},"properties":{"name":"Ellebjergvej/Vestre Strandallé (Aarhus Kom)","lines":"17, 46","arr":["17","46"],"terminus":0,"mode":"bus","color":"#0059a9","colorDark":"#00294f","angle":147.2,"snapDist":10,"label":0}},{"type":"Feature","geometry":{"type":"Point","coordinates":[10.238321,56.194818]},"properties":{"name":"Hørgårdsvej/Vestre Strandallé (Aarhus Kom)","lines":"17, 46","arr":["17","46"],"terminus":0,"mode":"bus","color":"#0059a9","colorDark":"#00294f","angle":168,"snapDist":8,"label":0}},{"type":"Feature","geometry":{"type":"Point","coordinates":[10.256301,56.202752]},"properties":{"name":"Åmindevej/Ådalsvej (Aarhus Kom)","lines":"17","arr":["17"],"terminus":0,"mode":"bus","color":"#0059a9","colorDark":"#00294f","angle":55.5,"snapDist":5,"label":0}},{"type":"Feature","geometry":{"type":"Point","coordinates":[10.256465,56.203981]},"properties":{"name":"Ådalsvej/Grenåvej (Aarhus Kom)","lines":"17, 100, 123","arr":["17","100","123"],"terminus":0,"mode":"bus","color":"#0059a9","colorDark":"#00294f","angle":153.4,"snapDist":8,"label":1}},{"type":"Feature","geometry":{"type":"Point","coordinates":[10.263557,56.205948]},"properties":{"name":"Brobjergparken/Grenåvej (Aarhus Kom)","lines":"17, 100, 123","arr":["17","100","123"],"terminus":0,"mode":"bus","color":"#0059a9","colorDark":"#00294f","angle":153.6,"snapDist":12,"label":0}},{"type":"Feature","geometry":{"type":"Point","coordinates":[10.272589,56.206574]},"properties":{"name":"Blomstervangen/Egå Strandvej (Aarhus Kom)","lines":"17","arr":["17"],"terminus":0,"mode":"bus","color":"#0059a9","colorDark":"#00294f","angle":215,"snapDist":9,"label":0}},{"type":"Feature","geometry":{"type":"Point","coordinates":[10.280336,56.206161]},"properties":{"name":"Solvejen/Egå Strandvej (Aarhus Kom)","lines":"17","arr":["17"],"terminus":0,"mode":"bus","color":"#0059a9","colorDark":"#00294f","angle":151.2,"snapDist":7,"label":0}},{"type":"Feature","geometry":{"type":"Point","coordinates":[10.285372,56.210689]},"properties":{"name":"Egå Marina/Egå Strandvej (Aarhus Kom)","lines":"17","arr":["17"],"terminus":0,"mode":"bus","color":"#0059a9","colorDark":"#00294f","angle":119.8,"snapDist":7,"label":0}},{"type":"Feature","geometry":{"type":"Point","coordinates":[10.289242,56.213512]},"properties":{"name":"Søtoften/Egå Strandvej (Aarhus Kom)","lines":"17","arr":["17"],"terminus":0,"mode":"bus","color":"#0059a9","colorDark":"#00294f","angle":122,"snapDist":6,"label":0}},{"type":"Feature","geometry":{"type":"Point","coordinates":[10.293844,56.218001]},"properties":{"name":"Kystparken/Skæring Strandvej (Aarhus Kom)","lines":"17","arr":["17"],"terminus":0,"mode":"bus","color":"#0059a9","colorDark":"#00294f","angle":127.1,"snapDist":5,"label":0}},{"type":"Feature","geometry":{"type":"Point","coordinates":[10.297602,56.220741]},"properties":{"name":"Toftegårdsvej/Skæring Strandvej (Aarhus Kom)","lines":"17","arr":["17"],"terminus":0,"mode":"bus","color":"#0059a9","colorDark":"#00294f","angle":127.5,"snapDist":7,"label":0}},{"type":"Feature","geometry":{"type":"Point","coordinates":[10.303282,56.225275]},"properties":{"name":"Skæring Skole/Skæring Strandvej (Aarhus Kom)","lines":"17","arr":["17"],"terminus":0,"mode":"bus","color":"#0059a9","colorDark":"#00294f","angle":122.9,"snapDist":5,"label":0}},{"type":"Feature","geometry":{"type":"Point","coordinates":[10.305246,56.22823]},"properties":{"name":"Lavendelvej/Skæring Havvej (Aarhus Kom)","lines":"17","arr":["17"],"terminus":0,"mode":"bus","color":"#0059a9","colorDark":"#00294f","angle":39.9,"snapDist":4,"label":0}},{"type":"Feature","geometry":{"type":"Point","coordinates":[10.302089,56.229399]},"properties":{"name":"Folkehuset Skæring/Skæring Havvej (Aarhus Kom)","lines":"17","arr":["17"],"terminus":0,"mode":"bus","color":"#0059a9","colorDark":"#00294f","angle":26.8,"snapDist":4,"label":0}},{"type":"Feature","geometry":{"type":"Point","coordinates":[10.297473,56.231231]},"properties":{"name":"Skæring Hedevej (Aarhus Kom)","lines":"17","arr":["17"],"terminus":0,"mode":"bus","color":"#0059a9","colorDark":"#00294f","angle":83,"snapDist":3,"label":0}},{"type":"Feature","geometry":{"type":"Point","coordinates":[10.302,56.233837]},"properties":{"name":"Skæring Parkvej/Skæring Hedevej (Aarhus Kom)","lines":"17","arr":["17"],"terminus":0,"mode":"bus","color":"#0059a9","colorDark":"#00294f","angle":193.2,"snapDist":6,"label":0}},{"type":"Feature","geometry":{"type":"Point","coordinates":[10.30493,56.233554]},"properties":{"name":"Skæring Kirkevej/Skæring Hedevej (Aarhus Kom)","lines":"17","arr":["17"],"terminus":0,"mode":"bus","color":"#0059a9","colorDark":"#00294f","angle":187.5,"snapDist":5,"label":0}},{"type":"Feature","geometry":{"type":"Point","coordinates":[10.309543,56.233456]},"properties":{"name":"Skæring Sandager/Skæring Hedevej (Aarhus Kom)","lines":"17","arr":["17"],"terminus":0,"mode":"bus","color":"#0059a9","colorDark":"#00294f","angle":177.2,"snapDist":5,"label":0}},{"type":"Feature","geometry":{"type":"Point","coordinates":[10.312958,56.233352]},"properties":{"name":"Skæring Hedevej/Skæring Busvej (Aarhus Kom)","lines":"17","arr":["17"],"terminus":0,"mode":"bus","color":"#0059a9","colorDark":"#00294f","angle":252.6,"snapDist":6,"label":0}},{"type":"Feature","geometry":{"type":"Point","coordinates":[10.314092,56.22971]},"properties":{"name":"Havbakkevej/Skæring Busvej (Aarhus Kom)","lines":"17","arr":["17"],"terminus":0,"mode":"bus","color":"#0059a9","colorDark":"#00294f","angle":252.6,"snapDist":6,"label":0}},{"type":"Feature","geometry":{"type":"Point","coordinates":[10.320755,56.230329]},"properties":{"name":"Skabiosevej/Strandvangsvej (Aarhus Kom)","lines":"17","arr":["17"],"terminus":0,"mode":"bus","color":"#0059a9","colorDark":"#00294f","angle":173.7,"snapDist":6,"label":0}},{"type":"Feature","geometry":{"type":"Point","coordinates":[10.32689,56.232052]},"properties":{"name":"Havlundsvej/Strandvangsvej (Aarhus Kom)","lines":"17","arr":["17"],"terminus":0,"mode":"bus","color":"#0059a9","colorDark":"#00294f","angle":120.8,"snapDist":4,"label":0}},{"type":"Feature","geometry":{"type":"Point","coordinates":[10.329649,56.235488]},"properties":{"name":"Sneppevej/Plantagevej (Aarhus Kom)","lines":"17","arr":["17"],"terminus":0,"mode":"bus","color":"#0059a9","colorDark":"#00294f","angle":96.6,"snapDist":3,"label":0}},{"type":"Feature","geometry":{"type":"Point","coordinates":[10.33194,56.239692]},"properties":{"name":"Nålestien/Åstrup Strandvej (Aarhus Kom)","lines":"17","arr":["17"],"terminus":0,"mode":"bus","color":"#0059a9","colorDark":"#00294f","angle":110.9,"snapDist":6,"label":0}},{"type":"Feature","geometry":{"type":"Point","coordinates":[10.334063,56.242778]},"properties":{"name":"Under Rønnene/Åstrup Strandvej (Aarhus Kom)","lines":"17","arr":["17"],"terminus":0,"mode":"bus","color":"#0059a9","colorDark":"#00294f","angle":111.1,"snapDist":6,"label":0}},{"type":"Feature","geometry":{"type":"Point","coordinates":[10.334636,56.245261]},"properties":{"name":"Kaløvig Lystbådehavn/Åstrup Strandvej (Aarhus Kom)","lines":"17","arr":["17"],"terminus":0,"mode":"bus","color":"#0059a9","colorDark":"#00294f","angle":91.4,"snapDist":6,"label":0}},{"type":"Feature","geometry":{"type":"Point","coordinates":[10.319651,56.250328]},"properties":{"name":"Åstrup (Aarhus Kom)","lines":"17","arr":["17"],"terminus":0,"mode":"bus","color":"#0059a9","colorDark":"#00294f","angle":41.5,"snapDist":1,"label":0}},{"type":"Feature","geometry":{"type":"Point","coordinates":[10.333301,56.255234]},"properties":{"name":"Ny Studstrupvej/Studstrupvej (Aarhus Kom)","lines":"17","arr":["17"],"terminus":0,"mode":"bus","color":"#0059a9","colorDark":"#00294f","angle":132.1,"snapDist":3,"label":0}},{"type":"Feature","geometry":{"type":"Point","coordinates":[10.335564,56.257905]},"properties":{"name":"Præstekravevej/Studstrupvej (Aarhus Kom)","lines":"17","arr":["17"],"terminus":0,"mode":"bus","color":"#0059a9","colorDark":"#00294f","angle":99.3,"snapDist":2,"label":0}},{"type":"Feature","geometry":{"type":"Point","coordinates":[10.335269,56.260475]},"properties":{"name":"Sanatorievej/Studstrupvej (Aarhus Kom)","lines":"17","arr":["17"],"terminus":0,"mode":"bus","color":"#0059a9","colorDark":"#00294f","angle":96.5,"snapDist":10,"label":1}},{"type":"Feature","geometry":{"type":"Point","coordinates":[10.251065,56.23878]},"properties":{"name":"Lystrup/Majsmarken (Aarhus Kom)","lines":"18, 45","arr":["18","45"],"terminus":1,"mode":"bus","color":"#0059a9","colorDark":"#00294f","angle":248.1,"snapDist":7,"label":1}},{"type":"Feature","geometry":{"type":"Point","coordinates":[10.247853,56.241584]},"properties":{"name":"Blåbærhaven/Lystrup Busvej (Aarhus Kom)","lines":"18","arr":["18"],"terminus":0,"mode":"bus","color":"#0059a9","colorDark":"#00294f","angle":30.3,"snapDist":3,"label":1}},{"type":"Feature","geometry":{"type":"Point","coordinates":[10.24208,56.243478]},"properties":{"name":"Kirsebærhaven/Lystrup Busvej (Aarhus Kom)","lines":"18","arr":["18"],"terminus":0,"mode":"bus","color":"#0059a9","colorDark":"#00294f","angle":5.2,"snapDist":3,"label":1}},{"type":"Feature","geometry":{"type":"Point","coordinates":[10.240794,56.247227]},"properties":{"name":"Hindbærhaven/Asmusgårdsvej (Aarhus Kom)","lines":"18","arr":["18"],"terminus":0,"mode":"bus","color":"#0059a9","colorDark":"#00294f","angle":342.6,"snapDist":5,"label":1}},{"type":"Feature","geometry":{"type":"Point","coordinates":[10.234709,56.246304]},"properties":{"name":"Birkehaven/Asmusgårdsvej (Aarhus Kom)","lines":"18","arr":["18"],"terminus":0,"mode":"bus","color":"#0059a9","colorDark":"#00294f","angle":346.3,"snapDist":5,"label":1}},{"type":"Feature","geometry":{"type":"Point","coordinates":[10.234277,56.24382]},"properties":{"name":"Elsted Byvej/Sønderskovvej (Aarhus Kom)","lines":"18, 32","arr":["18","32"],"terminus":0,"mode":"bus","color":"#0059a9","colorDark":"#00294f","angle":265.6,"snapDist":7,"label":1}},{"type":"Feature","geometry":{"type":"Point","coordinates":[10.234498,56.242081]},"properties":{"name":"Elstedhøj/Sønderskovvej (Aarhus Kom)","lines":"18, 32","arr":["18","32"],"terminus":0,"mode":"bus","color":"#0059a9","colorDark":"#00294f","angle":267.1,"snapDist":7,"label":1}},{"type":"Feature","geometry":{"type":"Point","coordinates":[10.235285,56.239513]},"properties":{"name":"Indelukket/Sønderskovvej (Aarhus Kom)","lines":"18, 32, 45","arr":["18","32","45"],"terminus":0,"mode":"bus","color":"#0059a9","colorDark":"#00294f","angle":255,"snapDist":9,"label":1}},{"type":"Feature","geometry":{"type":"Point","coordinates":[10.230358,56.233884]},"properties":{"name":"Bystævnet/Lystrupvej (Aarhus Kom)","lines":"18","arr":["18"],"terminus":0,"mode":"bus","color":"#0059a9","colorDark":"#00294f","angle":245.6,"snapDist":8,"label":1}},{"type":"Feature","geometry":{"type":"Point","coordinates":[10.231309,56.229308]},"properties":{"name":"Lystruplund/Lystrupvej (Aarhus Kom)","lines":"18","arr":["18"],"terminus":0,"mode":"bus","color":"#0059a9","colorDark":"#00294f","angle":268.8,"snapDist":9,"label":1}},{"type":"Feature","geometry":{"type":"Point","coordinates":[10.231805,56.226453]},"properties":{"name":"Mosevangen/Lystrupvej (Aarhus Kom)","lines":"18","arr":["18"],"terminus":0,"mode":"bus","color":"#0059a9","colorDark":"#00294f","angle":263.7,"snapDist":9,"label":1}},{"type":"Feature","geometry":{"type":"Point","coordinates":[10.217841,56.188877]},"properties":{"name":"Veri Center/Vejlby Ringvej (Aarhus Kom)","lines":"18","arr":["18"],"terminus":0,"mode":"bus","color":"#0059a9","colorDark":"#00294f","angle":333.9,"snapDist":9,"label":1}},{"type":"Feature","geometry":{"type":"Point","coordinates":[10.214167,56.187662]},"properties":{"name":"Frijsenborgvej/Vejlby Ringvej (Aarhus Kom)","lines":"18","arr":["18"],"terminus":0,"mode":"bus","color":"#0059a9","colorDark":"#00294f","angle":329.1,"snapDist":12,"label":1}},{"type":"Feature","geometry":{"type":"Point","coordinates":[10.208019,56.185633]},"properties":{"name":"Kongevellen/Vejlby Ringvej (Aarhus Kom)","lines":"18","arr":["18"],"terminus":0,"mode":"bus","color":"#0059a9","colorDark":"#00294f","angle":330.1,"snapDist":11,"label":1}},{"type":"Feature","geometry":{"type":"Point","coordinates":[10.194849,56.139818]},"properties":{"name":"Marselis Boulevard/Stadion Allé (Aarhus Kom)","lines":"18","arr":["18"],"terminus":0,"mode":"bus","color":"#0059a9","colorDark":"#00294f","angle":262.8,"snapDist":8,"label":1}},{"type":"Feature","geometry":{"type":"Point","coordinates":[10.195175,56.137315]},"properties":{"name":"Tivoli Friheden/Stadion Allé (Aarhus Kom)","lines":"18","arr":["18"],"terminus":0,"mode":"bus","color":"#0059a9","colorDark":"#00294f","angle":331.2,"snapDist":14,"label":1}},{"type":"Feature","geometry":{"type":"Point","coordinates":[10.196033,56.117861]},"properties":{"name":"Kridthøjtorvet/Rosenvangs Allé (Aarhus Kom)","lines":"18","arr":["18"],"terminus":0,"mode":"bus","color":"#0059a9","colorDark":"#00294f","angle":200.7,"snapDist":8,"label":1}},{"type":"Feature","geometry":{"type":"Point","coordinates":[10.199117,56.117251]},"properties":{"name":"L. A. Rings Vej/Rosenvangs Allé (Aarhus Kom)","lines":"18","arr":["18"],"terminus":0,"mode":"bus","color":"#0059a9","colorDark":"#00294f","angle":193.8,"snapDist":7,"label":1}},{"type":"Feature","geometry":{"type":"Point","coordinates":[10.206256,56.116507]},"properties":{"name":"Højbjerg Torv/Rosenvangs Allé (Aarhus Kom)","lines":"18","arr":["18"],"terminus":0,"mode":"bus","color":"#0059a9","colorDark":"#00294f","angle":190.4,"snapDist":6,"label":1}},{"type":"Feature","geometry":{"type":"Point","coordinates":[10.213244,56.115374]},"properties":{"name":"Højmarkvej/Grumstolsvej (Aarhus Kom)","lines":"18","arr":["18"],"terminus":0,"mode":"bus","color":"#0059a9","colorDark":"#00294f","angle":209.9,"snapDist":8,"label":1}},{"type":"Feature","geometry":{"type":"Point","coordinates":[10.216702,56.114906]},"properties":{"name":"Jagtvej/Grumstolsvej (Aarhus Kom)","lines":"18","arr":["18"],"terminus":0,"mode":"bus","color":"#0059a9","colorDark":"#00294f","angle":178.2,"snapDist":7,"label":1}},{"type":"Feature","geometry":{"type":"Point","coordinates":[10.222305,56.111962]},"properties":{"name":"Bekkasinvej/Grumstolsvej (Aarhus Kom)","lines":"18","arr":["18"],"terminus":0,"mode":"bus","color":"#0059a9","colorDark":"#00294f","angle":234.8,"snapDist":8,"label":1}},{"type":"Feature","geometry":{"type":"Point","coordinates":[10.222247,56.110308]},"properties":{"name":"Ildervej/Hørhavevej (Aarhus Kom)","lines":"18","arr":["18"],"terminus":0,"mode":"bus","color":"#0059a9","colorDark":"#00294f","angle":340.3,"snapDist":10,"label":1}},{"type":"Feature","geometry":{"type":"Point","coordinates":[10.217847,56.109584]},"properties":{"name":"Elsdyrvej/Hørhavevej (Aarhus Kom)","lines":"18","arr":["18"],"terminus":0,"mode":"bus","color":"#0059a9","colorDark":"#00294f","angle":349.8,"snapDist":7,"label":1}},{"type":"Feature","geometry":{"type":"Point","coordinates":[10.214374,56.10851]},"properties":{"name":"Emiliedalsvej/Ny Moesgårdvej (Aarhus Kom)","lines":"18","arr":["18"],"terminus":0,"mode":"bus","color":"#0059a9","colorDark":"#00294f","angle":239.2,"snapDist":8,"label":1}},{"type":"Feature","geometry":{"type":"Point","coordinates":[10.215956,56.104707]},"properties":{"name":"Broen/Ny Moesgårdvej (Aarhus Kom)","lines":"18","arr":["18"],"terminus":0,"mode":"bus","color":"#0059a9","colorDark":"#00294f","angle":251.2,"snapDist":5,"label":1}},{"type":"Feature","geometry":{"type":"Point","coordinates":[10.216336,56.102516]},"properties":{"name":"Sandmosevej/Ny Moesgårdvej (Aarhus Kom)","lines":"18","arr":["18"],"terminus":0,"mode":"bus","color":"#0059a9","colorDark":"#00294f","angle":279.5,"snapDist":6,"label":1}},{"type":"Feature","geometry":{"type":"Point","coordinates":[10.215406,56.1]},"properties":{"name":"Aarhus Efterskole/Ny Moesgårdvej (Aarhus Kom)","lines":"18","arr":["18"],"terminus":0,"mode":"bus","color":"#0059a9","colorDark":"#00294f","angle":269.2,"snapDist":3,"label":1}},{"type":"Feature","geometry":{"type":"Point","coordinates":[10.217053,56.097689]},"properties":{"name":"Handelsfagskolen/Ny Moesgårdvej (Aarhus Kom)","lines":"18","arr":["18"],"terminus":0,"mode":"bus","color":"#0059a9","colorDark":"#00294f","angle":248,"snapDist":7,"label":1}},{"type":"Feature","geometry":{"type":"Point","coordinates":[10.219349,56.093584]},"properties":{"name":"Golfbanen/Ny Moesgårdvej (Aarhus Kom)","lines":"18","arr":["18"],"terminus":0,"mode":"bus","color":"#0059a9","colorDark":"#00294f","angle":279.6,"snapDist":4,"label":1}},{"type":"Feature","geometry":{"type":"Point","coordinates":[10.222425,56.086397]},"properties":{"name":"Moesgaard Museum (Aarhus Kom)","lines":"18","arr":["18"],"terminus":1,"mode":"bus","color":"#0059a9","colorDark":"#00294f","angle":66.3,"snapDist":3,"label":1}},{"type":"Feature","geometry":{"type":"Point","coordinates":[10.219323,56.093498]},"properties":{"name":"Golfbanen/Ny Moesgårdvej (Aarhus Kom)","lines":"18","arr":["18"],"terminus":0,"mode":"bus","color":"#0059a9","colorDark":"#00294f","angle":99.6,"snapDist":5,"label":0}},{"type":"Feature","geometry":{"type":"Point","coordinates":[10.217161,56.097541]},"properties":{"name":"Handelsfagskolen/Ny Moesgårdvej (Aarhus Kom)","lines":"18","arr":["18"],"terminus":0,"mode":"bus","color":"#0059a9","colorDark":"#00294f","angle":67.8,"snapDist":4,"label":0}},{"type":"Feature","geometry":{"type":"Point","coordinates":[10.216439,56.102871]},"properties":{"name":"Sandmosevej/Ny Moesgårdvej (Aarhus Kom)","lines":"18","arr":["18"],"terminus":0,"mode":"bus","color":"#0059a9","colorDark":"#00294f","angle":98.6,"snapDist":6,"label":0}},{"type":"Feature","geometry":{"type":"Point","coordinates":[10.215824,56.104924]},"properties":{"name":"Broen/Ny Moesgårdvej (Aarhus Kom)","lines":"18","arr":["18"],"terminus":0,"mode":"bus","color":"#0059a9","colorDark":"#00294f","angle":71.2,"snapDist":5,"label":0}},{"type":"Feature","geometry":{"type":"Point","coordinates":[10.214322,56.108558]},"properties":{"name":"Emiliedalsvej/Ny Moesgårdvej (Aarhus Kom)","lines":"18","arr":["18"],"terminus":0,"mode":"bus","color":"#0059a9","colorDark":"#00294f","angle":59.2,"snapDist":7,"label":0}},{"type":"Feature","geometry":{"type":"Point","coordinates":[10.217077,56.109517]},"properties":{"name":"Elsdyrvej/Hørhavevej (Aarhus Kom)","lines":"18","arr":["18"],"terminus":0,"mode":"bus","color":"#0059a9","colorDark":"#00294f","angle":174,"snapDist":4,"label":0}},{"type":"Feature","geometry":{"type":"Point","coordinates":[10.223052,56.110686]},"properties":{"name":"Ildervej/Hørhavevej (Aarhus Kom)","lines":"18","arr":["18"],"terminus":0,"mode":"bus","color":"#0059a9","colorDark":"#00294f","angle":138.6,"snapDist":8,"label":0}},{"type":"Feature","geometry":{"type":"Point","coordinates":[10.222674,56.111674]},"properties":{"name":"Bekkasinvej/Grumstolsvej (Aarhus Kom)","lines":"18","arr":["18"],"terminus":0,"mode":"bus","color":"#0059a9","colorDark":"#00294f","angle":54.4,"snapDist":10,"label":0}},{"type":"Feature","geometry":{"type":"Point","coordinates":[10.216584,56.114904]},"properties":{"name":"Jagtvej/Grumstolsvej (Aarhus Kom)","lines":"18","arr":["18"],"terminus":0,"mode":"bus","color":"#0059a9","colorDark":"#00294f","angle":358.2,"snapDist":5,"label":0}},{"type":"Feature","geometry":{"type":"Point","coordinates":[10.212405,56.115648]},"properties":{"name":"Højmarkvej/Grumstolsvej (Aarhus Kom)","lines":"18","arr":["18"],"terminus":0,"mode":"bus","color":"#0059a9","colorDark":"#00294f","angle":31.4,"snapDist":8,"label":0}},{"type":"Feature","geometry":{"type":"Point","coordinates":[10.206277,56.116505]},"properties":{"name":"Højbjerg Torv/Rosenvangs Allé (Aarhus Kom)","lines":"18","arr":["18"],"terminus":0,"mode":"bus","color":"#0059a9","colorDark":"#00294f","angle":10.4,"snapDist":4,"label":0}},{"type":"Feature","geometry":{"type":"Point","coordinates":[10.199052,56.11726]},"properties":{"name":"L. A. Rings Vej/Rosenvangs Allé (Aarhus Kom)","lines":"18","arr":["18"],"terminus":0,"mode":"bus","color":"#0059a9","colorDark":"#00294f","angle":13.8,"snapDist":6,"label":0}},{"type":"Feature","geometry":{"type":"Point","coordinates":[10.194945,56.118169]},"properties":{"name":"Kridthøjtorvet/Rosenvangs Allé (Aarhus Kom)","lines":"18","arr":["18"],"terminus":0,"mode":"bus","color":"#0059a9","colorDark":"#00294f","angle":35.3,"snapDist":6,"label":0}},{"type":"Feature","geometry":{"type":"Point","coordinates":[10.190592,56.136454]},"properties":{"name":"Jyllands Allé/Skovbrynet (Aarhus Kom)","lines":"18","arr":["18"],"terminus":0,"mode":"bus","color":"#0059a9","colorDark":"#00294f","angle":161.3,"snapDist":7,"label":1}},{"type":"Feature","geometry":{"type":"Point","coordinates":[10.195326,56.13771]},"properties":{"name":"Tivoli Friheden/Stadion Allé (Aarhus Kom)","lines":"18","arr":["18"],"terminus":0,"mode":"bus","color":"#0059a9","colorDark":"#00294f","angle":82.8,"snapDist":7,"label":0}},{"type":"Feature","geometry":{"type":"Point","coordinates":[10.204189,56.184245]},"properties":{"name":"Vorregårds Allé/Vejlby Ringvej (Aarhus Kom)","lines":"18","arr":["18"],"terminus":0,"mode":"bus","color":"#0059a9","colorDark":"#00294f","angle":149.1,"snapDist":8,"label":0}},{"type":"Feature","geometry":{"type":"Point","coordinates":[10.20919,56.185873]},"properties":{"name":"Kongevellen/Vejlby Ringvej (Aarhus Kom)","lines":"18","arr":["18"],"terminus":0,"mode":"bus","color":"#0059a9","colorDark":"#00294f","angle":149.2,"snapDist":13,"label":0}},{"type":"Feature","geometry":{"type":"Point","coordinates":[10.215197,56.187864]},"properties":{"name":"Frijsenborgvej/Vejlby Ringvej (Aarhus Kom)","lines":"18","arr":["18"],"terminus":0,"mode":"bus","color":"#0059a9","colorDark":"#00294f","angle":149.4,"snapDist":13,"label":0}},{"type":"Feature","geometry":{"type":"Point","coordinates":[10.231873,56.22611]},"properties":{"name":"Mosevangen/Lystrupvej (Aarhus Kom)","lines":"18, 45","arr":["18","45"],"terminus":0,"mode":"bus","color":"#0059a9","colorDark":"#00294f","angle":83.7,"snapDist":7,"label":0}},{"type":"Feature","geometry":{"type":"Point","coordinates":[10.231312,56.229213]},"properties":{"name":"Lystruplund/Lystrupvej (Aarhus Kom)","lines":"18, 45","arr":["18","45"],"terminus":0,"mode":"bus","color":"#0059a9","colorDark":"#00294f","angle":88.8,"snapDist":6,"label":0}},{"type":"Feature","geometry":{"type":"Point","coordinates":[10.235111,56.239882]},"properties":{"name":"Indelukket/Sønderskovvej (Aarhus Kom)","lines":"18, 32, 45","arr":["18","32","45"],"terminus":0,"mode":"bus","color":"#0059a9","colorDark":"#00294f","angle":75.4,"snapDist":6,"label":0}},{"type":"Feature","geometry":{"type":"Point","coordinates":[10.234493,56.242137]},"properties":{"name":"Elstedhøj/Sønderskovvej (Aarhus Kom)","lines":"18, 32, 45","arr":["18","32","45"],"terminus":0,"mode":"bus","color":"#0059a9","colorDark":"#00294f","angle":87.1,"snapDist":5,"label":0}},{"type":"Feature","geometry":{"type":"Point","coordinates":[10.2342,56.244354]},"properties":{"name":"Elsted Byvej/Sønderskovvej (Aarhus Kom)","lines":"18, 32, 45","arr":["18","32","45"],"terminus":0,"mode":"bus","color":"#0059a9","colorDark":"#00294f","angle":84.9,"snapDist":8,"label":0}},{"type":"Feature","geometry":{"type":"Point","coordinates":[10.234452,56.246269]},"properties":{"name":"Birkehaven/Asmusgårdsvej (Aarhus Kom)","lines":"18, 45","arr":["18","45"],"terminus":0,"mode":"bus","color":"#0059a9","colorDark":"#00294f","angle":166.3,"snapDist":6,"label":0}},{"type":"Feature","geometry":{"type":"Point","coordinates":[10.240803,56.247229]},"properties":{"name":"Hindbærhaven/Asmusgårdsvej (Aarhus Kom)","lines":"18, 45","arr":["18","45"],"terminus":0,"mode":"bus","color":"#0059a9","colorDark":"#00294f","angle":162.6,"snapDist":6,"label":0}},{"type":"Feature","geometry":{"type":"Point","coordinates":[10.241936,56.243487]},"properties":{"name":"Kirsebærhaven/Lystrup Busvej (Aarhus Kom)","lines":"18, 45","arr":["18","45"],"terminus":0,"mode":"bus","color":"#0059a9","colorDark":"#00294f","angle":186.6,"snapDist":9,"label":0}},{"type":"Feature","geometry":{"type":"Point","coordinates":[10.247322,56.241643]},"properties":{"name":"Blåbærhaven/Lystrup Busvej (Aarhus Kom)","lines":"18, 45","arr":["18","45"],"terminus":0,"mode":"bus","color":"#0059a9","colorDark":"#00294f","angle":195.6,"snapDist":5,"label":0}},{"type":"Feature","geometry":{"type":"Point","coordinates":[9.919371,56.027208]},"properties":{"name":"FLOK v. Sølund/Dyrehaven (Skanderborg Kom)","lines":"21","arr":["21"],"terminus":1,"mode":"bus","color":"#0059a9","colorDark":"#00294f","angle":352.7,"snapDist":7,"label":1}},{"type":"Feature","geometry":{"type":"Point","coordinates":[9.909098,56.026656]},"properties":{"name":"Døjsøvej/Dyrehaven (Skanderborg Kom)","lines":"21","arr":["21"],"terminus":0,"mode":"bus","color":"#0059a9","colorDark":"#00294f","angle":355.8,"snapDist":7,"label":1}},{"type":"Feature","geometry":{"type":"Point","coordinates":[9.897036,56.024927]},"properties":{"name":"Vrold (Skanderborg Kom)","lines":"21, 26S","arr":["21","26S"],"terminus":1,"mode":"bus","color":"#0059a9","colorDark":"#00294f","angle":65.8,"snapDist":7,"label":1}},{"type":"Feature","geometry":{"type":"Point","coordinates":[9.89464,56.025772]},"properties":{"name":"Bytoften/Vrold Tværvej (Skanderborg Kom)","lines":"21, 26S","arr":["21","26S"],"terminus":0,"mode":"bus","color":"#0059a9","colorDark":"#00294f","angle":17.1,"snapDist":4,"label":1}},{"type":"Feature","geometry":{"type":"Point","coordinates":[9.891339,56.026354]},"properties":{"name":"Almuevej/Vrold Tværvej (Skanderborg Kom)","lines":"21, 26S","arr":["21","26S"],"terminus":0,"mode":"bus","color":"#0059a9","colorDark":"#00294f","angle":23,"snapDist":7,"label":1}},{"type":"Feature","geometry":{"type":"Point","coordinates":[9.887936,56.029145]},"properties":{"name":"Smedetoften/Vrold Tværvej (Skanderborg Kom)","lines":"21, 26S","arr":["21","26S"],"terminus":0,"mode":"bus","color":"#0059a9","colorDark":"#00294f","angle":76.5,"snapDist":8,"label":1}},{"type":"Feature","geometry":{"type":"Point","coordinates":[9.894841,56.031585]},"properties":{"name":"Mossøvej/Vroldvej (Skanderborg Kom)","lines":"21, 26S","arr":["21","26S"],"terminus":0,"mode":"bus","color":"#0059a9","colorDark":"#00294f","angle":151.2,"snapDist":8,"label":1}},{"type":"Feature","geometry":{"type":"Point","coordinates":[9.899506,56.033372]},"properties":{"name":"Legårdsvej/Vroldvej (Skanderborg Kom)","lines":"21, 26S","arr":["21","26S"],"terminus":0,"mode":"bus","color":"#0059a9","colorDark":"#00294f","angle":140.9,"snapDist":8,"label":1}},{"type":"Feature","geometry":{"type":"Point","coordinates":[9.906254,56.036113]},"properties":{"name":"Eskebækparken/Vroldvej (Skanderborg Kom)","lines":"21, 26S","arr":["21","26S"],"terminus":0,"mode":"bus","color":"#0059a9","colorDark":"#00294f","angle":142.6,"snapDist":11,"label":1}},{"type":"Feature","geometry":{"type":"Point","coordinates":[9.911431,56.038232]},"properties":{"name":"Egevang/Vroldvej (Skanderborg Kom)","lines":"21, 26S","arr":["21","26S"],"terminus":0,"mode":"bus","color":"#0059a9","colorDark":"#00294f","angle":144.2,"snapDist":7,"label":1}},{"type":"Feature","geometry":{"type":"Point","coordinates":[9.915161,56.0389]},"properties":{"name":"Vroldvej/Vestergade (Skanderborg Kom)","lines":"21","arr":["21"],"terminus":0,"mode":"bus","color":"#0059a9","colorDark":"#00294f","angle":184.4,"snapDist":6,"label":1}},{"type":"Feature","geometry":{"type":"Point","coordinates":[9.91959,56.036913]},"properties":{"name":"Birkevej/Vestergade (Skanderborg Kom)","lines":"21","arr":["21"],"terminus":0,"mode":"bus","color":"#0059a9","colorDark":"#00294f","angle":242.6,"snapDist":7,"label":1}},{"type":"Feature","geometry":{"type":"Point","coordinates":[9.921474,56.035207]},"properties":{"name":"Mågevej/Vestergade (Skanderborg Kom)","lines":"21","arr":["21"],"terminus":0,"mode":"bus","color":"#0059a9","colorDark":"#00294f","angle":233.9,"snapDist":5,"label":1}},{"type":"Feature","geometry":{"type":"Point","coordinates":[9.92352,56.034052]},"properties":{"name":"Sølundsvej/Vestergade (Skanderborg Kom)","lines":"21","arr":["21"],"terminus":0,"mode":"bus","color":"#0059a9","colorDark":"#00294f","angle":-147.8,"snapDist":8,"label":1}},{"type":"Feature","geometry":{"type":"Point","coordinates":[9.928471,56.032623]},"properties":{"name":"Sygehusvej/Vestergade (Skanderborg Kom)","lines":"21","arr":["21"],"terminus":0,"mode":"bus","color":"#0059a9","colorDark":"#00294f","angle":194.2,"snapDist":8,"label":1}},{"type":"Feature","geometry":{"type":"Point","coordinates":[9.929243,56.034137]},"properties":{"name":"Dagmar Centret/Sygehusvej (Skanderborg Kom)","lines":"21","arr":["21"],"terminus":0,"mode":"bus","color":"#0059a9","colorDark":"#00294f","angle":104.2,"snapDist":6,"label":1}},{"type":"Feature","geometry":{"type":"Point","coordinates":[9.931185,56.035622]},"properties":{"name":"O.L. Kirkegaards Stræde/Adelgade (Skanderborg Kom)","lines":"21","arr":["21"],"terminus":0,"mode":"bus","color":"#0059a9","colorDark":"#00294f","angle":76.4,"snapDist":7,"label":1}},{"type":"Feature","geometry":{"type":"Point","coordinates":[9.929711,56.038213]},"properties":{"name":"Mindet/Banegårdsvej (Skanderborg Kom)","lines":"21","arr":["21"],"terminus":0,"mode":"bus","color":"#0059a9","colorDark":"#00294f","angle":231.1,"snapDist":4,"label":1}},{"type":"Feature","geometry":{"type":"Point","coordinates":[9.927676,56.039589]},"properties":{"name":"Skanderupbækken/Banegårdsvej (Skanderborg Kom)","lines":"21","arr":["21"],"terminus":0,"mode":"bus","color":"#0059a9","colorDark":"#00294f","angle":51.1,"snapDist":6,"label":1}},{"type":"Feature","geometry":{"type":"Point","coordinates":[9.924554,56.042952]},"properties":{"name":"Skanderborg St./Jernbanevej (Skanderborg Kom)","lines":"21, 200, 311","arr":["21","200","311"],"terminus":0,"mode":"bus","color":"#0059a9","colorDark":"#00294f","angle":162.8,"snapDist":8,"label":1}},{"type":"Feature","geometry":{"type":"Point","coordinates":[9.930741,56.044288]},"properties":{"name":"Ladegårdsbakken/Nørregade (Skanderborg Kom)","lines":"21, 309, 331","arr":["21","309","331"],"terminus":0,"mode":"bus","color":"#0059a9","colorDark":"#00294f","angle":152.2,"snapDist":8,"label":1}},{"type":"Feature","geometry":{"type":"Point","coordinates":[9.936865,56.047234]},"properties":{"name":"Ladegårdsbakken/Solgårdsvej (Skanderborg Kom)","lines":"21, 309, 331","arr":["21","309","331"],"terminus":0,"mode":"bus","color":"#0059a9","colorDark":"#00294f","angle":140.7,"snapDist":12,"label":1}},{"type":"Feature","geometry":{"type":"Point","coordinates":[9.944674,56.048628]},"properties":{"name":"Ladegårdsbakken/Højvangen (Skanderborg Kom)","lines":"21, 200, 309, 311, 330, 331","arr":["21","200","309","311","330","331"],"terminus":0,"mode":"bus","color":"#0059a9","colorDark":"#00294f","angle":172.1,"snapDist":11,"label":1}},{"type":"Feature","geometry":{"type":"Point","coordinates":[9.947949,56.045854]},"properties":{"name":"Campus Skanderborg/Højvangens Torv","lines":"21, 331","arr":["21","331"],"terminus":0,"mode":"bus","color":"#0059a9","colorDark":"#00294f","angle":250.3,"snapDist":12,"label":0}},{"type":"Feature","geometry":{"type":"Point","coordinates":[9.950841,56.04194]},"properties":{"name":"Digterstien/Højvangen (Skanderborg Kom)","lines":"21, 331","arr":["21","331"],"terminus":0,"mode":"bus","color":"#0059a9","colorDark":"#00294f","angle":239.7,"snapDist":10,"label":1}},{"type":"Feature","geometry":{"type":"Point","coordinates":[9.954977,56.039576]},"properties":{"name":"Fuglestien/Højvangen (Skanderborg Kom)","lines":"21, 331","arr":["21","331"],"terminus":0,"mode":"bus","color":"#0059a9","colorDark":"#00294f","angle":218.6,"snapDist":10,"label":1}},{"type":"Feature","geometry":{"type":"Point","coordinates":[9.959236,56.037457]},"properties":{"name":"Jægerstien/Højvangen (Skanderborg Kom)","lines":"21, 331","arr":["21","331"],"terminus":0,"mode":"bus","color":"#0059a9","colorDark":"#00294f","angle":226.3,"snapDist":9,"label":1}},{"type":"Feature","geometry":{"type":"Point","coordinates":[9.962319,56.035978]},"properties":{"name":"Holtskovvej/Højvangen (Skanderborg Kom)","lines":"21","arr":["21"],"terminus":0,"mode":"bus","color":"#0059a9","colorDark":"#00294f","angle":36.7,"snapDist":15,"label":1}},{"type":"Feature","geometry":{"type":"Point","coordinates":[9.965336,56.037649]},"properties":{"name":"Grævlingevej/Holtskovvej (Skanderborg Kom)","lines":"21, 331","arr":["21","331"],"terminus":0,"mode":"bus","color":"#0059a9","colorDark":"#00294f","angle":126.1,"snapDist":11,"label":1}},{"type":"Feature","geometry":{"type":"Point","coordinates":[9.967274,56.039128]},"properties":{"name":"Holtskovgårdsvej/Holtskovvej (Skanderborg Kom)","lines":"21, 331","arr":["21","331"],"terminus":0,"mode":"bus","color":"#0059a9","colorDark":"#00294f","angle":129.1,"snapDist":10,"label":1}},{"type":"Feature","geometry":{"type":"Point","coordinates":[9.966941,56.042551]},"properties":{"name":"Nonnebjergvej/Frueringvej (Skanderborg Kom)","lines":"21","arr":["21"],"terminus":0,"mode":"bus","color":"#0059a9","colorDark":"#00294f","angle":43.4,"snapDist":11,"label":1}},{"type":"Feature","geometry":{"type":"Point","coordinates":[9.96309,56.044882]},"properties":{"name":"Remmerhusvej/Frueringvej (Skanderborg Kom)","lines":"21","arr":["21"],"terminus":0,"mode":"bus","color":"#0059a9","colorDark":"#00294f","angle":60.9,"snapDist":8,"label":1}},{"type":"Feature","geometry":{"type":"Point","coordinates":[9.96063,56.049602]},"properties":{"name":"Skanderborg Fælled (Skanderborg Kom)","lines":"21","arr":["21"],"terminus":0,"mode":"bus","color":"#0059a9","colorDark":"#00294f","angle":68.4,"snapDist":7,"label":1}},{"type":"Feature","geometry":{"type":"Point","coordinates":[9.95835,56.051129]},"properties":{"name":"Sverigesvej/Stilling Landevej (Skanderborg Kom)","lines":"21, 200, 309","arr":["21","200","309"],"terminus":0,"mode":"bus","color":"#0059a9","colorDark":"#00294f","angle":332.6,"snapDist":11,"label":1}},{"type":"Feature","geometry":{"type":"Point","coordinates":[9.944678,56.048749]},"properties":{"name":"Ladegårdsbakken/Højvangen (Skanderborg Kom)","lines":"21, 200, 309, 311, 330, 331","arr":["21","200","309","311","330","331"],"terminus":0,"mode":"bus","color":"#0059a9","colorDark":"#00294f","angle":352.5,"snapDist":9,"label":0}},{"type":"Feature","geometry":{"type":"Point","coordinates":[9.935306,56.046626]},"properties":{"name":"Ladegårdsbakken/Solgårdsvej (Skanderborg Kom)","lines":"21, 309, 331","arr":["21","309","331"],"terminus":0,"mode":"bus","color":"#0059a9","colorDark":"#00294f","angle":318.3,"snapDist":11,"label":0}},{"type":"Feature","geometry":{"type":"Point","coordinates":[9.931837,56.044905]},"properties":{"name":"Ladegårdsbakken/Nørregade (Skanderborg Kom)","lines":"21, 309, 331","arr":["21","309","331"],"terminus":0,"mode":"bus","color":"#0059a9","colorDark":"#00294f","angle":319,"snapDist":8,"label":0}},{"type":"Feature","geometry":{"type":"Point","coordinates":[9.925095,56.043149]},"properties":{"name":"Skanderborg St./Jernbanevej (Skanderborg Kom)","lines":"21, 200, 311","arr":["21","200","311"],"terminus":0,"mode":"bus","color":"#0059a9","colorDark":"#00294f","angle":343.5,"snapDist":6,"label":0}},{"type":"Feature","geometry":{"type":"Point","coordinates":[9.928166,56.039256]},"properties":{"name":"Skanderupbækken/Banegårdsvej (Skanderborg Kom)","lines":"21","arr":["21"],"terminus":0,"mode":"bus","color":"#0059a9","colorDark":"#00294f","angle":-129.6,"snapDist":8,"label":0}},{"type":"Feature","geometry":{"type":"Point","coordinates":[9.931286,56.03539]},"properties":{"name":"O.L. Kirkegaards Stræde/Adelgade (Skanderborg Kom)","lines":"21","arr":["21"],"terminus":0,"mode":"bus","color":"#0059a9","colorDark":"#00294f","angle":-103.6,"snapDist":6,"label":0}},{"type":"Feature","geometry":{"type":"Point","coordinates":[9.929268,56.034191]},"properties":{"name":"Dagmar Centret/Sygehusvej (Skanderborg Kom)","lines":"21","arr":["21"],"terminus":0,"mode":"bus","color":"#0059a9","colorDark":"#00294f","angle":284.2,"snapDist":6,"label":0}},{"type":"Feature","geometry":{"type":"Point","coordinates":[9.928364,56.032638]},"properties":{"name":"Sygehusvej/Vestergade (Skanderborg Kom)","lines":"21","arr":["21"],"terminus":0,"mode":"bus","color":"#0059a9","colorDark":"#00294f","angle":14.2,"snapDist":7,"label":0}},{"type":"Feature","geometry":{"type":"Point","coordinates":[9.923852,56.033935]},"properties":{"name":"Sølundsvej/Vestergade (Skanderborg Kom)","lines":"21","arr":["21"],"terminus":0,"mode":"bus","color":"#0059a9","colorDark":"#00294f","angle":32.2,"snapDist":5,"label":0}},{"type":"Feature","geometry":{"type":"Point","coordinates":[9.921126,56.035467]},"properties":{"name":"Mågevej/Vestergade (Skanderborg Kom)","lines":"21","arr":["21"],"terminus":0,"mode":"bus","color":"#0059a9","colorDark":"#00294f","angle":52.6,"snapDist":4,"label":0}},{"type":"Feature","geometry":{"type":"Point","coordinates":[9.919799,56.036689]},"properties":{"name":"Birkevej/Vestergade (Skanderborg Kom)","lines":"21","arr":["21"],"terminus":0,"mode":"bus","color":"#0059a9","colorDark":"#00294f","angle":62.6,"snapDist":5,"label":0}},{"type":"Feature","geometry":{"type":"Point","coordinates":[9.91515,56.038901]},"properties":{"name":"Vroldvej/Vestergade (Skanderborg Kom)","lines":"21","arr":["21"],"terminus":0,"mode":"bus","color":"#0059a9","colorDark":"#00294f","angle":4.4,"snapDist":5,"label":0}},{"type":"Feature","geometry":{"type":"Point","coordinates":[9.904976,56.035639]},"properties":{"name":"Eskebækparken/Vroldvej (Skanderborg Kom)","lines":"21, 26S","arr":["21","26S"],"terminus":0,"mode":"bus","color":"#0059a9","colorDark":"#00294f","angle":-35.8,"snapDist":9,"label":0}},{"type":"Feature","geometry":{"type":"Point","coordinates":[9.899588,56.033409]},"properties":{"name":"Legårdsvej/Vroldvej (Skanderborg Kom)","lines":"21, 26S","arr":["21","26S"],"terminus":0,"mode":"bus","color":"#0059a9","colorDark":"#00294f","angle":-39.1,"snapDist":8,"label":0}},{"type":"Feature","geometry":{"type":"Point","coordinates":[9.895207,56.031697]},"properties":{"name":"Mossøvej/Vroldvej (Skanderborg Kom)","lines":"21, 26S","arr":["21","26S"],"terminus":0,"mode":"bus","color":"#0059a9","colorDark":"#00294f","angle":-28.8,"snapDist":9,"label":0}},{"type":"Feature","geometry":{"type":"Point","coordinates":[9.888065,56.028162]},"properties":{"name":"Smedetoften/Vrold Tværvej (Skanderborg Kom)","lines":"21, 26S","arr":["21","26S"],"terminus":0,"mode":"bus","color":"#0059a9","colorDark":"#00294f","angle":-100.4,"snapDist":9,"label":0}},{"type":"Feature","geometry":{"type":"Point","coordinates":[9.890829,56.026508]},"properties":{"name":"Almuevej/Vrold Tværvej (Skanderborg Kom)","lines":"21, 26S","arr":["21","26S"],"terminus":0,"mode":"bus","color":"#0059a9","colorDark":"#00294f","angle":-147.7,"snapDist":8,"label":0}},{"type":"Feature","geometry":{"type":"Point","coordinates":[9.897117,56.023963]},"properties":{"name":"Vrold (Skanderborg Kom)","lines":"21","arr":["21"],"terminus":0,"mode":"bus","color":"#0059a9","colorDark":"#00294f","angle":93,"snapDist":6,"label":0}},{"type":"Feature","geometry":{"type":"Point","coordinates":[9.909575,56.026676]},"properties":{"name":"Døjsøvej/Dyrehaven (Skanderborg Kom)","lines":"21","arr":["21"],"terminus":0,"mode":"bus","color":"#0059a9","colorDark":"#00294f","angle":175.9,"snapDist":9,"label":0}},{"type":"Feature","geometry":{"type":"Point","coordinates":[9.923639,56.043111]},"properties":{"name":"Skanderborg St. (Skanderborg Kom)","lines":"26S, 309, 330, 331","arr":["26S","309","330","331"],"terminus":1,"mode":"bus","color":"#0059a9","colorDark":"#00294f","angle":207.7,"snapDist":1,"label":1}},{"type":"Feature","geometry":{"type":"Point","coordinates":[9.91413,56.03931]},"properties":{"name":"Vestergade/Vroldvej (Skanderborg Kom)","lines":"26S","arr":["26S"],"terminus":0,"mode":"bus","color":"#0059a9","colorDark":"#00294f","angle":324.1,"snapDist":14,"label":1}},{"type":"Feature","geometry":{"type":"Point","coordinates":[9.887851,56.020603]},"properties":{"name":"KærligHeden/Horsensvej (Skanderborg Kom)","lines":"26S","arr":["26S"],"terminus":1,"mode":"bus","color":"#0059a9","colorDark":"#00294f","angle":246.5,"snapDist":6,"label":1}},{"type":"Feature","geometry":{"type":"Point","coordinates":[9.887321,56.021281]},"properties":{"name":"KærligHeden/Horsensvej (Skanderborg Kom)","lines":"26S","arr":["26S"],"terminus":0,"mode":"bus","color":"#0059a9","colorDark":"#00294f","angle":-113.5,"snapDist":25,"label":0}},{"type":"Feature","geometry":{"type":"Point","coordinates":[9.916327,56.040197]},"properties":{"name":"Vroldvej/Møllegade (Skanderborg Kom)","lines":"26S, 200","arr":["26S","200"],"terminus":0,"mode":"bus","color":"#0059a9","colorDark":"#00294f","angle":144.9,"snapDist":10,"label":1}},{"type":"Feature","geometry":{"type":"Point","coordinates":[10.208972,56.151989]},"properties":{"name":"Aarhus Rutebilstation","lines":"31","arr":["31"],"terminus":1,"mode":"bus","color":"#0059a9","colorDark":"#00294f","angle":18.9,"snapDist":2,"label":1}},{"type":"Feature","geometry":{"type":"Point","coordinates":[10.210174,56.150605]},"properties":{"name":"Spanien (Aarhus Kom)","lines":"31","arr":["31"],"terminus":0,"mode":"bus","color":"#0059a9","colorDark":"#00294f","angle":280.2,"snapDist":5,"label":1}},{"type":"Feature","geometry":{"type":"Point","coordinates":[10.208693,56.144815]},"properties":{"name":"Svendborgvej/Strandvejen (Aarhus Kom)","lines":"31","arr":["31"],"terminus":0,"mode":"bus","color":"#0059a9","colorDark":"#00294f","angle":275.3,"snapDist":11,"label":1}},{"type":"Feature","geometry":{"type":"Point","coordinates":[10.213195,56.128755]},"properties":{"name":"Oddervej/Strandvejen (Aarhus Kom)","lines":"31","arr":["31"],"terminus":0,"mode":"bus","color":"#0059a9","colorDark":"#00294f","angle":265.8,"snapDist":9,"label":1}},{"type":"Feature","geometry":{"type":"Point","coordinates":[10.215535,56.124848]},"properties":{"name":"Varna/Ørneredevej (Aarhus Kom)","lines":"31","arr":["31"],"terminus":0,"mode":"bus","color":"#0059a9","colorDark":"#00294f","angle":245.8,"snapDist":6,"label":1}},{"type":"Feature","geometry":{"type":"Point","coordinates":[10.221395,56.122036]},"properties":{"name":"Ballehage/Ørneredevej (Aarhus Kom)","lines":"31","arr":["31"],"terminus":0,"mode":"bus","color":"#0059a9","colorDark":"#00294f","angle":219.3,"snapDist":4,"label":1}},{"type":"Feature","geometry":{"type":"Point","coordinates":[10.226551,56.11192]},"properties":{"name":"Hørhaven/Ørneredevej (Aarhus Kom)","lines":"31","arr":["31"],"terminus":0,"mode":"bus","color":"#0059a9","colorDark":"#00294f","angle":245.2,"snapDist":7,"label":1}},{"type":"Feature","geometry":{"type":"Point","coordinates":[10.23175,56.110271]},"properties":{"name":"Blommehaven/Ørneredevej (Aarhus Kom)","lines":"31","arr":["31"],"terminus":0,"mode":"bus","color":"#0059a9","colorDark":"#00294f","angle":269.6,"snapDist":7,"label":1}},{"type":"Feature","geometry":{"type":"Point","coordinates":[10.23615,56.100694]},"properties":{"name":"Ørnereden/Ørneredevej (Aarhus Kom)","lines":"31","arr":["31"],"terminus":0,"mode":"bus","color":"#0059a9","colorDark":"#00294f","angle":248.8,"snapDist":11,"label":1}},{"type":"Feature","geometry":{"type":"Point","coordinates":[10.247738,56.088628]},"properties":{"name":"Moesgård Strand (Aarhus Kom)","lines":"31","arr":["31"],"terminus":1,"mode":"bus","color":"#0059a9","colorDark":"#00294f","angle":182.4,"snapDist":9,"label":1}},{"type":"Feature","geometry":{"type":"Point","coordinates":[10.236227,56.100557]},"properties":{"name":"Ørnereden/Ørneredevej (Aarhus Kom)","lines":"31","arr":["31"],"terminus":0,"mode":"bus","color":"#0059a9","colorDark":"#00294f","angle":73.3,"snapDist":6,"label":0}},{"type":"Feature","geometry":{"type":"Point","coordinates":[10.23175,56.110278]},"properties":{"name":"Blommehaven/Ørneredevej (Aarhus Kom)","lines":"31","arr":["31"],"terminus":0,"mode":"bus","color":"#0059a9","colorDark":"#00294f","angle":89.6,"snapDist":3,"label":0}},{"type":"Feature","geometry":{"type":"Point","coordinates":[10.226162,56.112423]},"properties":{"name":"Hørhaven/Ørneredevej (Aarhus Kom)","lines":"31","arr":["31"],"terminus":0,"mode":"bus","color":"#0059a9","colorDark":"#00294f","angle":71.1,"snapDist":5,"label":0}},{"type":"Feature","geometry":{"type":"Point","coordinates":[10.223022,56.121298]},"properties":{"name":"Ballehage/Ørneredevej (Aarhus Kom)","lines":"31","arr":["31"],"terminus":0,"mode":"bus","color":"#0059a9","colorDark":"#00294f","angle":43.7,"snapDist":7,"label":0}},{"type":"Feature","geometry":{"type":"Point","coordinates":[10.215385,56.125016]},"properties":{"name":"Varna/Ørneredevej (Aarhus Kom)","lines":"31","arr":["31"],"terminus":0,"mode":"bus","color":"#0059a9","colorDark":"#00294f","angle":61.4,"snapDist":6,"label":0}},{"type":"Feature","geometry":{"type":"Point","coordinates":[10.213231,56.128473]},"properties":{"name":"Oddervej/Strandvejen (Aarhus Kom)","lines":"31","arr":["31"],"terminus":0,"mode":"bus","color":"#0059a9","colorDark":"#00294f","angle":86,"snapDist":6,"label":0}},{"type":"Feature","geometry":{"type":"Point","coordinates":[10.207033,56.139506]},"properties":{"name":"Tangkrogen/Strandvejen (Aarhus Kom)","lines":"31","arr":["31"],"terminus":0,"mode":"bus","color":"#0059a9","colorDark":"#00294f","angle":85.7,"snapDist":15,"label":0}},{"type":"Feature","geometry":{"type":"Point","coordinates":[10.208752,56.145308]},"properties":{"name":"Svendborgvej/Strandvejen (Aarhus Kom)","lines":"31","arr":["31"],"terminus":0,"mode":"bus","color":"#0059a9","colorDark":"#00294f","angle":92,"snapDist":14,"label":0}},{"type":"Feature","geometry":{"type":"Point","coordinates":[10.210255,56.150464]},"properties":{"name":"Spanien (Aarhus Kom)","lines":"31","arr":["31"],"terminus":0,"mode":"bus","color":"#0059a9","colorDark":"#00294f","angle":100.8,"snapDist":10,"label":0}},{"type":"Feature","geometry":{"type":"Point","coordinates":[10.2358,56.231816]},"properties":{"name":"Lystrup/Bygaden (Aarhus Kom)","lines":"32","arr":["32"],"terminus":1,"mode":"bus","color":"#0059a9","colorDark":"#00294f","angle":173.5,"snapDist":4,"label":1}},{"type":"Feature","geometry":{"type":"Point","coordinates":[10.260904,56.250555]},"properties":{"name":"Mejlbyvej/Sastrupvej (Aarhus Kom)","lines":"32","arr":["32"],"terminus":0,"mode":"bus","color":"#0059a9","colorDark":"#00294f","angle":198.3,"snapDist":6,"label":1}},{"type":"Feature","geometry":{"type":"Point","coordinates":[10.261178,56.250505]},"properties":{"name":"Mejlbyvej/Sastrupvej (Aarhus Kom)","lines":"32","arr":["32"],"terminus":0,"mode":"bus","color":"#0059a9","colorDark":"#00294f","angle":18.3,"snapDist":3,"label":0}},{"type":"Feature","geometry":{"type":"Point","coordinates":[10.129767,56.158777]},"properties":{"name":"Emmasvej/Sigridsvej (Aarhus Kom)","lines":"35","arr":["35"],"terminus":0,"mode":"bus","color":"#0059a9","colorDark":"#00294f","angle":261.9,"snapDist":6,"label":1}},{"type":"Feature","geometry":{"type":"Point","coordinates":[10.130894,56.156042]},"properties":{"name":"Astridsvej/Sigridsvej (Aarhus Kom)","lines":"35","arr":["35"],"terminus":0,"mode":"bus","color":"#0059a9","colorDark":"#00294f","angle":250.5,"snapDist":8,"label":1}},{"type":"Feature","geometry":{"type":"Point","coordinates":[10.134759,56.155365]},"properties":{"name":"City Vest/Gudrunsvej (Aarhus Kom)","lines":"35","arr":["35"],"terminus":0,"mode":"bus","color":"#0059a9","colorDark":"#00294f","angle":171,"snapDist":8,"label":1}},{"type":"Feature","geometry":{"type":"Point","coordinates":[10.119409,56.174661]},"properties":{"name":"Jernaldervej/Holmstrupgårdvej (Aarhus Kom)","lines":"35","arr":["35"],"terminus":0,"mode":"bus","color":"#0059a9","colorDark":"#00294f","angle":95.9,"snapDist":4,"label":1}},{"type":"Feature","geometry":{"type":"Point","coordinates":[10.11198,56.186262]},"properties":{"name":"Aarhus Gymnasium Tilst/Kileparken (Aarhus Kom)","lines":"35, 116U","arr":["35","116U"],"terminus":1,"mode":"bus","color":"#0059a9","colorDark":"#00294f","angle":93.3,"snapDist":5,"label":1}},{"type":"Feature","geometry":{"type":"Point","coordinates":[10.119396,56.174592]},"properties":{"name":"Jernaldervej/Holmstrupgårdvej (Aarhus Kom)","lines":"35","arr":["35"],"terminus":0,"mode":"bus","color":"#0059a9","colorDark":"#00294f","angle":275.9,"snapDist":6,"label":0}},{"type":"Feature","geometry":{"type":"Point","coordinates":[10.134492,56.155438]},"properties":{"name":"City Vest/Gudrunsvej (Aarhus Kom)","lines":"35","arr":["35"],"terminus":0,"mode":"bus","color":"#0059a9","colorDark":"#00294f","angle":351,"snapDist":5,"label":0}},{"type":"Feature","geometry":{"type":"Point","coordinates":[10.130616,56.156486]},"properties":{"name":"Astridsvej/Sigridsvej (Aarhus Kom)","lines":"35","arr":["35"],"terminus":0,"mode":"bus","color":"#0059a9","colorDark":"#00294f","angle":70.7,"snapDist":6,"label":0}},{"type":"Feature","geometry":{"type":"Point","coordinates":[10.129834,56.158516]},"properties":{"name":"Emmasvej/Sigridsvej (Aarhus Kom)","lines":"35","arr":["35"],"terminus":0,"mode":"bus","color":"#0059a9","colorDark":"#00294f","angle":81.9,"snapDist":6,"label":0}},{"type":"Feature","geometry":{"type":"Point","coordinates":[10.169029,56.112165]},"properties":{"name":"Axel Gruhns Vej/Bjødstrupvej (Aarhus Kom)","lines":"40","arr":["40"],"terminus":0,"mode":"bus","color":"#0059a9","colorDark":"#00294f","angle":294.8,"snapDist":7,"label":1}},{"type":"Feature","geometry":{"type":"Point","coordinates":[10.168115,56.109588]},"properties":{"name":"Kalkærparken/Bjødstrupvej (Aarhus Kom)","lines":"40","arr":["40"],"terminus":0,"mode":"bus","color":"#0059a9","colorDark":"#00294f","angle":275.7,"snapDist":8,"label":1}},{"type":"Feature","geometry":{"type":"Point","coordinates":[10.16833,56.110704]},"properties":{"name":"Kalkærparken/Bjødstrupvej (Aarhus Kom)","lines":"40","arr":["40"],"terminus":0,"mode":"bus","color":"#0059a9","colorDark":"#00294f","angle":96.9,"snapDist":7,"label":0}},{"type":"Feature","geometry":{"type":"Point","coordinates":[10.169174,56.112343]},"properties":{"name":"Axel Gruhns Vej/Bjødstrupvej (Aarhus Kom)","lines":"40","arr":["40"],"terminus":0,"mode":"bus","color":"#0059a9","colorDark":"#00294f","angle":114.3,"snapDist":5,"label":0}},{"type":"Feature","geometry":{"type":"Point","coordinates":[10.182861,56.191965]},"properties":{"name":"Hedeager/Brendstrupgårdsvej (Aarhus Kom)","lines":"45","arr":["45"],"terminus":0,"mode":"bus","color":"#0059a9","colorDark":"#00294f","angle":155.7,"snapDist":8,"label":1}},{"type":"Feature","geometry":{"type":"Point","coordinates":[10.187711,56.193166]},"properties":{"name":"Randersvej/Skejbygårdsvej (Aarhus Kom)","lines":"45","arr":["45"],"terminus":0,"mode":"bus","color":"#0059a9","colorDark":"#00294f","angle":156.7,"snapDist":9,"label":1}},{"type":"Feature","geometry":{"type":"Point","coordinates":[10.193974,56.194695]},"properties":{"name":"Skejby Centret/Skejbygårdsvej (Aarhus Kom)","lines":"45","arr":["45"],"terminus":0,"mode":"bus","color":"#0059a9","colorDark":"#00294f","angle":154.8,"snapDist":3,"label":1}},{"type":"Feature","geometry":{"type":"Point","coordinates":[10.199535,56.19651]},"properties":{"name":"Tunnelen/Skejbygårdsvej (Aarhus Kom)","lines":"45","arr":["45"],"terminus":0,"mode":"bus","color":"#0059a9","colorDark":"#00294f","angle":134.5,"snapDist":5,"label":1}},{"type":"Feature","geometry":{"type":"Point","coordinates":[10.202646,56.198321]},"properties":{"name":"Kantorvænget/Skejbyvej (Aarhus Kom)","lines":"45","arr":["45"],"terminus":0,"mode":"bus","color":"#0059a9","colorDark":"#00294f","angle":211.9,"snapDist":7,"label":1}},{"type":"Feature","geometry":{"type":"Point","coordinates":[10.214571,56.200246]},"properties":{"name":"Vejlby Toften/Stenagervej (Aarhus Kom)","lines":"45","arr":["45"],"terminus":0,"mode":"bus","color":"#0059a9","colorDark":"#00294f","angle":72.2,"snapDist":4,"label":1}},{"type":"Feature","geometry":{"type":"Point","coordinates":[10.223655,56.207195]},"properties":{"name":"Nordlandsvej/Viengevej (Aarhus Kom)","lines":"45","arr":["45"],"terminus":0,"mode":"bus","color":"#0059a9","colorDark":"#00294f","angle":119.9,"snapDist":6,"label":1}},{"type":"Feature","geometry":{"type":"Point","coordinates":[10.231149,56.210102]},"properties":{"name":"Stokagervej/Viengevej (Aarhus Kom)","lines":"45","arr":["45"],"terminus":0,"mode":"bus","color":"#0059a9","colorDark":"#00294f","angle":148.9,"snapDist":8,"label":1}},{"type":"Feature","geometry":{"type":"Point","coordinates":[10.231118,56.210091]},"properties":{"name":"Stokagervej/Viengevej (Aarhus Kom)","lines":"45","arr":["45"],"terminus":0,"mode":"bus","color":"#0059a9","colorDark":"#00294f","angle":328.9,"snapDist":5,"label":0}},{"type":"Feature","geometry":{"type":"Point","coordinates":[10.223676,56.207215]},"properties":{"name":"Nordlandsvej/Viengevej (Aarhus Kom)","lines":"45","arr":["45"],"terminus":0,"mode":"bus","color":"#0059a9","colorDark":"#00294f","angle":299.9,"snapDist":6,"label":0}},{"type":"Feature","geometry":{"type":"Point","coordinates":[10.214574,56.200241]},"properties":{"name":"Vejlby Toften/Stenagervej (Aarhus Kom)","lines":"45","arr":["45"],"terminus":0,"mode":"bus","color":"#0059a9","colorDark":"#00294f","angle":252.2,"snapDist":10,"label":0}},{"type":"Feature","geometry":{"type":"Point","coordinates":[10.208819,56.196178]},"properties":{"name":"Risskov Gymnasium/Vejlby Centervej (Aarhus Kom)","lines":"45","arr":["45"],"terminus":0,"mode":"bus","color":"#0059a9","colorDark":"#00294f","angle":31.4,"snapDist":10,"label":0}},{"type":"Feature","geometry":{"type":"Point","coordinates":[10.203458,56.198037]},"properties":{"name":"Kantorvænget/Skejbyvej (Aarhus Kom)","lines":"45","arr":["45"],"terminus":0,"mode":"bus","color":"#0059a9","colorDark":"#00294f","angle":32.7,"snapDist":6,"label":0}},{"type":"Feature","geometry":{"type":"Point","coordinates":[10.198046,56.195874]},"properties":{"name":"Tunnelen/Skejbygårdsvej (Aarhus Kom)","lines":"45","arr":["45"],"terminus":0,"mode":"bus","color":"#0059a9","colorDark":"#00294f","angle":328.5,"snapDist":6,"label":0}},{"type":"Feature","geometry":{"type":"Point","coordinates":[10.193617,56.194616]},"properties":{"name":"Skejby Centret/Skejbygårdsvej (Aarhus Kom)","lines":"45","arr":["45"],"terminus":0,"mode":"bus","color":"#0059a9","colorDark":"#00294f","angle":335.3,"snapDist":2,"label":0}},{"type":"Feature","geometry":{"type":"Point","coordinates":[10.186513,56.192875]},"properties":{"name":"Randersvej/Skejbygårdsvej (Aarhus Kom)","lines":"45","arr":["45"],"terminus":0,"mode":"bus","color":"#0059a9","colorDark":"#00294f","angle":335.8,"snapDist":8,"label":0}},{"type":"Feature","geometry":{"type":"Point","coordinates":[10.182514,56.191877]},"properties":{"name":"Hedeager/Brendstrupgårdsvej (Aarhus Kom)","lines":"45","arr":["45"],"terminus":0,"mode":"bus","color":"#0059a9","colorDark":"#00294f","angle":335.8,"snapDist":7,"label":0}},{"type":"Feature","geometry":{"type":"Point","coordinates":[10.26967,56.255278]},"properties":{"name":"Hjortshøjparken/Skødstrupvej (Aarhus Kom)","lines":"46","arr":["46"],"terminus":0,"mode":"bus","color":"#0059a9","colorDark":"#00294f","angle":145.3,"snapDist":5,"label":1}},{"type":"Feature","geometry":{"type":"Point","coordinates":[10.273457,56.256394]},"properties":{"name":"Hjortshøj/Hjortshøjvangen (Aarhus Kom)","lines":"46","arr":["46"],"terminus":1,"mode":"bus","color":"#0059a9","colorDark":"#00294f","angle":88.1,"snapDist":6,"label":1}},{"type":"Feature","geometry":{"type":"Point","coordinates":[10.269784,56.255322]},"properties":{"name":"Hjortshøjparken/Skødstrupvej (Aarhus Kom)","lines":"46","arr":["46"],"terminus":0,"mode":"bus","color":"#0059a9","colorDark":"#00294f","angle":325.3,"snapDist":4,"label":0}},{"type":"Feature","geometry":{"type":"Point","coordinates":[10.145301,55.973572]},"properties":{"name":"Teglbakken/Nørregade (Odder Kom)","lines":"100, 331","arr":["100","331"],"terminus":0,"mode":"bus","color":"#0059a9","colorDark":"#00294f","angle":341,"snapDist":11,"label":0}},{"type":"Feature","geometry":{"type":"Point","coordinates":[10.135861,55.972654]},"properties":{"name":"Jonasdalen/Vennelundsvej (Odder Kom)","lines":"100","arr":["100"],"terminus":0,"mode":"bus","color":"#0059a9","colorDark":"#00294f","angle":85.8,"snapDist":6,"label":1}},{"type":"Feature","geometry":{"type":"Point","coordinates":[10.134262,55.977255]},"properties":{"name":"Frederikshaldparken/Vennelundsvej (Odder Kom)","lines":"100","arr":["100"],"terminus":0,"mode":"bus","color":"#0059a9","colorDark":"#00294f","angle":80.4,"snapDist":6,"label":0}},{"type":"Feature","geometry":{"type":"Point","coordinates":[10.134089,55.981014]},"properties":{"name":"Saloparken/Vennelundsvej (Odder Kom)","lines":"100, 1002","arr":["100","1002"],"terminus":0,"mode":"bus","color":"#0059a9","colorDark":"#00294f","angle":91,"snapDist":5,"label":0}},{"type":"Feature","geometry":{"type":"Point","coordinates":[10.143765,55.985338]},"properties":{"name":"Højmarkvej/Ballevej (Odder Kom)","lines":"100","arr":["100"],"terminus":0,"mode":"bus","color":"#0059a9","colorDark":"#00294f","angle":198.4,"snapDist":4,"label":1}},{"type":"Feature","geometry":{"type":"Point","coordinates":[10.152837,55.984019]},"properties":{"name":"Ballevej/Århusvej (Odder Kom)","lines":"100, 103","arr":["100","103"],"terminus":0,"mode":"bus","color":"#0059a9","colorDark":"#00294f","angle":105.2,"snapDist":11,"label":0}},{"type":"Feature","geometry":{"type":"Point","coordinates":[10.155077,55.988563]},"properties":{"name":"Knudsminde/Århusvej (Odder Kom)","lines":"100, 103","arr":["100","103"],"terminus":0,"mode":"bus","color":"#0059a9","colorDark":"#00294f","angle":106.2,"snapDist":7,"label":1}},{"type":"Feature","geometry":{"type":"Point","coordinates":[10.166853,56.000534]},"properties":{"name":"Kragebækvej/Århusvej (Odder Kom)","lines":"100, 103","arr":["100","103"],"terminus":0,"mode":"bus","color":"#0059a9","colorDark":"#00294f","angle":114.9,"snapDist":8,"label":1}},{"type":"Feature","geometry":{"type":"Point","coordinates":[10.171064,56.007103]},"properties":{"name":"Teglgaardsvej/Århusvej (Odder Kom)","lines":"100, 103","arr":["100","103"],"terminus":0,"mode":"bus","color":"#0059a9","colorDark":"#00294f","angle":108.4,"snapDist":10,"label":1}},{"type":"Feature","geometry":{"type":"Point","coordinates":[10.181031,56.023773]},"properties":{"name":"Synnedrupvej/Oddervej (Aarhus Kom)","lines":"100, 103","arr":["100","103"],"terminus":0,"mode":"bus","color":"#0059a9","colorDark":"#00294f","angle":104.9,"snapDist":7,"label":1}},{"type":"Feature","geometry":{"type":"Point","coordinates":[10.187101,56.032056]},"properties":{"name":"Banevolden/Bredgade (Aarhus Kom)","lines":"100, 103","arr":["100","103"],"terminus":0,"mode":"bus","color":"#0059a9","colorDark":"#00294f","angle":119.9,"snapDist":8,"label":1}},{"type":"Feature","geometry":{"type":"Point","coordinates":[10.190309,56.034978]},"properties":{"name":"Jens Ibsens Vej/Bredgade (Aarhus Kom)","lines":"100, 103","arr":["100","103"],"terminus":0,"mode":"bus","color":"#0059a9","colorDark":"#00294f","angle":122,"snapDist":7,"label":1}},{"type":"Feature","geometry":{"type":"Point","coordinates":[10.193548,56.039697]},"properties":{"name":"Malling Kirke (Aarhus Kom)","lines":"100, 103, 302","arr":["100","103","302"],"terminus":0,"mode":"bus","color":"#0059a9","colorDark":"#00294f","angle":93.2,"snapDist":7,"label":1}},{"type":"Feature","geometry":{"type":"Point","coordinates":[10.193754,56.041779]},"properties":{"name":"Fløjstrupvej/Bredgade","lines":"100, 103","arr":["100","103"],"terminus":0,"mode":"bus","color":"#0059a9","colorDark":"#00294f","angle":93,"snapDist":4,"label":1}},{"type":"Feature","geometry":{"type":"Point","coordinates":[10.196778,56.048774]},"properties":{"name":"Egelund/Bredgade (Aarhus Kom)","lines":"100, 103","arr":["100","103"],"terminus":0,"mode":"bus","color":"#0059a9","colorDark":"#00294f","angle":118.2,"snapDist":6,"label":1}},{"type":"Feature","geometry":{"type":"Point","coordinates":[10.202219,56.056447]},"properties":{"name":"Byagervej/Beder Landevej (Aarhus Kom)","lines":"100, 103, 302","arr":["100","103","302"],"terminus":0,"mode":"bus","color":"#0059a9","colorDark":"#00294f","angle":111.4,"snapDist":5,"label":1}},{"type":"Feature","geometry":{"type":"Point","coordinates":[10.203408,56.059236]},"properties":{"name":"Beder Landevej/Damgårds Allé (Aarhus Kom)","lines":"100, 103, 302","arr":["100","103","302"],"terminus":0,"mode":"bus","color":"#0059a9","colorDark":"#00294f","angle":12.5,"snapDist":10,"label":1}},{"type":"Feature","geometry":{"type":"Point","coordinates":[10.203911,56.068071]},"properties":{"name":"Vilhelmsborg Allé/Oddervej (Aarhus Kom)","lines":"100, 103, 302","arr":["100","103","302"],"terminus":0,"mode":"bus","color":"#0059a9","colorDark":"#00294f","angle":116.6,"snapDist":7,"label":1}},{"type":"Feature","geometry":{"type":"Point","coordinates":[10.207721,56.074517]},"properties":{"name":"Langballevej/Oddervej (Aarhus Kom)","lines":"100, 103, 302","arr":["100","103","302"],"terminus":0,"mode":"bus","color":"#0059a9","colorDark":"#00294f","angle":103.6,"snapDist":3,"label":1}},{"type":"Feature","geometry":{"type":"Point","coordinates":[10.209611,56.08602]},"properties":{"name":"Moesgård Allé/Oddervej (Aarhus Kom)","lines":"100, 103, 302","arr":["100","103","302"],"terminus":0,"mode":"bus","color":"#0059a9","colorDark":"#00294f","angle":90.7,"snapDist":9,"label":1}},{"type":"Feature","geometry":{"type":"Point","coordinates":[10.207878,56.108254]},"properties":{"name":"Emiliedalsvej/Oddervej (Aarhus Kom)","lines":"100, 103, 302","arr":["100","103","302"],"terminus":0,"mode":"bus","color":"#0059a9","colorDark":"#00294f","angle":99.6,"snapDist":10,"label":0}},{"type":"Feature","geometry":{"type":"Point","coordinates":[10.208584,56.110569]},"properties":{"name":"Lyseng Allé/Oddervej (Aarhus Kom)","lines":"100, 103, 302","arr":["100","103","302"],"terminus":0,"mode":"bus","color":"#0059a9","colorDark":"#00294f","angle":99.8,"snapDist":12,"label":1}},{"type":"Feature","geometry":{"type":"Point","coordinates":[10.20901,56.112765]},"properties":{"name":"Frederikskirken/Oddervej (Aarhus Kom)","lines":"100, 103, 302","arr":["100","103","302"],"terminus":0,"mode":"bus","color":"#0059a9","colorDark":"#00294f","angle":84.3,"snapDist":12,"label":1}},{"type":"Feature","geometry":{"type":"Point","coordinates":[10.207125,56.1168]},"properties":{"name":"Højbjerg Torv/Oddervej (Aarhus Kom)","lines":"100, 103, 302","arr":["100","103","302"],"terminus":0,"mode":"bus","color":"#0059a9","colorDark":"#00294f","angle":89.1,"snapDist":8,"label":1}},{"type":"Feature","geometry":{"type":"Point","coordinates":[10.207116,56.120605]},"properties":{"name":"Hestehavevej/Oddervej (Aarhus Kom)","lines":"100, 103, 302","arr":["100","103","302"],"terminus":0,"mode":"bus","color":"#0059a9","colorDark":"#00294f","angle":92,"snapDist":10,"label":1}},{"type":"Feature","geometry":{"type":"Point","coordinates":[10.208843,56.125309]},"properties":{"name":"Kongevejen/Oddervej (Aarhus Kom)","lines":"100, 103, 302","arr":["100","103","302"],"terminus":0,"mode":"bus","color":"#0059a9","colorDark":"#00294f","angle":108.7,"snapDist":12,"label":1}},{"type":"Feature","geometry":{"type":"Point","coordinates":[10.211463,56.128355]},"properties":{"name":"Mindeparken/Oddervej (Aarhus Kom)","lines":"100, 103, 302","arr":["100","103","302"],"terminus":0,"mode":"bus","color":"#0059a9","colorDark":"#00294f","angle":116.2,"snapDist":10,"label":1}},{"type":"Feature","geometry":{"type":"Point","coordinates":[10.238518,56.19959]},"properties":{"name":"Lystrupvej/Grenåvej (Aarhus Kom)","lines":"100, 123","arr":["100","123"],"terminus":0,"mode":"bus","color":"#0059a9","colorDark":"#00294f","angle":156.1,"snapDist":12,"label":0}},{"type":"Feature","geometry":{"type":"Point","coordinates":[10.247623,56.201779]},"properties":{"name":"Ravnsøvej/Grenåvej (Aarhus Kom)","lines":"100, 123","arr":["100","123"],"terminus":0,"mode":"bus","color":"#0059a9","colorDark":"#00294f","angle":156.6,"snapDist":6,"label":1}},{"type":"Feature","geometry":{"type":"Point","coordinates":[10.271404,56.208121]},"properties":{"name":"Mejlbyvej/Grenåvej","lines":"100, 123, 925X","arr":["100","123","925X"],"terminus":0,"mode":"bus","color":"#0059a9","colorDark":"#00294f","angle":152,"snapDist":13,"label":0}},{"type":"Feature","geometry":{"type":"Point","coordinates":[10.278973,56.213018]},"properties":{"name":"Egå Havvej/Grenåvej (Aarhus Kom)","lines":"100, 123","arr":["100","123"],"terminus":0,"mode":"bus","color":"#0059a9","colorDark":"#00294f","angle":116.6,"snapDist":12,"label":1}},{"type":"Feature","geometry":{"type":"Point","coordinates":[10.289414,56.22444]},"properties":{"name":"Toftegårdsvej/Grenåvej (Aarhus Kom)","lines":"100, 123","arr":["100","123"],"terminus":0,"mode":"bus","color":"#0059a9","colorDark":"#00294f","angle":117.3,"snapDist":10,"label":1}},{"type":"Feature","geometry":{"type":"Point","coordinates":[10.294723,56.230937]},"properties":{"name":"Skæring Havvej/Grenåvej","lines":"100, 123, 925X","arr":["100","123","925X"],"terminus":0,"mode":"bus","color":"#0059a9","colorDark":"#00294f","angle":113,"snapDist":13,"label":1}},{"type":"Feature","geometry":{"type":"Point","coordinates":[10.30071,56.245379]},"properties":{"name":"Skovlundvej/Grenåvej (Aarhus Kom)","lines":"100, 123","arr":["100","123"],"terminus":0,"mode":"bus","color":"#0059a9","colorDark":"#00294f","angle":100.6,"snapDist":12,"label":1}},{"type":"Feature","geometry":{"type":"Point","coordinates":[10.304158,56.257791]},"properties":{"name":"Bakketoften/Grenåvej (Aarhus Kom)","lines":"100","arr":["100"],"terminus":0,"mode":"bus","color":"#0059a9","colorDark":"#00294f","angle":106.4,"snapDist":9,"label":1}},{"type":"Feature","geometry":{"type":"Point","coordinates":[10.307202,56.262514]},"properties":{"name":"Skødstrup Kirke/Grenåvej (Aarhus Kom)","lines":"100","arr":["100"],"terminus":0,"mode":"bus","color":"#0059a9","colorDark":"#00294f","angle":108.8,"snapDist":8,"label":1}},{"type":"Feature","geometry":{"type":"Point","coordinates":[10.308752,56.264707]},"properties":{"name":"Tjørnehegnet/Grenåvej (Aarhus Kom)","lines":"100","arr":["100"],"terminus":0,"mode":"bus","color":"#0059a9","colorDark":"#00294f","angle":111.8,"snapDist":7,"label":1}},{"type":"Feature","geometry":{"type":"Point","coordinates":[10.310581,56.271116]},"properties":{"name":"Violskrænten/Grenåvej (Aarhus Kom)","lines":"100","arr":["100"],"terminus":0,"mode":"bus","color":"#0059a9","colorDark":"#00294f","angle":97.2,"snapDist":8,"label":1}},{"type":"Feature","geometry":{"type":"Point","coordinates":[10.315161,56.275799]},"properties":{"name":"Løgten/Grenåvej (Aarhus Kom)","lines":"100","arr":["100"],"terminus":0,"mode":"bus","color":"#0059a9","colorDark":"#00294f","angle":121.7,"snapDist":11,"label":1}},{"type":"Feature","geometry":{"type":"Point","coordinates":[10.317808,56.278113]},"properties":{"name":"Ceresvej/Grenåvej (Aarhus Kom)","lines":"100","arr":["100"],"terminus":0,"mode":"bus","color":"#0059a9","colorDark":"#00294f","angle":122.5,"snapDist":6,"label":1}},{"type":"Feature","geometry":{"type":"Point","coordinates":[10.323524,56.283121]},"properties":{"name":"Vosnæsvej/Grenåvej (Aarhus Kom)","lines":"100","arr":["100"],"terminus":0,"mode":"bus","color":"#0059a9","colorDark":"#00294f","angle":122.2,"snapDist":8,"label":1}},{"type":"Feature","geometry":{"type":"Point","coordinates":[10.316546,56.305742]},"properties":{"name":"Hornbjergvej/Løgtenvej (Syddjurs Kom)","lines":"100","arr":["100"],"terminus":0,"mode":"bus","color":"#0059a9","colorDark":"#00294f","angle":64.6,"snapDist":8,"label":1}},{"type":"Feature","geometry":{"type":"Point","coordinates":[10.317242,56.308037]},"properties":{"name":"Løgtenvej 41 (Syddjurs Kom)","lines":"100","arr":["100"],"terminus":0,"mode":"bus","color":"#0059a9","colorDark":"#00294f","angle":110.7,"snapDist":9,"label":1}},{"type":"Feature","geometry":{"type":"Point","coordinates":[10.318864,56.313015]},"properties":{"name":"Lærkevej/Toftevej (Syddjurs Kom)","lines":"100","arr":["100"],"terminus":0,"mode":"bus","color":"#0059a9","colorDark":"#00294f","angle":57.5,"snapDist":3,"label":1}},{"type":"Feature","geometry":{"type":"Point","coordinates":[10.318798,56.314609]},"properties":{"name":"Brogårdvej/Toftevej (Syddjurs Kom)","lines":"100","arr":["100"],"terminus":0,"mode":"bus","color":"#0059a9","colorDark":"#00294f","angle":94.7,"snapDist":1,"label":1}},{"type":"Feature","geometry":{"type":"Point","coordinates":[10.317558,56.316649]},"properties":{"name":"Byvej/Tingvej (Syddjurs Kom)","lines":"100","arr":["100"],"terminus":0,"mode":"bus","color":"#0059a9","colorDark":"#00294f","angle":62.3,"snapDist":5,"label":1}},{"type":"Feature","geometry":{"type":"Point","coordinates":[10.312985,56.320276]},"properties":{"name":"Hornslet St. (Syddjurs Kom)","lines":"100","arr":["100"],"terminus":1,"mode":"bus","color":"#0059a9","colorDark":"#00294f","angle":113.9,"snapDist":24,"label":1}},{"type":"Feature","geometry":{"type":"Point","coordinates":[10.314217,56.319427]},"properties":{"name":"Tendrupvej/Tingvej (Syddjurs Kom)","lines":"100","arr":["100"],"terminus":0,"mode":"bus","color":"#0059a9","colorDark":"#00294f","angle":202.4,"snapDist":5,"label":1}},{"type":"Feature","geometry":{"type":"Point","coordinates":[10.316906,56.317337]},"properties":{"name":"Kastanjevej/Tingvej (Syddjurs Kom)","lines":"100","arr":["100"],"terminus":0,"mode":"bus","color":"#0059a9","colorDark":"#00294f","angle":241.8,"snapDist":9,"label":1}},{"type":"Feature","geometry":{"type":"Point","coordinates":[10.3188,56.314638]},"properties":{"name":"Brogårdvej/Toftevej (Syddjurs Kom)","lines":"100","arr":["100"],"terminus":0,"mode":"bus","color":"#0059a9","colorDark":"#00294f","angle":267.4,"snapDist":2,"label":0}},{"type":"Feature","geometry":{"type":"Point","coordinates":[10.31914,56.312828]},"properties":{"name":"Lærkevej/Toftevej (Syddjurs Kom)","lines":"100","arr":["100"],"terminus":0,"mode":"bus","color":"#0059a9","colorDark":"#00294f","angle":221.8,"snapDist":7,"label":0}},{"type":"Feature","geometry":{"type":"Point","coordinates":[10.317119,56.307856]},"properties":{"name":"Løgtenvej 41 (Syddjurs Kom)","lines":"100","arr":["100"],"terminus":0,"mode":"bus","color":"#0059a9","colorDark":"#00294f","angle":290.7,"snapDist":11,"label":0}},{"type":"Feature","geometry":{"type":"Point","coordinates":[10.316893,56.304789]},"properties":{"name":"Hornbjergvej/Løgtenvej (Syddjurs Kom)","lines":"100","arr":["100"],"terminus":0,"mode":"bus","color":"#0059a9","colorDark":"#00294f","angle":259.7,"snapDist":10,"label":0}},{"type":"Feature","geometry":{"type":"Point","coordinates":[10.323604,56.283192]},"properties":{"name":"Vosnæsvej/Grenåvej (Aarhus Kom)","lines":"100","arr":["100"],"terminus":0,"mode":"bus","color":"#0059a9","colorDark":"#00294f","angle":302.2,"snapDist":9,"label":0}},{"type":"Feature","geometry":{"type":"Point","coordinates":[10.31772,56.278037]},"properties":{"name":"Ceresvej/Grenåvej (Aarhus Kom)","lines":"100","arr":["100"],"terminus":0,"mode":"bus","color":"#0059a9","colorDark":"#00294f","angle":302.5,"snapDist":7,"label":0}},{"type":"Feature","geometry":{"type":"Point","coordinates":[10.315451,56.27612]},"properties":{"name":"Løgten/Grenåvej (Aarhus Kom)","lines":"100","arr":["100"],"terminus":0,"mode":"bus","color":"#0059a9","colorDark":"#00294f","angle":293.6,"snapDist":7,"label":0}},{"type":"Feature","geometry":{"type":"Point","coordinates":[10.310455,56.270631]},"properties":{"name":"Violskrænten/Grenåvej (Aarhus Kom)","lines":"100","arr":["100"],"terminus":0,"mode":"bus","color":"#0059a9","colorDark":"#00294f","angle":278.4,"snapDist":10,"label":0}},{"type":"Feature","geometry":{"type":"Point","coordinates":[10.308626,56.264533]},"properties":{"name":"Tjørnehegnet/Grenåvej (Aarhus Kom)","lines":"100","arr":["100"],"terminus":0,"mode":"bus","color":"#0059a9","colorDark":"#00294f","angle":291.8,"snapDist":9,"label":0}},{"type":"Feature","geometry":{"type":"Point","coordinates":[10.306809,56.261866]},"properties":{"name":"Skødstrup Kirke/Grenåvej (Aarhus Kom)","lines":"100","arr":["100"],"terminus":0,"mode":"bus","color":"#0059a9","colorDark":"#00294f","angle":287.1,"snapDist":7,"label":0}},{"type":"Feature","geometry":{"type":"Point","coordinates":[10.305259,56.259414]},"properties":{"name":"Engskovtoften/Grenåvej (Aarhus Kom)","lines":"100","arr":["100"],"terminus":0,"mode":"bus","color":"#0059a9","colorDark":"#00294f","angle":290.7,"snapDist":11,"label":1}},{"type":"Feature","geometry":{"type":"Point","coordinates":[10.300215,56.244586]},"properties":{"name":"Skovlundvej/Grenåvej (Aarhus Kom)","lines":"100, 123","arr":["100","123"],"terminus":0,"mode":"bus","color":"#0059a9","colorDark":"#00294f","angle":280.7,"snapDist":11,"label":0}},{"type":"Feature","geometry":{"type":"Point","coordinates":[10.293876,56.230141]},"properties":{"name":"Skæring Havvej/Grenåvej","lines":"100, 123, 925X","arr":["100","123","925X"],"terminus":0,"mode":"bus","color":"#0059a9","colorDark":"#00294f","angle":292.6,"snapDist":13,"label":0}},{"type":"Feature","geometry":{"type":"Point","coordinates":[10.288379,56.22359]},"properties":{"name":"Toftegårdsvej/Grenåvej (Aarhus Kom)","lines":"100, 123","arr":["100","123"],"terminus":0,"mode":"bus","color":"#0059a9","colorDark":"#00294f","angle":296.4,"snapDist":12,"label":0}},{"type":"Feature","geometry":{"type":"Point","coordinates":[10.277885,56.212106]},"properties":{"name":"Egå Havvej/Grenåvej (Aarhus Kom)","lines":"100, 123","arr":["100","123"],"terminus":0,"mode":"bus","color":"#0059a9","colorDark":"#00294f","angle":296.8,"snapDist":13,"label":0}},{"type":"Feature","geometry":{"type":"Point","coordinates":[10.254506,56.203596]},"properties":{"name":"Ådalsvej/Grenåvej (Aarhus Kom)","lines":"100, 123","arr":["100","123"],"terminus":0,"mode":"bus","color":"#0059a9","colorDark":"#00294f","angle":334.2,"snapDist":10,"label":0}},{"type":"Feature","geometry":{"type":"Point","coordinates":[10.245682,56.201445]},"properties":{"name":"Ravnsøvej/Grenåvej (Aarhus Kom)","lines":"100, 123","arr":["100","123"],"terminus":0,"mode":"bus","color":"#0059a9","colorDark":"#00294f","angle":335,"snapDist":13,"label":0}},{"type":"Feature","geometry":{"type":"Point","coordinates":[10.210373,56.161395]},"properties":{"name":"Nørreport/Hjelmensgade (Aarhus Kom)","lines":"100, 200","arr":["100","200"],"terminus":0,"mode":"bus","color":"#0059a9","colorDark":"#00294f","angle":308.7,"snapDist":3,"label":1}},{"type":"Feature","geometry":{"type":"Point","coordinates":[10.203053,56.150231]},"properties":{"name":"Aarhus Banegårdsplads/M. P. Bruuns Gade","lines":"100, 103, 302","arr":["100","103","302"],"terminus":0,"mode":"bus","color":"#0059a9","colorDark":"#00294f","angle":276.2,"snapDist":9,"label":1}},{"type":"Feature","geometry":{"type":"Point","coordinates":[10.211558,56.128463]},"properties":{"name":"Mindeparken/Oddervej (Aarhus Kom)","lines":"100, 103, 302","arr":["100","103","302"],"terminus":0,"mode":"bus","color":"#0059a9","colorDark":"#00294f","angle":297.2,"snapDist":10,"label":0}},{"type":"Feature","geometry":{"type":"Point","coordinates":[10.208438,56.124629]},"properties":{"name":"Kongevejen/Oddervej (Aarhus Kom)","lines":"100, 103, 302","arr":["100","103","302"],"terminus":0,"mode":"bus","color":"#0059a9","colorDark":"#00294f","angle":287.7,"snapDist":12,"label":0}},{"type":"Feature","geometry":{"type":"Point","coordinates":[10.207098,56.119923]},"properties":{"name":"Hestehavevej/Oddervej (Aarhus Kom)","lines":"100, 103, 302","arr":["100","103","302"],"terminus":0,"mode":"bus","color":"#0059a9","colorDark":"#00294f","angle":269.3,"snapDist":11,"label":0}},{"type":"Feature","geometry":{"type":"Point","coordinates":[10.207115,56.117318]},"properties":{"name":"Højbjerg Torv/Oddervej (Aarhus Kom)","lines":"100, 103, 302","arr":["100","103","302"],"terminus":0,"mode":"bus","color":"#0059a9","colorDark":"#00294f","angle":269,"snapDist":10,"label":0}},{"type":"Feature","geometry":{"type":"Point","coordinates":[10.207985,56.114355]},"properties":{"name":"Heidesvej/Oddervej","lines":"100, 103, 302","arr":["100","103","302"],"terminus":0,"mode":"bus","color":"#0059a9","colorDark":"#00294f","angle":241.7,"snapDist":13,"label":1}},{"type":"Feature","geometry":{"type":"Point","coordinates":[10.20837,56.109865]},"properties":{"name":"Lyseng Allé/Oddervej (Aarhus Kom)","lines":"100, 103, 302","arr":["100","103","302"],"terminus":0,"mode":"bus","color":"#0059a9","colorDark":"#00294f","angle":279.3,"snapDist":11,"label":0}},{"type":"Feature","geometry":{"type":"Point","coordinates":[10.209389,56.084335]},"properties":{"name":"Moesgård Allé/Oddervej (Aarhus Kom)","lines":"100, 103, 302","arr":["100","103","302"],"terminus":0,"mode":"bus","color":"#0059a9","colorDark":"#00294f","angle":270.4,"snapDist":6,"label":0}},{"type":"Feature","geometry":{"type":"Point","coordinates":[10.206992,56.073411]},"properties":{"name":"Langballevej/Oddervej (Aarhus Kom)","lines":"100, 103, 302","arr":["100","103","302"],"terminus":0,"mode":"bus","color":"#0059a9","colorDark":"#00294f","angle":284.6,"snapDist":5,"label":0}},{"type":"Feature","geometry":{"type":"Point","coordinates":[10.20369,56.067826]},"properties":{"name":"Vilhelmsborg Allé/Oddervej (Aarhus Kom)","lines":"100, 103, 302","arr":["100","103","302"],"terminus":0,"mode":"bus","color":"#0059a9","colorDark":"#00294f","angle":296.6,"snapDist":8,"label":0}},{"type":"Feature","geometry":{"type":"Point","coordinates":[10.203728,56.058595]},"properties":{"name":"Damgårds Allé/Beder Landevej (Aarhus Kom)","lines":"100, 103, 302","arr":["100","103","302"],"terminus":0,"mode":"bus","color":"#0059a9","colorDark":"#00294f","angle":291.6,"snapDist":4,"label":1}},{"type":"Feature","geometry":{"type":"Point","coordinates":[10.201667,56.055664]},"properties":{"name":"Byagervej/Beder Landevej (Aarhus Kom)","lines":"100, 103","arr":["100","103"],"terminus":0,"mode":"bus","color":"#0059a9","colorDark":"#00294f","angle":291.5,"snapDist":6,"label":0}},{"type":"Feature","geometry":{"type":"Point","coordinates":[10.196352,56.048361]},"properties":{"name":"Egelund/Bredgade (Aarhus Kom)","lines":"100, 103","arr":["100","103"],"terminus":0,"mode":"bus","color":"#0059a9","colorDark":"#00294f","angle":301,"snapDist":11,"label":0}},{"type":"Feature","geometry":{"type":"Point","coordinates":[10.193646,56.040661]},"properties":{"name":"Malling Kirke (Aarhus Kom)","lines":"100, 103, 302","arr":["100","103","302"],"terminus":0,"mode":"bus","color":"#0059a9","colorDark":"#00294f","angle":273.2,"snapDist":7,"label":0}},{"type":"Feature","geometry":{"type":"Point","coordinates":[10.193419,56.038383]},"properties":{"name":"Ajstrupvej/Bredgade (Aarhus Kom)","lines":"100, 103","arr":["100","103"],"terminus":0,"mode":"bus","color":"#0059a9","colorDark":"#00294f","angle":273.1,"snapDist":5,"label":1}},{"type":"Feature","geometry":{"type":"Point","coordinates":[10.191086,56.035669]},"properties":{"name":"Jens Ibsens Vej/Bredgade (Aarhus Kom)","lines":"100, 103","arr":["100","103"],"terminus":0,"mode":"bus","color":"#0059a9","colorDark":"#00294f","angle":302.7,"snapDist":7,"label":0}},{"type":"Feature","geometry":{"type":"Point","coordinates":[10.186682,56.031651]},"properties":{"name":"Banevolden/Bredgade (Aarhus Kom)","lines":"100, 103","arr":["100","103"],"terminus":0,"mode":"bus","color":"#0059a9","colorDark":"#00294f","angle":299.9,"snapDist":9,"label":0}},{"type":"Feature","geometry":{"type":"Point","coordinates":[10.18054,56.022786]},"properties":{"name":"Synnedrupvej/Oddervej (Aarhus Kom)","lines":"100, 103","arr":["100","103"],"terminus":0,"mode":"bus","color":"#0059a9","colorDark":"#00294f","angle":286.7,"snapDist":10,"label":0}},{"type":"Feature","geometry":{"type":"Point","coordinates":[10.170418,56.006047]},"properties":{"name":"Teglgaardsvej/Århusvej (Odder Kom)","lines":"100, 103","arr":["100","103"],"terminus":0,"mode":"bus","color":"#0059a9","colorDark":"#00294f","angle":289,"snapDist":11,"label":0}},{"type":"Feature","geometry":{"type":"Point","coordinates":[10.165712,55.999185]},"properties":{"name":"Kragebækvej/Århusvej (Odder Kom)","lines":"100, 103, 1002","arr":["100","103","1002"],"terminus":0,"mode":"bus","color":"#0059a9","colorDark":"#00294f","angle":295.5,"snapDist":9,"label":0}},{"type":"Feature","geometry":{"type":"Point","coordinates":[10.154783,55.987983]},"properties":{"name":"Knudsminde/Århusvej (Odder Kom)","lines":"100, 103","arr":["100","103"],"terminus":0,"mode":"bus","color":"#0059a9","colorDark":"#00294f","angle":285.3,"snapDist":8,"label":0}},{"type":"Feature","geometry":{"type":"Point","coordinates":[10.150665,55.984045]},"properties":{"name":"Skovdalsvej/Ballevej (Odder Kom)","lines":"100","arr":["100"],"terminus":0,"mode":"bus","color":"#0059a9","colorDark":"#00294f","angle":18.3,"snapDist":6,"label":1}},{"type":"Feature","geometry":{"type":"Point","coordinates":[10.143762,55.985339]},"properties":{"name":"Højmarkvej/Ballevej (Odder Kom)","lines":"100","arr":["100"],"terminus":0,"mode":"bus","color":"#0059a9","colorDark":"#00294f","angle":18.4,"snapDist":6,"label":0}},{"type":"Feature","geometry":{"type":"Point","coordinates":[10.20839,56.151524]},"properties":{"name":"Aarhus Rutebilstation","lines":"103, 302","arr":["103","302"],"terminus":1,"mode":"bus","color":"#0059a9","colorDark":"#00294f","angle":340.3,"snapDist":1,"label":0}},{"type":"Feature","geometry":{"type":"Point","coordinates":[10.150952,55.97891]},"properties":{"name":"Parkvej/Rådhusgade (Odder Kom)","lines":"103","arr":["103"],"terminus":0,"mode":"bus","color":"#0059a9","colorDark":"#00294f","angle":275.1,"snapDist":10,"label":1}},{"type":"Feature","geometry":{"type":"Point","coordinates":[10.150227,55.975236]},"properties":{"name":"Nørregade/Rådhusgade (Odder Kom)","lines":"103, 302, 1002","arr":["103","302","1002"],"terminus":0,"mode":"bus","color":"#0059a9","colorDark":"#00294f","angle":277.7,"snapDist":11,"label":0}},{"type":"Feature","geometry":{"type":"Point","coordinates":[10.190468,55.956793]},"properties":{"name":"Neder Randlev/Houvej (Odder)","lines":"103, 1003, 1008","arr":["103","1003","1008"],"terminus":0,"mode":"bus","color":"#0059a9","colorDark":"#00294f","angle":225.5,"snapDist":5,"label":1}},{"type":"Feature","geometry":{"type":"Point","coordinates":[10.203826,55.94851]},"properties":{"name":"Eriksmindevej/Houvej (Odder Kom)","lines":"103, 1003","arr":["103","1003"],"terminus":0,"mode":"bus","color":"#0059a9","colorDark":"#00294f","angle":-122.1,"snapDist":8,"label":1}},{"type":"Feature","geometry":{"type":"Point","coordinates":[10.212067,55.940512]},"properties":{"name":"Hesselbjergvej/Houvej (Odder Kom)","lines":"103, 1003","arr":["103","1003"],"terminus":0,"mode":"bus","color":"#0059a9","colorDark":"#00294f","angle":234.1,"snapDist":9,"label":1}},{"type":"Feature","geometry":{"type":"Point","coordinates":[10.221054,55.935896]},"properties":{"name":"Boulstrupvej/Houvej (Odder Kom)","lines":"103, 1003, 1008","arr":["103","1003","1008"],"terminus":0,"mode":"bus","color":"#0059a9","colorDark":"#00294f","angle":215.4,"snapDist":8,"label":1}},{"type":"Feature","geometry":{"type":"Point","coordinates":[10.237371,55.928994]},"properties":{"name":"Spøttrup/Houvej (Odder Kom)","lines":"103, 1003, 1008","arr":["103","1003","1008"],"terminus":0,"mode":"bus","color":"#0059a9","colorDark":"#00294f","angle":225.3,"snapDist":6,"label":1}},{"type":"Feature","geometry":{"type":"Point","coordinates":[10.246761,55.921897]},"properties":{"name":"Askelunden/Houvej (Odder Kom)","lines":"103, 1003, 1008","arr":["103","1003","1008"],"terminus":0,"mode":"bus","color":"#0059a9","colorDark":"#00294f","angle":243.3,"snapDist":7,"label":1}},{"type":"Feature","geometry":{"type":"Point","coordinates":[10.249324,55.918985]},"properties":{"name":"Hasselvej/Houvej (Odder Kom)","lines":"103, 1003","arr":["103","1003"],"terminus":0,"mode":"bus","color":"#0059a9","colorDark":"#00294f","angle":241.5,"snapDist":6,"label":1}},{"type":"Feature","geometry":{"type":"Point","coordinates":[10.253568,55.91419]},"properties":{"name":"Nørreled/Houvej (Odder Kom)","lines":"103","arr":["103"],"terminus":0,"mode":"bus","color":"#0059a9","colorDark":"#00294f","angle":243.5,"snapDist":7,"label":1}},{"type":"Feature","geometry":{"type":"Point","coordinates":[10.257666,55.912246]},"properties":{"name":"Hou Havn (Odder Kom)","lines":"103, 1003","arr":["103","1003"],"terminus":1,"mode":"bus","color":"#0059a9","colorDark":"#00294f","angle":121.4,"snapDist":9,"label":1}},{"type":"Feature","geometry":{"type":"Point","coordinates":[10.253867,55.914058]},"properties":{"name":"Nørreled/Houvej (Odder Kom)","lines":"103","arr":["103"],"terminus":0,"mode":"bus","color":"#0059a9","colorDark":"#00294f","angle":66.4,"snapDist":2,"label":0}},{"type":"Feature","geometry":{"type":"Point","coordinates":[10.248585,55.919963]},"properties":{"name":"Hasselvej/Houvej (Odder Kom)","lines":"103, 1003","arr":["103","1003"],"terminus":0,"mode":"bus","color":"#0059a9","colorDark":"#00294f","angle":64,"snapDist":4,"label":0}},{"type":"Feature","geometry":{"type":"Point","coordinates":[10.246681,55.921985]},"properties":{"name":"Askelunden/Houvej (Odder Kom)","lines":"103, 1003","arr":["103","1003"],"terminus":0,"mode":"bus","color":"#0059a9","colorDark":"#00294f","angle":63.3,"snapDist":7,"label":0}},{"type":"Feature","geometry":{"type":"Point","coordinates":[10.237036,55.929181]},"properties":{"name":"Spøttrup/Houvej (Odder Kom)","lines":"103, 1003","arr":["103","1003"],"terminus":0,"mode":"bus","color":"#0059a9","colorDark":"#00294f","angle":45,"snapDist":6,"label":0}},{"type":"Feature","geometry":{"type":"Point","coordinates":[10.220057,55.936295]},"properties":{"name":"Boulstrupvej/Houvej (Odder Kom)","lines":"103, 1003","arr":["103","1003"],"terminus":0,"mode":"bus","color":"#0059a9","colorDark":"#00294f","angle":36.1,"snapDist":6,"label":0}},{"type":"Feature","geometry":{"type":"Point","coordinates":[10.210945,55.941394]},"properties":{"name":"Hesselbjergvej/Houvej (Odder Kom)","lines":"103, 1003, 1008","arr":["103","1003","1008"],"terminus":0,"mode":"bus","color":"#0059a9","colorDark":"#00294f","angle":55.7,"snapDist":8,"label":0}},{"type":"Feature","geometry":{"type":"Point","coordinates":[10.203687,55.948634]},"properties":{"name":"Eriksmindevej/Houvej (Odder Kom)","lines":"103, 1003","arr":["103","1003"],"terminus":0,"mode":"bus","color":"#0059a9","colorDark":"#00294f","angle":57.9,"snapDist":7,"label":0}},{"type":"Feature","geometry":{"type":"Point","coordinates":[10.189467,55.957325]},"properties":{"name":"Neder Randlev/Houvej (Odder)","lines":"103, 1003, 1008","arr":["103","1003","1008"],"terminus":0,"mode":"bus","color":"#0059a9","colorDark":"#00294f","angle":41.8,"snapDist":4,"label":0}},{"type":"Feature","geometry":{"type":"Point","coordinates":[10.148795,55.968017]},"properties":{"name":"Sønderbakken/Horsensvej (Odder Kom)","lines":"103, 1003","arr":["103","1003"],"terminus":0,"mode":"bus","color":"#0059a9","colorDark":"#00294f","angle":97.1,"snapDist":7,"label":1}},{"type":"Feature","geometry":{"type":"Point","coordinates":[10.150862,55.978415]},"properties":{"name":"Parkvej/Rådhusgade (Odder Kom)","lines":"103","arr":["103"],"terminus":0,"mode":"bus","color":"#0059a9","colorDark":"#00294f","angle":95.6,"snapDist":14,"label":0}},{"type":"Feature","geometry":{"type":"Point","coordinates":[10.20944,56.151805]},"properties":{"name":"Aarhus Rutebilstation","lines":"113, 114, 118, 123","arr":["113","114","118","123"],"terminus":1,"mode":"bus","color":"#0059a9","colorDark":"#00294f","angle":297.7,"snapDist":2,"label":0}},{"type":"Feature","geometry":{"type":"Point","coordinates":[10.003167,56.151675]},"properties":{"name":"Blomsterhaven/Framlev Korsvej (Aarhus Kom)","lines":"113, 116U","arr":["113","116U"],"terminus":0,"mode":"bus","color":"#0059a9","colorDark":"#00294f","angle":356.3,"snapDist":12,"label":1}},{"type":"Feature","geometry":{"type":"Point","coordinates":[9.997707,56.150387]},"properties":{"name":"Lærkesvinget/Lilleringvej (Aarhus Kom)","lines":"113, 116U","arr":["113","116U"],"terminus":0,"mode":"bus","color":"#0059a9","colorDark":"#00294f","angle":313.4,"snapDist":8,"label":1}},{"type":"Feature","geometry":{"type":"Point","coordinates":[9.994515,56.149334]},"properties":{"name":"Spiræavej/Lilleringvej (Aarhus Kom)","lines":"113, 116U","arr":["113","116U"],"terminus":0,"mode":"bus","color":"#0059a9","colorDark":"#00294f","angle":334,"snapDist":5,"label":1}},{"type":"Feature","geometry":{"type":"Point","coordinates":[9.986974,56.148018]},"properties":{"name":"Rødlundvej/Lilleringvej (Aarhus Kom)","lines":"113, 116U","arr":["113","116U"],"terminus":0,"mode":"bus","color":"#0059a9","colorDark":"#00294f","angle":348.5,"snapDist":4,"label":1}},{"type":"Feature","geometry":{"type":"Point","coordinates":[9.973661,56.15064]},"properties":{"name":"Frøkjærvej/Silkeborgvej (Aarhus Kom)","lines":"113, 116U","arr":["113","116U"],"terminus":0,"mode":"bus","color":"#0059a9","colorDark":"#00294f","angle":356.3,"snapDist":7,"label":1}},{"type":"Feature","geometry":{"type":"Point","coordinates":[9.961818,56.150221]},"properties":{"name":"Lillering Skov/Århusvej (Aarhus Kom)","lines":"113, 116U","arr":["113","116U"],"terminus":0,"mode":"bus","color":"#0059a9","colorDark":"#00294f","angle":357,"snapDist":8,"label":1}},{"type":"Feature","geometry":{"type":"Point","coordinates":[9.955297,56.149988]},"properties":{"name":"Ursusvej/Århusvej (Skanderborg Kom)","lines":"113, 116U","arr":["113","116U"],"terminus":0,"mode":"bus","color":"#0059a9","colorDark":"#00294f","angle":356.3,"snapDist":11,"label":1}},{"type":"Feature","geometry":{"type":"Point","coordinates":[9.947666,56.150384]},"properties":{"name":"Århusvej/Skovlundvej (Skanderborg Kom)","lines":"113, 116U, 309","arr":["113","116U","309"],"terminus":0,"mode":"bus","color":"#0059a9","colorDark":"#00294f","angle":63.3,"snapDist":3,"label":1}},{"type":"Feature","geometry":{"type":"Point","coordinates":[9.946154,56.153181]},"properties":{"name":"Engvangsvej/Skovlundvej (Skanderborg Kom)","lines":"113, 116U, 309","arr":["113","116U","309"],"terminus":0,"mode":"bus","color":"#0059a9","colorDark":"#00294f","angle":70.7,"snapDist":4,"label":1}},{"type":"Feature","geometry":{"type":"Point","coordinates":[9.944293,56.156961]},"properties":{"name":"Ringvejen/Skovlundvej (Skanderborg Kom)","lines":"113, 116U, 309","arr":["113","116U","309"],"terminus":0,"mode":"bus","color":"#0059a9","colorDark":"#00294f","angle":76.9,"snapDist":6,"label":1}},{"type":"Feature","geometry":{"type":"Point","coordinates":[9.942749,56.158351]},"properties":{"name":"Hørslevvej/Smedeskovvej (Skanderborg Kom)","lines":"113, 116U, 309","arr":["113","116U","309"],"terminus":0,"mode":"bus","color":"#0059a9","colorDark":"#00294f","angle":52.7,"snapDist":8,"label":1}},{"type":"Feature","geometry":{"type":"Point","coordinates":[9.939491,56.160532]},"properties":{"name":"Skovby/Smedeskovvej (Skanderborg Kom)","lines":"113, 116U, 309","arr":["113","116U","309"],"terminus":0,"mode":"bus","color":"#0059a9","colorDark":"#00294f","angle":38.4,"snapDist":5,"label":1}},{"type":"Feature","geometry":{"type":"Point","coordinates":[9.923499,56.159859]},"properties":{"name":"Østergårdsvej/Smedeskovvej (Skanderborg Kom)","lines":"113, 116U, 309","arr":["113","116U","309"],"terminus":0,"mode":"bus","color":"#0059a9","colorDark":"#00294f","angle":323.4,"snapDist":8,"label":1}},{"type":"Feature","geometry":{"type":"Point","coordinates":[9.921159,56.156996]},"properties":{"name":"Frichsvej/Østergårdsvej (Skanderborg Kom)","lines":"113, 116U, 309","arr":["113","116U","309"],"terminus":0,"mode":"bus","color":"#0059a9","colorDark":"#00294f","angle":279.7,"snapDist":6,"label":1}},{"type":"Feature","geometry":{"type":"Point","coordinates":[9.917843,56.156775]},"properties":{"name":"Firkløvervej/Frichsvej (Skanderborg Kom)","lines":"113, 116U, 309","arr":["113","116U","309"],"terminus":0,"mode":"bus","color":"#0059a9","colorDark":"#00294f","angle":0.7,"snapDist":4,"label":1}},{"type":"Feature","geometry":{"type":"Point","coordinates":[9.91369,56.156801]},"properties":{"name":"Klintevej/Frichsvej (Skanderborg Kom)","lines":"113, 116U, 309","arr":["113","116U","309"],"terminus":0,"mode":"bus","color":"#0059a9","colorDark":"#00294f","angle":0.8,"snapDist":6,"label":1}},{"type":"Feature","geometry":{"type":"Point","coordinates":[9.908276,56.156848]},"properties":{"name":"Elværksvej/Frichsvej (Skanderborg Kom)","lines":"113, 116U, 309","arr":["113","116U","309"],"terminus":0,"mode":"bus","color":"#0059a9","colorDark":"#00294f","angle":3.9,"snapDist":5,"label":1}},{"type":"Feature","geometry":{"type":"Point","coordinates":[9.905155,56.154769]},"properties":{"name":"Galten Torv (Skanderborg Kom)","lines":"113, 116U, 309","arr":["113","116U","309"],"terminus":0,"mode":"bus","color":"#0059a9","colorDark":"#00294f","angle":297.1,"snapDist":7,"label":1}},{"type":"Feature","geometry":{"type":"Point","coordinates":[9.902594,56.151443]},"properties":{"name":"Præstdam/Søndergade (Skanderborg Kom)","lines":"113","arr":["113"],"terminus":0,"mode":"bus","color":"#0059a9","colorDark":"#00294f","angle":282.3,"snapDist":6,"label":1}},{"type":"Feature","geometry":{"type":"Point","coordinates":[9.902058,56.150035]},"properties":{"name":"Røddikvej/Søndergade (Skanderborg Kom)","lines":"113","arr":["113"],"terminus":0,"mode":"bus","color":"#0059a9","colorDark":"#00294f","angle":281.7,"snapDist":6,"label":1}},{"type":"Feature","geometry":{"type":"Point","coordinates":[9.899228,56.148248]},"properties":{"name":"Galten/Silkeborgvej (Skanderborg Kom)","lines":"113","arr":["113"],"terminus":0,"mode":"bus","color":"#0059a9","colorDark":"#00294f","angle":359.6,"snapDist":8,"label":1}},{"type":"Feature","geometry":{"type":"Point","coordinates":[9.891629,56.148296]},"properties":{"name":"Søringen/Silkeborgvej (Skanderborg Kom)","lines":"113","arr":["113"],"terminus":0,"mode":"bus","color":"#0059a9","colorDark":"#00294f","angle":0.7,"snapDist":6,"label":1}},{"type":"Feature","geometry":{"type":"Point","coordinates":[9.816032,56.148668]},"properties":{"name":"Låsby/Ole Rømers Vej (Skanderborg Kom)","lines":"113, 330","arr":["113","330"],"terminus":0,"mode":"bus","color":"#0059a9","colorDark":"#00294f","angle":0.9,"snapDist":6,"label":1}},{"type":"Feature","geometry":{"type":"Point","coordinates":[9.812605,56.148678]},"properties":{"name":"Låsby idrætsanlæg/Århusvej (Skanderborg Kom)","lines":"113, 330","arr":["113","330"],"terminus":0,"mode":"bus","color":"#0059a9","colorDark":"#00294f","angle":0.2,"snapDist":5,"label":1}},{"type":"Feature","geometry":{"type":"Point","coordinates":[9.809099,56.150669]},"properties":{"name":"Skolevej/Hovedgaden (Skanderborg Kom)","lines":"113","arr":["113"],"terminus":0,"mode":"bus","color":"#0059a9","colorDark":"#00294f","angle":70.4,"snapDist":7,"label":1}},{"type":"Feature","geometry":{"type":"Point","coordinates":[9.808355,56.154388]},"properties":{"name":"Kirkevej/Hovedgaden (Skanderborg Kom)","lines":"113","arr":["113"],"terminus":0,"mode":"bus","color":"#0059a9","colorDark":"#00294f","angle":91.7,"snapDist":3,"label":1}},{"type":"Feature","geometry":{"type":"Point","coordinates":[9.814565,56.157315]},"properties":{"name":"Nørredalen/Nørregade (Skanderborg Kom)","lines":"113","arr":["113"],"terminus":0,"mode":"bus","color":"#0059a9","colorDark":"#00294f","angle":117.6,"snapDist":5,"label":1}},{"type":"Feature","geometry":{"type":"Point","coordinates":[9.77782,56.176469]},"properties":{"name":"Sorring/Hovedgaden (Silkeborg Kom)","lines":"113","arr":["113"],"terminus":0,"mode":"bus","color":"#0059a9","colorDark":"#00294f","angle":16.8,"snapDist":7,"label":1}},{"type":"Feature","geometry":{"type":"Point","coordinates":[9.770825,56.178052]},"properties":{"name":"Sorring/Silkeborgvej (Silkeborg Kom)","lines":"113","arr":["113"],"terminus":0,"mode":"bus","color":"#0059a9","colorDark":"#00294f","angle":13.3,"snapDist":5,"label":1}},{"type":"Feature","geometry":{"type":"Point","coordinates":[9.73807,56.183114]},"properties":{"name":"Høgholmsvej/Sorringvej (Silkeborg Kom)","lines":"113","arr":["113"],"terminus":0,"mode":"bus","color":"#0059a9","colorDark":"#00294f","angle":355.9,"snapDist":6,"label":1}},{"type":"Feature","geometry":{"type":"Point","coordinates":[9.700353,56.187973]},"properties":{"name":"Voel Skole (Silkeborg Kom)","lines":"113","arr":["113"],"terminus":0,"mode":"bus","color":"#0059a9","colorDark":"#00294f","angle":25.7,"snapDist":3,"label":1}},{"type":"Feature","geometry":{"type":"Point","coordinates":[9.692831,56.190157]},"properties":{"name":"Voel Trafikknudepunkt (Silkeborg Kom)","lines":"113","arr":["113"],"terminus":0,"mode":"bus","color":"#0059a9","colorDark":"#00294f","angle":31.8,"snapDist":5,"label":1}},{"type":"Feature","geometry":{"type":"Point","coordinates":[9.688355,56.191199]},"properties":{"name":"Sorringvej/Hjortgårdsvej (Silkeborg Kom)","lines":"113","arr":["113"],"terminus":0,"mode":"bus","color":"#0059a9","colorDark":"#00294f","angle":336.3,"snapDist":6,"label":1}},{"type":"Feature","geometry":{"type":"Point","coordinates":[9.655546,56.183534]},"properties":{"name":"Møllegårdsvej (Silkeborg Kom)","lines":"113","arr":["113"],"terminus":0,"mode":"bus","color":"#0059a9","colorDark":"#00294f","angle":344.3,"snapDist":6,"label":1}},{"type":"Feature","geometry":{"type":"Point","coordinates":[9.646275,56.182087]},"properties":{"name":"Resenbro (Silkeborg Kom)","lines":"113","arr":["113"],"terminus":0,"mode":"bus","color":"#0059a9","colorDark":"#00294f","angle":344,"snapDist":10,"label":1}},{"type":"Feature","geometry":{"type":"Point","coordinates":[9.639009,56.180234]},"properties":{"name":"Resenbro/Plejecentret Rødegård (Silkeborg Kom)","lines":"113","arr":["113"],"terminus":0,"mode":"bus","color":"#0059a9","colorDark":"#00294f","angle":328.2,"snapDist":7,"label":1}},{"type":"Feature","geometry":{"type":"Point","coordinates":[9.626298,56.176603]},"properties":{"name":"Resenbro/Skærbækvej midt (Silkeborg Kom)","lines":"113","arr":["113"],"terminus":0,"mode":"bus","color":"#0059a9","colorDark":"#00294f","angle":335.7,"snapDist":8,"label":1}},{"type":"Feature","geometry":{"type":"Point","coordinates":[9.617535,56.174341]},"properties":{"name":"Resenbro/Skærbækvej vest (Silkeborg Kom)","lines":"113","arr":["113"],"terminus":0,"mode":"bus","color":"#0059a9","colorDark":"#00294f","angle":331.8,"snapDist":3,"label":1}},{"type":"Feature","geometry":{"type":"Point","coordinates":[9.598537,56.168118]},"properties":{"name":"Silkeborgmotorvejen/Aarhusvej","lines":"113","arr":["113"],"terminus":0,"mode":"bus","color":"#0059a9","colorDark":"#00294f","angle":344.4,"snapDist":7,"label":1}},{"type":"Feature","geometry":{"type":"Point","coordinates":[9.574793,56.167664]},"properties":{"name":"Campus Silkeborg/Nordskovvej","lines":"113","arr":["113"],"terminus":0,"mode":"bus","color":"#0059a9","colorDark":"#00294f","angle":359.8,"snapDist":7,"label":1}},{"type":"Feature","geometry":{"type":"Point","coordinates":[9.567392,56.169166]},"properties":{"name":"Nordskovpassagen (Silkeborg Kom)","lines":"113","arr":["113"],"terminus":0,"mode":"bus","color":"#0059a9","colorDark":"#00294f","angle":86,"snapDist":6,"label":1}},{"type":"Feature","geometry":{"type":"Point","coordinates":[9.560841,56.169473]},"properties":{"name":"Regionshospitalet Silkeborg","lines":"113","arr":["113"],"terminus":0,"mode":"bus","color":"#0059a9","colorDark":"#00294f","angle":354.6,"snapDist":10,"label":1}},{"type":"Feature","geometry":{"type":"Point","coordinates":[9.552538,56.169871]},"properties":{"name":"Museum Silkeborg","lines":"113","arr":["113"],"terminus":0,"mode":"bus","color":"#0059a9","colorDark":"#00294f","angle":279.2,"snapDist":3,"label":1}},{"type":"Feature","geometry":{"type":"Point","coordinates":[9.551597,56.166251]},"properties":{"name":"Søndertorv (Silkeborg Kom)","lines":"113","arr":["113"],"terminus":0,"mode":"bus","color":"#0059a9","colorDark":"#00294f","angle":275,"snapDist":12,"label":1}},{"type":"Feature","geometry":{"type":"Point","coordinates":[9.550475,56.164694]},"properties":{"name":"Amaliegade/Drewsensvej (Silkeborg Kom)","lines":"113","arr":["113"],"terminus":0,"mode":"bus","color":"#0059a9","colorDark":"#00294f","angle":355.8,"snapDist":8,"label":1}},{"type":"Feature","geometry":{"type":"Point","coordinates":[9.545982,56.164243]},"properties":{"name":"Silkeborg Trafikterminal","lines":"113","arr":["113"],"terminus":1,"mode":"bus","color":"#0059a9","colorDark":"#00294f","angle":170.9,"snapDist":0,"label":1}},{"type":"Feature","geometry":{"type":"Point","coordinates":[9.549895,56.164676]},"properties":{"name":"Amaliegade/Drewsensvej (Silkeborg Kom)","lines":"113","arr":["113"],"terminus":0,"mode":"bus","color":"#0059a9","colorDark":"#00294f","angle":177.3,"snapDist":7,"label":0}},{"type":"Feature","geometry":{"type":"Point","coordinates":[9.552642,56.169661]},"properties":{"name":"Museum Silkeborg","lines":"113","arr":["113"],"terminus":0,"mode":"bus","color":"#0059a9","colorDark":"#00294f","angle":99.9,"snapDist":7,"label":0}},{"type":"Feature","geometry":{"type":"Point","coordinates":[9.5617,56.169509]},"properties":{"name":"Regionshospitalet Silkeborg","lines":"113","arr":["113"],"terminus":0,"mode":"bus","color":"#0059a9","colorDark":"#00294f","angle":177.1,"snapDist":11,"label":0}},{"type":"Feature","geometry":{"type":"Point","coordinates":[9.567383,56.169237]},"properties":{"name":"Nordskovpassagen (Silkeborg Kom)","lines":"113","arr":["113"],"terminus":0,"mode":"bus","color":"#0059a9","colorDark":"#00294f","angle":266,"snapDist":5,"label":0}},{"type":"Feature","geometry":{"type":"Point","coordinates":[9.575034,56.167662]},"properties":{"name":"Campus Silkeborg/Nordskovvej","lines":"113","arr":["113"],"terminus":0,"mode":"bus","color":"#0059a9","colorDark":"#00294f","angle":180.8,"snapDist":4,"label":0}},{"type":"Feature","geometry":{"type":"Point","coordinates":[9.597933,56.167956]},"properties":{"name":"Silkeborgmotorvejen/Aarhusvej","lines":"113","arr":["113"],"terminus":0,"mode":"bus","color":"#0059a9","colorDark":"#00294f","angle":164.9,"snapDist":5,"label":0}},{"type":"Feature","geometry":{"type":"Point","coordinates":[9.618474,56.17461]},"properties":{"name":"Resenbro/Skærbækvej vest (Silkeborg Kom)","lines":"113","arr":["113"],"terminus":0,"mode":"bus","color":"#0059a9","colorDark":"#00294f","angle":153.5,"snapDist":8,"label":0}},{"type":"Feature","geometry":{"type":"Point","coordinates":[9.628486,56.177154]},"properties":{"name":"Resenbro/Skærbækvej midt (Silkeborg Kom)","lines":"113","arr":["113"],"terminus":0,"mode":"bus","color":"#0059a9","colorDark":"#00294f","angle":155.6,"snapDist":8,"label":0}},{"type":"Feature","geometry":{"type":"Point","coordinates":[9.639602,56.180436]},"properties":{"name":"Resenbro/Plejecentret Rødegård (Silkeborg Kom)","lines":"113","arr":["113"],"terminus":0,"mode":"bus","color":"#0059a9","colorDark":"#00294f","angle":148.8,"snapDist":7,"label":0}},{"type":"Feature","geometry":{"type":"Point","coordinates":[9.647776,56.182326]},"properties":{"name":"Resenbro (Silkeborg Kom)","lines":"113","arr":["113"],"terminus":0,"mode":"bus","color":"#0059a9","colorDark":"#00294f","angle":164,"snapDist":12,"label":0}},{"type":"Feature","geometry":{"type":"Point","coordinates":[9.655691,56.183557]},"properties":{"name":"Møllegårdsvej (Silkeborg Kom)","lines":"113","arr":["113"],"terminus":0,"mode":"bus","color":"#0059a9","colorDark":"#00294f","angle":164.3,"snapDist":8,"label":0}},{"type":"Feature","geometry":{"type":"Point","coordinates":[9.688717,56.191288]},"properties":{"name":"Sorringvej/Hjortgårdsvej (Silkeborg Kom)","lines":"113","arr":["113"],"terminus":0,"mode":"bus","color":"#0059a9","colorDark":"#00294f","angle":155.4,"snapDist":5,"label":0}},{"type":"Feature","geometry":{"type":"Point","coordinates":[9.692868,56.190144]},"properties":{"name":"Voel Trafikknudepunkt (Silkeborg Kom)","lines":"113","arr":["113"],"terminus":0,"mode":"bus","color":"#0059a9","colorDark":"#00294f","angle":211.8,"snapDist":8,"label":0}},{"type":"Feature","geometry":{"type":"Point","coordinates":[9.701462,56.187676]},"properties":{"name":"Voel Skole (Silkeborg Kom)","lines":"113","arr":["113"],"terminus":0,"mode":"bus","color":"#0059a9","colorDark":"#00294f","angle":205.6,"snapDist":5,"label":0}},{"type":"Feature","geometry":{"type":"Point","coordinates":[9.73804,56.183113]},"properties":{"name":"Høgholmsvej/Sorringvej (Silkeborg Kom)","lines":"113","arr":["113"],"terminus":0,"mode":"bus","color":"#0059a9","colorDark":"#00294f","angle":175.9,"snapDist":4,"label":0}},{"type":"Feature","geometry":{"type":"Point","coordinates":[9.770555,56.178088]},"properties":{"name":"Sorring/Silkeborgvej (Silkeborg Kom)","lines":"113","arr":["113"],"terminus":0,"mode":"bus","color":"#0059a9","colorDark":"#00294f","angle":193.3,"snapDist":5,"label":0}},{"type":"Feature","geometry":{"type":"Point","coordinates":[9.778184,56.176407]},"properties":{"name":"Sorring/Hovedgaden (Silkeborg Kom)","lines":"113","arr":["113"],"terminus":0,"mode":"bus","color":"#0059a9","colorDark":"#00294f","angle":196.8,"snapDist":6,"label":0}},{"type":"Feature","geometry":{"type":"Point","coordinates":[9.814698,56.157457]},"properties":{"name":"Nørredalen/Nørregade (Skanderborg Kom)","lines":"113","arr":["113"],"terminus":0,"mode":"bus","color":"#0059a9","colorDark":"#00294f","angle":297.6,"snapDist":8,"label":0}},{"type":"Feature","geometry":{"type":"Point","coordinates":[9.808348,56.154252]},"properties":{"name":"Kirkevej/Hovedgaden (Skanderborg Kom)","lines":"113","arr":["113"],"terminus":0,"mode":"bus","color":"#0059a9","colorDark":"#00294f","angle":271.7,"snapDist":8,"label":0}},{"type":"Feature","geometry":{"type":"Point","coordinates":[9.809197,56.150516]},"properties":{"name":"Skolevej/Hovedgaden (Skanderborg Kom)","lines":"113","arr":["113"],"terminus":0,"mode":"bus","color":"#0059a9","colorDark":"#00294f","angle":250.4,"snapDist":11,"label":0}},{"type":"Feature","geometry":{"type":"Point","coordinates":[9.812604,56.148678]},"properties":{"name":"Låsby idrætsanlæg/Århusvej (Skanderborg Kom)","lines":"113, 330","arr":["113","330"],"terminus":0,"mode":"bus","color":"#0059a9","colorDark":"#00294f","angle":180.2,"snapDist":9,"label":0}},{"type":"Feature","geometry":{"type":"Point","coordinates":[9.815969,56.148669]},"properties":{"name":"Låsby/Ole Rømers Vej (Skanderborg Kom)","lines":"113, 330","arr":["113","330"],"terminus":0,"mode":"bus","color":"#0059a9","colorDark":"#00294f","angle":180.9,"snapDist":7,"label":0}},{"type":"Feature","geometry":{"type":"Point","coordinates":[9.891403,56.148298]},"properties":{"name":"Søringen/Silkeborgvej (Skanderborg Kom)","lines":"113","arr":["113"],"terminus":0,"mode":"bus","color":"#0059a9","colorDark":"#00294f","angle":180.7,"snapDist":13,"label":0}},{"type":"Feature","geometry":{"type":"Point","coordinates":[9.89768,56.148256]},"properties":{"name":"Galten/Silkeborgvej (Skanderborg Kom)","lines":"113","arr":["113"],"terminus":0,"mode":"bus","color":"#0059a9","colorDark":"#00294f","angle":180.7,"snapDist":8,"label":0}},{"type":"Feature","geometry":{"type":"Point","coordinates":[9.901926,56.149687]},"properties":{"name":"Røddikvej/Søndergade (Skanderborg Kom)","lines":"113","arr":["113"],"terminus":0,"mode":"bus","color":"#0059a9","colorDark":"#00294f","angle":101.9,"snapDist":4,"label":0}},{"type":"Feature","geometry":{"type":"Point","coordinates":[9.902804,56.151988]},"properties":{"name":"Præstdam/Søndergade (Skanderborg Kom)","lines":"113","arr":["113"],"terminus":0,"mode":"bus","color":"#0059a9","colorDark":"#00294f","angle":101,"snapDist":4,"label":0}},{"type":"Feature","geometry":{"type":"Point","coordinates":[9.905312,56.154754]},"properties":{"name":"Galten Torv (Skanderborg Kom)","lines":"113","arr":["113"],"terminus":0,"mode":"bus","color":"#0059a9","colorDark":"#00294f","angle":80.1,"snapDist":2,"label":0}},{"type":"Feature","geometry":{"type":"Point","coordinates":[9.908255,56.156848]},"properties":{"name":"Elværksvej/Frichsvej (Skanderborg Kom)","lines":"113, 116U, 309","arr":["113","116U","309"],"terminus":0,"mode":"bus","color":"#0059a9","colorDark":"#00294f","angle":183.9,"snapDist":6,"label":0}},{"type":"Feature","geometry":{"type":"Point","coordinates":[9.914076,56.156798]},"properties":{"name":"Klintevej/Frichsvej (Skanderborg Kom)","lines":"113, 116U, 309","arr":["113","116U","309"],"terminus":0,"mode":"bus","color":"#0059a9","colorDark":"#00294f","angle":180.8,"snapDist":5,"label":0}},{"type":"Feature","geometry":{"type":"Point","coordinates":[9.918712,56.156766]},"properties":{"name":"Firkløvervej/Frichsvej (Skanderborg Kom)","lines":"113, 116U, 309","arr":["113","116U","309"],"terminus":0,"mode":"bus","color":"#0059a9","colorDark":"#00294f","angle":180.8,"snapDist":7,"label":0}},{"type":"Feature","geometry":{"type":"Point","coordinates":[9.921194,56.15711]},"properties":{"name":"Frichsvej/Østergårdsvej (Skanderborg Kom)","lines":"113, 116U, 309","arr":["113","116U","309"],"terminus":0,"mode":"bus","color":"#0059a9","colorDark":"#00294f","angle":99.7,"snapDist":5,"label":0}},{"type":"Feature","geometry":{"type":"Point","coordinates":[9.922602,56.159548]},"properties":{"name":"Østergårdsvej/Smedeskovvej (Skanderborg Kom)","lines":"113, 116U, 309","arr":["113","116U","309"],"terminus":0,"mode":"bus","color":"#0059a9","colorDark":"#00294f","angle":158,"snapDist":9,"label":0}},{"type":"Feature","geometry":{"type":"Point","coordinates":[9.94042,56.160041]},"properties":{"name":"Skovby/Smedeskovvej (Skanderborg Kom)","lines":"113, 116U, 309","arr":["113","116U","309"],"terminus":0,"mode":"bus","color":"#0059a9","colorDark":"#00294f","angle":226.3,"snapDist":9,"label":0}},{"type":"Feature","geometry":{"type":"Point","coordinates":[9.942951,56.158203]},"properties":{"name":"Hørslevvej/Smedeskovvej (Skanderborg Kom)","lines":"113, 116U, 309","arr":["113","116U","309"],"terminus":0,"mode":"bus","color":"#0059a9","colorDark":"#00294f","angle":232.7,"snapDist":9,"label":0}},{"type":"Feature","geometry":{"type":"Point","coordinates":[9.946135,56.15321]},"properties":{"name":"Engvangsvej/Skovlundvej (Skanderborg Kom)","lines":"113, 116U, 309","arr":["113","116U","309"],"terminus":0,"mode":"bus","color":"#0059a9","colorDark":"#00294f","angle":250.7,"snapDist":8,"label":0}},{"type":"Feature","geometry":{"type":"Point","coordinates":[9.947665,56.150385]},"properties":{"name":"Århusvej/Skovlundvej (Skanderborg Kom)","lines":"113, 116U, 309","arr":["113","116U","309"],"terminus":0,"mode":"bus","color":"#0059a9","colorDark":"#00294f","angle":243.3,"snapDist":8,"label":0}},{"type":"Feature","geometry":{"type":"Point","coordinates":[9.94973,56.149792]},"properties":{"name":"Storringvej/Århusvej (Skanderborg Kom)","lines":"113, 116U","arr":["113","116U"],"terminus":0,"mode":"bus","color":"#0059a9","colorDark":"#00294f","angle":176.4,"snapDist":9,"label":1}},{"type":"Feature","geometry":{"type":"Point","coordinates":[9.956593,56.150035]},"properties":{"name":"Ursusvej/Århusvej (Skanderborg Kom)","lines":"113, 116U","arr":["113","116U"],"terminus":0,"mode":"bus","color":"#0059a9","colorDark":"#00294f","angle":176.3,"snapDist":9,"label":0}},{"type":"Feature","geometry":{"type":"Point","coordinates":[9.962765,56.150253]},"properties":{"name":"Lillering Skov/Århusvej (Aarhus Kom)","lines":"113, 116U","arr":["113","116U"],"terminus":0,"mode":"bus","color":"#0059a9","colorDark":"#00294f","angle":176.2,"snapDist":8,"label":0}},{"type":"Feature","geometry":{"type":"Point","coordinates":[9.975086,56.15069]},"properties":{"name":"Frøkjærvej/Silkeborgvej (Aarhus Kom)","lines":"113, 116U","arr":["113","116U"],"terminus":0,"mode":"bus","color":"#0059a9","colorDark":"#00294f","angle":176.5,"snapDist":12,"label":0}},{"type":"Feature","geometry":{"type":"Point","coordinates":[9.987076,56.148029]},"properties":{"name":"Rødlundvej/Lilleringvej (Aarhus Kom)","lines":"113, 116U","arr":["113","116U"],"terminus":0,"mode":"bus","color":"#0059a9","colorDark":"#00294f","angle":168.5,"snapDist":4,"label":0}},{"type":"Feature","geometry":{"type":"Point","coordinates":[9.994858,56.149426]},"properties":{"name":"Spiræavej/Lilleringvej (Aarhus Kom)","lines":"113, 116U","arr":["113","116U"],"terminus":0,"mode":"bus","color":"#0059a9","colorDark":"#00294f","angle":154,"snapDist":6,"label":0}},{"type":"Feature","geometry":{"type":"Point","coordinates":[9.997449,56.150235]},"properties":{"name":"Lærkesvinget/Lilleringvej (Aarhus Kom)","lines":"113, 116U","arr":["113","116U"],"terminus":0,"mode":"bus","color":"#0059a9","colorDark":"#00294f","angle":133.4,"snapDist":5,"label":0}},{"type":"Feature","geometry":{"type":"Point","coordinates":[10.003201,56.151676]},"properties":{"name":"Blomsterhaven/Framlev Korsvej (Aarhus Kom)","lines":"113, 116U","arr":["113","116U"],"terminus":0,"mode":"bus","color":"#0059a9","colorDark":"#00294f","angle":176.3,"snapDist":12,"label":0}},{"type":"Feature","geometry":{"type":"Point","coordinates":[10.136018,56.177994]},"properties":{"name":"Bredskiftevej/Viborgvej (Aarhus Kom)","lines":"114","arr":["114"],"terminus":0,"mode":"bus","color":"#0059a9","colorDark":"#00294f","angle":22.4,"snapDist":7,"label":0}},{"type":"Feature","geometry":{"type":"Point","coordinates":[10.122052,56.181386]},"properties":{"name":"Havkærvej/Viborgvej (Aarhus Kom)","lines":"114","arr":["114"],"terminus":0,"mode":"bus","color":"#0059a9","colorDark":"#00294f","angle":19.2,"snapDist":9,"label":1}},{"type":"Feature","geometry":{"type":"Point","coordinates":[10.109017,56.183302]},"properties":{"name":"Langkær/Viborgvej (Aarhus Kom)","lines":"114","arr":["114"],"terminus":0,"mode":"bus","color":"#0059a9","colorDark":"#00294f","angle":17,"snapDist":12,"label":1}},{"type":"Feature","geometry":{"type":"Point","coordinates":[10.102433,56.184462]},"properties":{"name":"Anelystvej/Viborgvej (Aarhus Kom)","lines":"114","arr":["114"],"terminus":0,"mode":"bus","color":"#0059a9","colorDark":"#00294f","angle":13.1,"snapDist":5,"label":1}},{"type":"Feature","geometry":{"type":"Point","coordinates":[10.09448,56.185773]},"properties":{"name":"True Møllevej/Viborgvej (Aarhus Kom)","lines":"114","arr":["114"],"terminus":0,"mode":"bus","color":"#0059a9","colorDark":"#00294f","angle":17.1,"snapDist":7,"label":1}},{"type":"Feature","geometry":{"type":"Point","coordinates":[10.088593,56.188293]},"properties":{"name":"Tilst Vestervej/Gammel Viborgvej (Aarhus Kom)","lines":"114","arr":["114"],"terminus":0,"mode":"bus","color":"#0059a9","colorDark":"#00294f","angle":36.1,"snapDist":10,"label":1}},{"type":"Feature","geometry":{"type":"Point","coordinates":[10.035828,56.207897]},"properties":{"name":"Vistoftvej/Viborgvej (Aarhus Kom)","lines":"114","arr":["114"],"terminus":0,"mode":"bus","color":"#0059a9","colorDark":"#00294f","angle":23.9,"snapDist":11,"label":1}},{"type":"Feature","geometry":{"type":"Point","coordinates":[10.028165,56.209549]},"properties":{"name":"Damvej/Viborgvej (Aarhus Kom)","lines":"114","arr":["114"],"terminus":0,"mode":"bus","color":"#0059a9","colorDark":"#00294f","angle":20.5,"snapDist":10,"label":1}},{"type":"Feature","geometry":{"type":"Point","coordinates":[10.020408,56.211156]},"properties":{"name":"Sabro Korsvej/Viborgvej (Aarhus Kom)","lines":"114","arr":["114"],"terminus":0,"mode":"bus","color":"#0059a9","colorDark":"#00294f","angle":20.7,"snapDist":9,"label":1}},{"type":"Feature","geometry":{"type":"Point","coordinates":[10.004499,56.214277]},"properties":{"name":"Urebjergvej/Viborgvej (Aarhus Kom)","lines":"114","arr":["114"],"terminus":0,"mode":"bus","color":"#0059a9","colorDark":"#00294f","angle":13,"snapDist":9,"label":1}},{"type":"Feature","geometry":{"type":"Point","coordinates":[9.908589,56.235263]},"properties":{"name":"Byrielsholmvej/Viborgvej (Favrskov Kom)","lines":"114","arr":["114"],"terminus":0,"mode":"bus","color":"#0059a9","colorDark":"#00294f","angle":6.6,"snapDist":8,"label":1}},{"type":"Feature","geometry":{"type":"Point","coordinates":[9.888886,56.235774]},"properties":{"name":"Voldby/Brovænget (Favrskov Kom)","lines":"114","arr":["114"],"terminus":0,"mode":"bus","color":"#0059a9","colorDark":"#00294f","angle":12.9,"snapDist":5,"label":1}},{"type":"Feature","geometry":{"type":"Point","coordinates":[9.859333,56.245992]},"properties":{"name":"Frijsenborg Efterskole/Anbækvej (Favrskov Kom)","lines":"114","arr":["114"],"terminus":0,"mode":"bus","color":"#0059a9","colorDark":"#00294f","angle":72.8,"snapDist":8,"label":1}},{"type":"Feature","geometry":{"type":"Point","coordinates":[9.860663,56.252378]},"properties":{"name":"Skaghøjs Plejecenter/Anbækvej (Favrskov Kom)","lines":"114","arr":["114"],"terminus":0,"mode":"bus","color":"#0059a9","colorDark":"#00294f","angle":105.9,"snapDist":9,"label":1}},{"type":"Feature","geometry":{"type":"Point","coordinates":[9.860498,56.252057]},"properties":{"name":"Skaghøjs Plejecenter/Anbækvej (Favrskov Kom)","lines":"114","arr":["114"],"terminus":0,"mode":"bus","color":"#0059a9","colorDark":"#00294f","angle":286.1,"snapDist":6,"label":0}},{"type":"Feature","geometry":{"type":"Point","coordinates":[9.858784,56.249128]},"properties":{"name":"Søndervangskolen/Anbækvej (Favrskov Kom)","lines":"114","arr":["114"],"terminus":0,"mode":"bus","color":"#0059a9","colorDark":"#00294f","angle":276.4,"snapDist":9,"label":0}},{"type":"Feature","geometry":{"type":"Point","coordinates":[9.85913,56.246357]},"properties":{"name":"Frijsenborg Efterskole/Anbækvej (Favrskov Kom)","lines":"114","arr":["114"],"terminus":0,"mode":"bus","color":"#0059a9","colorDark":"#00294f","angle":252.8,"snapDist":9,"label":0}},{"type":"Feature","geometry":{"type":"Point","coordinates":[9.855212,56.235336]},"properties":{"name":"Anbæk/Anbækvej (Favrskov Kom)","lines":"114","arr":["114"],"terminus":0,"mode":"bus","color":"#0059a9","colorDark":"#00294f","angle":274.5,"snapDist":10,"label":0}},{"type":"Feature","geometry":{"type":"Point","coordinates":[9.884707,56.235599]},"properties":{"name":"Voldby Forsamlingshus (Favrskov Kom)","lines":"114","arr":["114"],"terminus":0,"mode":"bus","color":"#0059a9","colorDark":"#00294f","angle":169.7,"snapDist":9,"label":0}},{"type":"Feature","geometry":{"type":"Point","coordinates":[9.890268,56.235601]},"properties":{"name":"Voldby/Brovænget (Favrskov Kom)","lines":"114","arr":["114"],"terminus":0,"mode":"bus","color":"#0059a9","colorDark":"#00294f","angle":188.9,"snapDist":7,"label":0}},{"type":"Feature","geometry":{"type":"Point","coordinates":[9.910008,56.235153]},"properties":{"name":"Byrielsholmvej/Viborgvej (Favrskov Kom)","lines":"114","arr":["114"],"terminus":0,"mode":"bus","color":"#0059a9","colorDark":"#00294f","angle":188.3,"snapDist":10,"label":0}},{"type":"Feature","geometry":{"type":"Point","coordinates":[9.960813,56.225554]},"properties":{"name":"Fajstrup (Favrskov Kom)","lines":"114","arr":["114"],"terminus":0,"mode":"bus","color":"#0059a9","colorDark":"#00294f","angle":204.7,"snapDist":11,"label":0}},{"type":"Feature","geometry":{"type":"Point","coordinates":[9.970278,56.222749]},"properties":{"name":"Lading/Møllebakken (Favrskov Kom)","lines":"114","arr":["114"],"terminus":0,"mode":"bus","color":"#0059a9","colorDark":"#00294f","angle":212.7,"snapDist":10,"label":0}},{"type":"Feature","geometry":{"type":"Point","coordinates":[9.981928,56.220234]},"properties":{"name":"Lading/Skjoldhøjvej (Favrskov Kom)","lines":"114","arr":["114"],"terminus":0,"mode":"bus","color":"#0059a9","colorDark":"#00294f","angle":185.3,"snapDist":11,"label":0}},{"type":"Feature","geometry":{"type":"Point","coordinates":[9.999293,56.214494]},"properties":{"name":"Urebjergvej/Viborgvej (Aarhus Kom)","lines":"114","arr":["114"],"terminus":0,"mode":"bus","color":"#0059a9","colorDark":"#00294f","angle":187.7,"snapDist":8,"label":1}},{"type":"Feature","geometry":{"type":"Point","coordinates":[10.022249,56.210773]},"properties":{"name":"Sabro Korsvej/Viborgvej (Aarhus Kom)","lines":"114","arr":["114"],"terminus":0,"mode":"bus","color":"#0059a9","colorDark":"#00294f","angle":200.4,"snapDist":11,"label":0}},{"type":"Feature","geometry":{"type":"Point","coordinates":[10.02956,56.209257]},"properties":{"name":"Damvej/Viborgvej (Aarhus Kom)","lines":"114","arr":["114"],"terminus":0,"mode":"bus","color":"#0059a9","colorDark":"#00294f","angle":200.8,"snapDist":8,"label":0}},{"type":"Feature","geometry":{"type":"Point","coordinates":[10.037486,56.207453]},"properties":{"name":"Vistoftvej/Viborgvej (Aarhus Kom)","lines":"114","arr":["114"],"terminus":0,"mode":"bus","color":"#0059a9","colorDark":"#00294f","angle":208.7,"snapDist":11,"label":0}},{"type":"Feature","geometry":{"type":"Point","coordinates":[10.088612,56.188286]},"properties":{"name":"Tilst Vestervej/Gammel Viborgvej (Aarhus Kom)","lines":"114","arr":["114"],"terminus":0,"mode":"bus","color":"#0059a9","colorDark":"#00294f","angle":216.1,"snapDist":11,"label":0}},{"type":"Feature","geometry":{"type":"Point","coordinates":[10.088403,56.186675]},"properties":{"name":"Grydhøjparken/Viborgvej (Aarhus Kom)","lines":"114","arr":["114"],"terminus":0,"mode":"bus","color":"#0059a9","colorDark":"#00294f","angle":196.4,"snapDist":5,"label":1}},{"type":"Feature","geometry":{"type":"Point","coordinates":[10.096274,56.185366]},"properties":{"name":"True Møllevej/Viborgvej (Aarhus Kom)","lines":"114","arr":["114"],"terminus":0,"mode":"bus","color":"#0059a9","colorDark":"#00294f","angle":197.1,"snapDist":4,"label":0}},{"type":"Feature","geometry":{"type":"Point","coordinates":[10.104094,56.18401]},"properties":{"name":"Anelystvej/Viborgvej (Aarhus Kom)","lines":"114","arr":["114"],"terminus":0,"mode":"bus","color":"#0059a9","colorDark":"#00294f","angle":194.6,"snapDist":1,"label":0}},{"type":"Feature","geometry":{"type":"Point","coordinates":[10.110418,56.182977]},"properties":{"name":"Langkær/Viborgvej (Aarhus Kom)","lines":"114","arr":["114"],"terminus":0,"mode":"bus","color":"#0059a9","colorDark":"#00294f","angle":195.1,"snapDist":5,"label":0}},{"type":"Feature","geometry":{"type":"Point","coordinates":[10.123395,56.180961]},"properties":{"name":"Havkærvej/Viborgvej (Aarhus Kom)","lines":"114","arr":["114"],"terminus":0,"mode":"bus","color":"#0059a9","colorDark":"#00294f","angle":201.4,"snapDist":12,"label":0}},{"type":"Feature","geometry":{"type":"Point","coordinates":[10.069134,56.253625]},"properties":{"name":"Ådalsvej/Samsøvej (Favrskov Kom)","lines":"115, 200","arr":["115","200"],"terminus":1,"mode":"bus","color":"#0059a9","colorDark":"#00294f","angle":151.1,"snapDist":13,"label":1}},{"type":"Feature","geometry":{"type":"Point","coordinates":[10.070849,56.256714]},"properties":{"name":"Rønvangen/Ådalsvej (Favrskov Kom)","lines":"115, 200","arr":["115","200"],"terminus":0,"mode":"bus","color":"#0059a9","colorDark":"#00294f","angle":85.7,"snapDist":7,"label":0}},{"type":"Feature","geometry":{"type":"Point","coordinates":[10.064868,56.270672]},"properties":{"name":"Nørregade/Rylevej (Favrskov Kom)","lines":"115","arr":["115"],"terminus":0,"mode":"bus","color":"#0059a9","colorDark":"#00294f","angle":28.9,"snapDist":15,"label":1}},{"type":"Feature","geometry":{"type":"Point","coordinates":[10.064043,56.278801]},"properties":{"name":"Bjergegårdsvej/Rylevej (Favrskov Kom)","lines":"115","arr":["115"],"terminus":0,"mode":"bus","color":"#0059a9","colorDark":"#00294f","angle":93.2,"snapDist":0,"label":1}},{"type":"Feature","geometry":{"type":"Point","coordinates":[10.042036,56.28009]},"properties":{"name":"Haldum Kirke (Favrskov Kom)","lines":"115","arr":["115"],"terminus":0,"mode":"bus","color":"#0059a9","colorDark":"#00294f","angle":9.1,"snapDist":4,"label":1}},{"type":"Feature","geometry":{"type":"Point","coordinates":[10.044855,56.312953]},"properties":{"name":"Over Hadsten Kirke/Skanderborgvej (Favrskov Kom)","lines":"115","arr":["115"],"terminus":0,"mode":"bus","color":"#0059a9","colorDark":"#00294f","angle":70,"snapDist":9,"label":1}},{"type":"Feature","geometry":{"type":"Point","coordinates":[10.042837,56.318531]},"properties":{"name":"Toftegårdsvej/Skanderborgvej (Favrskov Kom)","lines":"115","arr":["115"],"terminus":0,"mode":"bus","color":"#0059a9","colorDark":"#00294f","angle":79.5,"snapDist":7,"label":1}},{"type":"Feature","geometry":{"type":"Point","coordinates":[10.042334,56.321766]},"properties":{"name":"Gl.Sellingvej/Skanderborgvej (Favrskov Kom)","lines":"115","arr":["115"],"terminus":0,"mode":"bus","color":"#0059a9","colorDark":"#00294f","angle":92.4,"snapDist":8,"label":1}},{"type":"Feature","geometry":{"type":"Point","coordinates":[10.048022,56.327464]},"properties":{"name":"Hadsten St./Østergade","lines":"115, 118","arr":["115","118"],"terminus":0,"mode":"bus","color":"#0059a9","colorDark":"#00294f","angle":210.6,"snapDist":22,"label":0}},{"type":"Feature","geometry":{"type":"Point","coordinates":[10.059552,56.324089]},"properties":{"name":"Æbleparken/Østergade (Favrskov Kom)","lines":"115, 118","arr":["115","118"],"terminus":0,"mode":"bus","color":"#0059a9","colorDark":"#00294f","angle":194.4,"snapDist":6,"label":1}},{"type":"Feature","geometry":{"type":"Point","coordinates":[10.063701,56.323869]},"properties":{"name":"Gl. Hovvej/Østergade (Favrskov Kom)","lines":"115, 118","arr":["115","118"],"terminus":0,"mode":"bus","color":"#0059a9","colorDark":"#00294f","angle":175,"snapDist":6,"label":1}},{"type":"Feature","geometry":{"type":"Point","coordinates":[10.060121,56.326336]},"properties":{"name":"Odinsvej/Hovvej (Favrskov Kom)","lines":"115","arr":["115"],"terminus":0,"mode":"bus","color":"#0059a9","colorDark":"#00294f","angle":108.5,"snapDist":5,"label":1}},{"type":"Feature","geometry":{"type":"Point","coordinates":[10.05892,56.33405]},"properties":{"name":"Hadsten Skole/Hovvej","lines":"115","arr":["115"],"terminus":0,"mode":"bus","color":"#0059a9","colorDark":"#00294f","angle":91,"snapDist":6,"label":1}},{"type":"Feature","geometry":{"type":"Point","coordinates":[10.041906,56.330628]},"properties":{"name":"Tjørnevej/Kirkevej (Favrskov Kom)","lines":"115","arr":["115"],"terminus":0,"mode":"bus","color":"#0059a9","colorDark":"#00294f","angle":30.8,"snapDist":6,"label":1}},{"type":"Feature","geometry":{"type":"Point","coordinates":[10.037749,56.332144]},"properties":{"name":"Dr. Larsens Vej/Kirkevej (Favrskov Kom)","lines":"115","arr":["115"],"terminus":0,"mode":"bus","color":"#0059a9","colorDark":"#00294f","angle":41.1,"snapDist":5,"label":1}},{"type":"Feature","geometry":{"type":"Point","coordinates":[10.031542,56.335395]},"properties":{"name":"Nordre Ringvej/Kirkevej (Favrskov Kom)","lines":"115","arr":["115"],"terminus":0,"mode":"bus","color":"#0059a9","colorDark":"#00294f","angle":43.4,"snapDist":8,"label":1}},{"type":"Feature","geometry":{"type":"Point","coordinates":[10.015727,56.363024]},"properties":{"name":"Vissing (Favrskov Kom)","lines":"115","arr":["115"],"terminus":0,"mode":"bus","color":"#0059a9","colorDark":"#00294f","angle":26.6,"snapDist":4,"label":1}},{"type":"Feature","geometry":{"type":"Point","coordinates":[9.990227,56.350123]},"properties":{"name":"Lerbjerg gl. Skole/Lerbjergvej 40 (Favrskov Kom)","lines":"115","arr":["115"],"terminus":0,"mode":"bus","color":"#0059a9","colorDark":"#00294f","angle":290.3,"snapDist":1,"label":1}},{"type":"Feature","geometry":{"type":"Point","coordinates":[9.985861,56.348154]},"properties":{"name":"Lerbjerg Park (Favrskov Kom)","lines":"115","arr":["115"],"terminus":0,"mode":"bus","color":"#0059a9","colorDark":"#00294f","angle":30.5,"snapDist":6,"label":1}},{"type":"Feature","geometry":{"type":"Point","coordinates":[9.919046,56.356145]},"properties":{"name":"Lilleåskolen/Østergade (Favrskov Kom)","lines":"115","arr":["115"],"terminus":0,"mode":"bus","color":"#0059a9","colorDark":"#00294f","angle":29.8,"snapDist":5,"label":1}},{"type":"Feature","geometry":{"type":"Point","coordinates":[9.912454,56.359012]},"properties":{"name":"Laurbjerg (Favrskov Kom)","lines":"115","arr":["115"],"terminus":0,"mode":"bus","color":"#0059a9","colorDark":"#00294f","angle":40.6,"snapDist":4,"label":1}},{"type":"Feature","geometry":{"type":"Point","coordinates":[9.958755,56.39386]},"properties":{"name":"Jebjerg/Stokagervej (Randers Kom)","lines":"115","arr":["115"],"terminus":0,"mode":"bus","color":"#0059a9","colorDark":"#00294f","angle":-45.6,"snapDist":10,"label":1}},{"type":"Feature","geometry":{"type":"Point","coordinates":[9.952955,56.39329]},"properties":{"name":"Jebjerg by (Randers Kom)","lines":"115","arr":["115"],"terminus":0,"mode":"bus","color":"#0059a9","colorDark":"#00294f","angle":320.8,"snapDist":6,"label":1}},{"type":"Feature","geometry":{"type":"Point","coordinates":[9.929547,56.389587]},"properties":{"name":"Nørskov (Randers Kom)","lines":"115","arr":["115"],"terminus":0,"mode":"bus","color":"#0059a9","colorDark":"#00294f","angle":205,"snapDist":1,"label":1}},{"type":"Feature","geometry":{"type":"Point","coordinates":[9.895911,56.38645]},"properties":{"name":"Langå St./Bredgade (Randers Kom)","lines":"115","arr":["115"],"terminus":1,"mode":"bus","color":"#0059a9","colorDark":"#00294f","angle":114.5,"snapDist":5,"label":1}},{"type":"Feature","geometry":{"type":"Point","coordinates":[9.896317,56.388737]},"properties":{"name":"Vinkelvej/Bredgade (Randers Kom)","lines":"115","arr":["115"],"terminus":0,"mode":"bus","color":"#0059a9","colorDark":"#00294f","angle":71.3,"snapDist":6,"label":1}},{"type":"Feature","geometry":{"type":"Point","coordinates":[9.953178,56.393392]},"properties":{"name":"Jebjerg by (Randers Kom)","lines":"115","arr":["115"],"terminus":0,"mode":"bus","color":"#0059a9","colorDark":"#00294f","angle":140.8,"snapDist":4,"label":0}},{"type":"Feature","geometry":{"type":"Point","coordinates":[9.959527,56.393195]},"properties":{"name":"Jebjerg/Stokagervej (Randers Kom)","lines":"115","arr":["115"],"terminus":0,"mode":"bus","color":"#0059a9","colorDark":"#00294f","angle":239.8,"snapDist":5,"label":0}},{"type":"Feature","geometry":{"type":"Point","coordinates":[9.91245,56.359014]},"properties":{"name":"Laurbjerg (Favrskov Kom)","lines":"115","arr":["115"],"terminus":0,"mode":"bus","color":"#0059a9","colorDark":"#00294f","angle":220.6,"snapDist":8,"label":0}},{"type":"Feature","geometry":{"type":"Point","coordinates":[9.915592,56.357124]},"properties":{"name":"Laurbjerg/Kastanievej (Favrskov Kom)","lines":"115","arr":["115"],"terminus":0,"mode":"bus","color":"#0059a9","colorDark":"#00294f","angle":224.5,"snapDist":7,"label":1}},{"type":"Feature","geometry":{"type":"Point","coordinates":[9.919291,56.356067]},"properties":{"name":"Lilleåskolen/Østergade (Favrskov Kom)","lines":"115","arr":["115"],"terminus":0,"mode":"bus","color":"#0059a9","colorDark":"#00294f","angle":209.8,"snapDist":6,"label":0}},{"type":"Feature","geometry":{"type":"Point","coordinates":[9.986189,56.348046]},"properties":{"name":"Lerbjerg Park (Favrskov Kom)","lines":"115","arr":["115"],"terminus":0,"mode":"bus","color":"#0059a9","colorDark":"#00294f","angle":210.5,"snapDist":7,"label":0}},{"type":"Feature","geometry":{"type":"Point","coordinates":[9.990211,56.3501]},"properties":{"name":"Lerbjerg gl. Skole/Lerbjergvej 40 (Favrskov Kom)","lines":"115","arr":["115"],"terminus":0,"mode":"bus","color":"#0059a9","colorDark":"#00294f","angle":110.3,"snapDist":0,"label":0}},{"type":"Feature","geometry":{"type":"Point","coordinates":[10.015556,56.363071]},"properties":{"name":"Vissing (Favrskov Kom)","lines":"115","arr":["115"],"terminus":0,"mode":"bus","color":"#0059a9","colorDark":"#00294f","angle":206.6,"snapDist":6,"label":0}},{"type":"Feature","geometry":{"type":"Point","coordinates":[10.032797,56.334606]},"properties":{"name":"Nordre Ringvej/Kirkevej (Favrskov Kom)","lines":"115","arr":["115"],"terminus":0,"mode":"bus","color":"#0059a9","colorDark":"#00294f","angle":223,"snapDist":14,"label":0}},{"type":"Feature","geometry":{"type":"Point","coordinates":[10.037573,56.332229]},"properties":{"name":"Dr. Larsens Vej/Kirkevej (Favrskov Kom)","lines":"115","arr":["115"],"terminus":0,"mode":"bus","color":"#0059a9","colorDark":"#00294f","angle":221.1,"snapDist":6,"label":0}},{"type":"Feature","geometry":{"type":"Point","coordinates":[10.041585,56.330735]},"properties":{"name":"Tjørnevej/Kirkevej (Favrskov Kom)","lines":"115","arr":["115"],"terminus":0,"mode":"bus","color":"#0059a9","colorDark":"#00294f","angle":210.8,"snapDist":4,"label":0}},{"type":"Feature","geometry":{"type":"Point","coordinates":[10.045439,56.329452]},"properties":{"name":"Hadsten/Kirkevej","lines":"115","arr":["115"],"terminus":0,"mode":"bus","color":"#0059a9","colorDark":"#00294f","angle":210.9,"snapDist":5,"label":0}},{"type":"Feature","geometry":{"type":"Point","coordinates":[9.964186,56.184171]},"properties":{"name":"Herskind/Langelinie (Skanderborg Kom)","lines":"116U","arr":["116U"],"terminus":1,"mode":"bus","color":"#0059a9","colorDark":"#00294f","angle":8.7,"snapDist":8,"label":1}},{"type":"Feature","geometry":{"type":"Point","coordinates":[9.933659,56.181715]},"properties":{"name":"Sjelle (Skanderborg Kom)","lines":"116U, 309","arr":["116U","309"],"terminus":0,"mode":"bus","color":"#0059a9","colorDark":"#00294f","angle":354.8,"snapDist":7,"label":1}},{"type":"Feature","geometry":{"type":"Point","coordinates":[9.889338,56.176756]},"properties":{"name":"Skjørringvej/Langelinje (Skanderborg Kom)","lines":"116U, 309","arr":["116U","309"],"terminus":0,"mode":"bus","color":"#0059a9","colorDark":"#00294f","angle":244.5,"snapDist":5,"label":1}},{"type":"Feature","geometry":{"type":"Point","coordinates":[9.889337,56.176756]},"properties":{"name":"Skjørringvej/Langelinje (Skanderborg Kom)","lines":"116U, 309","arr":["116U","309"],"terminus":0,"mode":"bus","color":"#0059a9","colorDark":"#00294f","angle":64.5,"snapDist":4,"label":0}},{"type":"Feature","geometry":{"type":"Point","coordinates":[9.934021,56.181746]},"properties":{"name":"Sjelle (Skanderborg Kom)","lines":"116U, 309","arr":["116U","309"],"terminus":0,"mode":"bus","color":"#0059a9","colorDark":"#00294f","angle":170.9,"snapDist":4,"label":0}},{"type":"Feature","geometry":{"type":"Point","coordinates":[9.964232,56.184167]},"properties":{"name":"Herskind/Langelinie (Skanderborg Kom)","lines":"116U","arr":["116U"],"terminus":1,"mode":"bus","color":"#0059a9","colorDark":"#00294f","angle":188.7,"snapDist":9,"label":0}},{"type":"Feature","geometry":{"type":"Point","coordinates":[10.197219,56.182919]},"properties":{"name":"Vandtårnet/Randersvej (Aarhus Kom)","lines":"118, 200","arr":["118","200"],"terminus":0,"mode":"bus","color":"#0059a9","colorDark":"#00294f","angle":69.3,"snapDist":10,"label":0}},{"type":"Feature","geometry":{"type":"Point","coordinates":[10.194294,56.187066]},"properties":{"name":"Nydamsvej/Randersvej (Aarhus Kom)","lines":"118, 200","arr":["118","200"],"terminus":0,"mode":"bus","color":"#0059a9","colorDark":"#00294f","angle":60.3,"snapDist":4,"label":1}},{"type":"Feature","geometry":{"type":"Point","coordinates":[10.187015,56.193383]},"properties":{"name":"Skejbygårdsvej/Randersvej (Aarhus Kom)","lines":"118, 200","arr":["118","200"],"terminus":0,"mode":"bus","color":"#0059a9","colorDark":"#00294f","angle":66.4,"snapDist":9,"label":1}},{"type":"Feature","geometry":{"type":"Point","coordinates":[10.181385,56.200556]},"properties":{"name":"Skejbyvej/Randersvej (Aarhus Kom)","lines":"118, 200","arr":["118","200"],"terminus":0,"mode":"bus","color":"#0059a9","colorDark":"#00294f","angle":66.1,"snapDist":16,"label":1}},{"type":"Feature","geometry":{"type":"Point","coordinates":[10.158762,56.240147]},"properties":{"name":"Øster Møllevej/Randersvej (Aarhus Kom)","lines":"118","arr":["118"],"terminus":0,"mode":"bus","color":"#0059a9","colorDark":"#00294f","angle":81.4,"snapDist":8,"label":1}},{"type":"Feature","geometry":{"type":"Point","coordinates":[10.155105,56.253214]},"properties":{"name":"Trige/Randersvej (Aarhus Kom)","lines":"118","arr":["118"],"terminus":0,"mode":"bus","color":"#0059a9","colorDark":"#00294f","angle":84.3,"snapDist":15,"label":1}},{"type":"Feature","geometry":{"type":"Point","coordinates":[10.152064,56.269687]},"properties":{"name":"Thomasminde/Randersvej (Aarhus Kom)","lines":"118","arr":["118"],"terminus":0,"mode":"bus","color":"#0059a9","colorDark":"#00294f","angle":83.8,"snapDist":13,"label":1}},{"type":"Feature","geometry":{"type":"Point","coordinates":[10.146201,56.294405]},"properties":{"name":"Spørring/Randersvej (Aarhus Kom)","lines":"118","arr":["118"],"terminus":0,"mode":"bus","color":"#0059a9","colorDark":"#00294f","angle":69.8,"snapDist":8,"label":1}},{"type":"Feature","geometry":{"type":"Point","coordinates":[10.143212,56.298892]},"properties":{"name":"Bogenhøjvej/Randersvej (Aarhus Kom)","lines":"118","arr":["118"],"terminus":0,"mode":"bus","color":"#0059a9","colorDark":"#00294f","angle":69.7,"snapDist":12,"label":1}},{"type":"Feature","geometry":{"type":"Point","coordinates":[10.138434,56.306056]},"properties":{"name":"Røvedvej/Randersvej (Aarhus Kom)","lines":"118","arr":["118"],"terminus":0,"mode":"bus","color":"#0059a9","colorDark":"#00294f","angle":68.6,"snapDist":8,"label":1}},{"type":"Feature","geometry":{"type":"Point","coordinates":[10.135355,56.310935]},"properties":{"name":"Ødum/Landevejen (Favrskov Kom)","lines":"118","arr":["118"],"terminus":0,"mode":"bus","color":"#0059a9","colorDark":"#00294f","angle":70.9,"snapDist":9,"label":1}},{"type":"Feature","geometry":{"type":"Point","coordinates":[10.119511,56.329562]},"properties":{"name":"Hadbjerg/Landevejen (Favrskov Kom)","lines":"118","arr":["118"],"terminus":0,"mode":"bus","color":"#0059a9","colorDark":"#00294f","angle":330.3,"snapDist":5,"label":1}},{"type":"Feature","geometry":{"type":"Point","coordinates":[10.108113,56.329479]},"properties":{"name":"Hadbjerg Kirke/Bavnehøjvej (Favrskov Kom)","lines":"118","arr":["118"],"terminus":0,"mode":"bus","color":"#0059a9","colorDark":"#00294f","angle":6.2,"snapDist":2,"label":1}},{"type":"Feature","geometry":{"type":"Point","coordinates":[10.099044,56.311864]},"properties":{"name":"Selling/Sellingvej (Favrskov Kom)","lines":"118","arr":["118"],"terminus":0,"mode":"bus","color":"#0059a9","colorDark":"#00294f","angle":285.5,"snapDist":9,"label":1}},{"type":"Feature","geometry":{"type":"Point","coordinates":[10.063539,56.323861]},"properties":{"name":"Gl. Hovvej/Østergade (Favrskov Kom)","lines":"118","arr":["118"],"terminus":0,"mode":"bus","color":"#0059a9","colorDark":"#00294f","angle":355,"snapDist":5,"label":0}},{"type":"Feature","geometry":{"type":"Point","coordinates":[10.05901,56.324167]},"properties":{"name":"Æbleparken/Østergade (Favrskov Kom)","lines":"118","arr":["118"],"terminus":0,"mode":"bus","color":"#0059a9","colorDark":"#00294f","angle":14.4,"snapDist":5,"label":0}},{"type":"Feature","geometry":{"type":"Point","coordinates":[10.05028,56.335958]},"properties":{"name":"Elgårdsvej/Randersvej (Favrskov Kom)","lines":"118","arr":["118"],"terminus":0,"mode":"bus","color":"#0059a9","colorDark":"#00294f","angle":84.1,"snapDist":6,"label":1}},{"type":"Feature","geometry":{"type":"Point","coordinates":[10.046846,56.348693]},"properties":{"name":"Nørre Galten Kirke (Favrskov Kom)","lines":"118","arr":["118"],"terminus":0,"mode":"bus","color":"#0059a9","colorDark":"#00294f","angle":85.7,"snapDist":7,"label":1}},{"type":"Feature","geometry":{"type":"Point","coordinates":[10.05035,56.361053]},"properties":{"name":"Randersvej 67 (Favrskov Kom)","lines":"118","arr":["118"],"terminus":0,"mode":"bus","color":"#0059a9","colorDark":"#00294f","angle":85.3,"snapDist":7,"label":1}},{"type":"Feature","geometry":{"type":"Point","coordinates":[10.040796,56.38647]},"properties":{"name":"Askildrupvej/Randersvej (Favrskov Kom)","lines":"118","arr":["118"],"terminus":0,"mode":"bus","color":"#0059a9","colorDark":"#00294f","angle":105.4,"snapDist":5,"label":1}},{"type":"Feature","geometry":{"type":"Point","coordinates":[10.043329,56.391474]},"properties":{"name":"Slædekær (Randers Kom)","lines":"118","arr":["118"],"terminus":0,"mode":"bus","color":"#0059a9","colorDark":"#00294f","angle":105.7,"snapDist":6,"label":1}},{"type":"Feature","geometry":{"type":"Point","coordinates":[10.05576,56.407914]},"properties":{"name":"Bøgelund/Hadstenvej (Randers Kom)","lines":"118","arr":["118"],"terminus":0,"mode":"bus","color":"#0059a9","colorDark":"#00294f","angle":133.6,"snapDist":6,"label":1}},{"type":"Feature","geometry":{"type":"Point","coordinates":[10.062063,56.412402]},"properties":{"name":"Hadstenvej/Danish Crown Vej (Randers Kom)","lines":"118","arr":["118"],"terminus":0,"mode":"bus","color":"#0059a9","colorDark":"#00294f","angle":106,"snapDist":5,"label":1}},{"type":"Feature","geometry":{"type":"Point","coordinates":[10.060766,56.417375]},"properties":{"name":"Hadstenvej/Engelsholmvej (Randers Kom)","lines":"118","arr":["118"],"terminus":0,"mode":"bus","color":"#0059a9","colorDark":"#00294f","angle":75.2,"snapDist":9,"label":1}},{"type":"Feature","geometry":{"type":"Point","coordinates":[10.054875,56.430003]},"properties":{"name":"Århusvej/Paderup Boulevard (Randers Kom)","lines":"118","arr":["118"],"terminus":0,"mode":"bus","color":"#0059a9","colorDark":"#00294f","angle":74.1,"snapDist":12,"label":1}},{"type":"Feature","geometry":{"type":"Point","coordinates":[10.052901,56.434163]},"properties":{"name":"Århusvej/Hammelvej (Randers Kom)","lines":"118","arr":["118"],"terminus":0,"mode":"bus","color":"#0059a9","colorDark":"#00294f","angle":72.7,"snapDist":11,"label":1}},{"type":"Feature","geometry":{"type":"Point","coordinates":[10.050993,56.43801]},"properties":{"name":"Århusvej/Ribevej (Randers Kom)","lines":"118","arr":["118"],"terminus":0,"mode":"bus","color":"#0059a9","colorDark":"#00294f","angle":73.9,"snapDist":7,"label":1}},{"type":"Feature","geometry":{"type":"Point","coordinates":[10.04868,56.442838]},"properties":{"name":"Århusvej/Vennelystvej (Randers Kom)","lines":"118","arr":["118"],"terminus":0,"mode":"bus","color":"#0059a9","colorDark":"#00294f","angle":74.8,"snapDist":14,"label":1}},{"type":"Feature","geometry":{"type":"Point","coordinates":[10.046053,56.449042]},"properties":{"name":"Århusvej/Hans Bojes Allé (Randers Kom)","lines":"118","arr":["118"],"terminus":0,"mode":"bus","color":"#0059a9","colorDark":"#00294f","angle":80.3,"snapDist":13,"label":1}},{"type":"Feature","geometry":{"type":"Point","coordinates":[10.04437,56.451527]},"properties":{"name":"Århusvej/Bøsbrovej (Randers Kom)","lines":"118","arr":["118"],"terminus":0,"mode":"bus","color":"#0059a9","colorDark":"#00294f","angle":60,"snapDist":5,"label":1}},{"type":"Feature","geometry":{"type":"Point","coordinates":[10.039574,56.458443]},"properties":{"name":"Randers Busterminal","lines":"118","arr":["118"],"terminus":1,"mode":"bus","color":"#0059a9","colorDark":"#00294f","angle":57,"snapDist":8,"label":1}},{"type":"Feature","geometry":{"type":"Point","coordinates":[10.045038,56.450471]},"properties":{"name":"Århusvej/Bøsbrovej (Randers Kom)","lines":"118","arr":["118"],"terminus":0,"mode":"bus","color":"#0059a9","colorDark":"#00294f","angle":249.1,"snapDist":9,"label":0}},{"type":"Feature","geometry":{"type":"Point","coordinates":[10.0459,56.448805]},"properties":{"name":"Århusvej/Hans Bojes Allé (Randers Kom)","lines":"118","arr":["118"],"terminus":0,"mode":"bus","color":"#0059a9","colorDark":"#00294f","angle":259.1,"snapDist":8,"label":0}},{"type":"Feature","geometry":{"type":"Point","coordinates":[10.049074,56.441977]},"properties":{"name":"Århusvej/Vennelystvej (Randers Kom)","lines":"118","arr":["118"],"terminus":0,"mode":"bus","color":"#0059a9","colorDark":"#00294f","angle":255.3,"snapDist":10,"label":0}},{"type":"Feature","geometry":{"type":"Point","coordinates":[10.051365,56.437222]},"properties":{"name":"Århusvej/Ribevej (Randers Kom)","lines":"118","arr":["118"],"terminus":0,"mode":"bus","color":"#0059a9","colorDark":"#00294f","angle":256.3,"snapDist":10,"label":0}},{"type":"Feature","geometry":{"type":"Point","coordinates":[10.053149,56.433213]},"properties":{"name":"Århusvej/Hammelvej (Randers Kom)","lines":"118","arr":["118"],"terminus":0,"mode":"bus","color":"#0059a9","colorDark":"#00294f","angle":254.2,"snapDist":11,"label":0}},{"type":"Feature","geometry":{"type":"Point","coordinates":[10.054941,56.429299]},"properties":{"name":"Århusvej/Paderup Boulevard (Randers Kom)","lines":"118","arr":["118"],"terminus":0,"mode":"bus","color":"#0059a9","colorDark":"#00294f","angle":254.7,"snapDist":8,"label":0}},{"type":"Feature","geometry":{"type":"Point","coordinates":[10.061301,56.416248]},"properties":{"name":"Hadstenvej/Engelsholmvej (Randers Kom)","lines":"118","arr":["118"],"terminus":0,"mode":"bus","color":"#0059a9","colorDark":"#00294f","angle":255.2,"snapDist":10,"label":0}},{"type":"Feature","geometry":{"type":"Point","coordinates":[10.055756,56.407911]},"properties":{"name":"Bøgelund/Hadstenvej (Randers Kom)","lines":"118","arr":["118"],"terminus":0,"mode":"bus","color":"#0059a9","colorDark":"#00294f","angle":313.6,"snapDist":4,"label":0}},{"type":"Feature","geometry":{"type":"Point","coordinates":[10.043101,56.391025]},"properties":{"name":"Slædekær (Randers Kom)","lines":"118","arr":["118"],"terminus":0,"mode":"bus","color":"#0059a9","colorDark":"#00294f","angle":285.9,"snapDist":6,"label":0}},{"type":"Feature","geometry":{"type":"Point","coordinates":[10.040162,56.384871]},"properties":{"name":"Askildrupvej/Randersvej (Favrskov Kom)","lines":"118","arr":["118"],"terminus":0,"mode":"bus","color":"#0059a9","colorDark":"#00294f","angle":276.8,"snapDist":14,"label":0}},{"type":"Feature","geometry":{"type":"Point","coordinates":[10.050363,56.360967]},"properties":{"name":"Randersvej 67 (Favrskov Kom)","lines":"118","arr":["118"],"terminus":0,"mode":"bus","color":"#0059a9","colorDark":"#00294f","angle":265.3,"snapDist":8,"label":0}},{"type":"Feature","geometry":{"type":"Point","coordinates":[10.047257,56.34621]},"properties":{"name":"Nørre Galten Kirke (Favrskov Kom)","lines":"118","arr":["118"],"terminus":0,"mode":"bus","color":"#0059a9","colorDark":"#00294f","angle":264,"snapDist":12,"label":1}},{"type":"Feature","geometry":{"type":"Point","coordinates":[10.050431,56.335156]},"properties":{"name":"Elgårdsvej/Randersvej (Favrskov Kom)","lines":"118","arr":["118"],"terminus":0,"mode":"bus","color":"#0059a9","colorDark":"#00294f","angle":264.2,"snapDist":19,"label":0}},{"type":"Feature","geometry":{"type":"Point","coordinates":[10.099013,56.311803]},"properties":{"name":"Selling/Sellingvej (Favrskov Kom)","lines":"118","arr":["118"],"terminus":0,"mode":"bus","color":"#0059a9","colorDark":"#00294f","angle":105.5,"snapDist":8,"label":0}},{"type":"Feature","geometry":{"type":"Point","coordinates":[10.10812,56.329479]},"properties":{"name":"Hadbjerg Kirke/Bavnehøjvej (Favrskov Kom)","lines":"118","arr":["118"],"terminus":0,"mode":"bus","color":"#0059a9","colorDark":"#00294f","angle":186.2,"snapDist":3,"label":0}},{"type":"Feature","geometry":{"type":"Point","coordinates":[10.120413,56.329384]},"properties":{"name":"Hadbjerg/Landevejen (Favrskov Kom)","lines":"118","arr":["118"],"terminus":0,"mode":"bus","color":"#0059a9","colorDark":"#00294f","angle":246.1,"snapDist":9,"label":0}},{"type":"Feature","geometry":{"type":"Point","coordinates":[10.135114,56.311322]},"properties":{"name":"Ødum/Landevejen (Favrskov Kom)","lines":"118","arr":["118"],"terminus":0,"mode":"bus","color":"#0059a9","colorDark":"#00294f","angle":250.9,"snapDist":13,"label":0}},{"type":"Feature","geometry":{"type":"Point","coordinates":[10.138376,56.306139]},"properties":{"name":"Røvedvej/Randersvej (Aarhus Kom)","lines":"118","arr":["118"],"terminus":0,"mode":"bus","color":"#0059a9","colorDark":"#00294f","angle":248.6,"snapDist":11,"label":0}},{"type":"Feature","geometry":{"type":"Point","coordinates":[10.143175,56.298947]},"properties":{"name":"Bogenhøjvej/Randersvej (Aarhus Kom)","lines":"118","arr":["118"],"terminus":0,"mode":"bus","color":"#0059a9","colorDark":"#00294f","angle":249.7,"snapDist":10,"label":0}},{"type":"Feature","geometry":{"type":"Point","coordinates":[10.146261,56.294314]},"properties":{"name":"Spørring/Randersvej (Aarhus Kom)","lines":"118","arr":["118"],"terminus":0,"mode":"bus","color":"#0059a9","colorDark":"#00294f","angle":249.8,"snapDist":12,"label":0}},{"type":"Feature","geometry":{"type":"Point","coordinates":[10.152078,56.269616]},"properties":{"name":"Thomasminde/Randersvej (Aarhus Kom)","lines":"118","arr":["118"],"terminus":0,"mode":"bus","color":"#0059a9","colorDark":"#00294f","angle":263.8,"snapDist":12,"label":0}},{"type":"Feature","geometry":{"type":"Point","coordinates":[10.155199,56.252599]},"properties":{"name":"Trige/Randersvej (Aarhus Kom)","lines":"118","arr":["118"],"terminus":0,"mode":"bus","color":"#0059a9","colorDark":"#00294f","angle":261.3,"snapDist":11,"label":0}},{"type":"Feature","geometry":{"type":"Point","coordinates":[10.158823,56.23992]},"properties":{"name":"Øster Møllevej/Randersvej (Aarhus Kom)","lines":"118","arr":["118"],"terminus":0,"mode":"bus","color":"#0059a9","colorDark":"#00294f","angle":261.4,"snapDist":9,"label":0}},{"type":"Feature","geometry":{"type":"Point","coordinates":[10.181923,56.199579]},"properties":{"name":"Skejbyvej/Randersvej (Aarhus Kom)","lines":"118, 200","arr":["118","200"],"terminus":0,"mode":"bus","color":"#0059a9","colorDark":"#00294f","angle":246.3,"snapDist":7,"label":0}},{"type":"Feature","geometry":{"type":"Point","coordinates":[10.18423,56.196639]},"properties":{"name":"Dusager/Randersvej (Aarhus Kom)","lines":"118, 200","arr":["118","200"],"terminus":0,"mode":"bus","color":"#0059a9","colorDark":"#00294f","angle":246.7,"snapDist":6,"label":1}},{"type":"Feature","geometry":{"type":"Point","coordinates":[10.187334,56.192669]},"properties":{"name":"Skejbygårdsvej/Randersvej (Aarhus Kom)","lines":"118, 200","arr":["118","200"],"terminus":0,"mode":"bus","color":"#0059a9","colorDark":"#00294f","angle":246.6,"snapDist":12,"label":0}},{"type":"Feature","geometry":{"type":"Point","coordinates":[10.194583,56.186325]},"properties":{"name":"Nydamsvej/Randersvej (Aarhus Kom)","lines":"118, 200","arr":["118","200"],"terminus":0,"mode":"bus","color":"#0059a9","colorDark":"#00294f","angle":245.6,"snapDist":6,"label":0}},{"type":"Feature","geometry":{"type":"Point","coordinates":[10.478501,56.300743]},"properties":{"name":"Rønde Busterminal (Syddjurs Kom)","lines":"121","arr":["121"],"terminus":1,"mode":"bus","color":"#0059a9","colorDark":"#00294f","angle":200.9,"snapDist":5,"label":1}},{"type":"Feature","geometry":{"type":"Point","coordinates":[10.482196,56.296862]},"properties":{"name":"Gartnervangen/Molsvej (Syddjurs Kom)","lines":"121, 123","arr":["121","123"],"terminus":0,"mode":"bus","color":"#0059a9","colorDark":"#00294f","angle":267.3,"snapDist":7,"label":1}},{"type":"Feature","geometry":{"type":"Point","coordinates":[10.480899,56.283527]},"properties":{"name":"Kalø Slotsruin (Syddjurs Kom)","lines":"121, 123","arr":["121","123"],"terminus":0,"mode":"bus","color":"#0059a9","colorDark":"#00294f","angle":199.8,"snapDist":7,"label":1}},{"type":"Feature","geometry":{"type":"Point","coordinates":[10.500998,56.27671]},"properties":{"name":"Kalø Økologisk Landsbrugsskole (Syddjurs Kom)","lines":"121, 123","arr":["121","123"],"terminus":0,"mode":"bus","color":"#0059a9","colorDark":"#00294f","angle":192.3,"snapDist":10,"label":1}},{"type":"Feature","geometry":{"type":"Point","coordinates":[10.509174,56.275501]},"properties":{"name":"Havhusevej/Molsvej (Syddjurs Kom)","lines":"121, 123","arr":["121","123"],"terminus":0,"mode":"bus","color":"#0059a9","colorDark":"#00294f","angle":218,"snapDist":7,"label":1}},{"type":"Feature","geometry":{"type":"Point","coordinates":[10.513856,56.269241]},"properties":{"name":"Egens/Dyrhøjvej (Syddjurs Kom)","lines":"121","arr":["121"],"terminus":0,"mode":"bus","color":"#0059a9","colorDark":"#00294f","angle":339.8,"snapDist":1,"label":1}},{"type":"Feature","geometry":{"type":"Point","coordinates":[10.49488,56.247012]},"properties":{"name":"Kirkevangen/Vrinners Bygade (Syddjurs Kom)","lines":"121","arr":["121"],"terminus":0,"mode":"bus","color":"#0059a9","colorDark":"#00294f","angle":272.9,"snapDist":7,"label":1}},{"type":"Feature","geometry":{"type":"Point","coordinates":[10.49344,56.243855]},"properties":{"name":"Vrinners (Syddjurs Kom)","lines":"121","arr":["121"],"terminus":0,"mode":"bus","color":"#0059a9","colorDark":"#00294f","angle":286.7,"snapDist":5,"label":1}},{"type":"Feature","geometry":{"type":"Point","coordinates":[10.493489,56.239468]},"properties":{"name":"Andrupvej/Møllebakken (Syddjurs Kom)","lines":"121","arr":["121"],"terminus":0,"mode":"bus","color":"#0059a9","colorDark":"#00294f","angle":268.1,"snapDist":7,"label":1}},{"type":"Feature","geometry":{"type":"Point","coordinates":[10.4865,56.217692]},"properties":{"name":"Porskærvej/Møllebakken (Syddjurs Kom)","lines":"121","arr":["121"],"terminus":0,"mode":"bus","color":"#0059a9","colorDark":"#00294f","angle":260.9,"snapDist":9,"label":1}},{"type":"Feature","geometry":{"type":"Point","coordinates":[10.486553,56.212099]},"properties":{"name":"Knebel (Syddjurs Kom)","lines":"121","arr":["121"],"terminus":0,"mode":"bus","color":"#0059a9","colorDark":"#00294f","angle":333.4,"snapDist":14,"label":0}},{"type":"Feature","geometry":{"type":"Point","coordinates":[10.472543,56.202863]},"properties":{"name":"Knebelbro (Syddjurs Kom)","lines":"121","arr":["121"],"terminus":0,"mode":"bus","color":"#0059a9","colorDark":"#00294f","angle":333.1,"snapDist":6,"label":1}},{"type":"Feature","geometry":{"type":"Point","coordinates":[10.502006,56.192692]},"properties":{"name":"Vistoft (Syddjurs Kom)","lines":"121","arr":["121"],"terminus":0,"mode":"bus","color":"#0059a9","colorDark":"#00294f","angle":-64.2,"snapDist":9,"label":1}},{"type":"Feature","geometry":{"type":"Point","coordinates":[10.488696,56.184243]},"properties":{"name":"Strands (Syddjurs Kom)","lines":"121","arr":["121"],"terminus":0,"mode":"bus","color":"#0059a9","colorDark":"#00294f","angle":266.1,"snapDist":2,"label":1}},{"type":"Feature","geometry":{"type":"Point","coordinates":[10.508666,56.178633]},"properties":{"name":"Begtrup (Syddjurs Kom)","lines":"121","arr":["121"],"terminus":0,"mode":"bus","color":"#0059a9","colorDark":"#00294f","angle":170.1,"snapDist":7,"label":1}},{"type":"Feature","geometry":{"type":"Point","coordinates":[10.520451,56.147802]},"properties":{"name":"Kongsgårde (Syddjurs Kom)","lines":"121","arr":["121"],"terminus":0,"mode":"bus","color":"#0059a9","colorDark":"#00294f","angle":281.5,"snapDist":7,"label":1}},{"type":"Feature","geometry":{"type":"Point","coordinates":[10.50687,56.131055]},"properties":{"name":"Stødov (Syddjurs Kom)","lines":"121","arr":["121"],"terminus":0,"mode":"bus","color":"#0059a9","colorDark":"#00294f","angle":307.6,"snapDist":2,"label":1}},{"type":"Feature","geometry":{"type":"Point","coordinates":[10.505399,56.118463]},"properties":{"name":"Ørby (Syddjurs Kom)","lines":"121","arr":["121"],"terminus":0,"mode":"bus","color":"#0059a9","colorDark":"#00294f","angle":293.6,"snapDist":4,"label":1}},{"type":"Feature","geometry":{"type":"Point","coordinates":[10.535272,56.122067]},"properties":{"name":"Esby (Syddjurs Kom)","lines":"121","arr":["121"],"terminus":0,"mode":"bus","color":"#0059a9","colorDark":"#00294f","angle":125.4,"snapDist":6,"label":1}},{"type":"Feature","geometry":{"type":"Point","coordinates":[10.533658,56.139845]},"properties":{"name":"Borup (Syddjurs Kom)","lines":"121","arr":["121"],"terminus":0,"mode":"bus","color":"#0059a9","colorDark":"#00294f","angle":138.8,"snapDist":6,"label":1}},{"type":"Feature","geometry":{"type":"Point","coordinates":[10.508849,56.178651]},"properties":{"name":"Begtrup (Syddjurs Kom)","lines":"121","arr":["121"],"terminus":0,"mode":"bus","color":"#0059a9","colorDark":"#00294f","angle":170.1,"snapDist":5,"label":0}},{"type":"Feature","geometry":{"type":"Point","coordinates":[10.488698,56.184223]},"properties":{"name":"Strands (Syddjurs Kom)","lines":"121","arr":["121"],"terminus":0,"mode":"bus","color":"#0059a9","colorDark":"#00294f","angle":86.1,"snapDist":1,"label":0}},{"type":"Feature","geometry":{"type":"Point","coordinates":[10.502058,56.192752]},"properties":{"name":"Vistoft (Syddjurs Kom)","lines":"121","arr":["121"],"terminus":0,"mode":"bus","color":"#0059a9","colorDark":"#00294f","angle":115.8,"snapDist":7,"label":0}},{"type":"Feature","geometry":{"type":"Point","coordinates":[10.472635,56.202889]},"properties":{"name":"Knebelbro (Syddjurs Kom)","lines":"121","arr":["121"],"terminus":0,"mode":"bus","color":"#0059a9","colorDark":"#00294f","angle":153.1,"snapDist":5,"label":0}},{"type":"Feature","geometry":{"type":"Point","coordinates":[10.486488,56.212081]},"properties":{"name":"Knebel (Syddjurs Kom)","lines":"121","arr":["121"],"terminus":1,"mode":"bus","color":"#0059a9","colorDark":"#00294f","angle":333.4,"snapDist":15,"label":1}},{"type":"Feature","geometry":{"type":"Point","coordinates":[10.486542,56.217548]},"properties":{"name":"Porskærvej/Møllebakken (Syddjurs Kom)","lines":"121","arr":["121"],"terminus":0,"mode":"bus","color":"#0059a9","colorDark":"#00294f","angle":80.9,"snapDist":2,"label":0}},{"type":"Feature","geometry":{"type":"Point","coordinates":[10.493382,56.239087]},"properties":{"name":"Andrupvej/Møllebakken (Syddjurs Kom)","lines":"121","arr":["121"],"terminus":0,"mode":"bus","color":"#0059a9","colorDark":"#00294f","angle":109.6,"snapDist":6,"label":0}},{"type":"Feature","geometry":{"type":"Point","coordinates":[10.493532,56.244026]},"properties":{"name":"Vrinners (Syddjurs Kom)","lines":"121","arr":["121"],"terminus":0,"mode":"bus","color":"#0059a9","colorDark":"#00294f","angle":106.7,"snapDist":3,"label":0}},{"type":"Feature","geometry":{"type":"Point","coordinates":[10.494878,56.246988]},"properties":{"name":"Kirkevangen/Vrinners Bygade (Syddjurs Kom)","lines":"121","arr":["121"],"terminus":0,"mode":"bus","color":"#0059a9","colorDark":"#00294f","angle":92.9,"snapDist":5,"label":0}},{"type":"Feature","geometry":{"type":"Point","coordinates":[10.513845,56.269239]},"properties":{"name":"Egens/Dyrhøjvej (Syddjurs Kom)","lines":"121","arr":["121"],"terminus":0,"mode":"bus","color":"#0059a9","colorDark":"#00294f","angle":159.8,"snapDist":1,"label":0}},{"type":"Feature","geometry":{"type":"Point","coordinates":[10.506984,56.276115]},"properties":{"name":"Havhusevej/Molsvej (Syddjurs Kom)","lines":"121, 123","arr":["121","123"],"terminus":0,"mode":"bus","color":"#0059a9","colorDark":"#00294f","angle":9.2,"snapDist":7,"label":0}},{"type":"Feature","geometry":{"type":"Point","coordinates":[10.499934,56.276842]},"properties":{"name":"Kalø Økologisk Landsbrugsskole (Syddjurs Kom)","lines":"121, 123","arr":["121","123"],"terminus":0,"mode":"bus","color":"#0059a9","colorDark":"#00294f","angle":13.1,"snapDist":6,"label":0}},{"type":"Feature","geometry":{"type":"Point","coordinates":[10.480731,56.28356]},"properties":{"name":"Kalø Slotsruin (Syddjurs Kom)","lines":"121, 123","arr":["121","123"],"terminus":0,"mode":"bus","color":"#0059a9","colorDark":"#00294f","angle":19.7,"snapDist":7,"label":0}},{"type":"Feature","geometry":{"type":"Point","coordinates":[10.482142,56.297484]},"properties":{"name":"Gartnervangen/Molsvej (Syddjurs Kom)","lines":"121, 123","arr":["121","123"],"terminus":0,"mode":"bus","color":"#0059a9","colorDark":"#00294f","angle":86.9,"snapDist":4,"label":0}},{"type":"Feature","geometry":{"type":"Point","coordinates":[10.478513,56.300741]},"properties":{"name":"Rønde Busterminal (Syddjurs Kom)","lines":"121","arr":["121"],"terminus":0,"mode":"bus","color":"#0059a9","colorDark":"#00294f","angle":20.9,"snapDist":2,"label":0}},{"type":"Feature","geometry":{"type":"Point","coordinates":[10.481765,56.307129]},"properties":{"name":"Baunehøjparken/Smouenvej (Syddjurs Kom)","lines":"121","arr":["121"],"terminus":0,"mode":"bus","color":"#0059a9","colorDark":"#00294f","angle":134.9,"snapDist":5,"label":1}},{"type":"Feature","geometry":{"type":"Point","coordinates":[10.466283,56.337771]},"properties":{"name":"Ulvedalsvej 3 (Syddjurs Kom)","lines":"121","arr":["121"],"terminus":0,"mode":"bus","color":"#0059a9","colorDark":"#00294f","angle":61,"snapDist":6,"label":1}},{"type":"Feature","geometry":{"type":"Point","coordinates":[10.463584,56.340614]},"properties":{"name":"Kløvervangen/Thorsgade (Syddjurs Kom)","lines":"121","arr":["121"],"terminus":0,"mode":"bus","color":"#0059a9","colorDark":"#00294f","angle":63.4,"snapDist":6,"label":1}},{"type":"Feature","geometry":{"type":"Point","coordinates":[10.459816,56.343464]},"properties":{"name":"Nørregade/Thorsgade (Syddjurs Kom)","lines":"121","arr":["121"],"terminus":0,"mode":"bus","color":"#0059a9","colorDark":"#00294f","angle":30.6,"snapDist":7,"label":1}},{"type":"Feature","geometry":{"type":"Point","coordinates":[10.455042,56.344369]},"properties":{"name":"Thorsager (Syddjurs Kom)","lines":"121","arr":["121"],"terminus":0,"mode":"bus","color":"#0059a9","colorDark":"#00294f","angle":6.5,"snapDist":5,"label":1}},{"type":"Feature","geometry":{"type":"Point","coordinates":[10.455649,56.346429]},"properties":{"name":"Vestergade/Ryomvej (Syddjurs Kom)","lines":"121","arr":["121"],"terminus":0,"mode":"bus","color":"#0059a9","colorDark":"#00294f","angle":141.6,"snapDist":8,"label":1}},{"type":"Feature","geometry":{"type":"Point","coordinates":[10.499049,56.369212]},"properties":{"name":"Mesballe (Syddjurs Kom)","lines":"121","arr":["121"],"terminus":0,"mode":"bus","color":"#0059a9","colorDark":"#00294f","angle":120.4,"snapDist":8,"label":1}},{"type":"Feature","geometry":{"type":"Point","coordinates":[10.503492,56.378925]},"properties":{"name":"Industrivej/Thorsagervej (Syddjurs Kom)","lines":"121","arr":["121"],"terminus":0,"mode":"bus","color":"#0059a9","colorDark":"#00294f","angle":110.1,"snapDist":5,"label":1}},{"type":"Feature","geometry":{"type":"Point","coordinates":[10.501947,56.379994]},"properties":{"name":"Ryomgård St. (Syddjurs Kom)","lines":"121","arr":["121"],"terminus":1,"mode":"bus","color":"#0059a9","colorDark":"#00294f","angle":191.9,"snapDist":5,"label":1}},{"type":"Feature","geometry":{"type":"Point","coordinates":[10.341584,56.292669]},"properties":{"name":"Stenhusevej/Landevejen (Syddjurs Kom)","lines":"123","arr":["123"],"terminus":0,"mode":"bus","color":"#0059a9","colorDark":"#00294f","angle":152.4,"snapDist":10,"label":1}},{"type":"Feature","geometry":{"type":"Point","coordinates":[10.348949,56.294698]},"properties":{"name":"Pusthusvej/Landevejen (Syddjurs Kom)","lines":"123","arr":["123"],"terminus":0,"mode":"bus","color":"#0059a9","colorDark":"#00294f","angle":153.6,"snapDist":7,"label":1}},{"type":"Feature","geometry":{"type":"Point","coordinates":[10.364325,56.300085]},"properties":{"name":"Rodskov (Syddjurs Kom)","lines":"123","arr":["123"],"terminus":0,"mode":"bus","color":"#0059a9","colorDark":"#00294f","angle":165.9,"snapDist":10,"label":1}},{"type":"Feature","geometry":{"type":"Point","coordinates":[10.401135,56.304404]},"properties":{"name":"Dyrhøjgårdsvej/Århusvej (Syddjurs Kom)","lines":"123","arr":["123"],"terminus":0,"mode":"bus","color":"#0059a9","colorDark":"#00294f","angle":169.5,"snapDist":8,"label":1}},{"type":"Feature","geometry":{"type":"Point","coordinates":[10.413763,56.305008]},"properties":{"name":"Ugelbølle (Syddjurs Kom)","lines":"123","arr":["123"],"terminus":0,"mode":"bus","color":"#0059a9","colorDark":"#00294f","angle":176.7,"snapDist":10,"label":1}},{"type":"Feature","geometry":{"type":"Point","coordinates":[10.426953,56.305292]},"properties":{"name":"Langkær/Århusvej (Syddjurs Kom)","lines":"123","arr":["123"],"terminus":0,"mode":"bus","color":"#0059a9","colorDark":"#00294f","angle":177.6,"snapDist":5,"label":1}},{"type":"Feature","geometry":{"type":"Point","coordinates":[10.442238,56.305527]},"properties":{"name":"Følle (Syddjurs Kom)","lines":"123","arr":["123"],"terminus":0,"mode":"bus","color":"#0059a9","colorDark":"#00294f","angle":179.5,"snapDist":9,"label":1}},{"type":"Feature","geometry":{"type":"Point","coordinates":[10.450463,56.305543]},"properties":{"name":"Randersvej/Århusvej (Syddjurs Kom)","lines":"123","arr":["123"],"terminus":0,"mode":"bus","color":"#0059a9","colorDark":"#00294f","angle":184.2,"snapDist":10,"label":1}},{"type":"Feature","geometry":{"type":"Point","coordinates":[10.467019,56.304616]},"properties":{"name":"Nattergalevej/Skolevej (Syddjurs Kom)","lines":"123","arr":["123"],"terminus":0,"mode":"bus","color":"#0059a9","colorDark":"#00294f","angle":196.7,"snapDist":8,"label":1}},{"type":"Feature","geometry":{"type":"Point","coordinates":[10.472387,56.303081]},"properties":{"name":"Lærkevej/Skolevej (Syddjurs Kom)","lines":"123","arr":["123"],"terminus":0,"mode":"bus","color":"#0059a9","colorDark":"#00294f","angle":204.9,"snapDist":9,"label":1}},{"type":"Feature","geometry":{"type":"Point","coordinates":[10.478009,56.300723]},"properties":{"name":"Rønde Busterminal (Syddjurs Kom)","lines":"123","arr":["123"],"terminus":0,"mode":"bus","color":"#0059a9","colorDark":"#00294f","angle":200.9,"snapDist":4,"label":0}},{"type":"Feature","geometry":{"type":"Point","coordinates":[10.516179,56.269245]},"properties":{"name":"Egens (Syddjurs Kom)","lines":"123","arr":["123"],"terminus":0,"mode":"bus","color":"#0059a9","colorDark":"#00294f","angle":-50.2,"snapDist":7,"label":1}},{"type":"Feature","geometry":{"type":"Point","coordinates":[10.521234,56.267199]},"properties":{"name":"Egens/Oustvej (Syddjurs Kom)","lines":"123","arr":["123"],"terminus":0,"mode":"bus","color":"#0059a9","colorDark":"#00294f","angle":222.9,"snapDist":9,"label":1}},{"type":"Feature","geometry":{"type":"Point","coordinates":[10.546476,56.255097]},"properties":{"name":"Smedebakken/Molsvej (Syddjurs Kom)","lines":"123","arr":["123"],"terminus":0,"mode":"bus","color":"#0059a9","colorDark":"#00294f","angle":217.4,"snapDist":6,"label":1}},{"type":"Feature","geometry":{"type":"Point","coordinates":[10.551737,56.252836]},"properties":{"name":"Grønfeld (Syddjurs Kom)","lines":"123","arr":["123"],"terminus":0,"mode":"bus","color":"#0059a9","colorDark":"#00294f","angle":217.3,"snapDist":7,"label":1}},{"type":"Feature","geometry":{"type":"Point","coordinates":[10.555689,56.251674]},"properties":{"name":"Grønfeld/Skolemarken (Syddjurs Kom)","lines":"123","arr":["123"],"terminus":0,"mode":"bus","color":"#0059a9","colorDark":"#00294f","angle":196.9,"snapDist":7,"label":1}},{"type":"Feature","geometry":{"type":"Point","coordinates":[10.565803,56.241218]},"properties":{"name":"Femmøller/Mols Bjerge Vej (Syddjurs Kom)","lines":"123","arr":["123"],"terminus":0,"mode":"bus","color":"#0059a9","colorDark":"#00294f","angle":238.1,"snapDist":8,"label":1}},{"type":"Feature","geometry":{"type":"Point","coordinates":[10.570179,56.239488]},"properties":{"name":"Femmøller/Hvidmosevej (Syddjurs Kom)","lines":"123","arr":["123"],"terminus":0,"mode":"bus","color":"#0059a9","colorDark":"#00294f","angle":178.3,"snapDist":8,"label":1}},{"type":"Feature","geometry":{"type":"Point","coordinates":[10.576533,56.23964]},"properties":{"name":"Femmøller (Syddjurs Kom)","lines":"123","arr":["123"],"terminus":0,"mode":"bus","color":"#0059a9","colorDark":"#00294f","angle":180.9,"snapDist":6,"label":1}},{"type":"Feature","geometry":{"type":"Point","coordinates":[10.580207,56.2386]},"properties":{"name":"Femmøller Efterskole (Syddjurs Kom)","lines":"123","arr":["123"],"terminus":0,"mode":"bus","color":"#0059a9","colorDark":"#00294f","angle":220.9,"snapDist":10,"label":1}},{"type":"Feature","geometry":{"type":"Point","coordinates":[10.598135,56.231267]},"properties":{"name":"Nordmandsvej/Hovedgaden (Syddjurs Kom)","lines":"123","arr":["123"],"terminus":0,"mode":"bus","color":"#0059a9","colorDark":"#00294f","angle":205,"snapDist":6,"label":1}},{"type":"Feature","geometry":{"type":"Point","coordinates":[10.602919,56.230043]},"properties":{"name":"Molskroen (Syddjurs Kom)","lines":"123","arr":["123"],"terminus":0,"mode":"bus","color":"#0059a9","colorDark":"#00294f","angle":205.1,"snapDist":7,"label":1}},{"type":"Feature","geometry":{"type":"Point","coordinates":[10.610577,56.229423]},"properties":{"name":"Lyngsbækvej/Kystvejen (Syddjurs Kom)","lines":"123","arr":["123"],"terminus":0,"mode":"bus","color":"#0059a9","colorDark":"#00294f","angle":169.4,"snapDist":8,"label":1}},{"type":"Feature","geometry":{"type":"Point","coordinates":[10.621869,56.228714]},"properties":{"name":"Stambækvej/Kystvejen (Syddjurs Kom)","lines":"123","arr":["123"],"terminus":0,"mode":"bus","color":"#0059a9","colorDark":"#00294f","angle":197.2,"snapDist":8,"label":1}},{"type":"Feature","geometry":{"type":"Point","coordinates":[10.641488,56.227248]},"properties":{"name":"Handrupgårdsvej/Kystvejen (Syddjurs Kom)","lines":"123","arr":["123"],"terminus":0,"mode":"bus","color":"#0059a9","colorDark":"#00294f","angle":183.3,"snapDist":6,"label":1}},{"type":"Feature","geometry":{"type":"Point","coordinates":[10.652286,56.226346]},"properties":{"name":"Ravnsvej/Kystvejen (Syddjurs Kom)","lines":"123","arr":["123"],"terminus":0,"mode":"bus","color":"#0059a9","colorDark":"#00294f","angle":169.5,"snapDist":10,"label":1}},{"type":"Feature","geometry":{"type":"Point","coordinates":[10.663792,56.223952]},"properties":{"name":"Vibæk Strandvej/Kystvejen (Syddjurs Kom)","lines":"123","arr":["123"],"terminus":0,"mode":"bus","color":"#0059a9","colorDark":"#00294f","angle":202.8,"snapDist":10,"label":1}},{"type":"Feature","geometry":{"type":"Point","coordinates":[10.667146,56.221941]},"properties":{"name":"Kystvejen/Vibæk Strandvej (Syddjurs Kom)","lines":"123","arr":["123"],"terminus":0,"mode":"bus","color":"#0059a9","colorDark":"#00294f","angle":239.9,"snapDist":7,"label":1}},{"type":"Feature","geometry":{"type":"Point","coordinates":[10.672921,56.216943]},"properties":{"name":"Strandlyngen/Vibæk Strandvej (Syddjurs Kom)","lines":"123","arr":["123"],"terminus":0,"mode":"bus","color":"#0059a9","colorDark":"#00294f","angle":237.3,"snapDist":9,"label":1}},{"type":"Feature","geometry":{"type":"Point","coordinates":[10.680424,56.210182]},"properties":{"name":"Dråbyvej/Strandgårdshøj (Syddjurs Kom)","lines":"123","arr":["123"],"terminus":0,"mode":"bus","color":"#0059a9","colorDark":"#00294f","angle":255.7,"snapDist":4,"label":1}},{"type":"Feature","geometry":{"type":"Point","coordinates":[10.681727,56.206237]},"properties":{"name":"Galgebakken/Strandgårdshøj (Syddjurs Kom)","lines":"123","arr":["123"],"terminus":0,"mode":"bus","color":"#0059a9","colorDark":"#00294f","angle":259.6,"snapDist":6,"label":1}},{"type":"Feature","geometry":{"type":"Point","coordinates":[10.681444,56.202654]},"properties":{"name":"Nørrealle/Nørreport (Syddjurs Kom)","lines":"123","arr":["123"],"terminus":0,"mode":"bus","color":"#0059a9","colorDark":"#00294f","angle":290.4,"snapDist":6,"label":1}},{"type":"Feature","geometry":{"type":"Point","coordinates":[10.682134,56.197161]},"properties":{"name":"Ebeltoft C (Syddjurs Kom)","lines":"123","arr":["123"],"terminus":0,"mode":"bus","color":"#0059a9","colorDark":"#00294f","angle":193.3,"snapDist":8,"label":1}},{"type":"Feature","geometry":{"type":"Point","coordinates":[10.682736,56.192265]},"properties":{"name":"Ebeltoft Skole (Syddjurs Kom)","lines":"123","arr":["123"],"terminus":0,"mode":"bus","color":"#0059a9","colorDark":"#00294f","angle":239.9,"snapDist":7,"label":1}},{"type":"Feature","geometry":{"type":"Point","coordinates":[10.682572,56.186925]},"properties":{"name":"Elsegårdevej/Østeralle (Syddjurs Kom)","lines":"123","arr":["123"],"terminus":0,"mode":"bus","color":"#0059a9","colorDark":"#00294f","angle":275.6,"snapDist":11,"label":1}},{"type":"Feature","geometry":{"type":"Point","coordinates":[10.679638,56.180692]},"properties":{"name":"Gransvinget/Østeralle (Syddjurs Kom)","lines":"123","arr":["123"],"terminus":0,"mode":"bus","color":"#0059a9","colorDark":"#00294f","angle":330.3,"snapDist":7,"label":1}},{"type":"Feature","geometry":{"type":"Point","coordinates":[10.67707,56.179879]},"properties":{"name":"Ebeltoft Busterminal (Syddjurs Kom)","lines":"123","arr":["123"],"terminus":1,"mode":"bus","color":"#0059a9","colorDark":"#00294f","angle":354.3,"snapDist":4,"label":1}},{"type":"Feature","geometry":{"type":"Point","coordinates":[10.677063,56.179878]},"properties":{"name":"Ebeltoft Busterminal (Syddjurs Kom)","lines":"123","arr":["123"],"terminus":1,"mode":"bus","color":"#0059a9","colorDark":"#00294f","angle":174.3,"snapDist":3,"label":0}},{"type":"Feature","geometry":{"type":"Point","coordinates":[10.680476,56.181054]},"properties":{"name":"Gransvinget/Østeralle (Syddjurs Kom)","lines":"123","arr":["123"],"terminus":0,"mode":"bus","color":"#0059a9","colorDark":"#00294f","angle":137.4,"snapDist":12,"label":0}},{"type":"Feature","geometry":{"type":"Point","coordinates":[10.68259,56.18703]},"properties":{"name":"Elsegårdevej/Østeralle (Syddjurs Kom)","lines":"123","arr":["123"],"terminus":0,"mode":"bus","color":"#0059a9","colorDark":"#00294f","angle":95.6,"snapDist":14,"label":0}},{"type":"Feature","geometry":{"type":"Point","coordinates":[10.681325,56.193292]},"properties":{"name":"Ebeltoft Skole (Syddjurs Kom)","lines":"123","arr":["123"],"terminus":0,"mode":"bus","color":"#0059a9","colorDark":"#00294f","angle":62.3,"snapDist":10,"label":0}},{"type":"Feature","geometry":{"type":"Point","coordinates":[10.681636,56.199791]},"properties":{"name":"Skelhøjevej/Nørrealle (Syddjurs Kom)","lines":"123","arr":["123"],"terminus":0,"mode":"bus","color":"#0059a9","colorDark":"#00294f","angle":110.7,"snapDist":11,"label":1}},{"type":"Feature","geometry":{"type":"Point","coordinates":[10.681511,56.202755]},"properties":{"name":"Nørrealle/Nørreport (Syddjurs Kom)","lines":"123","arr":["123"],"terminus":0,"mode":"bus","color":"#0059a9","colorDark":"#00294f","angle":109.8,"snapDist":4,"label":0}},{"type":"Feature","geometry":{"type":"Point","coordinates":[10.681652,56.206466]},"properties":{"name":"Galgebakken/Strandgårdshøj (Syddjurs Kom)","lines":"123","arr":["123"],"terminus":0,"mode":"bus","color":"#0059a9","colorDark":"#00294f","angle":79.6,"snapDist":3,"label":0}},{"type":"Feature","geometry":{"type":"Point","coordinates":[10.680434,56.210161]},"properties":{"name":"Dråbyvej/Strandgårdshøj (Syddjurs Kom)","lines":"123","arr":["123"],"terminus":0,"mode":"bus","color":"#0059a9","colorDark":"#00294f","angle":75.7,"snapDist":4,"label":0}},{"type":"Feature","geometry":{"type":"Point","coordinates":[10.671768,56.217928]},"properties":{"name":"Strandlyngen/Vibæk Strandvej (Syddjurs Kom)","lines":"123","arr":["123"],"terminus":0,"mode":"bus","color":"#0059a9","colorDark":"#00294f","angle":56.6,"snapDist":10,"label":0}},{"type":"Feature","geometry":{"type":"Point","coordinates":[10.667632,56.221474]},"properties":{"name":"Kystvejen/Vibæk Strandvej (Syddjurs Kom)","lines":"123","arr":["123"],"terminus":0,"mode":"bus","color":"#0059a9","colorDark":"#00294f","angle":59.9,"snapDist":3,"label":0}},{"type":"Feature","geometry":{"type":"Point","coordinates":[10.664307,56.22385]},"properties":{"name":"Vibæk Strandvej/Kystvejen (Syddjurs Kom)","lines":"123","arr":["123"],"terminus":0,"mode":"bus","color":"#0059a9","colorDark":"#00294f","angle":11.5,"snapDist":6,"label":0}},{"type":"Feature","geometry":{"type":"Point","coordinates":[10.654218,56.226385]},"properties":{"name":"Ravnsvej/Kystvejen (Syddjurs Kom)","lines":"123","arr":["123"],"terminus":0,"mode":"bus","color":"#0059a9","colorDark":"#00294f","angle":4.9,"snapDist":5,"label":0}},{"type":"Feature","geometry":{"type":"Point","coordinates":[10.641126,56.22726]},"properties":{"name":"Handrupgårdsvej/Kystvejen (Syddjurs Kom)","lines":"123","arr":["123"],"terminus":0,"mode":"bus","color":"#0059a9","colorDark":"#00294f","angle":3.3,"snapDist":8,"label":0}},{"type":"Feature","geometry":{"type":"Point","coordinates":[10.621443,56.228788]},"properties":{"name":"Stambækvej/Kystvejen (Syddjurs Kom)","lines":"123","arr":["123"],"terminus":0,"mode":"bus","color":"#0059a9","colorDark":"#00294f","angle":17.2,"snapDist":5,"label":0}},{"type":"Feature","geometry":{"type":"Point","coordinates":[10.609282,56.229291]},"properties":{"name":"Lyngsbækvej/Kystvejen (Syddjurs Kom)","lines":"123","arr":["123"],"terminus":0,"mode":"bus","color":"#0059a9","colorDark":"#00294f","angle":349.5,"snapDist":7,"label":0}},{"type":"Feature","geometry":{"type":"Point","coordinates":[10.602701,56.2301]},"properties":{"name":"Molskroen (Syddjurs Kom)","lines":"123","arr":["123"],"terminus":0,"mode":"bus","color":"#0059a9","colorDark":"#00294f","angle":25.1,"snapDist":7,"label":0}},{"type":"Feature","geometry":{"type":"Point","coordinates":[10.598473,56.23118]},"properties":{"name":"Nordmandsvej/Hovedgaden (Syddjurs Kom)","lines":"123","arr":["123"],"terminus":0,"mode":"bus","color":"#0059a9","colorDark":"#00294f","angle":24.6,"snapDist":6,"label":0}},{"type":"Feature","geometry":{"type":"Point","coordinates":[10.580383,56.238515]},"properties":{"name":"Femmøller Efterskole (Syddjurs Kom)","lines":"123","arr":["123"],"terminus":0,"mode":"bus","color":"#0059a9","colorDark":"#00294f","angle":40.9,"snapDist":7,"label":0}},{"type":"Feature","geometry":{"type":"Point","coordinates":[10.575631,56.239646]},"properties":{"name":"Femmøller (Syddjurs Kom)","lines":"123","arr":["123"],"terminus":0,"mode":"bus","color":"#0059a9","colorDark":"#00294f","angle":0.5,"snapDist":5,"label":0}},{"type":"Feature","geometry":{"type":"Point","coordinates":[10.569788,56.239471]},"properties":{"name":"Femmøller/Hvidmosevej (Syddjurs Kom)","lines":"123","arr":["123"],"terminus":0,"mode":"bus","color":"#0059a9","colorDark":"#00294f","angle":352.7,"snapDist":9,"label":0}},{"type":"Feature","geometry":{"type":"Point","coordinates":[10.565784,56.241236]},"properties":{"name":"Femmøller/Mols Bjerge Vej (Syddjurs Kom)","lines":"123","arr":["123"],"terminus":0,"mode":"bus","color":"#0059a9","colorDark":"#00294f","angle":58.1,"snapDist":3,"label":0}},{"type":"Feature","geometry":{"type":"Point","coordinates":[10.554606,56.251844]},"properties":{"name":"Grønfeld/Skolemarken (Syddjurs Kom)","lines":"123","arr":["123"],"terminus":0,"mode":"bus","color":"#0059a9","colorDark":"#00294f","angle":13.1,"snapDist":8,"label":0}},{"type":"Feature","geometry":{"type":"Point","coordinates":[10.551063,56.253124]},"properties":{"name":"Grønfeld (Syddjurs Kom)","lines":"123","arr":["123"],"terminus":0,"mode":"bus","color":"#0059a9","colorDark":"#00294f","angle":37.7,"snapDist":4,"label":0}},{"type":"Feature","geometry":{"type":"Point","coordinates":[10.546263,56.255187]},"properties":{"name":"Smedebakken/Molsvej (Syddjurs Kom)","lines":"123","arr":["123"],"terminus":0,"mode":"bus","color":"#0059a9","colorDark":"#00294f","angle":37.4,"snapDist":6,"label":0}},{"type":"Feature","geometry":{"type":"Point","coordinates":[10.520412,56.267629]},"properties":{"name":"Egens/Oustvej (Syddjurs Kom)","lines":"123","arr":["123"],"terminus":0,"mode":"bus","color":"#0059a9","colorDark":"#00294f","angle":38.9,"snapDist":8,"label":0}},{"type":"Feature","geometry":{"type":"Point","coordinates":[10.516006,56.269424]},"properties":{"name":"Egens (Syddjurs Kom)","lines":"123","arr":["123"],"terminus":0,"mode":"bus","color":"#0059a9","colorDark":"#00294f","angle":43.2,"snapDist":5,"label":0}},{"type":"Feature","geometry":{"type":"Point","coordinates":[10.478016,56.300721]},"properties":{"name":"Rønde Busterminal (Syddjurs Kom)","lines":"123","arr":["123"],"terminus":0,"mode":"bus","color":"#0059a9","colorDark":"#00294f","angle":20.9,"snapDist":4,"label":0}},{"type":"Feature","geometry":{"type":"Point","coordinates":[10.472335,56.303095]},"properties":{"name":"Lærkevej/Skolevej (Syddjurs Kom)","lines":"123","arr":["123"],"terminus":0,"mode":"bus","color":"#0059a9","colorDark":"#00294f","angle":24.9,"snapDist":9,"label":0}},{"type":"Feature","geometry":{"type":"Point","coordinates":[10.464171,56.303184]},"properties":{"name":"Strandvejen/Hovedgaden (Syddjurs Kom)","lines":"123","arr":["123"],"terminus":0,"mode":"bus","color":"#0059a9","colorDark":"#00294f","angle":18.5,"snapDist":6,"label":1}},{"type":"Feature","geometry":{"type":"Point","coordinates":[10.448534,56.305576]},"properties":{"name":"Randersvej/Århusvej (Syddjurs Kom)","lines":"123","arr":["123"],"terminus":0,"mode":"bus","color":"#0059a9","colorDark":"#00294f","angle":359.9,"snapDist":6,"label":0}},{"type":"Feature","geometry":{"type":"Point","coordinates":[10.437608,56.305498]},"properties":{"name":"Følle (Syddjurs Kom)","lines":"123","arr":["123"],"terminus":0,"mode":"bus","color":"#0059a9","colorDark":"#00294f","angle":357.5,"snapDist":6,"label":1}},{"type":"Feature","geometry":{"type":"Point","coordinates":[10.424783,56.305243]},"properties":{"name":"Langkær/Århusvej (Syddjurs Kom)","lines":"123","arr":["123"],"terminus":0,"mode":"bus","color":"#0059a9","colorDark":"#00294f","angle":358,"snapDist":10,"label":0}},{"type":"Feature","geometry":{"type":"Point","coordinates":[10.411435,56.304956]},"properties":{"name":"Ugelbølle (Syddjurs Kom)","lines":"123","arr":["123"],"terminus":0,"mode":"bus","color":"#0059a9","colorDark":"#00294f","angle":359.3,"snapDist":12,"label":0}},{"type":"Feature","geometry":{"type":"Point","coordinates":[10.399845,56.304274]},"properties":{"name":"Dyrhøjgårdsvej/Århusvej (Syddjurs Kom)","lines":"123","arr":["123"],"terminus":0,"mode":"bus","color":"#0059a9","colorDark":"#00294f","angle":350,"snapDist":9,"label":0}},{"type":"Feature","geometry":{"type":"Point","coordinates":[10.363931,56.30003]},"properties":{"name":"Rodskov (Syddjurs Kom)","lines":"123","arr":["123"],"terminus":0,"mode":"bus","color":"#0059a9","colorDark":"#00294f","angle":345.9,"snapDist":8,"label":0}},{"type":"Feature","geometry":{"type":"Point","coordinates":[10.349845,56.294947]},"properties":{"name":"Pusthusvej/Landevejen (Syddjurs Kom)","lines":"123","arr":["123"],"terminus":0,"mode":"bus","color":"#0059a9","colorDark":"#00294f","angle":333.3,"snapDist":6,"label":0}},{"type":"Feature","geometry":{"type":"Point","coordinates":[10.339597,56.292121]},"properties":{"name":"Stenhusevej/Landevejen (Syddjurs Kom)","lines":"123","arr":["123"],"terminus":0,"mode":"bus","color":"#0059a9","colorDark":"#00294f","angle":333.5,"snapDist":8,"label":0}},{"type":"Feature","geometry":{"type":"Point","coordinates":[9.928304,56.035758]},"properties":{"name":"Skanderborg Busterminal","lines":"200","arr":["200"],"terminus":1,"mode":"bus","color":"#0059a9","colorDark":"#00294f","angle":25.6,"snapDist":15,"label":1}},{"type":"Feature","geometry":{"type":"Point","coordinates":[9.959868,56.051528]},"properties":{"name":"Sverigesvej/Stilling Landevej (Skanderborg Kom)","lines":"200, 309","arr":["200","309"],"terminus":0,"mode":"bus","color":"#0059a9","colorDark":"#00294f","angle":153.1,"snapDist":12,"label":0}},{"type":"Feature","geometry":{"type":"Point","coordinates":[9.971749,56.054808]},"properties":{"name":"Virringvej/Stilling Landevej (Skanderborg Kom)","lines":"200, 309","arr":["200","309"],"terminus":0,"mode":"bus","color":"#0059a9","colorDark":"#00294f","angle":153,"snapDist":11,"label":1}},{"type":"Feature","geometry":{"type":"Point","coordinates":[9.983471,56.059751]},"properties":{"name":"Lynghøjvej/Stilling Byvej (Skanderborg Kom)","lines":"200","arr":["200"],"terminus":0,"mode":"bus","color":"#0059a9","colorDark":"#00294f","angle":140.3,"snapDist":9,"label":1}},{"type":"Feature","geometry":{"type":"Point","coordinates":[9.99447,56.064605]},"properties":{"name":"Stilling Kirkevej/Århusvej (Skanderborg Kom)","lines":"200","arr":["200"],"terminus":0,"mode":"bus","color":"#0059a9","colorDark":"#00294f","angle":150.8,"snapDist":11,"label":1}},{"type":"Feature","geometry":{"type":"Point","coordinates":[10.003403,56.067983]},"properties":{"name":"Industrivej/Århusvej (Skanderborg Kom)","lines":"200","arr":["200"],"terminus":0,"mode":"bus","color":"#0059a9","colorDark":"#00294f","angle":145.7,"snapDist":12,"label":1}},{"type":"Feature","geometry":{"type":"Point","coordinates":[10.012498,56.072213]},"properties":{"name":"Herredsvejen/Århusvej (Skanderborg Kom)","lines":"200","arr":["200"],"terminus":0,"mode":"bus","color":"#0059a9","colorDark":"#00294f","angle":138.9,"snapDist":16,"label":1}},{"type":"Feature","geometry":{"type":"Point","coordinates":[10.019555,56.076541]},"properties":{"name":"Inge Lehmanns Vej/Skanderborgvej (Skanderborg Kom)","lines":"200","arr":["200"],"terminus":0,"mode":"bus","color":"#0059a9","colorDark":"#00294f","angle":144.2,"snapDist":8,"label":1}},{"type":"Feature","geometry":{"type":"Point","coordinates":[10.026239,56.078904]},"properties":{"name":"Lethsmindevej/Skanderborgvej (Skanderborg Kom)","lines":"200","arr":["200"],"terminus":0,"mode":"bus","color":"#0059a9","colorDark":"#00294f","angle":138.9,"snapDist":11,"label":1}},{"type":"Feature","geometry":{"type":"Point","coordinates":[10.032986,56.082194]},"properties":{"name":"Hasselvej/Skanderborgvej (Skanderborg Kom)","lines":"200","arr":["200"],"terminus":0,"mode":"bus","color":"#0059a9","colorDark":"#00294f","angle":138.8,"snapDist":9,"label":1}},{"type":"Feature","geometry":{"type":"Point","coordinates":[10.03779,56.084505]},"properties":{"name":"Nørre Allé/Århusvej (Skanderborg Kom)","lines":"200","arr":["200"],"terminus":0,"mode":"bus","color":"#0059a9","colorDark":"#00294f","angle":142,"snapDist":9,"label":1}},{"type":"Feature","geometry":{"type":"Point","coordinates":[10.041402,56.087034]},"properties":{"name":"Vester Alle/Århusvej (Skanderborg Kom)","lines":"200","arr":["200"],"terminus":0,"mode":"bus","color":"#0059a9","colorDark":"#00294f","angle":122.1,"snapDist":10,"label":1}},{"type":"Feature","geometry":{"type":"Point","coordinates":[10.045024,56.090057]},"properties":{"name":"Højgårdsvej/Århusvej (Skanderborg Kom)","lines":"200","arr":["200"],"terminus":0,"mode":"bus","color":"#0059a9","colorDark":"#00294f","angle":123.5,"snapDist":7,"label":1}},{"type":"Feature","geometry":{"type":"Point","coordinates":[10.049257,56.094242]},"properties":{"name":"Volden/Århusvej (Skanderborg Kom)","lines":"200","arr":["200"],"terminus":0,"mode":"bus","color":"#0059a9","colorDark":"#00294f","angle":112.7,"snapDist":7,"label":1}},{"type":"Feature","geometry":{"type":"Point","coordinates":[10.070805,56.102203]},"properties":{"name":"Kolt Kirkevej/Hovedvejen (Aarhus Kom)","lines":"200","arr":["200"],"terminus":0,"mode":"bus","color":"#0059a9","colorDark":"#00294f","angle":164.7,"snapDist":11,"label":1}},{"type":"Feature","geometry":{"type":"Point","coordinates":[10.079605,56.103436]},"properties":{"name":"Pilegårdsvej/Hovedvejen (Aarhus Kom)","lines":"200","arr":["200"],"terminus":0,"mode":"bus","color":"#0059a9","colorDark":"#00294f","angle":168.9,"snapDist":13,"label":1}},{"type":"Feature","geometry":{"type":"Point","coordinates":[10.0878,56.104318]},"properties":{"name":"Bavnegårdsvej/Hovedvejen (Aarhus Kom)","lines":"200","arr":["200"],"terminus":0,"mode":"bus","color":"#0059a9","colorDark":"#00294f","angle":169.5,"snapDist":13,"label":1}},{"type":"Feature","geometry":{"type":"Point","coordinates":[10.095542,56.105122]},"properties":{"name":"Alstrup Allé/Hovedvejen (Aarhus Kom)","lines":"200","arr":["200"],"terminus":0,"mode":"bus","color":"#0059a9","colorDark":"#00294f","angle":168.3,"snapDist":12,"label":1}},{"type":"Feature","geometry":{"type":"Point","coordinates":[10.15452,56.210503]},"properties":{"name":"Ny Møllevej/Søftenvej (Aarhus Kom)","lines":"200","arr":["200"],"terminus":0,"mode":"bus","color":"#0059a9","colorDark":"#00294f","angle":26.8,"snapDist":6,"label":1}},{"type":"Feature","geometry":{"type":"Point","coordinates":[10.138046,56.215667]},"properties":{"name":"Lisbjerg Erhvervspark/Søftenvej (Aarhus Kom)","lines":"200","arr":["200"],"terminus":0,"mode":"bus","color":"#0059a9","colorDark":"#00294f","angle":32,"snapDist":6,"label":1}},{"type":"Feature","geometry":{"type":"Point","coordinates":[10.109598,56.230376]},"properties":{"name":"Beta/Århusvej (Favrskov Kom)","lines":"200","arr":["200"],"terminus":0,"mode":"bus","color":"#0059a9","colorDark":"#00294f","angle":33.4,"snapDist":16,"label":1}},{"type":"Feature","geometry":{"type":"Point","coordinates":[10.097582,56.234035]},"properties":{"name":"Århusvej/Sti til Hjortevej (Favrskov Kom)","lines":"200","arr":["200"],"terminus":0,"mode":"bus","color":"#0059a9","colorDark":"#00294f","angle":29.1,"snapDist":6,"label":1}},{"type":"Feature","geometry":{"type":"Point","coordinates":[10.083307,56.240035]},"properties":{"name":"Orionsvej/Holmelundsvej (Favrskov Kom)","lines":"200","arr":["200"],"terminus":0,"mode":"bus","color":"#0059a9","colorDark":"#00294f","angle":42.3,"snapDist":5,"label":1}},{"type":"Feature","geometry":{"type":"Point","coordinates":[10.077091,56.244346]},"properties":{"name":"Engdalsvej/Århusvej (Favrskov Kom)","lines":"200","arr":["200"],"terminus":0,"mode":"bus","color":"#0059a9","colorDark":"#00294f","angle":45.9,"snapDist":7,"label":1}},{"type":"Feature","geometry":{"type":"Point","coordinates":[10.065885,56.271128]},"properties":{"name":"Rylevej/Nørregade (Favrskov Kom)","lines":"200","arr":["200"],"terminus":0,"mode":"bus","color":"#0059a9","colorDark":"#00294f","angle":121.8,"snapDist":5,"label":1}},{"type":"Feature","geometry":{"type":"Point","coordinates":[10.07148,56.275484]},"properties":{"name":"Kildevangen/Nørregade (Favrskov Kom)","lines":"200","arr":["200"],"terminus":0,"mode":"bus","color":"#0059a9","colorDark":"#00294f","angle":138.8,"snapDist":4,"label":1}},{"type":"Feature","geometry":{"type":"Point","coordinates":[10.069979,56.278804]},"properties":{"name":"Haardalen/Bjergegårdsvej (Favrskov Kom)","lines":"200","arr":["200"],"terminus":0,"mode":"bus","color":"#0059a9","colorDark":"#00294f","angle":6.1,"snapDist":4,"label":1}},{"type":"Feature","geometry":{"type":"Point","coordinates":[10.06472,56.279128]},"properties":{"name":"Rylevej/Bjergegårdsvej (Favrskov Kom)","lines":"200","arr":["200"],"terminus":1,"mode":"bus","color":"#0059a9","colorDark":"#00294f","angle":6.2,"snapDist":4,"label":1}},{"type":"Feature","geometry":{"type":"Point","coordinates":[10.064707,56.279129]},"properties":{"name":"Rylevej/Bjergegårdsvej (Favrskov Kom)","lines":"200","arr":["200"],"terminus":1,"mode":"bus","color":"#0059a9","colorDark":"#00294f","angle":186.2,"snapDist":4,"label":0}},{"type":"Feature","geometry":{"type":"Point","coordinates":[10.069977,56.278805]},"properties":{"name":"Haardalen/Bjergegårdsvej (Favrskov Kom)","lines":"200","arr":["200"],"terminus":0,"mode":"bus","color":"#0059a9","colorDark":"#00294f","angle":186.1,"snapDist":5,"label":0}},{"type":"Feature","geometry":{"type":"Point","coordinates":[10.071552,56.275519]},"properties":{"name":"Kildevangen/Nørregade (Favrskov Kom)","lines":"200","arr":["200"],"terminus":0,"mode":"bus","color":"#0059a9","colorDark":"#00294f","angle":318.8,"snapDist":5,"label":0}},{"type":"Feature","geometry":{"type":"Point","coordinates":[10.06569,56.2704]},"properties":{"name":"Nørregade/Rylevej (Favrskov Kom)","lines":"200","arr":["200"],"terminus":0,"mode":"bus","color":"#0059a9","colorDark":"#00294f","angle":212.4,"snapDist":12,"label":0}},{"type":"Feature","geometry":{"type":"Point","coordinates":[10.068426,56.253095]},"properties":{"name":"Ådalsvej/Århusvej (Favrskov Kom)","lines":"200","arr":["200"],"terminus":0,"mode":"bus","color":"#0059a9","colorDark":"#00294f","angle":250.6,"snapDist":9,"label":1}},{"type":"Feature","geometry":{"type":"Point","coordinates":[10.071159,56.248343]},"properties":{"name":"Damsbrovej/Århusvej (Favrskov Kom)","lines":"200","arr":["200"],"terminus":0,"mode":"bus","color":"#0059a9","colorDark":"#00294f","angle":250.8,"snapDist":9,"label":0}},{"type":"Feature","geometry":{"type":"Point","coordinates":[10.078671,56.243494]},"properties":{"name":"Engdalsvej/Århusvej (Favrskov Kom)","lines":"200","arr":["200"],"terminus":0,"mode":"bus","color":"#0059a9","colorDark":"#00294f","angle":223.6,"snapDist":6,"label":0}},{"type":"Feature","geometry":{"type":"Point","coordinates":[10.083929,56.239713]},"properties":{"name":"Orionsvej/Holmelundsvej (Favrskov Kom)","lines":"200","arr":["200"],"terminus":0,"mode":"bus","color":"#0059a9","colorDark":"#00294f","angle":223.8,"snapDist":4,"label":0}},{"type":"Feature","geometry":{"type":"Point","coordinates":[10.087716,56.236983]},"properties":{"name":"Søften/Engen","lines":"200","arr":["200"],"terminus":0,"mode":"bus","color":"#0059a9","colorDark":"#00294f","angle":233.4,"snapDist":8,"label":0}},{"type":"Feature","geometry":{"type":"Point","coordinates":[10.098465,56.233762]},"properties":{"name":"Århusvej/Sti til Hjortevej (Favrskov Kom)","lines":"200","arr":["200"],"terminus":0,"mode":"bus","color":"#0059a9","colorDark":"#00294f","angle":209.1,"snapDist":9,"label":0}},{"type":"Feature","geometry":{"type":"Point","coordinates":[10.103531,56.232143]},"properties":{"name":"Alfa/Århusvej (Favrskov Kom)","lines":"200","arr":["200"],"terminus":0,"mode":"bus","color":"#0059a9","colorDark":"#00294f","angle":208.8,"snapDist":9,"label":0}},{"type":"Feature","geometry":{"type":"Point","coordinates":[10.111183,56.22977]},"properties":{"name":"Beta/Århusvej (Favrskov Kom)","lines":"200","arr":["200"],"terminus":0,"mode":"bus","color":"#0059a9","colorDark":"#00294f","angle":215.7,"snapDist":10,"label":0}},{"type":"Feature","geometry":{"type":"Point","coordinates":[10.139474,56.215064]},"properties":{"name":"Lisbjerg Erhvervspark/Søftenvej (Aarhus Kom)","lines":"200","arr":["200"],"terminus":0,"mode":"bus","color":"#0059a9","colorDark":"#00294f","angle":211.1,"snapDist":7,"label":0}},{"type":"Feature","geometry":{"type":"Point","coordinates":[10.156342,56.209893]},"properties":{"name":"Ny Møllevej/Søftenvej (Aarhus Kom)","lines":"200","arr":["200"],"terminus":0,"mode":"bus","color":"#0059a9","colorDark":"#00294f","angle":209.2,"snapDist":9,"label":0}},{"type":"Feature","geometry":{"type":"Point","coordinates":[10.094355,56.104994]},"properties":{"name":"Alstrup Allé/Hovedvejen (Aarhus Kom)","lines":"200","arr":["200"],"terminus":0,"mode":"bus","color":"#0059a9","colorDark":"#00294f","angle":349.7,"snapDist":9,"label":0}},{"type":"Feature","geometry":{"type":"Point","coordinates":[10.086364,56.104166]},"properties":{"name":"Bavnegårdsvej/Hovedvejen (Aarhus Kom)","lines":"200","arr":["200"],"terminus":0,"mode":"bus","color":"#0059a9","colorDark":"#00294f","angle":349.1,"snapDist":11,"label":0}},{"type":"Feature","geometry":{"type":"Point","coordinates":[10.077869,56.103241]},"properties":{"name":"Pilegårdsvej/Hovedvejen (Aarhus Kom)","lines":"200","arr":["200"],"terminus":0,"mode":"bus","color":"#0059a9","colorDark":"#00294f","angle":348.3,"snapDist":12,"label":0}},{"type":"Feature","geometry":{"type":"Point","coordinates":[10.069375,56.101974]},"properties":{"name":"Kolt Kirkevej/Hovedvejen (Aarhus Kom)","lines":"200","arr":["200"],"terminus":0,"mode":"bus","color":"#0059a9","colorDark":"#00294f","angle":343.2,"snapDist":8,"label":0}},{"type":"Feature","geometry":{"type":"Point","coordinates":[10.048923,56.093797]},"properties":{"name":"Volden/Århusvej (Skanderborg Kom)","lines":"200","arr":["200"],"terminus":0,"mode":"bus","color":"#0059a9","colorDark":"#00294f","angle":292.7,"snapDist":11,"label":0}},{"type":"Feature","geometry":{"type":"Point","coordinates":[10.044948,56.089992]},"properties":{"name":"Højgårdsvej/Århusvej (Skanderborg Kom)","lines":"200","arr":["200"],"terminus":0,"mode":"bus","color":"#0059a9","colorDark":"#00294f","angle":303.5,"snapDist":10,"label":0}},{"type":"Feature","geometry":{"type":"Point","coordinates":[10.039948,56.085677]},"properties":{"name":"Vester Alle/Århusvej (Skanderborg Kom)","lines":"200","arr":["200"],"terminus":0,"mode":"bus","color":"#0059a9","colorDark":"#00294f","angle":300.9,"snapDist":9,"label":0}},{"type":"Feature","geometry":{"type":"Point","coordinates":[10.036714,56.084]},"properties":{"name":"Nørre Allé/Århusvej (Skanderborg Kom)","lines":"200","arr":["200"],"terminus":0,"mode":"bus","color":"#0059a9","colorDark":"#00294f","angle":319,"snapDist":12,"label":0}},{"type":"Feature","geometry":{"type":"Point","coordinates":[10.030709,56.081078]},"properties":{"name":"Hasselvej/Skanderborgvej (Skanderborg Kom)","lines":"200","arr":["200"],"terminus":0,"mode":"bus","color":"#0059a9","colorDark":"#00294f","angle":318.1,"snapDist":10,"label":0}},{"type":"Feature","geometry":{"type":"Point","coordinates":[10.024968,56.078307]},"properties":{"name":"Lethsmindevej/Skanderborgvej (Skanderborg Kom)","lines":"200","arr":["200"],"terminus":0,"mode":"bus","color":"#0059a9","colorDark":"#00294f","angle":320.5,"snapDist":8,"label":0}},{"type":"Feature","geometry":{"type":"Point","coordinates":[10.019482,56.076512]},"properties":{"name":"Inge Lehmanns Vej/Skanderborgvej (Skanderborg Kom)","lines":"200","arr":["200"],"terminus":0,"mode":"bus","color":"#0059a9","colorDark":"#00294f","angle":324.2,"snapDist":7,"label":0}},{"type":"Feature","geometry":{"type":"Point","coordinates":[10.012222,56.072078]},"properties":{"name":"Herredsvejen/Århusvej (Skanderborg Kom)","lines":"200","arr":["200"],"terminus":0,"mode":"bus","color":"#0059a9","colorDark":"#00294f","angle":318.9,"snapDist":14,"label":0}},{"type":"Feature","geometry":{"type":"Point","coordinates":[10.001722,56.067343]},"properties":{"name":"Industrivej/Århusvej (Skanderborg Kom)","lines":"200","arr":["200"],"terminus":0,"mode":"bus","color":"#0059a9","colorDark":"#00294f","angle":325.6,"snapDist":11,"label":0}},{"type":"Feature","geometry":{"type":"Point","coordinates":[9.995392,56.064928]},"properties":{"name":"Stilling Kirkevej/Århusvej (Skanderborg Kom)","lines":"200","arr":["200"],"terminus":0,"mode":"bus","color":"#0059a9","colorDark":"#00294f","angle":326.3,"snapDist":13,"label":0}},{"type":"Feature","geometry":{"type":"Point","coordinates":[9.984228,56.060159]},"properties":{"name":"Lynghøjvej/Stilling Byvej (Skanderborg Kom)","lines":"200","arr":["200"],"terminus":0,"mode":"bus","color":"#0059a9","colorDark":"#00294f","angle":320.5,"snapDist":12,"label":0}},{"type":"Feature","geometry":{"type":"Point","coordinates":[9.972461,56.055048]},"properties":{"name":"Virringvej/Stilling Landevej (Skanderborg Kom)","lines":"200, 309","arr":["200","309"],"terminus":0,"mode":"bus","color":"#0059a9","colorDark":"#00294f","angle":326.7,"snapDist":9,"label":0}},{"type":"Feature","geometry":{"type":"Point","coordinates":[9.917278,56.039261]},"properties":{"name":"Vroldvej/Møllegade (Skanderborg Kom)","lines":"200","arr":["200"],"terminus":0,"mode":"bus","color":"#0059a9","colorDark":"#00294f","angle":220.1,"snapDist":7,"label":0}},{"type":"Feature","geometry":{"type":"Point","coordinates":[10.202819,56.055932]},"properties":{"name":"Beder Landevej/Byagervej (Aarhus Kom)","lines":"302","arr":["302"],"terminus":0,"mode":"bus","color":"#0059a9","colorDark":"#00294f","angle":202.5,"snapDist":8,"label":1}},{"type":"Feature","geometry":{"type":"Point","coordinates":[10.208977,56.055226]},"properties":{"name":"Byagerparken/Byagervej (Aarhus Kom)","lines":"302","arr":["302"],"terminus":0,"mode":"bus","color":"#0059a9","colorDark":"#00294f","angle":187.9,"snapDist":5,"label":1}},{"type":"Feature","geometry":{"type":"Point","coordinates":[10.212938,56.05408]},"properties":{"name":"Byagervænget/Byagervej (Aarhus Kom)","lines":"302","arr":["302"],"terminus":0,"mode":"bus","color":"#0059a9","colorDark":"#00294f","angle":229.7,"snapDist":6,"label":1}},{"type":"Feature","geometry":{"type":"Point","coordinates":[10.218486,56.048311]},"properties":{"name":"Fløjstrupvej/Byagervej (Aarhus Kom)","lines":"302","arr":["302"],"terminus":0,"mode":"bus","color":"#0059a9","colorDark":"#00294f","angle":241.9,"snapDist":6,"label":1}},{"type":"Feature","geometry":{"type":"Point","coordinates":[10.207193,56.043866]},"properties":{"name":"Mallinggårdsvej/Fløjstrupvej (Aarhus Kom)","lines":"302","arr":["302"],"terminus":0,"mode":"bus","color":"#0059a9","colorDark":"#00294f","angle":351.7,"snapDist":4,"label":1}},{"type":"Feature","geometry":{"type":"Point","coordinates":[10.204013,56.043613]},"properties":{"name":"Majsvænget/Fløjstrupvej (Aarhus Kom)","lines":"302","arr":["302"],"terminus":0,"mode":"bus","color":"#0059a9","colorDark":"#00294f","angle":352,"snapDist":7,"label":1}},{"type":"Feature","geometry":{"type":"Point","coordinates":[10.199974,56.042857]},"properties":{"name":"Havrevænget/Fløjstrupvej (Aarhus Kom)","lines":"302","arr":["302"],"terminus":0,"mode":"bus","color":"#0059a9","colorDark":"#00294f","angle":331.6,"snapDist":6,"label":1}},{"type":"Feature","geometry":{"type":"Point","coordinates":[10.207226,56.038296]},"properties":{"name":"Agertoften/Ajstrupvej (Aarhus Kom)","lines":"302","arr":["302"],"terminus":0,"mode":"bus","color":"#0059a9","colorDark":"#00294f","angle":176.2,"snapDist":5,"label":1}},{"type":"Feature","geometry":{"type":"Point","coordinates":[10.238832,56.039381]},"properties":{"name":"Ajstrup Gl. Skole/Ajstrup Strandvej (Aarhus Kom)","lines":"302","arr":["302"],"terminus":0,"mode":"bus","color":"#0059a9","colorDark":"#00294f","angle":186,"snapDist":5,"label":1}},{"type":"Feature","geometry":{"type":"Point","coordinates":[10.249676,56.039371]},"properties":{"name":"Ajstrup Strandvej nr. 26 (Aarhus Kom)","lines":"302","arr":["302"],"terminus":0,"mode":"bus","color":"#0059a9","colorDark":"#00294f","angle":162.3,"snapDist":6,"label":1}},{"type":"Feature","geometry":{"type":"Point","coordinates":[10.262809,56.041761]},"properties":{"name":"Ørnevænget/Ajstrup Strandvej (Aarhus Kom)","lines":"302","arr":["302"],"terminus":0,"mode":"bus","color":"#0059a9","colorDark":"#00294f","angle":161.8,"snapDist":5,"label":1}},{"type":"Feature","geometry":{"type":"Point","coordinates":[10.269972,56.039137]},"properties":{"name":"Havvænget/Ajstrup Strandvej (Aarhus Kom)","lines":"302","arr":["302"],"terminus":0,"mode":"bus","color":"#0059a9","colorDark":"#00294f","angle":272.9,"snapDist":4,"label":1}},{"type":"Feature","geometry":{"type":"Point","coordinates":[10.269016,56.035719]},"properties":{"name":"Ahornvænget/Ajstrup Strandvej (Aarhus Kom)","lines":"302","arr":["302"],"terminus":0,"mode":"bus","color":"#0059a9","colorDark":"#00294f","angle":278.3,"snapDist":4,"label":1}},{"type":"Feature","geometry":{"type":"Point","coordinates":[10.268656,56.033575]},"properties":{"name":"Lindevænget/Ajstrup Strandvej (Aarhus Kom)","lines":"302","arr":["302"],"terminus":0,"mode":"bus","color":"#0059a9","colorDark":"#00294f","angle":278.3,"snapDist":5,"label":1}},{"type":"Feature","geometry":{"type":"Point","coordinates":[10.265306,56.030086]},"properties":{"name":"Strandlodsvej/Ajstrup Strandvej (Aarhus Kom)","lines":"302","arr":["302"],"terminus":0,"mode":"bus","color":"#0059a9","colorDark":"#00294f","angle":329.9,"snapDist":3,"label":1}},{"type":"Feature","geometry":{"type":"Point","coordinates":[10.260956,56.025723]},"properties":{"name":"Norsmindevej (Aarhus Kom)","lines":"302","arr":["302"],"terminus":0,"mode":"bus","color":"#0059a9","colorDark":"#00294f","angle":265,"snapDist":7,"label":1}},{"type":"Feature","geometry":{"type":"Point","coordinates":[10.260854,56.02278]},"properties":{"name":"Norsminde/Norsmindevej (Aarhus Kom)","lines":"302","arr":["302"],"terminus":0,"mode":"bus","color":"#0059a9","colorDark":"#00294f","angle":263.1,"snapDist":8,"label":1}},{"type":"Feature","geometry":{"type":"Point","coordinates":[10.261902,56.018378]},"properties":{"name":"Norsminde/Kystvejen (Odder Kom)","lines":"302","arr":["302"],"terminus":0,"mode":"bus","color":"#0059a9","colorDark":"#00294f","angle":262.3,"snapDist":9,"label":1}},{"type":"Feature","geometry":{"type":"Point","coordinates":[10.26026,56.001363]},"properties":{"name":"Kysing Strand (Odder Kom)","lines":"302","arr":["302"],"terminus":0,"mode":"bus","color":"#0059a9","colorDark":"#00294f","angle":295.5,"snapDist":7,"label":1}},{"type":"Feature","geometry":{"type":"Point","coordinates":[10.254831,55.997526]},"properties":{"name":"Rude Havvej/Kystvejen (Odder Kom)","lines":"302","arr":["302"],"terminus":0,"mode":"bus","color":"#0059a9","colorDark":"#00294f","angle":308.9,"snapDist":9,"label":1}},{"type":"Feature","geometry":{"type":"Point","coordinates":[10.250972,55.991861]},"properties":{"name":"Rude Strand Højskole (Odder Kom)","lines":"302, 1004","arr":["302","1004"],"terminus":0,"mode":"bus","color":"#0059a9","colorDark":"#00294f","angle":271.2,"snapDist":7,"label":1}},{"type":"Feature","geometry":{"type":"Point","coordinates":[10.250919,55.988924]},"properties":{"name":"Tunøvej/Kystvejen (Odder Kom)","lines":"302, 1004","arr":["302","1004"],"terminus":0,"mode":"bus","color":"#0059a9","colorDark":"#00294f","angle":269.9,"snapDist":7,"label":1}},{"type":"Feature","geometry":{"type":"Point","coordinates":[10.250873,55.985303]},"properties":{"name":"Saksild Strand/Samsøvej (Odder Kom)","lines":"302, 1004","arr":["302","1004"],"terminus":0,"mode":"bus","color":"#0059a9","colorDark":"#00294f","angle":270.3,"snapDist":7,"label":1}},{"type":"Feature","geometry":{"type":"Point","coordinates":[10.248827,55.979806]},"properties":{"name":"Saksild Strand Camping (Odder Kom)","lines":"302, 1004","arr":["302","1004"],"terminus":0,"mode":"bus","color":"#0059a9","colorDark":"#00294f","angle":301.9,"snapDist":6,"label":1}},{"type":"Feature","geometry":{"type":"Point","coordinates":[10.232801,55.974626]},"properties":{"name":"Dyngbyvej/Strandvejen (Odder Kom)","lines":"302, 1004","arr":["302","1004"],"terminus":0,"mode":"bus","color":"#0059a9","colorDark":"#00294f","angle":358.3,"snapDist":6,"label":1}},{"type":"Feature","geometry":{"type":"Point","coordinates":[10.231324,55.978594]},"properties":{"name":"Skovlundsvej/Rudevej (Odder Kom)","lines":"302, 1004","arr":["302","1004"],"terminus":0,"mode":"bus","color":"#0059a9","colorDark":"#00294f","angle":86.4,"snapDist":5,"label":1}},{"type":"Feature","geometry":{"type":"Point","coordinates":[10.230845,55.983173]},"properties":{"name":"Agervænget/Rudevej (Odder Kom)","lines":"302, 1004","arr":["302","1004"],"terminus":0,"mode":"bus","color":"#0059a9","colorDark":"#00294f","angle":86.7,"snapDist":6,"label":1}},{"type":"Feature","geometry":{"type":"Point","coordinates":[10.230683,55.987064]},"properties":{"name":"Saksild Skole (Odder Kom)","lines":"302, 1004","arr":["302","1004"],"terminus":0,"mode":"bus","color":"#0059a9","colorDark":"#00294f","angle":267.4,"snapDist":6,"label":1}},{"type":"Feature","geometry":{"type":"Point","coordinates":[10.230848,55.983137]},"properties":{"name":"Agervænget/Rudevej (Odder Kom)","lines":"302, 1004","arr":["302","1004"],"terminus":0,"mode":"bus","color":"#0059a9","colorDark":"#00294f","angle":-93.3,"snapDist":8,"label":0}},{"type":"Feature","geometry":{"type":"Point","coordinates":[10.231326,55.978576]},"properties":{"name":"Skovlundsvej/Rudevej (Odder Kom)","lines":"302, 1004","arr":["302","1004"],"terminus":0,"mode":"bus","color":"#0059a9","colorDark":"#00294f","angle":-93.6,"snapDist":7,"label":0}},{"type":"Feature","geometry":{"type":"Point","coordinates":[10.230781,55.974594]},"properties":{"name":"Rudevej/Strandvejen (Odder Kom)","lines":"302, 1004","arr":["302","1004"],"terminus":0,"mode":"bus","color":"#0059a9","colorDark":"#00294f","angle":358.5,"snapDist":6,"label":1}},{"type":"Feature","geometry":{"type":"Point","coordinates":[10.227879,55.974553]},"properties":{"name":"Blommevænget/Strandvejen (Odder Kom)","lines":"302, 1004","arr":["302","1004"],"terminus":0,"mode":"bus","color":"#0059a9","colorDark":"#00294f","angle":358.6,"snapDist":7,"label":1}},{"type":"Feature","geometry":{"type":"Point","coordinates":[10.195667,55.975539]},"properties":{"name":"Rørth (Odder Kom)","lines":"302, 1004","arr":["302","1004"],"terminus":0,"mode":"bus","color":"#0059a9","colorDark":"#00294f","angle":20.9,"snapDist":8,"label":1}},{"type":"Feature","geometry":{"type":"Point","coordinates":[10.175867,55.978514]},"properties":{"name":"Økologiens Have (Odder Kom)","lines":"302, 1004","arr":["302","1004"],"terminus":0,"mode":"bus","color":"#0059a9","colorDark":"#00294f","angle":-9.7,"snapDist":6,"label":1}},{"type":"Feature","geometry":{"type":"Point","coordinates":[10.155339,55.977611]},"properties":{"name":"Aaparken/Parkvej (Odder Kom)","lines":"302, 1004","arr":["302","1004"],"terminus":0,"mode":"bus","color":"#0059a9","colorDark":"#00294f","angle":11.1,"snapDist":7,"label":1}},{"type":"Feature","geometry":{"type":"Point","coordinates":[10.155683,55.977573]},"properties":{"name":"Aaparken/Parkvej (Odder Kom)","lines":"302, 1004","arr":["302","1004"],"terminus":0,"mode":"bus","color":"#0059a9","colorDark":"#00294f","angle":-168.9,"snapDist":8,"label":0}},{"type":"Feature","geometry":{"type":"Point","coordinates":[10.171623,55.97793]},"properties":{"name":"Katrineholmsalle/Rørthvej (Odder Kom)","lines":"302, 1004","arr":["302","1004"],"terminus":0,"mode":"bus","color":"#0059a9","colorDark":"#00294f","angle":164.9,"snapDist":6,"label":0}},{"type":"Feature","geometry":{"type":"Point","coordinates":[10.176222,55.978541]},"properties":{"name":"Økologiens Have (Odder Kom)","lines":"302, 1004","arr":["302","1004"],"terminus":0,"mode":"bus","color":"#0059a9","colorDark":"#00294f","angle":173.6,"snapDist":7,"label":0}},{"type":"Feature","geometry":{"type":"Point","coordinates":[10.196286,55.975407]},"properties":{"name":"Rørth (Odder Kom)","lines":"302, 1004","arr":["302","1004"],"terminus":0,"mode":"bus","color":"#0059a9","colorDark":"#00294f","angle":-159.1,"snapDist":9,"label":0}},{"type":"Feature","geometry":{"type":"Point","coordinates":[10.227725,55.97455]},"properties":{"name":"Blommevænget/Strandvejen (Odder Kom)","lines":"302, 1004","arr":["302","1004"],"terminus":0,"mode":"bus","color":"#0059a9","colorDark":"#00294f","angle":178.6,"snapDist":7,"label":0}},{"type":"Feature","geometry":{"type":"Point","coordinates":[10.231703,55.974608]},"properties":{"name":"Rudevej/Strandvejen (Odder Kom)","lines":"302, 1004","arr":["302","1004"],"terminus":0,"mode":"bus","color":"#0059a9","colorDark":"#00294f","angle":178.4,"snapDist":5,"label":0}},{"type":"Feature","geometry":{"type":"Point","coordinates":[10.234251,55.974651]},"properties":{"name":"Dyngbyvej/Strandvejen (Odder Kom)","lines":"302, 1004","arr":["302","1004"],"terminus":0,"mode":"bus","color":"#0059a9","colorDark":"#00294f","angle":178.1,"snapDist":5,"label":0}},{"type":"Feature","geometry":{"type":"Point","coordinates":[10.249482,55.980445]},"properties":{"name":"Saksild Strand Camping (Odder Kom)","lines":"302, 1004","arr":["302","1004"],"terminus":0,"mode":"bus","color":"#0059a9","colorDark":"#00294f","angle":115,"snapDist":7,"label":0}},{"type":"Feature","geometry":{"type":"Point","coordinates":[10.250875,55.985517]},"properties":{"name":"Saksild Strand/Samsøvej (Odder Kom)","lines":"302, 1004","arr":["302","1004"],"terminus":0,"mode":"bus","color":"#0059a9","colorDark":"#00294f","angle":90.4,"snapDist":7,"label":0}},{"type":"Feature","geometry":{"type":"Point","coordinates":[10.250921,55.98832]},"properties":{"name":"Tunøvej/Kystvejen (Odder Kom)","lines":"302, 1004","arr":["302","1004"],"terminus":0,"mode":"bus","color":"#0059a9","colorDark":"#00294f","angle":89.9,"snapDist":5,"label":0}},{"type":"Feature","geometry":{"type":"Point","coordinates":[10.250974,55.991933]},"properties":{"name":"Rude Strand Højskole (Odder Kom)","lines":"302, 1004","arr":["302","1004"],"terminus":0,"mode":"bus","color":"#0059a9","colorDark":"#00294f","angle":91.2,"snapDist":5,"label":0}},{"type":"Feature","geometry":{"type":"Point","coordinates":[10.255053,55.997675]},"properties":{"name":"Rude Havvej/Kystvejen (Odder Kom)","lines":"302","arr":["302"],"terminus":0,"mode":"bus","color":"#0059a9","colorDark":"#00294f","angle":130.5,"snapDist":7,"label":0}},{"type":"Feature","geometry":{"type":"Point","coordinates":[10.260481,56.001658]},"properties":{"name":"Kysing Strand (Odder Kom)","lines":"302","arr":["302"],"terminus":0,"mode":"bus","color":"#0059a9","colorDark":"#00294f","angle":109.7,"snapDist":7,"label":0}},{"type":"Feature","geometry":{"type":"Point","coordinates":[10.261766,56.01898]},"properties":{"name":"Norsminde/Kystvejen (Odder Kom)","lines":"302","arr":["302"],"terminus":0,"mode":"bus","color":"#0059a9","colorDark":"#00294f","angle":82.4,"snapDist":5,"label":0}},{"type":"Feature","geometry":{"type":"Point","coordinates":[10.260854,56.022782]},"properties":{"name":"Norsminde/Norsmindevej (Aarhus Kom)","lines":"302","arr":["302"],"terminus":0,"mode":"bus","color":"#0059a9","colorDark":"#00294f","angle":83.1,"snapDist":5,"label":0}},{"type":"Feature","geometry":{"type":"Point","coordinates":[10.260955,56.025729]},"properties":{"name":"Norsmindevej (Aarhus Kom)","lines":"302","arr":["302"],"terminus":0,"mode":"bus","color":"#0059a9","colorDark":"#00294f","angle":85,"snapDist":5,"label":0}},{"type":"Feature","geometry":{"type":"Point","coordinates":[10.265314,56.030089]},"properties":{"name":"Strandlodsvej/Ajstrup Strandvej (Aarhus Kom)","lines":"302","arr":["302"],"terminus":0,"mode":"bus","color":"#0059a9","colorDark":"#00294f","angle":149.9,"snapDist":5,"label":0}},{"type":"Feature","geometry":{"type":"Point","coordinates":[10.26866,56.033593]},"properties":{"name":"Lindevænget/Ajstrup Strandvej (Aarhus Kom)","lines":"302","arr":["302"],"terminus":0,"mode":"bus","color":"#0059a9","colorDark":"#00294f","angle":98.3,"snapDist":3,"label":0}},{"type":"Feature","geometry":{"type":"Point","coordinates":[10.269157,56.03624]},"properties":{"name":"Ahornvænget/Ajstrup Strandvej (Aarhus Kom)","lines":"302","arr":["302"],"terminus":0,"mode":"bus","color":"#0059a9","colorDark":"#00294f","angle":98.8,"snapDist":4,"label":0}},{"type":"Feature","geometry":{"type":"Point","coordinates":[10.269978,56.039202]},"properties":{"name":"Havvænget/Ajstrup Strandvej (Aarhus Kom)","lines":"302","arr":["302"],"terminus":0,"mode":"bus","color":"#0059a9","colorDark":"#00294f","angle":92.9,"snapDist":3,"label":0}},{"type":"Feature","geometry":{"type":"Point","coordinates":[10.262918,56.041781]},"properties":{"name":"Ørnevænget/Ajstrup Strandvej (Aarhus Kom)","lines":"302","arr":["302"],"terminus":0,"mode":"bus","color":"#0059a9","colorDark":"#00294f","angle":341.8,"snapDist":3,"label":0}},{"type":"Feature","geometry":{"type":"Point","coordinates":[10.249522,56.039344]},"properties":{"name":"Ajstrup Strandvej nr. 26 (Aarhus Kom)","lines":"302","arr":["302"],"terminus":0,"mode":"bus","color":"#0059a9","colorDark":"#00294f","angle":342.3,"snapDist":5,"label":0}},{"type":"Feature","geometry":{"type":"Point","coordinates":[10.238741,56.039387]},"properties":{"name":"Ajstrup Gl. Skole/Ajstrup Strandvej (Aarhus Kom)","lines":"302","arr":["302"],"terminus":0,"mode":"bus","color":"#0059a9","colorDark":"#00294f","angle":6,"snapDist":3,"label":0}},{"type":"Feature","geometry":{"type":"Point","coordinates":[10.207192,56.038295]},"properties":{"name":"Agertoften/Ajstrupvej (Aarhus Kom)","lines":"302","arr":["302"],"terminus":0,"mode":"bus","color":"#0059a9","colorDark":"#00294f","angle":356.2,"snapDist":5,"label":0}},{"type":"Feature","geometry":{"type":"Point","coordinates":[10.199846,56.042818]},"properties":{"name":"Havrevænget/Fløjstrupvej (Aarhus Kom)","lines":"302","arr":["302"],"terminus":0,"mode":"bus","color":"#0059a9","colorDark":"#00294f","angle":151.1,"snapDist":4,"label":0}},{"type":"Feature","geometry":{"type":"Point","coordinates":[10.203819,56.043598]},"properties":{"name":"Majsvænget/Fløjstrupvej (Aarhus Kom)","lines":"302","arr":["302"],"terminus":0,"mode":"bus","color":"#0059a9","colorDark":"#00294f","angle":172,"snapDist":7,"label":0}},{"type":"Feature","geometry":{"type":"Point","coordinates":[10.206982,56.043849]},"properties":{"name":"Mallinggårdsvej/Fløjstrupvej (Aarhus Kom)","lines":"302","arr":["302"],"terminus":0,"mode":"bus","color":"#0059a9","colorDark":"#00294f","angle":171.9,"snapDist":3,"label":0}},{"type":"Feature","geometry":{"type":"Point","coordinates":[10.218442,56.048356]},"properties":{"name":"Fløjstrupvej/Byagervej (Aarhus Kom)","lines":"302","arr":["302"],"terminus":0,"mode":"bus","color":"#0059a9","colorDark":"#00294f","angle":61.9,"snapDist":4,"label":0}},{"type":"Feature","geometry":{"type":"Point","coordinates":[10.212961,56.054065]},"properties":{"name":"Byagervænget/Byagervej (Aarhus Kom)","lines":"302","arr":["302"],"terminus":0,"mode":"bus","color":"#0059a9","colorDark":"#00294f","angle":49.7,"snapDist":4,"label":0}},{"type":"Feature","geometry":{"type":"Point","coordinates":[10.20931,56.055198]},"properties":{"name":"Byagerparken/Byagervej (Aarhus Kom)","lines":"302","arr":["302"],"terminus":0,"mode":"bus","color":"#0059a9","colorDark":"#00294f","angle":8.5,"snapDist":5,"label":0}},{"type":"Feature","geometry":{"type":"Point","coordinates":[9.976486,56.068468]},"properties":{"name":"Ørstedvej/Randersvej (Skanderborg Kom)","lines":"309","arr":["309"],"terminus":0,"mode":"bus","color":"#0059a9","colorDark":"#00294f","angle":80.6,"snapDist":7,"label":1}},{"type":"Feature","geometry":{"type":"Point","coordinates":[9.971914,56.095061]},"properties":{"name":"Jeksen (Skanderborg Kom)","lines":"309","arr":["309"],"terminus":0,"mode":"bus","color":"#0059a9","colorDark":"#00294f","angle":98.5,"snapDist":3,"label":1}},{"type":"Feature","geometry":{"type":"Point","coordinates":[9.954935,56.117045]},"properties":{"name":"Stjær/Østerbro (Skanderborg Kom)","lines":"309","arr":["309"],"terminus":0,"mode":"bus","color":"#0059a9","colorDark":"#00294f","angle":359.7,"snapDist":5,"label":1}},{"type":"Feature","geometry":{"type":"Point","coordinates":[9.953717,56.119507]},"properties":{"name":"Toftkærvej/Stjærvej (Skanderborg Kom)","lines":"309","arr":["309"],"terminus":0,"mode":"bus","color":"#0059a9","colorDark":"#00294f","angle":95,"snapDist":3,"label":1}},{"type":"Feature","geometry":{"type":"Point","coordinates":[9.940992,56.134548]},"properties":{"name":"Stjærvej/Kirkebakken (Skanderborg Kom)","lines":"309","arr":["309"],"terminus":0,"mode":"bus","color":"#0059a9","colorDark":"#00294f","angle":82.5,"snapDist":4,"label":1}},{"type":"Feature","geometry":{"type":"Point","coordinates":[9.940509,56.136498]},"properties":{"name":"Storring/Kirkebakken (Skanderborg Kom)","lines":"309","arr":["309"],"terminus":0,"mode":"bus","color":"#0059a9","colorDark":"#00294f","angle":76.1,"snapDist":4,"label":1}},{"type":"Feature","geometry":{"type":"Point","coordinates":[9.961611,56.184241]},"properties":{"name":"Præstbrovej/Langelinie (Skanderborg Kom)","lines":"309","arr":["309"],"terminus":0,"mode":"bus","color":"#0059a9","colorDark":"#00294f","angle":180.2,"snapDist":7,"label":1}},{"type":"Feature","geometry":{"type":"Point","coordinates":[9.964036,56.191004]},"properties":{"name":"Herskindskolen (Skanderborg Kom)","lines":"309","arr":["309"],"terminus":1,"mode":"bus","color":"#0059a9","colorDark":"#00294f","angle":176.5,"snapDist":19,"label":1}},{"type":"Feature","geometry":{"type":"Point","coordinates":[9.961384,56.184246]},"properties":{"name":"Præstbrovej/Langelinie (Skanderborg Kom)","lines":"309","arr":["309"],"terminus":0,"mode":"bus","color":"#0059a9","colorDark":"#00294f","angle":2.9,"snapDist":5,"label":0}},{"type":"Feature","geometry":{"type":"Point","coordinates":[9.940584,56.136297]},"properties":{"name":"Storring/Kirkebakken (Skanderborg Kom)","lines":"309","arr":["309"],"terminus":0,"mode":"bus","color":"#0059a9","colorDark":"#00294f","angle":259.6,"snapDist":9,"label":0}},{"type":"Feature","geometry":{"type":"Point","coordinates":[9.940955,56.134705]},"properties":{"name":"Stjærvej/Kirkebakken (Skanderborg Kom)","lines":"309","arr":["309"],"terminus":0,"mode":"bus","color":"#0059a9","colorDark":"#00294f","angle":262.7,"snapDist":6,"label":0}},{"type":"Feature","geometry":{"type":"Point","coordinates":[9.953704,56.11942]},"properties":{"name":"Toftkærvej/Stjærvej (Skanderborg Kom)","lines":"309","arr":["309"],"terminus":0,"mode":"bus","color":"#0059a9","colorDark":"#00294f","angle":274,"snapDist":6,"label":0}},{"type":"Feature","geometry":{"type":"Point","coordinates":[9.955802,56.116993]},"properties":{"name":"Stjær/Østerbro (Skanderborg Kom)","lines":"309","arr":["309"],"terminus":0,"mode":"bus","color":"#0059a9","colorDark":"#00294f","angle":191.8,"snapDist":5,"label":0}},{"type":"Feature","geometry":{"type":"Point","coordinates":[9.976542,56.068296]},"properties":{"name":"Ørstedvej/Randersvej (Skanderborg Kom)","lines":"309","arr":["309"],"terminus":0,"mode":"bus","color":"#0059a9","colorDark":"#00294f","angle":258.3,"snapDist":8,"label":0}},{"type":"Feature","geometry":{"type":"Point","coordinates":[9.649662,56.096326]},"properties":{"name":"Glarbo/Rodelundvej (Skanderborg Kom)","lines":"311","arr":["311"],"terminus":1,"mode":"bus","color":"#0059a9","colorDark":"#00294f","angle":210.1,"snapDist":8,"label":1}},{"type":"Feature","geometry":{"type":"Point","coordinates":[9.683015,56.097078]},"properties":{"name":"Himmelbjerggården (Skanderborg Kom)","lines":"311","arr":["311"],"terminus":0,"mode":"bus","color":"#0059a9","colorDark":"#00294f","angle":253.2,"snapDist":5,"label":1}},{"type":"Feature","geometry":{"type":"Point","coordinates":[9.699526,56.076788]},"properties":{"name":"Gl. Rye Skole (Skanderborg Kom)","lines":"311","arr":["311"],"terminus":0,"mode":"bus","color":"#0059a9","colorDark":"#00294f","angle":95.8,"snapDist":2,"label":1}},{"type":"Feature","geometry":{"type":"Point","coordinates":[9.75284,56.091285]},"properties":{"name":"Søvangsvej/Rodelundvej (Skanderborg Kom)","lines":"311","arr":["311"],"terminus":0,"mode":"bus","color":"#0059a9","colorDark":"#00294f","angle":114.6,"snapDist":5,"label":1}},{"type":"Feature","geometry":{"type":"Point","coordinates":[9.758224,56.091242]},"properties":{"name":"Ry St. (Skanderborg Kom)","lines":"311","arr":["311"],"terminus":0,"mode":"bus","color":"#0059a9","colorDark":"#00294f","angle":247.4,"snapDist":6,"label":1}},{"type":"Feature","geometry":{"type":"Point","coordinates":[9.763614,56.091214]},"properties":{"name":"Mølleskolen/Skanderborgvej (Skanderborg Kom)","lines":"311","arr":["311"],"terminus":0,"mode":"bus","color":"#0059a9","colorDark":"#00294f","angle":197.7,"snapDist":11,"label":1}},{"type":"Feature","geometry":{"type":"Point","coordinates":[9.775561,56.090893]},"properties":{"name":"Thorsvej/Skanderborgvej (Skanderborg Kom)","lines":"311","arr":["311"],"terminus":0,"mode":"bus","color":"#0059a9","colorDark":"#00294f","angle":170.1,"snapDist":11,"label":1}},{"type":"Feature","geometry":{"type":"Point","coordinates":[9.801968,56.08518]},"properties":{"name":"Firgårde/Skanderborgvej (Skanderborg Kom)","lines":"311","arr":["311"],"terminus":0,"mode":"bus","color":"#0059a9","colorDark":"#00294f","angle":197.9,"snapDist":11,"label":1}},{"type":"Feature","geometry":{"type":"Point","coordinates":[9.842675,56.074144]},"properties":{"name":"Hemstokvej/Skanderborgvej (Skanderborg Kom)","lines":"311","arr":["311"],"terminus":0,"mode":"bus","color":"#0059a9","colorDark":"#00294f","angle":217.7,"snapDist":7,"label":1}},{"type":"Feature","geometry":{"type":"Point","coordinates":[9.858245,56.066027]},"properties":{"name":"Bjedstrup/Skanderborgvej (Skanderborg Kom)","lines":"311","arr":["311"],"terminus":0,"mode":"bus","color":"#0059a9","colorDark":"#00294f","angle":242,"snapDist":9,"label":1}},{"type":"Feature","geometry":{"type":"Point","coordinates":[9.866337,56.055083]},"properties":{"name":"Illerupvej/Skanderborgvej (Skanderborg Kom)","lines":"311","arr":["311"],"terminus":0,"mode":"bus","color":"#0059a9","colorDark":"#00294f","angle":225.9,"snapDist":31,"label":1}},{"type":"Feature","geometry":{"type":"Point","coordinates":[9.883237,56.051442]},"properties":{"name":"Christiansmindevej/Skanderborgvej (Skanderborg Kom)","lines":"311","arr":["311"],"terminus":0,"mode":"bus","color":"#0059a9","colorDark":"#00294f","angle":224.6,"snapDist":7,"label":1}},{"type":"Feature","geometry":{"type":"Point","coordinates":[9.947363,56.046919]},"properties":{"name":"Campus Skanderborg/Højvangens Torv","lines":"311, 330","arr":["311","330"],"terminus":1,"mode":"bus","color":"#0059a9","colorDark":"#00294f","angle":255.1,"snapDist":9,"label":1}},{"type":"Feature","geometry":{"type":"Point","coordinates":[9.883427,56.051338]},"properties":{"name":"Christiansmindevej/Skanderborgvej (Skanderborg Kom)","lines":"311","arr":["311"],"terminus":0,"mode":"bus","color":"#0059a9","colorDark":"#00294f","angle":44.6,"snapDist":8,"label":0}},{"type":"Feature","geometry":{"type":"Point","coordinates":[9.863639,56.057137]},"properties":{"name":"Illerupvej/Skanderborgvej (Skanderborg Kom)","lines":"311","arr":["311"],"terminus":0,"mode":"bus","color":"#0059a9","colorDark":"#00294f","angle":61.6,"snapDist":8,"label":1}},{"type":"Feature","geometry":{"type":"Point","coordinates":[9.856415,56.067408]},"properties":{"name":"Bjedstrup/Skanderborgvej (Skanderborg Kom)","lines":"311","arr":["311"],"terminus":0,"mode":"bus","color":"#0059a9","colorDark":"#00294f","angle":44.4,"snapDist":10,"label":0}},{"type":"Feature","geometry":{"type":"Point","coordinates":[9.84185,56.074479]},"properties":{"name":"Hemstokvej/Skanderborgvej (Skanderborg Kom)","lines":"311","arr":["311"],"terminus":0,"mode":"bus","color":"#0059a9","colorDark":"#00294f","angle":34.5,"snapDist":8,"label":0}},{"type":"Feature","geometry":{"type":"Point","coordinates":[9.80045,56.085599]},"properties":{"name":"Firgårde/Skanderborgvej (Skanderborg Kom)","lines":"311","arr":["311"],"terminus":0,"mode":"bus","color":"#0059a9","colorDark":"#00294f","angle":16.4,"snapDist":10,"label":0}},{"type":"Feature","geometry":{"type":"Point","coordinates":[9.777128,56.090981]},"properties":{"name":"Thorsvej/Skanderborgvej (Skanderborg Kom)","lines":"311","arr":["311"],"terminus":0,"mode":"bus","color":"#0059a9","colorDark":"#00294f","angle":359,"snapDist":10,"label":0}},{"type":"Feature","geometry":{"type":"Point","coordinates":[9.762623,56.091381]},"properties":{"name":"Mølleskolen/Skanderborgvej (Skanderborg Kom)","lines":"311","arr":["311"],"terminus":0,"mode":"bus","color":"#0059a9","colorDark":"#00294f","angle":17.6,"snapDist":9,"label":0}},{"type":"Feature","geometry":{"type":"Point","coordinates":[9.75267,56.091077]},"properties":{"name":"Søvangsvej/Rodelundvej (Skanderborg Kom)","lines":"311","arr":["311"],"terminus":0,"mode":"bus","color":"#0059a9","colorDark":"#00294f","angle":294.2,"snapDist":6,"label":0}},{"type":"Feature","geometry":{"type":"Point","coordinates":[9.649423,56.096403]},"properties":{"name":"Glarbo/Rodelundvej (Skanderborg Kom)","lines":"311","arr":["311"],"terminus":1,"mode":"bus","color":"#0059a9","colorDark":"#00294f","angle":30.1,"snapDist":6,"label":0}},{"type":"Feature","geometry":{"type":"Point","coordinates":[9.789336,56.297236]},"properties":{"name":"Thorsø/Torvet (Favrskov Kom)","lines":"314","arr":["314"],"terminus":1,"mode":"bus","color":"#0059a9","colorDark":"#00294f","angle":187.6,"snapDist":6,"label":1}},{"type":"Feature","geometry":{"type":"Point","coordinates":[9.795998,56.296004]},"properties":{"name":"Thorsø/Sallvej (Favrskov Kom)","lines":"314","arr":["314"],"terminus":0,"mode":"bus","color":"#0059a9","colorDark":"#00294f","angle":213.8,"snapDist":5,"label":1}},{"type":"Feature","geometry":{"type":"Point","coordinates":[9.824227,56.278672]},"properties":{"name":"Sall Kirke/Borgergade (Favrskov Kom)","lines":"314","arr":["314"],"terminus":0,"mode":"bus","color":"#0059a9","colorDark":"#00294f","angle":207.1,"snapDist":5,"label":1}},{"type":"Feature","geometry":{"type":"Point","coordinates":[9.855664,56.260182]},"properties":{"name":"Skovvangsvej/Sallvej (Favrskov Kom)","lines":"314","arr":["314"],"terminus":0,"mode":"bus","color":"#0059a9","colorDark":"#00294f","angle":216.8,"snapDist":9,"label":1}},{"type":"Feature","geometry":{"type":"Point","coordinates":[9.867849,56.258557]},"properties":{"name":"Thorsvej/Tilemannsvej (Favrskov Kom)","lines":"314","arr":["314"],"terminus":0,"mode":"bus","color":"#0059a9","colorDark":"#00294f","angle":162.3,"snapDist":9,"label":1}},{"type":"Feature","geometry":{"type":"Point","coordinates":[9.873639,56.259831]},"properties":{"name":"Hammel Stadion/Stadionvej","lines":"314","arr":["314"],"terminus":0,"mode":"bus","color":"#0059a9","colorDark":"#00294f","angle":158.9,"snapDist":5,"label":1}},{"type":"Feature","geometry":{"type":"Point","coordinates":[9.929878,56.298727]},"properties":{"name":"Skjød (Favrskov Kom)","lines":"314","arr":["314"],"terminus":0,"mode":"bus","color":"#0059a9","colorDark":"#00294f","angle":98.7,"snapDist":4,"label":1}},{"type":"Feature","geometry":{"type":"Point","coordinates":[9.978778,56.316635]},"properties":{"name":"Lyngå (Favrskov Kom)","lines":"314","arr":["314"],"terminus":0,"mode":"bus","color":"#0059a9","colorDark":"#00294f","angle":156.8,"snapDist":7,"label":1}},{"type":"Feature","geometry":{"type":"Point","coordinates":[10.0151,56.320805]},"properties":{"name":"Vivildvej/Hammelvej (Favrskov Kom)","lines":"314","arr":["314"],"terminus":0,"mode":"bus","color":"#0059a9","colorDark":"#00294f","angle":159,"snapDist":0,"label":1}},{"type":"Feature","geometry":{"type":"Point","coordinates":[10.03358,56.322122]},"properties":{"name":"Tværvej/Hammelvej (Favrskov Kom)","lines":"314","arr":["314"],"terminus":0,"mode":"bus","color":"#0059a9","colorDark":"#00294f","angle":199.3,"snapDist":5,"label":1}},{"type":"Feature","geometry":{"type":"Point","coordinates":[10.055135,56.330057]},"properties":{"name":"Favrskov Gymnasium/Ellemosevej","lines":"314","arr":["314"],"terminus":0,"mode":"bus","color":"#0059a9","colorDark":"#00294f","angle":59.4,"snapDist":7,"label":1}},{"type":"Feature","geometry":{"type":"Point","coordinates":[10.033045,56.322221]},"properties":{"name":"Tværvej/Hammelvej (Favrskov Kom)","lines":"314","arr":["314"],"terminus":0,"mode":"bus","color":"#0059a9","colorDark":"#00294f","angle":16.6,"snapDist":6,"label":0}},{"type":"Feature","geometry":{"type":"Point","coordinates":[9.97858,56.316588]},"properties":{"name":"Lyngå (Favrskov Kom)","lines":"314","arr":["314"],"terminus":0,"mode":"bus","color":"#0059a9","colorDark":"#00294f","angle":336.8,"snapDist":10,"label":0}},{"type":"Feature","geometry":{"type":"Point","coordinates":[9.92986,56.298661]},"properties":{"name":"Skjød (Favrskov Kom)","lines":"314","arr":["314"],"terminus":0,"mode":"bus","color":"#0059a9","colorDark":"#00294f","angle":278.7,"snapDist":6,"label":0}},{"type":"Feature","geometry":{"type":"Point","coordinates":[9.873992,56.259907]},"properties":{"name":"Hammel Stadion/Stadionvej","lines":"314","arr":["314"],"terminus":0,"mode":"bus","color":"#0059a9","colorDark":"#00294f","angle":338.9,"snapDist":5,"label":0}},{"type":"Feature","geometry":{"type":"Point","coordinates":[9.866481,56.258309]},"properties":{"name":"Thorsvej/Tilemannsvej (Favrskov Kom)","lines":"314","arr":["314"],"terminus":0,"mode":"bus","color":"#0059a9","colorDark":"#00294f","angle":341.3,"snapDist":5,"label":0}},{"type":"Feature","geometry":{"type":"Point","coordinates":[9.920147,56.044411]},"properties":{"name":"Kristiansvej/Låsbyvej (Skanderborg Kom)","lines":"330","arr":["330"],"terminus":0,"mode":"bus","color":"#0059a9","colorDark":"#00294f","angle":82.7,"snapDist":5,"label":1}},{"type":"Feature","geometry":{"type":"Point","coordinates":[9.919966,56.046076]},"properties":{"name":"Låsbyvej 17 (Skanderborg Kom)","lines":"330","arr":["330"],"terminus":0,"mode":"bus","color":"#0059a9","colorDark":"#00294f","angle":86.5,"snapDist":7,"label":1}},{"type":"Feature","geometry":{"type":"Point","coordinates":[9.898744,56.065293]},"properties":{"name":"Illerupvej/Låsbyvej (Skanderborg Kom)","lines":"330","arr":["330"],"terminus":0,"mode":"bus","color":"#0059a9","colorDark":"#00294f","angle":65.3,"snapDist":7,"label":1}},{"type":"Feature","geometry":{"type":"Point","coordinates":[9.895834,56.068655]},"properties":{"name":"Hjelmslevvej/Låsbyvej (Skanderborg Kom)","lines":"330","arr":["330"],"terminus":0,"mode":"bus","color":"#0059a9","colorDark":"#00294f","angle":67.9,"snapDist":12,"label":1}},{"type":"Feature","geometry":{"type":"Point","coordinates":[9.897223,56.075505]},"properties":{"name":"Hårby Bygade/Låsbyvej (Skanderborg Kom)","lines":"330","arr":["330"],"terminus":0,"mode":"bus","color":"#0059a9","colorDark":"#00294f","angle":103,"snapDist":9,"label":1}},{"type":"Feature","geometry":{"type":"Point","coordinates":[9.905929,56.087406]},"properties":{"name":"Hårby Bygade/Ryvejen (Skanderborg Kom)","lines":"330","arr":["330"],"terminus":0,"mode":"bus","color":"#0059a9","colorDark":"#00294f","angle":7,"snapDist":5,"label":1}},{"type":"Feature","geometry":{"type":"Point","coordinates":[9.89689,56.095899]},"properties":{"name":"Veng Skole og Børnehus (Skanderborg Kom)","lines":"330","arr":["330"],"terminus":0,"mode":"bus","color":"#0059a9","colorDark":"#00294f","angle":351.5,"snapDist":4,"label":1}},{"type":"Feature","geometry":{"type":"Point","coordinates":[9.917009,56.118704]},"properties":{"name":"Søballe/Stjærvej (Skanderborg Kom)","lines":"330","arr":["330"],"terminus":0,"mode":"bus","color":"#0059a9","colorDark":"#00294f","angle":55.7,"snapDist":2,"label":1}},{"type":"Feature","geometry":{"type":"Point","coordinates":[9.911536,56.117972]},"properties":{"name":"Græsballe/Vengevej (Skanderborg Kom)","lines":"330","arr":["330"],"terminus":0,"mode":"bus","color":"#0059a9","colorDark":"#00294f","angle":326.9,"snapDist":6,"label":1}},{"type":"Feature","geometry":{"type":"Point","coordinates":[9.881213,56.110192]},"properties":{"name":"Veng/Låsbyvej (Skanderborg Kom)","lines":"330","arr":["330"],"terminus":0,"mode":"bus","color":"#0059a9","colorDark":"#00294f","angle":13.9,"snapDist":9,"label":1}},{"type":"Feature","geometry":{"type":"Point","coordinates":[9.862927,56.119931]},"properties":{"name":"Ringsporvej/Låsbyvej (Skanderborg Kom)","lines":"330","arr":["330"],"terminus":0,"mode":"bus","color":"#0059a9","colorDark":"#00294f","angle":25.5,"snapDist":9,"label":1}},{"type":"Feature","geometry":{"type":"Point","coordinates":[9.848733,56.123715]},"properties":{"name":"Nr. Vissing/Låsbyvej (Skanderborg Kom)","lines":"330","arr":["330"],"terminus":0,"mode":"bus","color":"#0059a9","colorDark":"#00294f","angle":10,"snapDist":8,"label":1}},{"type":"Feature","geometry":{"type":"Point","coordinates":[9.851238,56.137028]},"properties":{"name":"Ersholtvej/Vidkærvej (Skanderborg Kom)","lines":"330","arr":["330"],"terminus":0,"mode":"bus","color":"#0059a9","colorDark":"#00294f","angle":103.1,"snapDist":0,"label":1}},{"type":"Feature","geometry":{"type":"Point","coordinates":[9.806003,56.15111]},"properties":{"name":"Låsby Skole (Skanderborg Kom)","lines":"330","arr":["330"],"terminus":1,"mode":"bus","color":"#0059a9","colorDark":"#00294f","angle":170.9,"snapDist":8,"label":1}},{"type":"Feature","geometry":{"type":"Point","coordinates":[9.849015,56.123687]},"properties":{"name":"Nr. Vissing/Låsbyvej (Skanderborg Kom)","lines":"330","arr":["330"],"terminus":0,"mode":"bus","color":"#0059a9","colorDark":"#00294f","angle":190.3,"snapDist":8,"label":0}},{"type":"Feature","geometry":{"type":"Point","coordinates":[9.862445,56.120059]},"properties":{"name":"Ringsporvej/Låsbyvej (Skanderborg Kom)","lines":"330","arr":["330"],"terminus":0,"mode":"bus","color":"#0059a9","colorDark":"#00294f","angle":205.5,"snapDist":10,"label":0}},{"type":"Feature","geometry":{"type":"Point","coordinates":[9.882022,56.11009]},"properties":{"name":"Veng/Låsbyvej (Skanderborg Kom)","lines":"330","arr":["330"],"terminus":0,"mode":"bus","color":"#0059a9","colorDark":"#00294f","angle":191.6,"snapDist":8,"label":0}},{"type":"Feature","geometry":{"type":"Point","coordinates":[9.911692,56.118029]},"properties":{"name":"Græsballe/Vengevej (Skanderborg Kom)","lines":"330","arr":["330"],"terminus":0,"mode":"bus","color":"#0059a9","colorDark":"#00294f","angle":146.9,"snapDist":5,"label":0}},{"type":"Feature","geometry":{"type":"Point","coordinates":[9.916977,56.118581]},"properties":{"name":"Søballe/Stjærvej (Skanderborg Kom)","lines":"330","arr":["330"],"terminus":0,"mode":"bus","color":"#0059a9","colorDark":"#00294f","angle":307,"snapDist":10,"label":0}},{"type":"Feature","geometry":{"type":"Point","coordinates":[9.90601,56.0874]},"properties":{"name":"Hårby Bygade/Ryvejen (Skanderborg Kom)","lines":"330","arr":["330"],"terminus":0,"mode":"bus","color":"#0059a9","colorDark":"#00294f","angle":187,"snapDist":4,"label":0}},{"type":"Feature","geometry":{"type":"Point","coordinates":[9.906315,56.085728]},"properties":{"name":"Siimtoften/Hårbyvej (Skanderborg Kom)","lines":"330","arr":["330"],"terminus":0,"mode":"bus","color":"#0059a9","colorDark":"#00294f","angle":280.6,"snapDist":5,"label":1}},{"type":"Feature","geometry":{"type":"Point","coordinates":[9.897217,56.07549]},"properties":{"name":"Hårby Bygade/Låsbyvej (Skanderborg Kom)","lines":"330","arr":["330"],"terminus":0,"mode":"bus","color":"#0059a9","colorDark":"#00294f","angle":283,"snapDist":8,"label":0}},{"type":"Feature","geometry":{"type":"Point","coordinates":[9.895822,56.068671]},"properties":{"name":"Hjelmslevvej/Låsbyvej (Skanderborg Kom)","lines":"330","arr":["330"],"terminus":0,"mode":"bus","color":"#0059a9","colorDark":"#00294f","angle":247.9,"snapDist":6,"label":0}},{"type":"Feature","geometry":{"type":"Point","coordinates":[9.898749,56.065287]},"properties":{"name":"Illerupvej/Låsbyvej (Skanderborg Kom)","lines":"330","arr":["330"],"terminus":0,"mode":"bus","color":"#0059a9","colorDark":"#00294f","angle":245.3,"snapDist":7,"label":0}},{"type":"Feature","geometry":{"type":"Point","coordinates":[9.919476,56.049597]},"properties":{"name":"Fuglsangsvej/Låsbyvej (Skanderborg Kom)","lines":"330","arr":["330"],"terminus":0,"mode":"bus","color":"#0059a9","colorDark":"#00294f","angle":253.3,"snapDist":10,"label":1}},{"type":"Feature","geometry":{"type":"Point","coordinates":[9.919968,56.04606]},"properties":{"name":"Låsbyvej 17 (Skanderborg Kom)","lines":"330","arr":["330"],"terminus":0,"mode":"bus","color":"#0059a9","colorDark":"#00294f","angle":266.5,"snapDist":8,"label":0}},{"type":"Feature","geometry":{"type":"Point","coordinates":[9.920176,56.044285]},"properties":{"name":"Kristiansvej/Låsbyvej (Skanderborg Kom)","lines":"330","arr":["330"],"terminus":0,"mode":"bus","color":"#0059a9","colorDark":"#00294f","angle":262.7,"snapDist":9,"label":0}},{"type":"Feature","geometry":{"type":"Point","coordinates":[9.981386,56.034248]},"properties":{"name":"Sønderbækparken/Vestermøllevej (Skanderborg Kom)","lines":"331","arr":["331"],"terminus":0,"mode":"bus","color":"#0059a9","colorDark":"#00294f","angle":178.1,"snapDist":8,"label":1}},{"type":"Feature","geometry":{"type":"Point","coordinates":[9.99157,56.034725]},"properties":{"name":"Fruering/Vestermøllevej (Skanderborg Kom)","lines":"331","arr":["331"],"terminus":0,"mode":"bus","color":"#0059a9","colorDark":"#00294f","angle":153,"snapDist":3,"label":1}},{"type":"Feature","geometry":{"type":"Point","coordinates":[10.011144,56.037795]},"properties":{"name":"Vestermøllevej/Virringvej (Skanderborg Kom)","lines":"331","arr":["331"],"terminus":0,"mode":"bus","color":"#0059a9","colorDark":"#00294f","angle":218.9,"snapDist":7,"label":1}},{"type":"Feature","geometry":{"type":"Point","coordinates":[10.032995,56.03285]},"properties":{"name":"Gadebakken/Virringvej (Skanderborg Kom)","lines":"331","arr":["331"],"terminus":0,"mode":"bus","color":"#0059a9","colorDark":"#00294f","angle":270,"snapDist":6,"label":1}},{"type":"Feature","geometry":{"type":"Point","coordinates":[10.033886,56.03034]},"properties":{"name":"Krogen/Gadebakken (Skanderborg Kom)","lines":"331","arr":["331"],"terminus":0,"mode":"bus","color":"#0059a9","colorDark":"#00294f","angle":289.9,"snapDist":5,"label":1}},{"type":"Feature","geometry":{"type":"Point","coordinates":[10.032899,56.028037]},"properties":{"name":"Skovkildeparken/Svinsagervej (Skanderborg Kom)","lines":"331","arr":["331"],"terminus":0,"mode":"bus","color":"#0059a9","colorDark":"#00294f","angle":279.7,"snapDist":5,"label":1}},{"type":"Feature","geometry":{"type":"Point","coordinates":[10.037378,56.016621]},"properties":{"name":"Svinsager/Gl. Horsensvej (Skanderborg Kom)","lines":"331","arr":["331"],"terminus":0,"mode":"bus","color":"#0059a9","colorDark":"#00294f","angle":302.9,"snapDist":6,"label":1}},{"type":"Feature","geometry":{"type":"Point","coordinates":[10.030416,56.002339]},"properties":{"name":"Møltoftvej/Gl. Horsensvej (Skanderborg Kom)","lines":"331","arr":["331"],"terminus":0,"mode":"bus","color":"#0059a9","colorDark":"#00294f","angle":309.7,"snapDist":5,"label":1}},{"type":"Feature","geometry":{"type":"Point","coordinates":[10.022331,55.991795]},"properties":{"name":"Gjesing/Gammel Horsensvej (Skanderborg Kom)","lines":"331","arr":["331"],"terminus":0,"mode":"bus","color":"#0059a9","colorDark":"#00294f","angle":255.5,"snapDist":8,"label":1}},{"type":"Feature","geometry":{"type":"Point","coordinates":[10.022645,55.987683]},"properties":{"name":"Gammel Horsensvej/Torrildvej (Skanderborg Kom)","lines":"331","arr":["331"],"terminus":0,"mode":"bus","color":"#0059a9","colorDark":"#00294f","angle":183.3,"snapDist":4,"label":1}},{"type":"Feature","geometry":{"type":"Point","coordinates":[10.024486,55.987622]},"properties":{"name":"Rindelevparken/Torrildvej (Skanderborg Kom)","lines":"331","arr":["331"],"terminus":0,"mode":"bus","color":"#0059a9","colorDark":"#00294f","angle":183.7,"snapDist":3,"label":1}},{"type":"Feature","geometry":{"type":"Point","coordinates":[10.049495,55.979861]},"properties":{"name":"Torrild/Kongshusvej (Odder Kom)","lines":"331","arr":["331"],"terminus":0,"mode":"bus","color":"#0059a9","colorDark":"#00294f","angle":230.8,"snapDist":8,"label":1}},{"type":"Feature","geometry":{"type":"Point","coordinates":[10.050802,55.97958]},"properties":{"name":"Torrild/Skolevej (Odder Kom)","lines":"331","arr":["331"],"terminus":0,"mode":"bus","color":"#0059a9","colorDark":"#00294f","angle":130.1,"snapDist":2,"label":1}},{"type":"Feature","geometry":{"type":"Point","coordinates":[10.053153,55.979973]},"properties":{"name":"Torrild (Odder Kom)","lines":"331","arr":["331"],"terminus":0,"mode":"bus","color":"#0059a9","colorDark":"#00294f","angle":175.1,"snapDist":5,"label":1}},{"type":"Feature","geometry":{"type":"Point","coordinates":[10.093009,55.965766]},"properties":{"name":"Kongshusvej (Odder Kom)","lines":"331","arr":["331"],"terminus":0,"mode":"bus","color":"#0059a9","colorDark":"#00294f","angle":199.7,"snapDist":10,"label":1}},{"type":"Feature","geometry":{"type":"Point","coordinates":[10.109952,55.96335]},"properties":{"name":"Fillerup (Odder Kom)","lines":"331","arr":["331"],"terminus":0,"mode":"bus","color":"#0059a9","colorDark":"#00294f","angle":182.5,"snapDist":7,"label":1}},{"type":"Feature","geometry":{"type":"Point","coordinates":[10.135469,55.967694]},"properties":{"name":"Kongshusvej/Rosensgade (Odder Kom)","lines":"331","arr":["331"],"terminus":0,"mode":"bus","color":"#0059a9","colorDark":"#00294f","angle":137.9,"snapDist":7,"label":1}},{"type":"Feature","geometry":{"type":"Point","coordinates":[10.14275,55.972095]},"properties":{"name":"Rosensgade/Nygade (Odder Kom)","lines":"331","arr":["331"],"terminus":0,"mode":"bus","color":"#0059a9","colorDark":"#00294f","angle":238.6,"snapDist":6,"label":0}},{"type":"Feature","geometry":{"type":"Point","coordinates":[10.142649,55.969253]},"properties":{"name":"Skovbakkeskolen (Odder Kom)","lines":"331","arr":["331"],"terminus":0,"mode":"bus","color":"#0059a9","colorDark":"#00294f","angle":263.9,"snapDist":8,"label":0}},{"type":"Feature","geometry":{"type":"Point","coordinates":[10.136732,55.968301]},"properties":{"name":"Kongshusvej/Rosensgade (Odder Kom)","lines":"331","arr":["331"],"terminus":0,"mode":"bus","color":"#0059a9","colorDark":"#00294f","angle":325.4,"snapDist":10,"label":0}},{"type":"Feature","geometry":{"type":"Point","coordinates":[10.11017,55.963345]},"properties":{"name":"Fillerup (Odder Kom)","lines":"331","arr":["331"],"terminus":0,"mode":"bus","color":"#0059a9","colorDark":"#00294f","angle":2.5,"snapDist":7,"label":0}},{"type":"Feature","geometry":{"type":"Point","coordinates":[10.092921,55.965783]},"properties":{"name":"Kongshusvej (Odder Kom)","lines":"331","arr":["331"],"terminus":0,"mode":"bus","color":"#0059a9","colorDark":"#00294f","angle":19.7,"snapDist":10,"label":0}},{"type":"Feature","geometry":{"type":"Point","coordinates":[10.054429,55.979721]},"properties":{"name":"Torrild (Odder Kom)","lines":"331, 1002","arr":["331","1002"],"terminus":0,"mode":"bus","color":"#0059a9","colorDark":"#00294f","angle":97.6,"snapDist":5,"label":0}},{"type":"Feature","geometry":{"type":"Point","coordinates":[10.050789,55.979571]},"properties":{"name":"Torrild/Skolevej (Odder Kom)","lines":"331","arr":["331"],"terminus":0,"mode":"bus","color":"#0059a9","colorDark":"#00294f","angle":310.1,"snapDist":6,"label":0}},{"type":"Feature","geometry":{"type":"Point","coordinates":[10.049425,55.979909]},"properties":{"name":"Torrild/Kongshusvej (Odder Kom)","lines":"331","arr":["331"],"terminus":0,"mode":"bus","color":"#0059a9","colorDark":"#00294f","angle":50.8,"snapDist":5,"label":0}},{"type":"Feature","geometry":{"type":"Point","coordinates":[10.022638,55.987683]},"properties":{"name":"Gammel Horsensvej/Torrildvej (Skanderborg Kom)","lines":"331","arr":["331"],"terminus":0,"mode":"bus","color":"#0059a9","colorDark":"#00294f","angle":3.3,"snapDist":5,"label":0}},{"type":"Feature","geometry":{"type":"Point","coordinates":[10.022091,55.993244]},"properties":{"name":"Gjesing/Gammel Horsensvej (Skanderborg Kom)","lines":"331","arr":["331"],"terminus":0,"mode":"bus","color":"#0059a9","colorDark":"#00294f","angle":92.8,"snapDist":5,"label":0}},{"type":"Feature","geometry":{"type":"Point","coordinates":[10.030589,56.002454]},"properties":{"name":"Møltoftvej/Gl. Horsensvej (Skanderborg Kom)","lines":"331","arr":["331"],"terminus":0,"mode":"bus","color":"#0059a9","colorDark":"#00294f","angle":129.7,"snapDist":5,"label":0}},{"type":"Feature","geometry":{"type":"Point","coordinates":[10.036453,56.014805]},"properties":{"name":"Svinsager/Gl. Horsensvej (Skanderborg Kom)","lines":"331","arr":["331"],"terminus":0,"mode":"bus","color":"#0059a9","colorDark":"#00294f","angle":92.6,"snapDist":3,"label":0}},{"type":"Feature","geometry":{"type":"Point","coordinates":[10.032954,56.028357]},"properties":{"name":"Skovkildeparken/Svinsagervej (Skanderborg Kom)","lines":"331","arr":["331"],"terminus":0,"mode":"bus","color":"#0059a9","colorDark":"#00294f","angle":90.2,"snapDist":3,"label":0}},{"type":"Feature","geometry":{"type":"Point","coordinates":[10.033761,56.030188]},"properties":{"name":"Krogen/Gadebakken (Skanderborg Kom)","lines":"331","arr":["331"],"terminus":0,"mode":"bus","color":"#0059a9","colorDark":"#00294f","angle":116.3,"snapDist":6,"label":0}},{"type":"Feature","geometry":{"type":"Point","coordinates":[10.033126,56.03236]},"properties":{"name":"Gadebakken/Virringvej (Skanderborg Kom)","lines":"331","arr":["331"],"terminus":0,"mode":"bus","color":"#0059a9","colorDark":"#00294f","angle":67.6,"snapDist":4,"label":0}},{"type":"Feature","geometry":{"type":"Point","coordinates":[10.011177,56.03778]},"properties":{"name":"Vestermøllevej/Virringvej (Skanderborg Kom)","lines":"331","arr":["331"],"terminus":0,"mode":"bus","color":"#0059a9","colorDark":"#00294f","angle":38.9,"snapDist":3,"label":0}},{"type":"Feature","geometry":{"type":"Point","coordinates":[9.991553,56.03472]},"properties":{"name":"Fruering/Vestermøllevej (Skanderborg Kom)","lines":"331","arr":["331"],"terminus":0,"mode":"bus","color":"#0059a9","colorDark":"#00294f","angle":333,"snapDist":5,"label":0}},{"type":"Feature","geometry":{"type":"Point","coordinates":[9.981426,56.034249]},"properties":{"name":"Sønderbækparken/Vestermøllevej (Skanderborg Kom)","lines":"331","arr":["331"],"terminus":0,"mode":"bus","color":"#0059a9","colorDark":"#00294f","angle":358.1,"snapDist":3,"label":0}},{"type":"Feature","geometry":{"type":"Point","coordinates":[9.967182,56.039059]},"properties":{"name":"Holtskovgårdsvej/Holtskovvej (Skanderborg Kom)","lines":"331","arr":["331"],"terminus":0,"mode":"bus","color":"#0059a9","colorDark":"#00294f","angle":306.1,"snapDist":16,"label":0}},{"type":"Feature","geometry":{"type":"Point","coordinates":[9.964806,56.037252]},"properties":{"name":"Grævlingevej/Holtskovvej (Skanderborg Kom)","lines":"331","arr":["331"],"terminus":0,"mode":"bus","color":"#0059a9","colorDark":"#00294f","angle":305.5,"snapDist":10,"label":0}},{"type":"Feature","geometry":{"type":"Point","coordinates":[9.959635,56.037229]},"properties":{"name":"Jægerstien/Højvangen (Skanderborg Kom)","lines":"331","arr":["331"],"terminus":0,"mode":"bus","color":"#0059a9","colorDark":"#00294f","angle":44.1,"snapDist":9,"label":0}},{"type":"Feature","geometry":{"type":"Point","coordinates":[9.955515,56.039337]},"properties":{"name":"Fuglestien/Højvangen (Skanderborg Kom)","lines":"331","arr":["331"],"terminus":0,"mode":"bus","color":"#0059a9","colorDark":"#00294f","angle":38.7,"snapDist":8,"label":0}},{"type":"Feature","geometry":{"type":"Point","coordinates":[9.951196,56.041646]},"properties":{"name":"Digterstien/Højvangen (Skanderborg Kom)","lines":"331","arr":["331"],"terminus":0,"mode":"bus","color":"#0059a9","colorDark":"#00294f","angle":54.5,"snapDist":7,"label":0}},{"type":"Feature","geometry":{"type":"Point","coordinates":[9.948386,56.045386]},"properties":{"name":"Campus Skanderborg/Højvangens Torv","lines":"331","arr":["331"],"terminus":0,"mode":"bus","color":"#0059a9","colorDark":"#00294f","angle":71.1,"snapDist":10,"label":0}},{"type":"Feature","geometry":{"type":"Point","coordinates":[10.204923,56.150663]},"properties":{"name":"Aarhus Banegårdsplads","lines":"925X","arr":["925X"],"terminus":1,"mode":"bus","color":"#0059a9","colorDark":"#00294f","angle":172.9,"snapDist":2,"label":1}},{"type":"Feature","geometry":{"type":"Point","coordinates":[10.626976,56.308184]},"properties":{"name":"Aarhus Lufthavn","lines":"925X","arr":["925X"],"terminus":1,"mode":"bus","color":"#0059a9","colorDark":"#00294f","angle":-169.1,"snapDist":11,"label":1}},{"type":"Feature","geometry":{"type":"Point","coordinates":[10.112373,55.982552]},"properties":{"name":"Snærildvej/Grobshulvej (Odder Kom)","lines":"1002","arr":["1002"],"terminus":0,"mode":"bus","color":"#0059a9","colorDark":"#00294f","angle":1.6,"snapDist":10,"label":1}},{"type":"Feature","geometry":{"type":"Point","coordinates":[10.084455,55.979471]},"properties":{"name":"Fensholt Mark (Odder Kom)","lines":"1002","arr":["1002"],"terminus":0,"mode":"bus","color":"#0059a9","colorDark":"#00294f","angle":345,"snapDist":38,"label":1}},{"type":"Feature","geometry":{"type":"Point","coordinates":[10.029799,55.97364]},"properties":{"name":"Krogstrupvej nr. 136 (Odder Kom)","lines":"1002","arr":["1002"],"terminus":0,"mode":"bus","color":"#0059a9","colorDark":"#00294f","angle":337.8,"snapDist":1,"label":1}},{"type":"Feature","geometry":{"type":"Point","coordinates":[10.082228,55.985305]},"properties":{"name":"Fensholt (Odder Kom)","lines":"1002","arr":["1002"],"terminus":0,"mode":"bus","color":"#0059a9","colorDark":"#00294f","angle":99,"snapDist":5,"label":1}},{"type":"Feature","geometry":{"type":"Point","coordinates":[10.091643,55.992055]},"properties":{"name":"Vesterskov (Odder Kom)","lines":"1002","arr":["1002"],"terminus":0,"mode":"bus","color":"#0059a9","colorDark":"#00294f","angle":82.7,"snapDist":1,"label":1}},{"type":"Feature","geometry":{"type":"Point","coordinates":[10.112114,55.99831]},"properties":{"name":"Balle (Odder Kom)","lines":"1002","arr":["1002"],"terminus":0,"mode":"bus","color":"#0059a9","colorDark":"#00294f","angle":187.3,"snapDist":5,"label":1}},{"type":"Feature","geometry":{"type":"Point","coordinates":[10.136751,55.986793]},"properties":{"name":"Vennelundsvej/Ballevej (Odder Kom)","lines":"1002","arr":["1002"],"terminus":0,"mode":"bus","color":"#0059a9","colorDark":"#00294f","angle":212.6,"snapDist":2,"label":1}},{"type":"Feature","geometry":{"type":"Point","coordinates":[10.133417,55.996579]},"properties":{"name":"Bondesvadvej (Odder Kom)","lines":"1002","arr":["1002"],"terminus":0,"mode":"bus","color":"#0059a9","colorDark":"#00294f","angle":107.7,"snapDist":1,"label":1}},{"type":"Feature","geometry":{"type":"Point","coordinates":[10.158979,55.999975]},"properties":{"name":"Tvenstrup (Odder Kom)","lines":"1002","arr":["1002"],"terminus":0,"mode":"bus","color":"#0059a9","colorDark":"#00294f","angle":-113.3,"snapDist":8,"label":1}},{"type":"Feature","geometry":{"type":"Point","coordinates":[10.163099,56.009797]},"properties":{"name":"Svorbæk (Odder Kom)","lines":"1002","arr":["1002"],"terminus":0,"mode":"bus","color":"#0059a9","colorDark":"#00294f","angle":35.4,"snapDist":4,"label":1}},{"type":"Feature","geometry":{"type":"Point","coordinates":[10.190716,55.953903]},"properties":{"name":"Neder Randlev/Kirkevej (Odder)","lines":"1003","arr":["1003"],"terminus":0,"mode":"bus","color":"#0059a9","colorDark":"#00294f","angle":262.1,"snapDist":3,"label":1}},{"type":"Feature","geometry":{"type":"Point","coordinates":[10.187452,55.944041]},"properties":{"name":"Randlev Kirke (Odder Kom)","lines":"1003","arr":["1003"],"terminus":0,"mode":"bus","color":"#0059a9","colorDark":"#00294f","angle":229.9,"snapDist":5,"label":1}},{"type":"Feature","geometry":{"type":"Point","coordinates":[10.198624,55.947545]},"properties":{"name":"Randlevskolen (Odder Kom)","lines":"1003","arr":["1003"],"terminus":0,"mode":"bus","color":"#0059a9","colorDark":"#00294f","angle":179,"snapDist":5,"label":1}},{"type":"Feature","geometry":{"type":"Point","coordinates":[10.216911,55.941533]},"properties":{"name":"Boulstrup (Odder Kom)","lines":"1003","arr":["1003"],"terminus":0,"mode":"bus","color":"#0059a9","colorDark":"#00294f","angle":134.8,"snapDist":6,"label":1}},{"type":"Feature","geometry":{"type":"Point","coordinates":[10.22756,55.94264]},"properties":{"name":"Gl. Boulstrup (Odder Kom)","lines":"1003","arr":["1003"],"terminus":0,"mode":"bus","color":"#0059a9","colorDark":"#00294f","angle":173.2,"snapDist":4,"label":1}},{"type":"Feature","geometry":{"type":"Point","coordinates":[10.235537,55.939823]},"properties":{"name":"Hølken (Odder Kom)","lines":"1003","arr":["1003"],"terminus":0,"mode":"bus","color":"#0059a9","colorDark":"#00294f","angle":187,"snapDist":3,"label":1}},{"type":"Feature","geometry":{"type":"Point","coordinates":[10.236813,55.931344]},"properties":{"name":"Spøttrup (Odder Kom)","lines":"1003","arr":["1003"],"terminus":0,"mode":"bus","color":"#0059a9","colorDark":"#00294f","angle":249.8,"snapDist":4,"label":1}},{"type":"Feature","geometry":{"type":"Point","coordinates":[10.251492,55.91493]},"properties":{"name":"Hou Skole (Odder Kom)","lines":"1003, 1008","arr":["1003","1008"],"terminus":1,"mode":"bus","color":"#0059a9","colorDark":"#00294f","angle":68.4,"snapDist":2,"label":1}},{"type":"Feature","geometry":{"type":"Point","coordinates":[10.162354,55.979744]},"properties":{"name":"Parkvejens Skole (Odder Kom)","lines":"1003, 1004","arr":["1003","1004"],"terminus":1,"mode":"bus","color":"#0059a9","colorDark":"#00294f","angle":126.1,"snapDist":26,"label":1}},{"type":"Feature","geometry":{"type":"Point","coordinates":[10.236827,55.931323]},"properties":{"name":"Spøttrup (Odder Kom)","lines":"1003","arr":["1003"],"terminus":0,"mode":"bus","color":"#0059a9","colorDark":"#00294f","angle":69.8,"snapDist":2,"label":0}},{"type":"Feature","geometry":{"type":"Point","coordinates":[10.235527,55.939824]},"properties":{"name":"Hølken (Odder Kom)","lines":"1003","arr":["1003"],"terminus":0,"mode":"bus","color":"#0059a9","colorDark":"#00294f","angle":7,"snapDist":3,"label":0}},{"type":"Feature","geometry":{"type":"Point","coordinates":[10.227669,55.942644]},"properties":{"name":"Gl. Boulstrup (Odder Kom)","lines":"1003","arr":["1003"],"terminus":0,"mode":"bus","color":"#0059a9","colorDark":"#00294f","angle":357,"snapDist":4,"label":0}},{"type":"Feature","geometry":{"type":"Point","coordinates":[10.216954,55.941556]},"properties":{"name":"Boulstrup (Odder Kom)","lines":"1003","arr":["1003"],"terminus":0,"mode":"bus","color":"#0059a9","colorDark":"#00294f","angle":330.8,"snapDist":8,"label":0}},{"type":"Feature","geometry":{"type":"Point","coordinates":[10.198632,55.947545]},"properties":{"name":"Randlevskolen (Odder Kom)","lines":"1003","arr":["1003"],"terminus":0,"mode":"bus","color":"#0059a9","colorDark":"#00294f","angle":359,"snapDist":8,"label":0}},{"type":"Feature","geometry":{"type":"Point","coordinates":[10.187437,55.94405]},"properties":{"name":"Randlev Kirke (Odder Kom)","lines":"1003","arr":["1003"],"terminus":0,"mode":"bus","color":"#0059a9","colorDark":"#00294f","angle":49.9,"snapDist":4,"label":0}},{"type":"Feature","geometry":{"type":"Point","coordinates":[10.214867,55.958259]},"properties":{"name":"Bjerager (Odder Kom)","lines":"1004","arr":["1004"],"terminus":0,"mode":"bus","color":"#0059a9","colorDark":"#00294f","angle":152,"snapDist":5,"label":1}},{"type":"Feature","geometry":{"type":"Point","coordinates":[10.240633,55.952748]},"properties":{"name":"Dyngby Møllevej nr. 23 (Odder Kom)","lines":"1004","arr":["1004"],"terminus":0,"mode":"bus","color":"#0059a9","colorDark":"#00294f","angle":130.2,"snapDist":4,"label":1}},{"type":"Feature","geometry":{"type":"Point","coordinates":[10.240325,55.954788]},"properties":{"name":"Dyngby (Odder Kom)","lines":"1004","arr":["1004"],"terminus":0,"mode":"bus","color":"#0059a9","colorDark":"#00294f","angle":79.4,"snapDist":4,"label":1}},{"type":"Feature","geometry":{"type":"Point","coordinates":[10.253305,55.997032]},"properties":{"name":"Kystvejen/Rude Havvej (Odder Kom)","lines":"1004","arr":["1004"],"terminus":0,"mode":"bus","color":"#0059a9","colorDark":"#00294f","angle":-142.5,"snapDist":8,"label":1}},{"type":"Feature","geometry":{"type":"Point","coordinates":[10.19023,55.995402]},"properties":{"name":"Nølev Kirke (Odder Kom)","lines":"1004","arr":["1004"],"terminus":0,"mode":"bus","color":"#0059a9","colorDark":"#00294f","angle":344.6,"snapDist":3,"label":1}},{"type":"Feature","geometry":{"type":"Point","coordinates":[10.221507,55.991554]},"properties":{"name":"Rude (Odder Kom)","lines":"1004","arr":["1004"],"terminus":0,"mode":"bus","color":"#0059a9","colorDark":"#00294f","angle":292.8,"snapDist":6,"label":1}},{"type":"Feature","geometry":{"type":"Point","coordinates":[10.230673,55.987183]},"properties":{"name":"Saksild Skole (Odder Kom)","lines":"1004","arr":["1004"],"terminus":0,"mode":"bus","color":"#0059a9","colorDark":"#00294f","angle":87.4,"snapDist":5,"label":0}},{"type":"Feature","geometry":{"type":"Point","coordinates":[10.22136,55.991359]},"properties":{"name":"Rude (Odder Kom)","lines":"1004","arr":["1004"],"terminus":0,"mode":"bus","color":"#0059a9","colorDark":"#00294f","angle":112.7,"snapDist":3,"label":0}},{"type":"Feature","geometry":{"type":"Point","coordinates":[10.162521,55.979856]},"properties":{"name":"Parkvejens Skole (Odder Kom)","lines":"1004","arr":["1004"],"terminus":1,"mode":"bus","color":"#0059a9","colorDark":"#00294f","angle":131.8,"snapDist":24,"label":0}},{"type":"Feature","geometry":{"type":"Point","coordinates":[10.211397,55.914272]},"properties":{"name":"Fuglsangsvej/Lemmestrupvej (Odder Kom)","lines":"1008","arr":["1008"],"terminus":0,"mode":"bus","color":"#0059a9","colorDark":"#00294f","angle":357.5,"snapDist":4,"label":1}},{"type":"Feature","geometry":{"type":"Point","coordinates":[10.190591,55.928912]},"properties":{"name":"Gosmer (Odder Kom)","lines":"1008","arr":["1008"],"terminus":0,"mode":"bus","color":"#0059a9","colorDark":"#00294f","angle":168.1,"snapDist":5,"label":1}},{"type":"Feature","geometry":{"type":"Point","coordinates":[10.216873,55.929137]},"properties":{"name":"Halling (Odder Kom)","lines":"1008","arr":["1008"],"terminus":0,"mode":"bus","color":"#0059a9","colorDark":"#00294f","angle":101.8,"snapDist":4,"label":1}},{"type":"Feature","geometry":{"type":"Point","coordinates":[10.203292,56.149907]},"properties":{"name":"Aarhus H (Letbane)","lines":"L1, L2","arr":["L1","L2"],"terminus":1,"mode":"tram","color":"#d6212b","colorDark":"#7c1116","angle":163.8,"snapDist":3,"label":1}},{"type":"Feature","geometry":{"type":"Point","coordinates":[10.213105,56.153961]},"properties":{"name":"Dokk1 (Letbane)","lines":"L1, L2","arr":["L1","L2"],"terminus":0,"mode":"tram","color":"#d6212b","colorDark":"#7c1116","angle":74.1,"snapDist":0,"label":1}},{"type":"Feature","geometry":{"type":"Point","coordinates":[10.213057,56.156929]},"properties":{"name":"Skolebakken (Letbane)","lines":"L1, L2","arr":["L1","L2"],"terminus":0,"mode":"tram","color":"#d6212b","colorDark":"#7c1116","angle":104.2,"snapDist":0,"label":1}},{"type":"Feature","geometry":{"type":"Point","coordinates":[10.216571,56.163052]},"properties":{"name":"Østbanetorvet (Letbane)","lines":"L1","arr":["L1"],"terminus":0,"mode":"tram","color":"#d6212b","colorDark":"#7c1116","angle":116.5,"snapDist":3,"label":1}},{"type":"Feature","geometry":{"type":"Point","coordinates":[10.237019,56.184256]},"properties":{"name":"Risskov Strandpark (Letbane)","lines":"L1","arr":["L1"],"terminus":0,"mode":"tram","color":"#d6212b","colorDark":"#7c1116","angle":289.6,"snapDist":1,"label":1}},{"type":"Feature","geometry":{"type":"Point","coordinates":[10.236429,56.195438]},"properties":{"name":"Vestre Strandalle (Letbane)","lines":"L1","arr":["L1"],"terminus":0,"mode":"tram","color":"#d6212b","colorDark":"#7c1116","angle":66.5,"snapDist":4,"label":1}},{"type":"Feature","geometry":{"type":"Point","coordinates":[10.228045,56.206094]},"properties":{"name":"Torsøvej (Letbane)","lines":"L1","arr":["L1"],"terminus":0,"mode":"tram","color":"#d6212b","colorDark":"#7c1116","angle":66.1,"snapDist":2,"label":1}},{"type":"Feature","geometry":{"type":"Point","coordinates":[10.234709,56.230779]},"properties":{"name":"Lystrup (Letbane)","lines":"L1","arr":["L1"],"terminus":0,"mode":"tram","color":"#d6212b","colorDark":"#7c1116","angle":157.2,"snapDist":3,"label":0}},{"type":"Feature","geometry":{"type":"Point","coordinates":[10.270545,56.24542]},"properties":{"name":"Hjortshøj (Letbane)","lines":"L1","arr":["L1"],"terminus":0,"mode":"tram","color":"#d6212b","colorDark":"#7c1116","angle":143.5,"snapDist":3,"label":1}},{"type":"Feature","geometry":{"type":"Point","coordinates":[10.302728,56.261415]},"properties":{"name":"Skødstrup (Letbane)","lines":"L1","arr":["L1"],"terminus":0,"mode":"tram","color":"#d6212b","colorDark":"#7c1116","angle":121.8,"snapDist":4,"label":1}},{"type":"Feature","geometry":{"type":"Point","coordinates":[10.318259,56.276711]},"properties":{"name":"Løgten (Letbane)","lines":"L1","arr":["L1"],"terminus":0,"mode":"tram","color":"#d6212b","colorDark":"#7c1116","angle":117.5,"snapDist":3,"label":1}},{"type":"Feature","geometry":{"type":"Point","coordinates":[10.31381,56.320688]},"properties":{"name":"Hornslet (Letbane)","lines":"L1","arr":["L1"],"terminus":0,"mode":"tram","color":"#d6212b","colorDark":"#7c1116","angle":112.9,"snapDist":1,"label":1}},{"type":"Feature","geometry":{"type":"Point","coordinates":[10.375899,56.339326]},"properties":{"name":"Mørke (Letbane)","lines":"L1","arr":["L1"],"terminus":0,"mode":"tram","color":"#d6212b","colorDark":"#7c1116","angle":153.1,"snapDist":8,"label":1}},{"type":"Feature","geometry":{"type":"Point","coordinates":[10.448222,56.356185]},"properties":{"name":"Thorsager (Letbane)","lines":"L1","arr":["L1"],"terminus":0,"mode":"tram","color":"#d6212b","colorDark":"#7c1116","angle":148.9,"snapDist":7,"label":1}},{"type":"Feature","geometry":{"type":"Point","coordinates":[10.499732,56.380165]},"properties":{"name":"Ryomgård (Letbane)","lines":"L1","arr":["L1"],"terminus":0,"mode":"tram","color":"#d6212b","colorDark":"#7c1116","angle":192.7,"snapDist":4,"label":1}},{"type":"Feature","geometry":{"type":"Point","coordinates":[10.587536,56.362916]},"properties":{"name":"Kolind (Letbane)","lines":"L1","arr":["L1"],"terminus":0,"mode":"tram","color":"#d6212b","colorDark":"#7c1116","angle":197.3,"snapDist":2,"label":1}},{"type":"Feature","geometry":{"type":"Point","coordinates":[10.770867,56.350597]},"properties":{"name":"Trustrup (Letbane)","lines":"L1","arr":["L1"],"terminus":0,"mode":"tram","color":"#d6212b","colorDark":"#7c1116","angle":166.9,"snapDist":6,"label":1}},{"type":"Feature","geometry":{"type":"Point","coordinates":[10.87207,56.390022]},"properties":{"name":"Hessel (Letbane)","lines":"L1","arr":["L1"],"terminus":0,"mode":"tram","color":"#d6212b","colorDark":"#7c1116","angle":107.4,"snapDist":4,"label":1}},{"type":"Feature","geometry":{"type":"Point","coordinates":[10.880857,56.412792]},"properties":{"name":"Grenaa (Letbane)","lines":"L1","arr":["L1"],"terminus":1,"mode":"tram","color":"#d6212b","colorDark":"#7c1116","angle":156.9,"snapDist":4,"label":1}},{"type":"Feature","geometry":{"type":"Point","coordinates":[10.878625,56.412285]},"properties":{"name":"Grenaa (Letbane)","lines":"L1","arr":["L1"],"terminus":1,"mode":"tram","color":"#d6212b","colorDark":"#7c1116","angle":328.5,"snapDist":3,"label":0}},{"type":"Feature","geometry":{"type":"Point","coordinates":[10.77088,56.350599]},"properties":{"name":"Trustrup (Letbane)","lines":"L1","arr":["L1"],"terminus":0,"mode":"tram","color":"#d6212b","colorDark":"#7c1116","angle":166.9,"snapDist":7,"label":0}},{"type":"Feature","geometry":{"type":"Point","coordinates":[10.501242,56.379915]},"properties":{"name":"Ryomgård (Letbane)","lines":"L1","arr":["L1"],"terminus":0,"mode":"tram","color":"#d6212b","colorDark":"#7c1116","angle":12.7,"snapDist":2,"label":0}},{"type":"Feature","geometry":{"type":"Point","coordinates":[10.313815,56.320851]},"properties":{"name":"Hornslet (Letbane)","lines":"L1","arr":["L1"],"terminus":0,"mode":"tram","color":"#d6212b","colorDark":"#7c1116","angle":293.1,"snapDist":1,"label":0}},{"type":"Feature","geometry":{"type":"Point","coordinates":[10.316857,56.275206]},"properties":{"name":"Løgten (Letbane)","lines":"L1","arr":["L1"],"terminus":0,"mode":"tram","color":"#d6212b","colorDark":"#7c1116","angle":297.5,"snapDist":4,"label":0}},{"type":"Feature","geometry":{"type":"Point","coordinates":[10.268074,56.244403]},"properties":{"name":"Hjortshøj (Letbane)","lines":"L1","arr":["L1"],"terminus":0,"mode":"tram","color":"#d6212b","colorDark":"#7c1116","angle":323.5,"snapDist":3,"label":0}},{"type":"Feature","geometry":{"type":"Point","coordinates":[10.235391,56.23101]},"properties":{"name":"Lystrup (Letbane)","lines":"L1","arr":["L1"],"terminus":0,"mode":"tram","color":"#d6212b","colorDark":"#7c1116","angle":337.1,"snapDist":3,"label":0}},{"type":"Feature","geometry":{"type":"Point","coordinates":[10.228537,56.205364]},"properties":{"name":"Torsøvej (Letbane)","lines":"L1","arr":["L1"],"terminus":0,"mode":"tram","color":"#d6212b","colorDark":"#7c1116","angle":246.1,"snapDist":4,"label":0}},{"type":"Feature","geometry":{"type":"Point","coordinates":[10.23756,56.19378]},"properties":{"name":"Vestre Strandalle (Letbane)","lines":"L1","arr":["L1"],"terminus":0,"mode":"tram","color":"#d6212b","colorDark":"#7c1116","angle":253.4,"snapDist":2,"label":0}},{"type":"Feature","geometry":{"type":"Point","coordinates":[10.216033,56.162381]},"properties":{"name":"Østbanetorvet (Letbane)","lines":"L1","arr":["L1"],"terminus":0,"mode":"tram","color":"#d6212b","colorDark":"#7c1116","angle":286.5,"snapDist":3,"label":0}},{"type":"Feature","geometry":{"type":"Point","coordinates":[10.213003,56.156963]},"properties":{"name":"Skolebakken (Letbane)","lines":"L1, L2","arr":["L1","L2"],"terminus":0,"mode":"tram","color":"#d6212b","colorDark":"#7c1116","angle":284.2,"snapDist":0,"label":0}},{"type":"Feature","geometry":{"type":"Point","coordinates":[10.213039,56.153958]},"properties":{"name":"Dokk1 (Letbane)","lines":"L1, L2","arr":["L1","L2"],"terminus":0,"mode":"tram","color":"#d6212b","colorDark":"#7c1116","angle":254.1,"snapDist":2,"label":0}},{"type":"Feature","geometry":{"type":"Point","coordinates":[10.203211,56.149993]},"properties":{"name":"Aarhus H (Letbane)","lines":"L1, L2","arr":["L1","L2"],"terminus":1,"mode":"tram","color":"#d6212b","colorDark":"#7c1116","angle":344.1,"snapDist":1,"label":0}},{"type":"Feature","geometry":{"type":"Point","coordinates":[10.150444,55.971785]},"properties":{"name":"Odder (Letbane)","lines":"L2","arr":["L2"],"terminus":1,"mode":"tram","color":"#d6212b","colorDark":"#7c1116","angle":85.3,"snapDist":2,"label":1}},{"type":"Feature","geometry":{"type":"Point","coordinates":[10.154664,55.984178]},"properties":{"name":"Rude Havvej (Letbane)","lines":"L2","arr":["L2"],"terminus":0,"mode":"tram","color":"#d6212b","colorDark":"#7c1116","angle":111,"snapDist":2,"label":1}},{"type":"Feature","geometry":{"type":"Point","coordinates":[10.181824,56.003763]},"properties":{"name":"Assedrup (Letbane)","lines":"L2","arr":["L2"],"terminus":0,"mode":"tram","color":"#d6212b","colorDark":"#7c1116","angle":142.4,"snapDist":2,"label":1}},{"type":"Feature","geometry":{"type":"Point","coordinates":[10.191157,56.037679]},"properties":{"name":"Malling (Letbane)","lines":"L2","arr":["L2"],"terminus":0,"mode":"tram","color":"#d6212b","colorDark":"#7c1116","angle":62.4,"snapDist":4,"label":1}},{"type":"Feature","geometry":{"type":"Point","coordinates":[10.19811,56.057088]},"properties":{"name":"Beder (Letbane)","lines":"L2","arr":["L2"],"terminus":0,"mode":"tram","color":"#d6212b","colorDark":"#7c1116","angle":83.5,"snapDist":3,"label":1}},{"type":"Feature","geometry":{"type":"Point","coordinates":[10.178039,56.064337]},"properties":{"name":"Vilhelmsborg (Letbane)","lines":"L2","arr":["L2"],"terminus":0,"mode":"tram","color":"#d6212b","colorDark":"#7c1116","angle":30,"snapDist":5,"label":1}},{"type":"Feature","geometry":{"type":"Point","coordinates":[10.164611,56.068647]},"properties":{"name":"Mårslet (Letbane)","lines":"L2","arr":["L2"],"terminus":0,"mode":"tram","color":"#d6212b","colorDark":"#7c1116","angle":29.9,"snapDist":1,"label":1}},{"type":"Feature","geometry":{"type":"Point","coordinates":[10.154593,56.072407]},"properties":{"name":"Mølleparken (Letbane)","lines":"L2","arr":["L2"],"terminus":0,"mode":"tram","color":"#d6212b","colorDark":"#7c1116","angle":60.8,"snapDist":5,"label":1}},{"type":"Feature","geometry":{"type":"Point","coordinates":[10.150208,56.092479]},"properties":{"name":"Nørrevænget (Letbane)","lines":"L2","arr":["L2"],"terminus":0,"mode":"tram","color":"#d6212b","colorDark":"#7c1116","angle":22.1,"snapDist":5,"label":1}},{"type":"Feature","geometry":{"type":"Point","coordinates":[10.135405,56.097101]},"properties":{"name":"Tranbjerg (Letbane)","lines":"L2","arr":["L2"],"terminus":0,"mode":"tram","color":"#d6212b","colorDark":"#7c1116","angle":63.3,"snapDist":4,"label":1}},{"type":"Feature","geometry":{"type":"Point","coordinates":[10.126414,56.111968]},"properties":{"name":"Gunnar Clausens Vej (Letbane)","lines":"L2","arr":["L2"],"terminus":0,"mode":"tram","color":"#d6212b","colorDark":"#7c1116","angle":130.7,"snapDist":1,"label":1}},{"type":"Feature","geometry":{"type":"Point","coordinates":[10.134533,56.114774]},"properties":{"name":"Øllegårdsvej (Letbane)","lines":"L2","arr":["L2"],"terminus":0,"mode":"tram","color":"#d6212b","colorDark":"#7c1116","angle":158.5,"snapDist":5,"label":1}},{"type":"Feature","geometry":{"type":"Point","coordinates":[10.147507,56.117067]},"properties":{"name":"Rosenhøj (Letbane)","lines":"L2","arr":["L2"],"terminus":0,"mode":"tram","color":"#d6212b","colorDark":"#7c1116","angle":163,"snapDist":4,"label":1}},{"type":"Feature","geometry":{"type":"Point","coordinates":[10.15958,56.121711]},"properties":{"name":"Viby Jylland (Letbane)","lines":"L2","arr":["L2"],"terminus":0,"mode":"tram","color":"#d6212b","colorDark":"#7c1116","angle":140.5,"snapDist":2,"label":1}},{"type":"Feature","geometry":{"type":"Point","coordinates":[10.174184,56.135109]},"properties":{"name":"Kongsvang (Letbane)","lines":"L2","arr":["L2"],"terminus":0,"mode":"tram","color":"#d6212b","colorDark":"#7c1116","angle":90.1,"snapDist":0,"label":1}},{"type":"Feature","geometry":{"type":"Point","coordinates":[10.211595,56.161642]},"properties":{"name":"Nørreport Aarhus (Letbane)","lines":"L2","arr":["L2"],"terminus":0,"mode":"tram","color":"#d6212b","colorDark":"#7c1116","angle":65.2,"snapDist":9,"label":1}},{"type":"Feature","geometry":{"type":"Point","coordinates":[10.207717,56.167063]},"properties":{"name":"Universitetsparken (Letbane)","lines":"L2","arr":["L2"],"terminus":0,"mode":"tram","color":"#d6212b","colorDark":"#7c1116","angle":69.5,"snapDist":0,"label":1}},{"type":"Feature","geometry":{"type":"Point","coordinates":[10.204342,56.172139]},"properties":{"name":"Aarhus Universitet (Ringgaden) (Letbane)","lines":"L2","arr":["L2"],"terminus":0,"mode":"tram","color":"#d6212b","colorDark":"#7c1116","angle":69.2,"snapDist":1,"label":1}},{"type":"Feature","geometry":{"type":"Point","coordinates":[10.203228,56.173899]},"properties":{"name":"Stjernepladsen (Letbane)","lines":"L2","arr":["L2"],"terminus":0,"mode":"tram","color":"#d6212b","colorDark":"#7c1116","angle":69.2,"snapDist":0,"label":1}},{"type":"Feature","geometry":{"type":"Point","coordinates":[10.200021,56.178731]},"properties":{"name":"Stockholmsgade (Letbane)","lines":"L2","arr":["L2"],"terminus":0,"mode":"tram","color":"#d6212b","colorDark":"#7c1116","angle":70.4,"snapDist":1,"label":1}},{"type":"Feature","geometry":{"type":"Point","coordinates":[10.197068,56.182945]},"properties":{"name":"Vandtårnet (Ringvejen) (Letbane)","lines":"L2","arr":["L2"],"terminus":0,"mode":"tram","color":"#d6212b","colorDark":"#7c1116","angle":70.3,"snapDist":0,"label":1}},{"type":"Feature","geometry":{"type":"Point","coordinates":[10.193389,56.186524]},"properties":{"name":"Nehrus Allé (Letbane)","lines":"L2","arr":["L2"],"terminus":0,"mode":"tram","color":"#d6212b","colorDark":"#7c1116","angle":336.9,"snapDist":0,"label":1}},{"type":"Feature","geometry":{"type":"Point","coordinates":[10.183961,56.189717]},"properties":{"name":"Olof Palmes Allé (Letbane)","lines":"L2","arr":["L2"],"terminus":0,"mode":"tram","color":"#d6212b","colorDark":"#7c1116","angle":13,"snapDist":0,"label":1}},{"type":"Feature","geometry":{"type":"Point","coordinates":[10.176471,56.192498]},"properties":{"name":"Aarhus Universitetshospital (Letbane)","lines":"L2","arr":["L2"],"terminus":0,"mode":"tram","color":"#d6212b","colorDark":"#7c1116","angle":-110.9,"snapDist":6,"label":1}},{"type":"Feature","geometry":{"type":"Point","coordinates":[10.168993,56.197528]},"properties":{"name":"Gl. Skejby (Agro Food Park) (Letbane)","lines":"L2","arr":["L2"],"terminus":0,"mode":"tram","color":"#d6212b","colorDark":"#7c1116","angle":20.1,"snapDist":2,"label":1}},{"type":"Feature","geometry":{"type":"Point","coordinates":[10.166261,56.203239]},"properties":{"name":"Humlehuse (Letbane)","lines":"L2","arr":["L2"],"terminus":0,"mode":"tram","color":"#d6212b","colorDark":"#7c1116","angle":96.1,"snapDist":1,"label":1}},{"type":"Feature","geometry":{"type":"Point","coordinates":[10.163824,56.212101]},"properties":{"name":"Klokhøjen (Letbane)","lines":"L2","arr":["L2"],"terminus":0,"mode":"tram","color":"#d6212b","colorDark":"#7c1116","angle":87.2,"snapDist":4,"label":1}},{"type":"Feature","geometry":{"type":"Point","coordinates":[10.164818,56.216511]},"properties":{"name":"Lisbjerg Bygade (Letbane)","lines":"L2","arr":["L2"],"terminus":0,"mode":"tram","color":"#d6212b","colorDark":"#7c1116","angle":74.2,"snapDist":2,"label":1}},{"type":"Feature","geometry":{"type":"Point","coordinates":[10.157018,56.218056]},"properties":{"name":"Lisbjergskolen (Letbane)","lines":"L2","arr":["L2"],"terminus":1,"mode":"tram","color":"#d6212b","colorDark":"#7c1116","angle":34,"snapDist":5,"label":1}},{"type":"Feature","geometry":{"type":"Point","coordinates":[10.234236,56.230739]},"properties":{"name":"Lystrup (Letbane)","lines":"L2","arr":["L2"],"terminus":1,"mode":"tram","color":"#d6212b","colorDark":"#7c1116","angle":337.2,"snapDist":3,"label":1}},{"type":"Feature","geometry":{"type":"Point","coordinates":[10.200204,56.227127]},"properties":{"name":"Nye (Letbane)","lines":"L2","arr":["L2"],"terminus":0,"mode":"tram","color":"#d6212b","colorDark":"#7c1116","angle":329.9,"snapDist":3,"label":1}},{"type":"Feature","geometry":{"type":"Point","coordinates":[10.17365,56.219405]},"properties":{"name":"Lisbjerg-Terp (Letbane)","lines":"L2","arr":["L2"],"terminus":0,"mode":"tram","color":"#d6212b","colorDark":"#7c1116","angle":338.8,"snapDist":2,"label":1}},{"type":"Feature","geometry":{"type":"Point","coordinates":[10.164532,56.216826]},"properties":{"name":"Lisbjerg Bygade (Letbane)","lines":"L2","arr":["L2"],"terminus":0,"mode":"tram","color":"#d6212b","colorDark":"#7c1116","angle":254.2,"snapDist":6,"label":0}},{"type":"Feature","geometry":{"type":"Point","coordinates":[10.163721,56.212547]},"properties":{"name":"Klokhøjen (Letbane)","lines":"L2","arr":["L2"],"terminus":0,"mode":"tram","color":"#d6212b","colorDark":"#7c1116","angle":267.7,"snapDist":2,"label":0}},{"type":"Feature","geometry":{"type":"Point","coordinates":[10.16627,56.203625]},"properties":{"name":"Humlehuse (Letbane)","lines":"L2","arr":["L2"],"terminus":0,"mode":"tram","color":"#d6212b","colorDark":"#7c1116","angle":276.4,"snapDist":1,"label":0}},{"type":"Feature","geometry":{"type":"Point","coordinates":[10.168369,56.197616]},"properties":{"name":"Gl. Skejby (Agro Food Park) (Letbane)","lines":"L2","arr":["L2"],"terminus":0,"mode":"tram","color":"#d6212b","colorDark":"#7c1116","angle":199.6,"snapDist":1,"label":0}},{"type":"Feature","geometry":{"type":"Point","coordinates":[10.176247,56.192458]},"properties":{"name":"Aarhus Universitetshospital (Letbane)","lines":"L2","arr":["L2"],"terminus":0,"mode":"tram","color":"#d6212b","colorDark":"#7c1116","angle":249.1,"snapDist":1,"label":0}},{"type":"Feature","geometry":{"type":"Point","coordinates":[10.183917,56.189656]},"properties":{"name":"Olof Palmes Allé (Letbane)","lines":"L2","arr":["L2"],"terminus":0,"mode":"tram","color":"#d6212b","colorDark":"#7c1116","angle":192.9,"snapDist":3,"label":0}},{"type":"Feature","geometry":{"type":"Point","coordinates":[10.193418,56.186461]},"properties":{"name":"Nehrus Allé (Letbane)","lines":"L2","arr":["L2"],"terminus":0,"mode":"tram","color":"#d6212b","colorDark":"#7c1116","angle":157,"snapDist":3,"label":0}},{"type":"Feature","geometry":{"type":"Point","coordinates":[10.197593,56.182052]},"properties":{"name":"Vandtårnet (Ringvejen) (Letbane)","lines":"L2","arr":["L2"],"terminus":0,"mode":"tram","color":"#d6212b","colorDark":"#7c1116","angle":248.6,"snapDist":1,"label":0}},{"type":"Feature","geometry":{"type":"Point","coordinates":[10.200427,56.177989]},"properties":{"name":"Stockholmsgade (Letbane)","lines":"L2","arr":["L2"],"terminus":0,"mode":"tram","color":"#d6212b","colorDark":"#7c1116","angle":251.3,"snapDist":1,"label":0}},{"type":"Feature","geometry":{"type":"Point","coordinates":[10.203105,56.173894]},"properties":{"name":"Stjernepladsen (Letbane)","lines":"L2","arr":["L2"],"terminus":0,"mode":"tram","color":"#d6212b","colorDark":"#7c1116","angle":249,"snapDist":1,"label":0}},{"type":"Feature","geometry":{"type":"Point","coordinates":[10.204864,56.171218]},"properties":{"name":"Aarhus Universitet (Ringgaden) (Letbane)","lines":"L2","arr":["L2"],"terminus":0,"mode":"tram","color":"#d6212b","colorDark":"#7c1116","angle":249.5,"snapDist":1,"label":0}},{"type":"Feature","geometry":{"type":"Point","coordinates":[10.207604,56.167046]},"properties":{"name":"Universitetsparken (Letbane)","lines":"L2","arr":["L2"],"terminus":0,"mode":"tram","color":"#d6212b","colorDark":"#7c1116","angle":249.7,"snapDist":0,"label":0}},{"type":"Feature","geometry":{"type":"Point","coordinates":[10.211519,56.161575]},"properties":{"name":"Nørreport Aarhus (Letbane)","lines":"L2","arr":["L2"],"terminus":0,"mode":"tram","color":"#d6212b","colorDark":"#7c1116","angle":245.6,"snapDist":1,"label":0}},{"type":"Feature","geometry":{"type":"Point","coordinates":[10.133027,56.114407]},"properties":{"name":"Øllegårdsvej (Letbane)","lines":"L2","arr":["L2"],"terminus":0,"mode":"tram","color":"#d6212b","colorDark":"#7c1116","angle":335,"snapDist":4,"label":0}},{"type":"Feature","geometry":{"type":"Point","coordinates":[10.125378,56.111058]},"properties":{"name":"Gunnar Clausens Vej (Letbane)","lines":"L2","arr":["L2"],"terminus":0,"mode":"tram","color":"#d6212b","colorDark":"#7c1116","angle":292,"snapDist":5,"label":0}},{"type":"Feature","geometry":{"type":"Point","coordinates":[10.135924,56.096428]},"properties":{"name":"Tranbjerg (Letbane)","lines":"L2","arr":["L2"],"terminus":0,"mode":"tram","color":"#d6212b","colorDark":"#7c1116","angle":237.4,"snapDist":1,"label":0}},{"type":"Feature","geometry":{"type":"Point","coordinates":[10.152142,56.091822]},"properties":{"name":"Nørrevænget (Letbane)","lines":"L2","arr":["L2"],"terminus":0,"mode":"tram","color":"#d6212b","colorDark":"#7c1116","angle":222.7,"snapDist":2,"label":0}},{"type":"Feature","geometry":{"type":"Point","coordinates":[10.179649,56.06382]},"properties":{"name":"Vilhelmsborg (Letbane)","lines":"L2","arr":["L2"],"terminus":0,"mode":"tram","color":"#d6212b","colorDark":"#7c1116","angle":210,"snapDist":2,"label":0}},{"type":"Feature","geometry":{"type":"Point","coordinates":[10.191348,56.037646]},"properties":{"name":"Malling (Letbane)","lines":"L2","arr":["L2"],"terminus":0,"mode":"tram","color":"#d6212b","colorDark":"#7c1116","angle":242.6,"snapDist":3,"label":0}},{"type":"Feature","geometry":{"type":"Point","coordinates":[10.153654,55.982706]},"properties":{"name":"Rude Havvej (Letbane)","lines":"L2","arr":["L2"],"terminus":0,"mode":"tram","color":"#d6212b","colorDark":"#7c1116","angle":290.8,"snapDist":1,"label":0}}]}